/usr/local/lib/python3.10/dist-packages/torch/cuda/__init__.py:61: FutureWarning: The pynvml package is deprecated. Please install nvidia-ml-py instead. If you did not install pynvml directly, please report this to the maintainers of the package that installed pynvml for you.
  import pynvml  # type: ignore[import]
/usr/local/lib/python3.10/dist-packages/torch/cuda/__init__.py:61: FutureWarning: The pynvml package is deprecated. Please install nvidia-ml-py instead. If you did not install pynvml directly, please report this to the maintainers of the package that installed pynvml for you.
  import pynvml  # type: ignore[import]
/usr/local/lib/python3.10/dist-packages/torch/cuda/__init__.py:61: FutureWarning: The pynvml package is deprecated. Please install nvidia-ml-py instead. If you did not install pynvml directly, please report this to the maintainers of the package that installed pynvml for you.
  import pynvml  # type: ignore[import]
/usr/local/lib/python3.10/dist-packages/torch/cuda/__init__.py:61: FutureWarning: The pynvml package is deprecated. Please install nvidia-ml-py instead. If you did not install pynvml directly, please report this to the maintainers of the package that installed pynvml for you.
  import pynvml  # type: ignore[import]
/usr/local/lib/python3.10/dist-packages/torch/cuda/__init__.py:61: FutureWarning: The pynvml package is deprecated. Please install nvidia-ml-py instead. If you did not install pynvml directly, please report this to the maintainers of the package that installed pynvml for you.
  import pynvml  # type: ignore[import]
/usr/local/lib/python3.10/dist-packages/torch/cuda/__init__.py:61: FutureWarning: The pynvml package is deprecated. Please install nvidia-ml-py instead. If you did not install pynvml directly, please report this to the maintainers of the package that installed pynvml for you.
  import pynvml  # type: ignore[import]
/usr/local/lib/python3.10/dist-packages/torch/cuda/__init__.py:61: FutureWarning: The pynvml package is deprecated. Please install nvidia-ml-py instead. If you did not install pynvml directly, please report this to the maintainers of the package that installed pynvml for you.
  import pynvml  # type: ignore[import]
/usr/local/lib/python3.10/dist-packages/torch/cuda/__init__.py:61: FutureWarning: The pynvml package is deprecated. Please install nvidia-ml-py instead. If you did not install pynvml directly, please report this to the maintainers of the package that installed pynvml for you.
  import pynvml  # type: ignore[import]
/usr/local/lib/python3.10/dist-packages/torch/cuda/__init__.py:61: FutureWarning: The pynvml package is deprecated. Please install nvidia-ml-py instead. If you did not install pynvml directly, please report this to the maintainers of the package that installed pynvml for you.
  import pynvml  # type: ignore[import]
/usr/local/lib/python3.10/dist-packages/torch/cuda/__init__.py:61: FutureWarning: The pynvml package is deprecated. Please install nvidia-ml-py instead. If you did not install pynvml directly, please report this to the maintainers of the package that installed pynvml for you.
  import pynvml  # type: ignore[import]
/usr/local/lib/python3.10/dist-packages/torch/cuda/__init__.py:61: FutureWarning: The pynvml package is deprecated. Please install nvidia-ml-py instead. If you did not install pynvml directly, please report this to the maintainers of the package that installed pynvml for you.
  import pynvml  # type: ignore[import]
/usr/local/lib/python3.10/dist-packages/torch/cuda/__init__.py:61: FutureWarning: The pynvml package is deprecated. Please install nvidia-ml-py instead. If you did not install pynvml directly, please report this to the maintainers of the package that installed pynvml for you.
  import pynvml  # type: ignore[import]
/usr/local/lib/python3.10/dist-packages/torch/cuda/__init__.py:61: FutureWarning: The pynvml package is deprecated. Please install nvidia-ml-py instead. If you did not install pynvml directly, please report this to the maintainers of the package that installed pynvml for you.
  import pynvml  # type: ignore[import]
/usr/local/lib/python3.10/dist-packages/torch/cuda/__init__.py:61: FutureWarning: The pynvml package is deprecated. Please install nvidia-ml-py instead. If you did not install pynvml directly, please report this to the maintainers of the package that installed pynvml for you.
  import pynvml  # type: ignore[import]
/usr/local/lib/python3.10/dist-packages/torch/cuda/__init__.py:61: FutureWarning: The pynvml package is deprecated. Please install nvidia-ml-py instead. If you did not install pynvml directly, please report this to the maintainers of the package that installed pynvml for you.
  import pynvml  # type: ignore[import]
/usr/local/lib/python3.10/dist-packages/torch/cuda/__init__.py:61: FutureWarning: The pynvml package is deprecated. Please install nvidia-ml-py instead. If you did not install pynvml directly, please report this to the maintainers of the package that installed pynvml for you.
  import pynvml  # type: ignore[import]
/usr/local/lib/python3.10/dist-packages/torch/cuda/__init__.py:61: FutureWarning: The pynvml package is deprecated. Please install nvidia-ml-py instead. If you did not install pynvml directly, please report this to the maintainers of the package that installed pynvml for you.
  import pynvml  # type: ignore[import]
/usr/local/lib/python3.10/dist-packages/torch/cuda/__init__.py:61: FutureWarning: The pynvml package is deprecated. Please install nvidia-ml-py instead. If you did not install pynvml directly, please report this to the maintainers of the package that installed pynvml for you.
  import pynvml  # type: ignore[import]
/usr/local/lib/python3.10/dist-packages/torch/cuda/__init__.py:61: FutureWarning: The pynvml package is deprecated. Please install nvidia-ml-py instead. If you did not install pynvml directly, please report this to the maintainers of the package that installed pynvml for you.
  import pynvml  # type: ignore[import]
/usr/local/lib/python3.10/dist-packages/torch/cuda/__init__.py:61: FutureWarning: The pynvml package is deprecated. Please install nvidia-ml-py instead. If you did not install pynvml directly, please report this to the maintainers of the package that installed pynvml for you.
  import pynvml  # type: ignore[import]
/usr/local/lib/python3.10/dist-packages/torch/cuda/__init__.py:61: FutureWarning: The pynvml package is deprecated. Please install nvidia-ml-py instead. If you did not install pynvml directly, please report this to the maintainers of the package that installed pynvml for you.
  import pynvml  # type: ignore[import]
/usr/local/lib/python3.10/dist-packages/torch/cuda/__init__.py:61: FutureWarning: The pynvml package is deprecated. Please install nvidia-ml-py instead. If you did not install pynvml directly, please report this to the maintainers of the package that installed pynvml for you.
  import pynvml  # type: ignore[import]
/usr/local/lib/python3.10/dist-packages/torch/cuda/__init__.py:61: FutureWarning: The pynvml package is deprecated. Please install nvidia-ml-py instead. If you did not install pynvml directly, please report this to the maintainers of the package that installed pynvml for you.
  import pynvml  # type: ignore[import]
/usr/local/lib/python3.10/dist-packages/torch/cuda/__init__.py:61: FutureWarning: The pynvml package is deprecated. Please install nvidia-ml-py instead. If you did not install pynvml directly, please report this to the maintainers of the package that installed pynvml for you.
  import pynvml  # type: ignore[import]
/usr/local/lib/python3.10/dist-packages/torch/cuda/__init__.py:61: FutureWarning: The pynvml package is deprecated. Please install nvidia-ml-py instead. If you did not install pynvml directly, please report this to the maintainers of the package that installed pynvml for you.
  import pynvml  # type: ignore[import]
/usr/local/lib/python3.10/dist-packages/torch/cuda/__init__.py:61: FutureWarning: The pynvml package is deprecated. Please install nvidia-ml-py instead. If you did not install pynvml directly, please report this to the maintainers of the package that installed pynvml for you.
  import pynvml  # type: ignore[import]
/usr/local/lib/python3.10/dist-packages/torch/cuda/__init__.py:61: FutureWarning: The pynvml package is deprecated. Please install nvidia-ml-py instead. If you did not install pynvml directly, please report this to the maintainers of the package that installed pynvml for you.
  import pynvml  # type: ignore[import]
/usr/local/lib/python3.10/dist-packages/torch/cuda/__init__.py:61: FutureWarning: The pynvml package is deprecated. Please install nvidia-ml-py instead. If you did not install pynvml directly, please report this to the maintainers of the package that installed pynvml for you.
  import pynvml  # type: ignore[import]
/usr/local/lib/python3.10/dist-packages/torch/cuda/__init__.py:61: FutureWarning: The pynvml package is deprecated. Please install nvidia-ml-py instead. If you did not install pynvml directly, please report this to the maintainers of the package that installed pynvml for you.
  import pynvml  # type: ignore[import]
/usr/local/lib/python3.10/dist-packages/torch/cuda/__init__.py:61: FutureWarning: The pynvml package is deprecated. Please install nvidia-ml-py instead. If you did not install pynvml directly, please report this to the maintainers of the package that installed pynvml for you.
  import pynvml  # type: ignore[import]
/usr/local/lib/python3.10/dist-packages/torch/cuda/__init__.py:61: FutureWarning: The pynvml package is deprecated. Please install nvidia-ml-py instead. If you did not install pynvml directly, please report this to the maintainers of the package that installed pynvml for you.
  import pynvml  # type: ignore[import]
/usr/local/lib/python3.10/dist-packages/torch/cuda/__init__.py:61: FutureWarning: The pynvml package is deprecated. Please install nvidia-ml-py instead. If you did not install pynvml directly, please report this to the maintainers of the package that installed pynvml for you.
  import pynvml  # type: ignore[import]
/usr/local/lib/python3.10/dist-packages/torch/cuda/__init__.py:61: FutureWarning: The pynvml package is deprecated. Please install nvidia-ml-py instead. If you did not install pynvml directly, please report this to the maintainers of the package that installed pynvml for you.
  import pynvml  # type: ignore[import]
/usr/local/lib/python3.10/dist-packages/torch/cuda/__init__.py:61: FutureWarning: The pynvml package is deprecated. Please install nvidia-ml-py instead. If you did not install pynvml directly, please report this to the maintainers of the package that installed pynvml for you.
  import pynvml  # type: ignore[import]
/usr/local/lib/python3.10/dist-packages/torch/cuda/__init__.py:61: FutureWarning: The pynvml package is deprecated. Please install nvidia-ml-py instead. If you did not install pynvml directly, please report this to the maintainers of the package that installed pynvml for you.
  import pynvml  # type: ignore[import]
/usr/local/lib/python3.10/dist-packages/torch/cuda/__init__.py:61: FutureWarning: The pynvml package is deprecated. Please install nvidia-ml-py instead. If you did not install pynvml directly, please report this to the maintainers of the package that installed pynvml for you.
  import pynvml  # type: ignore[import]
/usr/local/lib/python3.10/dist-packages/torch/cuda/__init__.py:61: FutureWarning: The pynvml package is deprecated. Please install nvidia-ml-py instead. If you did not install pynvml directly, please report this to the maintainers of the package that installed pynvml for you.
  import pynvml  # type: ignore[import]
/usr/local/lib/python3.10/dist-packages/torch/cuda/__init__.py:61: FutureWarning: The pynvml package is deprecated. Please install nvidia-ml-py instead. If you did not install pynvml directly, please report this to the maintainers of the package that installed pynvml for you.
  import pynvml  # type: ignore[import]
/usr/local/lib/python3.10/dist-packages/torch/cuda/__init__.py:61: FutureWarning: The pynvml package is deprecated. Please install nvidia-ml-py instead. If you did not install pynvml directly, please report this to the maintainers of the package that installed pynvml for you.
  import pynvml  # type: ignore[import]
/usr/local/lib/python3.10/dist-packages/torch/cuda/__init__.py:61: FutureWarning: The pynvml package is deprecated. Please install nvidia-ml-py instead. If you did not install pynvml directly, please report this to the maintainers of the package that installed pynvml for you.
  import pynvml  # type: ignore[import]
/usr/local/lib/python3.10/dist-packages/torch/cuda/__init__.py:61: FutureWarning: The pynvml package is deprecated. Please install nvidia-ml-py instead. If you did not install pynvml directly, please report this to the maintainers of the package that installed pynvml for you.
  import pynvml  # type: ignore[import]
/usr/local/lib/python3.10/dist-packages/torch/cuda/__init__.py:61: FutureWarning: The pynvml package is deprecated. Please install nvidia-ml-py instead. If you did not install pynvml directly, please report this to the maintainers of the package that installed pynvml for you.
  import pynvml  # type: ignore[import]
/usr/local/lib/python3.10/dist-packages/torch/cuda/__init__.py:61: FutureWarning: The pynvml package is deprecated. Please install nvidia-ml-py instead. If you did not install pynvml directly, please report this to the maintainers of the package that installed pynvml for you.
  import pynvml  # type: ignore[import]
/usr/local/lib/python3.10/dist-packages/torch/cuda/__init__.py:61: FutureWarning: The pynvml package is deprecated. Please install nvidia-ml-py instead. If you did not install pynvml directly, please report this to the maintainers of the package that installed pynvml for you.
  import pynvml  # type: ignore[import]
/usr/local/lib/python3.10/dist-packages/torch/cuda/__init__.py:61: FutureWarning: The pynvml package is deprecated. Please install nvidia-ml-py instead. If you did not install pynvml directly, please report this to the maintainers of the package that installed pynvml for you.
  import pynvml  # type: ignore[import]
/usr/local/lib/python3.10/dist-packages/torch/cuda/__init__.py:61: FutureWarning: The pynvml package is deprecated. Please install nvidia-ml-py instead. If you did not install pynvml directly, please report this to the maintainers of the package that installed pynvml for you.
  import pynvml  # type: ignore[import]
/usr/local/lib/python3.10/dist-packages/torch/cuda/__init__.py:61: FutureWarning: The pynvml package is deprecated. Please install nvidia-ml-py instead. If you did not install pynvml directly, please report this to the maintainers of the package that installed pynvml for you.
  import pynvml  # type: ignore[import]
/usr/local/lib/python3.10/dist-packages/torch/cuda/__init__.py:61: FutureWarning: The pynvml package is deprecated. Please install nvidia-ml-py instead. If you did not install pynvml directly, please report this to the maintainers of the package that installed pynvml for you.
  import pynvml  # type: ignore[import]
/usr/local/lib/python3.10/dist-packages/torch/cuda/__init__.py:61: FutureWarning: The pynvml package is deprecated. Please install nvidia-ml-py instead. If you did not install pynvml directly, please report this to the maintainers of the package that installed pynvml for you.
  import pynvml  # type: ignore[import]
/usr/local/lib/python3.10/dist-packages/torch/cuda/__init__.py:61: FutureWarning: The pynvml package is deprecated. Please install nvidia-ml-py instead. If you did not install pynvml directly, please report this to the maintainers of the package that installed pynvml for you.
  import pynvml  # type: ignore[import]
/usr/local/lib/python3.10/dist-packages/torch/cuda/__init__.py:61: FutureWarning: The pynvml package is deprecated. Please install nvidia-ml-py instead. If you did not install pynvml directly, please report this to the maintainers of the package that installed pynvml for you.
  import pynvml  # type: ignore[import]
/usr/local/lib/python3.10/dist-packages/torch/cuda/__init__.py:61: FutureWarning: The pynvml package is deprecated. Please install nvidia-ml-py instead. If you did not install pynvml directly, please report this to the maintainers of the package that installed pynvml for you.
  import pynvml  # type: ignore[import]
/usr/local/lib/python3.10/dist-packages/torch/cuda/__init__.py:61: FutureWarning: The pynvml package is deprecated. Please install nvidia-ml-py instead. If you did not install pynvml directly, please report this to the maintainers of the package that installed pynvml for you.
  import pynvml  # type: ignore[import]
/usr/local/lib/python3.10/dist-packages/torch/cuda/__init__.py:61: FutureWarning: The pynvml package is deprecated. Please install nvidia-ml-py instead. If you did not install pynvml directly, please report this to the maintainers of the package that installed pynvml for you.
  import pynvml  # type: ignore[import]
/usr/local/lib/python3.10/dist-packages/torch/cuda/__init__.py:61: FutureWarning: The pynvml package is deprecated. Please install nvidia-ml-py instead. If you did not install pynvml directly, please report this to the maintainers of the package that installed pynvml for you.
  import pynvml  # type: ignore[import]
/usr/local/lib/python3.10/dist-packages/torch/cuda/__init__.py:61: FutureWarning: The pynvml package is deprecated. Please install nvidia-ml-py instead. If you did not install pynvml directly, please report this to the maintainers of the package that installed pynvml for you.
  import pynvml  # type: ignore[import]
/usr/local/lib/python3.10/dist-packages/torch/cuda/__init__.py:61: FutureWarning: The pynvml package is deprecated. Please install nvidia-ml-py instead. If you did not install pynvml directly, please report this to the maintainers of the package that installed pynvml for you.
  import pynvml  # type: ignore[import]
/usr/local/lib/python3.10/dist-packages/torch/cuda/__init__.py:61: FutureWarning: The pynvml package is deprecated. Please install nvidia-ml-py instead. If you did not install pynvml directly, please report this to the maintainers of the package that installed pynvml for you.
  import pynvml  # type: ignore[import]
/usr/local/lib/python3.10/dist-packages/torch/cuda/__init__.py:61: FutureWarning: The pynvml package is deprecated. Please install nvidia-ml-py instead. If you did not install pynvml directly, please report this to the maintainers of the package that installed pynvml for you.
  import pynvml  # type: ignore[import]
/usr/local/lib/python3.10/dist-packages/torch/cuda/__init__.py:61: FutureWarning: The pynvml package is deprecated. Please install nvidia-ml-py instead. If you did not install pynvml directly, please report this to the maintainers of the package that installed pynvml for you.
  import pynvml  # type: ignore[import]
/usr/local/lib/python3.10/dist-packages/torch/cuda/__init__.py:61: FutureWarning: The pynvml package is deprecated. Please install nvidia-ml-py instead. If you did not install pynvml directly, please report this to the maintainers of the package that installed pynvml for you.
  import pynvml  # type: ignore[import]
/usr/local/lib/python3.10/dist-packages/torch/cuda/__init__.py:61: FutureWarning: The pynvml package is deprecated. Please install nvidia-ml-py instead. If you did not install pynvml directly, please report this to the maintainers of the package that installed pynvml for you.
  import pynvml  # type: ignore[import]
/usr/local/lib/python3.10/dist-packages/torch/cuda/__init__.py:61: FutureWarning: The pynvml package is deprecated. Please install nvidia-ml-py instead. If you did not install pynvml directly, please report this to the maintainers of the package that installed pynvml for you.
  import pynvml  # type: ignore[import]
/usr/local/lib/python3.10/dist-packages/torch/cuda/__init__.py:61: FutureWarning: The pynvml package is deprecated. Please install nvidia-ml-py instead. If you did not install pynvml directly, please report this to the maintainers of the package that installed pynvml for you.
  import pynvml  # type: ignore[import]
/usr/local/lib/python3.10/dist-packages/torch/cuda/__init__.py:61: FutureWarning: The pynvml package is deprecated. Please install nvidia-ml-py instead. If you did not install pynvml directly, please report this to the maintainers of the package that installed pynvml for you.
  import pynvml  # type: ignore[import]
update=1 | train_mean_reward=-50.9232 | train_mean_length=6.1641 | policy_loss=0.0208 | entropy=8.7974 | ratio=1.0000 | approx_kl=0.0117 | optimizer_steps=4
update=2 | train_mean_reward=-49.6531 | train_mean_length=6.1758 | policy_loss=0.0207 | entropy=8.7965 | ratio=0.9996 | approx_kl=0.0046 | optimizer_steps=4
update=3 | train_mean_reward=-48.5081 | train_mean_length=6.2188 | policy_loss=0.0296 | entropy=8.7956 | ratio=0.9968 | approx_kl=0.0080 | optimizer_steps=4
update=4 | train_mean_reward=-47.7324 | train_mean_length=6.2148 | policy_loss=0.0190 | entropy=8.7942 | ratio=0.9994 | approx_kl=0.0053 | optimizer_steps=4
update=5 | train_mean_reward=-46.0831 | train_mean_length=6.2383 | policy_loss=0.0299 | entropy=8.7928 | ratio=0.9965 | approx_kl=0.0094 | optimizer_steps=4 | eval_mean_reward=-22.2518 | eval_mean_length=6.0000
update=6 | train_mean_reward=-44.8746 | train_mean_length=6.3281 | policy_loss=0.0246 | entropy=8.7914 | ratio=0.9996 | approx_kl=0.0059 | optimizer_steps=4
update=7 | train_mean_reward=-42.2146 | train_mean_length=6.2930 | policy_loss=0.0260 | entropy=8.7901 | ratio=1.0005 | approx_kl=0.0056 | optimizer_steps=4
update=8 | train_mean_reward=-41.4240 | train_mean_length=6.4883 | policy_loss=0.0429 | entropy=8.7885 | ratio=0.9987 | approx_kl=0.0064 | optimizer_steps=4
update=9 | train_mean_reward=-40.2523 | train_mean_length=6.5859 | policy_loss=0.0436 | entropy=8.7870 | ratio=1.0017 | approx_kl=0.0031 | optimizer_steps=4
update=10 | train_mean_reward=-39.2895 | train_mean_length=6.6484 | policy_loss=0.0376 | entropy=8.7855 | ratio=1.0026 | approx_kl=0.0027 | optimizer_steps=4 | eval_mean_reward=-19.8104 | eval_mean_length=8.0000
update=11 | train_mean_reward=-39.6968 | train_mean_length=6.8516 | policy_loss=0.0645 | entropy=8.7841 | ratio=1.0010 | approx_kl=0.0053 | optimizer_steps=4
update=12 | train_mean_reward=-38.2803 | train_mean_length=7.0742 | policy_loss=0.0890 | entropy=8.7825 | ratio=1.0019 | approx_kl=0.0033 | optimizer_steps=4
update=13 | train_mean_reward=-38.6806 | train_mean_length=7.2734 | policy_loss=0.1249 | entropy=8.7809 | ratio=0.9989 | approx_kl=0.0048 | optimizer_steps=4
update=14 | train_mean_reward=-39.3814 | train_mean_length=7.5273 | policy_loss=0.1385 | entropy=8.7792 | ratio=0.9982 | approx_kl=0.0059 | optimizer_steps=4
update=15 | train_mean_reward=-38.6784 | train_mean_length=7.5547 | policy_loss=0.1375 | entropy=8.7776 | ratio=1.0016 | approx_kl=0.0024 | optimizer_steps=4 | eval_mean_reward=-25.6164 | eval_mean_length=12.0000
update=16 | train_mean_reward=-36.8952 | train_mean_length=7.4023 | policy_loss=0.1190 | entropy=8.7763 | ratio=0.9987 | approx_kl=0.0064 | optimizer_steps=4
update=17 | train_mean_reward=-36.8857 | train_mean_length=7.5117 | policy_loss=0.1741 | entropy=8.7749 | ratio=1.0000 | approx_kl=0.0037 | optimizer_steps=4
update=18 | train_mean_reward=-36.0711 | train_mean_length=7.2969 | policy_loss=0.1219 | entropy=8.7734 | ratio=0.9967 | approx_kl=0.0077 | optimizer_steps=4
update=19 | train_mean_reward=-34.1510 | train_mean_length=7.1133 | policy_loss=0.1005 | entropy=8.7717 | ratio=1.0038 | approx_kl=0.0010 | optimizer_steps=4
update=20 | train_mean_reward=-33.7378 | train_mean_length=7.0156 | policy_loss=0.1052 | entropy=8.7701 | ratio=1.0013 | approx_kl=0.0027 | optimizer_steps=4 | eval_mean_reward=-17.0379 | eval_mean_length=10.1250
update=21 | train_mean_reward=-33.6204 | train_mean_length=7.1328 | policy_loss=0.0928 | entropy=8.7684 | ratio=1.0005 | approx_kl=0.0044 | optimizer_steps=4
update=22 | train_mean_reward=-33.0602 | train_mean_length=7.1758 | policy_loss=0.1123 | entropy=8.7667 | ratio=0.9974 | approx_kl=0.0074 | optimizer_steps=4
update=23 | train_mean_reward=-32.4871 | train_mean_length=7.2461 | policy_loss=0.1050 | entropy=8.7651 | ratio=1.0038 | approx_kl=0.0005 | optimizer_steps=4
update=24 | train_mean_reward=-32.3985 | train_mean_length=7.3828 | policy_loss=0.1200 | entropy=8.7635 | ratio=0.9996 | approx_kl=0.0034 | optimizer_steps=4
update=25 | train_mean_reward=-32.2192 | train_mean_length=7.5000 | policy_loss=0.1638 | entropy=8.7620 | ratio=1.0020 | approx_kl=0.0008 | optimizer_steps=4 | eval_mean_reward=-17.5924 | eval_mean_length=12.0000
update=26 | train_mean_reward=-30.4656 | train_mean_length=7.2773 | policy_loss=0.0938 | entropy=8.7606 | ratio=0.9981 | approx_kl=0.0063 | optimizer_steps=4
update=27 | train_mean_reward=-30.9883 | train_mean_length=7.3359 | policy_loss=0.1381 | entropy=8.7592 | ratio=0.9984 | approx_kl=0.0048 | optimizer_steps=4
update=28 | train_mean_reward=-30.7881 | train_mean_length=7.4883 | policy_loss=0.1317 | entropy=8.7579 | ratio=0.9983 | approx_kl=0.0063 | optimizer_steps=4
update=29 | train_mean_reward=-30.6272 | train_mean_length=7.7305 | policy_loss=0.1497 | entropy=8.7568 | ratio=0.9993 | approx_kl=0.0059 | optimizer_steps=4
update=30 | train_mean_reward=-30.3398 | train_mean_length=7.6445 | policy_loss=0.1469 | entropy=8.7555 | ratio=1.0002 | approx_kl=0.0043 | optimizer_steps=4 | eval_mean_reward=-14.0382 | eval_mean_length=13.0000
update=31 | train_mean_reward=-31.7254 | train_mean_length=8.0352 | policy_loss=0.1676 | entropy=8.7540 | ratio=1.0005 | approx_kl=0.0052 | optimizer_steps=4
update=32 | train_mean_reward=-29.1716 | train_mean_length=7.5977 | policy_loss=0.1190 | entropy=8.7526 | ratio=1.0005 | approx_kl=0.0038 | optimizer_steps=4
update=33 | train_mean_reward=-29.9240 | train_mean_length=7.6953 | policy_loss=0.1290 | entropy=8.7513 | ratio=0.9988 | approx_kl=0.0043 | optimizer_steps=4
update=34 | train_mean_reward=-29.7796 | train_mean_length=7.8867 | policy_loss=0.1513 | entropy=8.7501 | ratio=1.0015 | approx_kl=0.0028 | optimizer_steps=4
update=35 | train_mean_reward=-30.5565 | train_mean_length=8.1914 | policy_loss=0.1634 | entropy=8.7488 | ratio=1.0002 | approx_kl=0.0040 | optimizer_steps=4 | eval_mean_reward=-12.1597 | eval_mean_length=14.0000
update=36 | train_mean_reward=-31.5314 | train_mean_length=8.6211 | policy_loss=0.1892 | entropy=8.7475 | ratio=1.0007 | approx_kl=0.0029 | optimizer_steps=4
update=37 | train_mean_reward=-30.6289 | train_mean_length=8.3594 | policy_loss=0.1879 | entropy=8.7464 | ratio=1.0024 | approx_kl=0.0013 | optimizer_steps=4
update=38 | train_mean_reward=-30.0463 | train_mean_length=8.1875 | policy_loss=0.1863 | entropy=8.7452 | ratio=1.0008 | approx_kl=0.0029 | optimizer_steps=4
update=39 | train_mean_reward=-29.8306 | train_mean_length=8.3008 | policy_loss=0.1701 | entropy=8.7439 | ratio=1.0007 | approx_kl=0.0026 | optimizer_steps=4
update=40 | train_mean_reward=-29.6043 | train_mean_length=8.2578 | policy_loss=0.1716 | entropy=8.7426 | ratio=1.0007 | approx_kl=0.0029 | optimizer_steps=4 | eval_mean_reward=-10.7844 | eval_mean_length=14.0000
update=41 | train_mean_reward=-30.0475 | train_mean_length=8.6055 | policy_loss=0.1925 | entropy=8.7412 | ratio=0.9964 | approx_kl=0.0074 | optimizer_steps=4
update=42 | train_mean_reward=-29.0346 | train_mean_length=8.2070 | policy_loss=0.1773 | entropy=8.7396 | ratio=0.9989 | approx_kl=0.0047 | optimizer_steps=4
update=43 | train_mean_reward=-29.0215 | train_mean_length=8.1211 | policy_loss=0.1661 | entropy=8.7383 | ratio=0.9975 | approx_kl=0.0069 | optimizer_steps=4
update=44 | train_mean_reward=-29.0638 | train_mean_length=8.1328 | policy_loss=0.1619 | entropy=8.7370 | ratio=0.9984 | approx_kl=0.0045 | optimizer_steps=4
update=45 | train_mean_reward=-28.0798 | train_mean_length=7.8086 | policy_loss=0.1523 | entropy=8.7359 | ratio=1.0000 | approx_kl=0.0051 | optimizer_steps=4 | eval_mean_reward=-10.4841 | eval_mean_length=12.0000
update=46 | train_mean_reward=-26.6020 | train_mean_length=7.4844 | policy_loss=0.0948 | entropy=8.7349 | ratio=0.9995 | approx_kl=0.0039 | optimizer_steps=4
update=47 | train_mean_reward=-26.8382 | train_mean_length=7.6055 | policy_loss=0.1150 | entropy=8.7334 | ratio=0.9987 | approx_kl=0.0048 | optimizer_steps=4
update=48 | train_mean_reward=-27.9371 | train_mean_length=8.0469 | policy_loss=0.1393 | entropy=8.7320 | ratio=1.0003 | approx_kl=0.0036 | optimizer_steps=4
update=49 | train_mean_reward=-28.3823 | train_mean_length=8.2148 | policy_loss=0.1563 | entropy=8.7308 | ratio=0.9988 | approx_kl=0.0047 | optimizer_steps=4
update=50 | train_mean_reward=-28.6301 | train_mean_length=8.4961 | policy_loss=0.1892 | entropy=8.7298 | ratio=1.0004 | approx_kl=0.0026 | optimizer_steps=4 | eval_mean_reward=-9.8679 | eval_mean_length=13.0000
update=51 | train_mean_reward=-28.6925 | train_mean_length=8.3008 | policy_loss=0.1758 | entropy=8.7288 | ratio=1.0002 | approx_kl=0.0032 | optimizer_steps=4
update=52 | train_mean_reward=-26.7828 | train_mean_length=7.7461 | policy_loss=0.1411 | entropy=8.7276 | ratio=1.0001 | approx_kl=0.0026 | optimizer_steps=4
update=53 | train_mean_reward=-26.7077 | train_mean_length=7.7695 | policy_loss=0.1156 | entropy=8.7264 | ratio=0.9972 | approx_kl=0.0081 | optimizer_steps=4
update=54 | train_mean_reward=-27.8082 | train_mean_length=8.2969 | policy_loss=0.1519 | entropy=8.7251 | ratio=0.9999 | approx_kl=0.0041 | optimizer_steps=4
update=55 | train_mean_reward=-27.9142 | train_mean_length=8.5078 | policy_loss=0.1868 | entropy=8.7237 | ratio=0.9989 | approx_kl=0.0051 | optimizer_steps=4 | eval_mean_reward=-11.6973 | eval_mean_length=14.0000
update=56 | train_mean_reward=-29.4808 | train_mean_length=8.7070 | policy_loss=0.2000 | entropy=8.7222 | ratio=0.9985 | approx_kl=0.0054 | optimizer_steps=4
update=57 | train_mean_reward=-27.9890 | train_mean_length=8.5547 | policy_loss=0.1749 | entropy=8.7209 | ratio=0.9999 | approx_kl=0.0041 | optimizer_steps=4
update=58 | train_mean_reward=-27.2006 | train_mean_length=8.3750 | policy_loss=0.1943 | entropy=8.7197 | ratio=0.9978 | approx_kl=0.0058 | optimizer_steps=4
update=59 | train_mean_reward=-26.2022 | train_mean_length=7.9609 | policy_loss=0.1555 | entropy=8.7187 | ratio=1.0003 | approx_kl=0.0034 | optimizer_steps=4
update=60 | train_mean_reward=-26.1838 | train_mean_length=8.0508 | policy_loss=0.1829 | entropy=8.7174 | ratio=0.9995 | approx_kl=0.0042 | optimizer_steps=4 | eval_mean_reward=-10.4338 | eval_mean_length=13.0000
update=61 | train_mean_reward=-25.8203 | train_mean_length=7.7422 | policy_loss=0.1511 | entropy=8.7162 | ratio=0.9996 | approx_kl=0.0030 | optimizer_steps=4
update=62 | train_mean_reward=-25.1328 | train_mean_length=7.6094 | policy_loss=0.1252 | entropy=8.7150 | ratio=0.9970 | approx_kl=0.0058 | optimizer_steps=4
update=63 | train_mean_reward=-24.2807 | train_mean_length=7.5938 | policy_loss=0.1254 | entropy=8.7137 | ratio=0.9997 | approx_kl=0.0040 | optimizer_steps=4
update=64 | train_mean_reward=-24.9473 | train_mean_length=7.7344 | policy_loss=0.1176 | entropy=8.7122 | ratio=1.0006 | approx_kl=0.0030 | optimizer_steps=4
update=65 | train_mean_reward=-24.6169 | train_mean_length=7.6523 | policy_loss=0.1387 | entropy=8.7108 | ratio=0.9975 | approx_kl=0.0064 | optimizer_steps=4 | eval_mean_reward=-10.1297 | eval_mean_length=13.5625
update=66 | train_mean_reward=-26.2031 | train_mean_length=8.2617 | policy_loss=0.1639 | entropy=8.7095 | ratio=0.9985 | approx_kl=0.0074 | optimizer_steps=4
update=67 | train_mean_reward=-26.6718 | train_mean_length=8.4844 | policy_loss=0.1908 | entropy=8.7085 | ratio=0.9985 | approx_kl=0.0060 | optimizer_steps=4
update=68 | train_mean_reward=-27.4986 | train_mean_length=8.7383 | policy_loss=0.2092 | entropy=8.7076 | ratio=0.9982 | approx_kl=0.0064 | optimizer_steps=4
update=69 | train_mean_reward=-26.5808 | train_mean_length=8.7852 | policy_loss=0.2066 | entropy=8.7066 | ratio=0.9985 | approx_kl=0.0044 | optimizer_steps=4
update=70 | train_mean_reward=-24.3415 | train_mean_length=8.0000 | policy_loss=0.1463 | entropy=8.7058 | ratio=0.9989 | approx_kl=0.0051 | optimizer_steps=4 | eval_mean_reward=-10.4077 | eval_mean_length=13.0000
update=71 | train_mean_reward=-24.7453 | train_mean_length=7.8438 | policy_loss=0.1725 | entropy=8.7048 | ratio=0.9986 | approx_kl=0.0057 | optimizer_steps=4
update=72 | train_mean_reward=-23.9648 | train_mean_length=7.7969 | policy_loss=0.1432 | entropy=8.7034 | ratio=0.9962 | approx_kl=0.0074 | optimizer_steps=4
update=73 | train_mean_reward=-24.0484 | train_mean_length=7.9023 | policy_loss=0.1551 | entropy=8.7019 | ratio=1.0007 | approx_kl=0.0006 | optimizer_steps=4
update=74 | train_mean_reward=-23.9335 | train_mean_length=7.7070 | policy_loss=0.1436 | entropy=8.7004 | ratio=0.9999 | approx_kl=0.0044 | optimizer_steps=4
update=75 | train_mean_reward=-23.7750 | train_mean_length=7.9062 | policy_loss=0.1543 | entropy=8.6989 | ratio=0.9982 | approx_kl=0.0054 | optimizer_steps=4 | eval_mean_reward=-9.8983 | eval_mean_length=12.6875
update=76 | train_mean_reward=-24.7978 | train_mean_length=8.1719 | policy_loss=0.1944 | entropy=8.6976 | ratio=0.9973 | approx_kl=0.0072 | optimizer_steps=4
update=77 | train_mean_reward=-23.3611 | train_mean_length=7.7578 | policy_loss=0.1577 | entropy=8.6963 | ratio=0.9989 | approx_kl=0.0064 | optimizer_steps=4
update=78 | train_mean_reward=-22.4007 | train_mean_length=7.3047 | policy_loss=0.1277 | entropy=8.6951 | ratio=0.9995 | approx_kl=0.0051 | optimizer_steps=4
update=79 | train_mean_reward=-22.8293 | train_mean_length=7.4961 | policy_loss=0.0969 | entropy=8.6938 | ratio=0.9988 | approx_kl=0.0053 | optimizer_steps=4
update=80 | train_mean_reward=-23.2853 | train_mean_length=7.8711 | policy_loss=0.1486 | entropy=8.6924 | ratio=1.0000 | approx_kl=0.0033 | optimizer_steps=4 | eval_mean_reward=-9.5362 | eval_mean_length=13.8750
update=81 | train_mean_reward=-23.7178 | train_mean_length=8.1836 | policy_loss=0.1426 | entropy=8.6910 | ratio=0.9965 | approx_kl=0.0064 | optimizer_steps=4
update=82 | train_mean_reward=-23.6509 | train_mean_length=8.1367 | policy_loss=0.1552 | entropy=8.6895 | ratio=0.9991 | approx_kl=0.0047 | optimizer_steps=4
update=83 | train_mean_reward=-24.4404 | train_mean_length=8.2578 | policy_loss=0.1527 | entropy=8.6880 | ratio=1.0004 | approx_kl=0.0029 | optimizer_steps=4
update=84 | train_mean_reward=-24.6844 | train_mean_length=8.6289 | policy_loss=0.1738 | entropy=8.6865 | ratio=0.9996 | approx_kl=0.0038 | optimizer_steps=4
update=85 | train_mean_reward=-24.5136 | train_mean_length=8.5469 | policy_loss=0.1755 | entropy=8.6851 | ratio=0.9989 | approx_kl=0.0039 | optimizer_steps=4 | eval_mean_reward=-9.0064 | eval_mean_length=14.1250
update=86 | train_mean_reward=-25.5902 | train_mean_length=8.8555 | policy_loss=0.1850 | entropy=8.6837 | ratio=0.9995 | approx_kl=0.0027 | optimizer_steps=4
update=87 | train_mean_reward=-24.5398 | train_mean_length=8.7930 | policy_loss=0.1954 | entropy=8.6822 | ratio=0.9983 | approx_kl=0.0046 | optimizer_steps=4
update=88 | train_mean_reward=-24.5461 | train_mean_length=8.5469 | policy_loss=0.1382 | entropy=8.6808 | ratio=0.9988 | approx_kl=0.0032 | optimizer_steps=4
update=89 | train_mean_reward=-23.7781 | train_mean_length=8.4023 | policy_loss=0.1918 | entropy=8.6795 | ratio=0.9992 | approx_kl=0.0047 | optimizer_steps=4
update=90 | train_mean_reward=-23.5073 | train_mean_length=8.3750 | policy_loss=0.1600 | entropy=8.6782 | ratio=0.9992 | approx_kl=0.0048 | optimizer_steps=4 | eval_mean_reward=-8.7718 | eval_mean_length=13.3750
update=91 | train_mean_reward=-23.8481 | train_mean_length=8.5898 | policy_loss=0.1583 | entropy=8.6770 | ratio=0.9991 | approx_kl=0.0046 | optimizer_steps=4
update=92 | train_mean_reward=-26.2374 | train_mean_length=9.4570 | policy_loss=0.2038 | entropy=8.6758 | ratio=1.0008 | approx_kl=0.0021 | optimizer_steps=4
update=93 | train_mean_reward=-24.4823 | train_mean_length=8.7539 | policy_loss=0.1663 | entropy=8.6745 | ratio=1.0017 | approx_kl=0.0016 | optimizer_steps=4
update=94 | train_mean_reward=-24.6984 | train_mean_length=8.8984 | policy_loss=0.2077 | entropy=8.6731 | ratio=1.0001 | approx_kl=0.0023 | optimizer_steps=4
update=95 | train_mean_reward=-24.5654 | train_mean_length=8.7148 | policy_loss=0.1861 | entropy=8.6717 | ratio=0.9995 | approx_kl=0.0042 | optimizer_steps=4 | eval_mean_reward=-7.7688 | eval_mean_length=12.1250
update=96 | train_mean_reward=-23.6970 | train_mean_length=8.5078 | policy_loss=0.1719 | entropy=8.6703 | ratio=0.9984 | approx_kl=0.0056 | optimizer_steps=4
update=97 | train_mean_reward=-21.9573 | train_mean_length=7.8281 | policy_loss=0.1379 | entropy=8.6689 | ratio=1.0025 | approx_kl=0.0004 | optimizer_steps=4
update=98 | train_mean_reward=-22.9793 | train_mean_length=8.2109 | policy_loss=0.1549 | entropy=8.6673 | ratio=1.0011 | approx_kl=0.0019 | optimizer_steps=4
update=99 | train_mean_reward=-21.6570 | train_mean_length=7.8477 | policy_loss=0.1035 | entropy=8.6656 | ratio=0.9989 | approx_kl=0.0044 | optimizer_steps=4
update=100 | train_mean_reward=-23.0860 | train_mean_length=8.4570 | policy_loss=0.1651 | entropy=8.6641 | ratio=0.9981 | approx_kl=0.0053 | optimizer_steps=4 | eval_mean_reward=-6.2038 | eval_mean_length=10.9375
update=101 | train_mean_reward=-23.4802 | train_mean_length=8.6016 | policy_loss=0.1925 | entropy=8.6626 | ratio=0.9996 | approx_kl=0.0027 | optimizer_steps=4
update=102 | train_mean_reward=-22.9248 | train_mean_length=8.2500 | policy_loss=0.1393 | entropy=8.6610 | ratio=0.9997 | approx_kl=0.0029 | optimizer_steps=4
update=103 | train_mean_reward=-22.3502 | train_mean_length=8.2422 | policy_loss=0.1251 | entropy=8.6594 | ratio=0.9969 | approx_kl=0.0057 | optimizer_steps=4
update=104 | train_mean_reward=-22.2143 | train_mean_length=8.2188 | policy_loss=0.1357 | entropy=8.6578 | ratio=0.9997 | approx_kl=0.0035 | optimizer_steps=4
update=105 | train_mean_reward=-22.7996 | train_mean_length=8.4023 | policy_loss=0.1584 | entropy=8.6562 | ratio=0.9987 | approx_kl=0.0033 | optimizer_steps=4 | eval_mean_reward=-6.9946 | eval_mean_length=12.5625
update=106 | train_mean_reward=-22.1633 | train_mean_length=8.1016 | policy_loss=0.1214 | entropy=8.6547 | ratio=0.9972 | approx_kl=0.0057 | optimizer_steps=4
update=107 | train_mean_reward=-22.4019 | train_mean_length=8.4688 | policy_loss=0.1479 | entropy=8.6534 | ratio=1.0009 | approx_kl=0.0032 | optimizer_steps=4
update=108 | train_mean_reward=-23.9572 | train_mean_length=9.0312 | policy_loss=0.1778 | entropy=8.6521 | ratio=0.9980 | approx_kl=0.0045 | optimizer_steps=4
update=109 | train_mean_reward=-24.5052 | train_mean_length=9.2461 | policy_loss=0.1871 | entropy=8.6509 | ratio=0.9985 | approx_kl=0.0051 | optimizer_steps=4
update=110 | train_mean_reward=-23.9611 | train_mean_length=9.0469 | policy_loss=0.1854 | entropy=8.6500 | ratio=0.9998 | approx_kl=0.0037 | optimizer_steps=4 | eval_mean_reward=-6.4400 | eval_mean_length=11.0625
update=111 | train_mean_reward=-25.0717 | train_mean_length=9.6836 | policy_loss=0.1954 | entropy=8.6491 | ratio=0.9971 | approx_kl=0.0063 | optimizer_steps=4
update=112 | train_mean_reward=-25.2857 | train_mean_length=9.5156 | policy_loss=0.1746 | entropy=8.6483 | ratio=0.9984 | approx_kl=0.0046 | optimizer_steps=4
update=113 | train_mean_reward=-25.5435 | train_mean_length=9.8672 | policy_loss=0.2103 | entropy=8.6472 | ratio=1.0020 | approx_kl=0.0023 | optimizer_steps=4
update=114 | train_mean_reward=-25.5140 | train_mean_length=9.9102 | policy_loss=0.2282 | entropy=8.6462 | ratio=0.9990 | approx_kl=0.0041 | optimizer_steps=4
update=115 | train_mean_reward=-25.2739 | train_mean_length=9.7070 | policy_loss=0.1928 | entropy=8.6452 | ratio=0.9996 | approx_kl=0.0029 | optimizer_steps=4 | eval_mean_reward=-8.6744 | eval_mean_length=13.3125
update=116 | train_mean_reward=-24.9998 | train_mean_length=9.5352 | policy_loss=0.1903 | entropy=8.6443 | ratio=0.9995 | approx_kl=0.0031 | optimizer_steps=4
update=117 | train_mean_reward=-23.2147 | train_mean_length=9.0742 | policy_loss=0.1633 | entropy=8.6434 | ratio=1.0003 | approx_kl=0.0024 | optimizer_steps=4
update=118 | train_mean_reward=-23.0704 | train_mean_length=8.7891 | policy_loss=0.1568 | entropy=8.6423 | ratio=0.9963 | approx_kl=0.0062 | optimizer_steps=4
update=119 | train_mean_reward=-22.7932 | train_mean_length=9.1328 | policy_loss=0.1523 | entropy=8.6413 | ratio=0.9971 | approx_kl=0.0070 | optimizer_steps=4
update=120 | train_mean_reward=-23.1685 | train_mean_length=9.0781 | policy_loss=0.1814 | entropy=8.6404 | ratio=1.0004 | approx_kl=0.0022 | optimizer_steps=4 | eval_mean_reward=-8.4051 | eval_mean_length=14.3750
update=121 | train_mean_reward=-23.7478 | train_mean_length=9.3281 | policy_loss=0.1689 | entropy=8.6394 | ratio=0.9988 | approx_kl=0.0039 | optimizer_steps=4
update=122 | train_mean_reward=-25.3397 | train_mean_length=9.9336 | policy_loss=0.2466 | entropy=8.6385 | ratio=0.9996 | approx_kl=0.0030 | optimizer_steps=4
update=123 | train_mean_reward=-22.7600 | train_mean_length=9.1797 | policy_loss=0.1770 | entropy=8.6375 | ratio=0.9985 | approx_kl=0.0049 | optimizer_steps=4
update=124 | train_mean_reward=-22.9906 | train_mean_length=8.9766 | policy_loss=0.1948 | entropy=8.6364 | ratio=1.0004 | approx_kl=0.0017 | optimizer_steps=4
update=125 | train_mean_reward=-22.1056 | train_mean_length=8.5586 | policy_loss=0.1369 | entropy=8.6353 | ratio=0.9952 | approx_kl=0.0084 | optimizer_steps=4 | eval_mean_reward=-6.1165 | eval_mean_length=11.0000
update=126 | train_mean_reward=-21.5009 | train_mean_length=8.2969 | policy_loss=0.1484 | entropy=8.6339 | ratio=0.9976 | approx_kl=0.0047 | optimizer_steps=4
update=127 | train_mean_reward=-21.2701 | train_mean_length=8.1992 | policy_loss=0.1264 | entropy=8.6324 | ratio=1.0012 | approx_kl=0.0026 | optimizer_steps=4
update=128 | train_mean_reward=-21.2648 | train_mean_length=8.3320 | policy_loss=0.1280 | entropy=8.6310 | ratio=0.9995 | approx_kl=0.0033 | optimizer_steps=4
update=129 | train_mean_reward=-21.7169 | train_mean_length=8.4844 | policy_loss=0.1294 | entropy=8.6298 | ratio=0.9991 | approx_kl=0.0039 | optimizer_steps=4
update=130 | train_mean_reward=-21.6570 | train_mean_length=8.8008 | policy_loss=0.1645 | entropy=8.6285 | ratio=1.0007 | approx_kl=0.0018 | optimizer_steps=4 | eval_mean_reward=-5.5160 | eval_mean_length=11.6250
update=131 | train_mean_reward=-21.8063 | train_mean_length=9.1016 | policy_loss=0.1762 | entropy=8.6270 | ratio=0.9985 | approx_kl=0.0049 | optimizer_steps=4
update=132 | train_mean_reward=-22.5267 | train_mean_length=9.2695 | policy_loss=0.1919 | entropy=8.6255 | ratio=0.9991 | approx_kl=0.0035 | optimizer_steps=4
update=133 | train_mean_reward=-22.7019 | train_mean_length=9.0430 | policy_loss=0.1905 | entropy=8.6244 | ratio=0.9983 | approx_kl=0.0042 | optimizer_steps=4
update=134 | train_mean_reward=-21.9565 | train_mean_length=9.0312 | policy_loss=0.1860 | entropy=8.6233 | ratio=1.0000 | approx_kl=0.0020 | optimizer_steps=4
update=135 | train_mean_reward=-22.5316 | train_mean_length=9.0820 | policy_loss=0.1978 | entropy=8.6224 | ratio=0.9979 | approx_kl=0.0051 | optimizer_steps=4 | eval_mean_reward=-9.0717 | eval_mean_length=15.2500
update=136 | train_mean_reward=-22.4434 | train_mean_length=9.2617 | policy_loss=0.1748 | entropy=8.6216 | ratio=0.9996 | approx_kl=0.0031 | optimizer_steps=4
update=137 | train_mean_reward=-23.9691 | train_mean_length=9.9297 | policy_loss=0.2033 | entropy=8.6207 | ratio=0.9984 | approx_kl=0.0048 | optimizer_steps=4
update=138 | train_mean_reward=-23.2288 | train_mean_length=9.6328 | policy_loss=0.2066 | entropy=8.6198 | ratio=0.9985 | approx_kl=0.0047 | optimizer_steps=4
update=139 | train_mean_reward=-23.5389 | train_mean_length=9.8945 | policy_loss=0.2405 | entropy=8.6188 | ratio=0.9976 | approx_kl=0.0055 | optimizer_steps=4
update=140 | train_mean_reward=-22.1948 | train_mean_length=9.2227 | policy_loss=0.1709 | entropy=8.6178 | ratio=1.0005 | approx_kl=0.0029 | optimizer_steps=4 | eval_mean_reward=-3.4642 | eval_mean_length=11.1875
update=141 | train_mean_reward=-21.5635 | train_mean_length=9.1367 | policy_loss=0.1539 | entropy=8.6168 | ratio=0.9998 | approx_kl=0.0026 | optimizer_steps=4
update=142 | train_mean_reward=-21.2566 | train_mean_length=9.0273 | policy_loss=0.1524 | entropy=8.6157 | ratio=0.9969 | approx_kl=0.0057 | optimizer_steps=4
update=143 | train_mean_reward=-22.3974 | train_mean_length=9.4766 | policy_loss=0.1989 | entropy=8.6146 | ratio=0.9993 | approx_kl=0.0039 | optimizer_steps=4
update=144 | train_mean_reward=-22.2590 | train_mean_length=9.2070 | policy_loss=0.1871 | entropy=8.6136 | ratio=1.0000 | approx_kl=0.0030 | optimizer_steps=4
update=145 | train_mean_reward=-21.7131 | train_mean_length=9.0430 | policy_loss=0.1432 | entropy=8.6126 | ratio=0.9983 | approx_kl=0.0052 | optimizer_steps=4 | eval_mean_reward=-5.6058 | eval_mean_length=13.0625
update=146 | train_mean_reward=-22.3424 | train_mean_length=9.0977 | policy_loss=0.2010 | entropy=8.6117 | ratio=0.9980 | approx_kl=0.0043 | optimizer_steps=4
update=147 | train_mean_reward=-21.2565 | train_mean_length=9.0117 | policy_loss=0.1853 | entropy=8.6107 | ratio=0.9975 | approx_kl=0.0051 | optimizer_steps=4
update=148 | train_mean_reward=-21.4701 | train_mean_length=9.0938 | policy_loss=0.1498 | entropy=8.6096 | ratio=0.9998 | approx_kl=0.0047 | optimizer_steps=4
update=149 | train_mean_reward=-22.2909 | train_mean_length=9.3555 | policy_loss=0.1779 | entropy=8.6083 | ratio=0.9976 | approx_kl=0.0048 | optimizer_steps=4
update=150 | train_mean_reward=-22.3590 | train_mean_length=9.3242 | policy_loss=0.1876 | entropy=8.6069 | ratio=1.0006 | approx_kl=0.0021 | optimizer_steps=4 | eval_mean_reward=-3.8424 | eval_mean_length=10.4375
update=151 | train_mean_reward=-21.6560 | train_mean_length=9.1992 | policy_loss=0.1715 | entropy=8.6055 | ratio=0.9973 | approx_kl=0.0061 | optimizer_steps=4
update=152 | train_mean_reward=-22.3760 | train_mean_length=9.5859 | policy_loss=0.2071 | entropy=8.6041 | ratio=0.9973 | approx_kl=0.0064 | optimizer_steps=4
update=153 | train_mean_reward=-23.5806 | train_mean_length=10.2812 | policy_loss=0.2771 | entropy=8.6029 | ratio=0.9994 | approx_kl=0.0043 | optimizer_steps=4
update=154 | train_mean_reward=-23.1962 | train_mean_length=9.8633 | policy_loss=0.2283 | entropy=8.6018 | ratio=0.9995 | approx_kl=0.0032 | optimizer_steps=4
update=155 | train_mean_reward=-21.7884 | train_mean_length=9.3281 | policy_loss=0.1843 | entropy=8.6005 | ratio=0.9990 | approx_kl=0.0038 | optimizer_steps=4 | eval_mean_reward=-6.3109 | eval_mean_length=10.7500
update=156 | train_mean_reward=-21.7229 | train_mean_length=9.4180 | policy_loss=0.2015 | entropy=8.5993 | ratio=1.0005 | approx_kl=0.0026 | optimizer_steps=4
update=157 | train_mean_reward=-22.3542 | train_mean_length=9.7500 | policy_loss=0.2300 | entropy=8.5981 | ratio=0.9995 | approx_kl=0.0034 | optimizer_steps=4
update=158 | train_mean_reward=-21.1447 | train_mean_length=9.1992 | policy_loss=0.1881 | entropy=8.5970 | ratio=0.9998 | approx_kl=0.0034 | optimizer_steps=4
update=159 | train_mean_reward=-21.7875 | train_mean_length=9.5977 | policy_loss=0.1830 | entropy=8.5958 | ratio=1.0009 | approx_kl=0.0028 | optimizer_steps=4
update=160 | train_mean_reward=-23.9229 | train_mean_length=10.8672 | policy_loss=0.2650 | entropy=8.5944 | ratio=0.9981 | approx_kl=0.0047 | optimizer_steps=4 | eval_mean_reward=-15.6556 | eval_mean_length=35.8125
update=161 | train_mean_reward=-23.9549 | train_mean_length=11.0273 | policy_loss=0.2923 | entropy=8.5932 | ratio=0.9985 | approx_kl=0.0054 | optimizer_steps=4
update=162 | train_mean_reward=-24.2619 | train_mean_length=10.7891 | policy_loss=0.2808 | entropy=8.5922 | ratio=1.0011 | approx_kl=0.0017 | optimizer_steps=4
update=163 | train_mean_reward=-23.1624 | train_mean_length=10.4297 | policy_loss=0.2831 | entropy=8.5915 | ratio=1.0014 | approx_kl=0.0013 | optimizer_steps=4
update=164 | train_mean_reward=-21.4838 | train_mean_length=9.6602 | policy_loss=0.2169 | entropy=8.5907 | ratio=1.0003 | approx_kl=0.0025 | optimizer_steps=4
update=165 | train_mean_reward=-22.3189 | train_mean_length=10.0859 | policy_loss=0.2275 | entropy=8.5900 | ratio=0.9981 | approx_kl=0.0049 | optimizer_steps=4 | eval_mean_reward=-1.6573 | eval_mean_length=12.3750
update=166 | train_mean_reward=-21.7139 | train_mean_length=9.7773 | policy_loss=0.2491 | entropy=8.5894 | ratio=1.0002 | approx_kl=0.0024 | optimizer_steps=4
update=167 | train_mean_reward=-19.9896 | train_mean_length=9.2031 | policy_loss=0.1587 | entropy=8.5887 | ratio=0.9990 | approx_kl=0.0039 | optimizer_steps=4
update=168 | train_mean_reward=-21.8606 | train_mean_length=9.9102 | policy_loss=0.2073 | entropy=8.5878 | ratio=0.9989 | approx_kl=0.0043 | optimizer_steps=4
update=169 | train_mean_reward=-21.5919 | train_mean_length=10.0820 | policy_loss=0.2420 | entropy=8.5870 | ratio=0.9978 | approx_kl=0.0052 | optimizer_steps=4
update=170 | train_mean_reward=-21.8792 | train_mean_length=9.8047 | policy_loss=0.2279 | entropy=8.5863 | ratio=0.9981 | approx_kl=0.0040 | optimizer_steps=4 | eval_mean_reward=-6.2868 | eval_mean_length=14.8125
update=171 | train_mean_reward=-21.3486 | train_mean_length=9.8594 | policy_loss=0.2150 | entropy=8.5856 | ratio=0.9988 | approx_kl=0.0047 | optimizer_steps=4
update=172 | train_mean_reward=-22.6984 | train_mean_length=10.6211 | policy_loss=0.3070 | entropy=8.5849 | ratio=0.9980 | approx_kl=0.0043 | optimizer_steps=4
update=173 | train_mean_reward=-22.7469 | train_mean_length=10.5039 | policy_loss=0.3215 | entropy=8.5841 | ratio=0.9981 | approx_kl=0.0045 | optimizer_steps=4
update=174 | train_mean_reward=-23.7463 | train_mean_length=10.9766 | policy_loss=0.3241 | entropy=8.5832 | ratio=0.9988 | approx_kl=0.0043 | optimizer_steps=4
update=175 | train_mean_reward=-21.9515 | train_mean_length=10.4297 | policy_loss=0.2750 | entropy=8.5822 | ratio=0.9955 | approx_kl=0.0079 | optimizer_steps=4 | eval_mean_reward=-8.6230 | eval_mean_length=13.7500
update=176 | train_mean_reward=-21.1462 | train_mean_length=9.6992 | policy_loss=0.2293 | entropy=8.5811 | ratio=0.9981 | approx_kl=0.0051 | optimizer_steps=4
update=177 | train_mean_reward=-20.1407 | train_mean_length=9.1445 | policy_loss=0.1548 | entropy=8.5800 | ratio=0.9976 | approx_kl=0.0054 | optimizer_steps=4
update=178 | train_mean_reward=-20.8168 | train_mean_length=9.5898 | policy_loss=0.2556 | entropy=8.5788 | ratio=0.9978 | approx_kl=0.0045 | optimizer_steps=4
update=179 | train_mean_reward=-19.3706 | train_mean_length=8.6719 | policy_loss=0.1302 | entropy=8.5778 | ratio=0.9999 | approx_kl=0.0029 | optimizer_steps=4
update=180 | train_mean_reward=-20.7543 | train_mean_length=9.1953 | policy_loss=0.2125 | entropy=8.5768 | ratio=0.9970 | approx_kl=0.0057 | optimizer_steps=4 | eval_mean_reward=-4.9546 | eval_mean_length=9.6875
update=181 | train_mean_reward=-20.8573 | train_mean_length=9.3086 | policy_loss=0.2211 | entropy=8.5757 | ratio=0.9995 | approx_kl=0.0033 | optimizer_steps=4
update=182 | train_mean_reward=-22.0782 | train_mean_length=9.8945 | policy_loss=0.2677 | entropy=8.5747 | ratio=0.9983 | approx_kl=0.0041 | optimizer_steps=4
update=183 | train_mean_reward=-21.6456 | train_mean_length=9.8672 | policy_loss=0.2802 | entropy=8.5739 | ratio=0.9983 | approx_kl=0.0044 | optimizer_steps=4
update=184 | train_mean_reward=-21.7979 | train_mean_length=9.8242 | policy_loss=0.2305 | entropy=8.5731 | ratio=0.9986 | approx_kl=0.0047 | optimizer_steps=4
update=185 | train_mean_reward=-22.9138 | train_mean_length=10.5391 | policy_loss=0.3002 | entropy=8.5723 | ratio=0.9992 | approx_kl=0.0041 | optimizer_steps=4 | eval_mean_reward=-3.2133 | eval_mean_length=9.0000
update=186 | train_mean_reward=-22.5731 | train_mean_length=10.3086 | policy_loss=0.2829 | entropy=8.5714 | ratio=0.9986 | approx_kl=0.0053 | optimizer_steps=4
update=187 | train_mean_reward=-22.6911 | train_mean_length=10.5156 | policy_loss=0.2605 | entropy=8.5708 | ratio=0.9998 | approx_kl=0.0039 | optimizer_steps=4
update=188 | train_mean_reward=-24.5759 | train_mean_length=11.0938 | policy_loss=0.2947 | entropy=8.5701 | ratio=0.9983 | approx_kl=0.0049 | optimizer_steps=4
update=189 | train_mean_reward=-22.2763 | train_mean_length=10.4570 | policy_loss=0.2950 | entropy=8.5693 | ratio=0.9987 | approx_kl=0.0051 | optimizer_steps=4
update=190 | train_mean_reward=-20.8048 | train_mean_length=9.4844 | policy_loss=0.2387 | entropy=8.5684 | ratio=1.0017 | approx_kl=0.0009 | optimizer_steps=4 | eval_mean_reward=-5.1471 | eval_mean_length=8.3750
update=191 | train_mean_reward=-21.4289 | train_mean_length=9.6445 | policy_loss=0.2179 | entropy=8.5675 | ratio=0.9980 | approx_kl=0.0051 | optimizer_steps=4
update=192 | train_mean_reward=-21.1412 | train_mean_length=10.0820 | policy_loss=0.2337 | entropy=8.5666 | ratio=1.0003 | approx_kl=0.0019 | optimizer_steps=4
update=193 | train_mean_reward=-21.3735 | train_mean_length=9.9648 | policy_loss=0.2489 | entropy=8.5658 | ratio=0.9952 | approx_kl=0.0082 | optimizer_steps=4
update=194 | train_mean_reward=-22.7607 | train_mean_length=10.5078 | policy_loss=0.2844 | entropy=8.5650 | ratio=0.9978 | approx_kl=0.0052 | optimizer_steps=4
update=195 | train_mean_reward=-21.1223 | train_mean_length=10.1172 | policy_loss=0.2459 | entropy=8.5641 | ratio=0.9975 | approx_kl=0.0059 | optimizer_steps=4 | eval_mean_reward=-10.7027 | eval_mean_length=15.6250
update=196 | train_mean_reward=-22.4651 | train_mean_length=10.7422 | policy_loss=0.2919 | entropy=8.5633 | ratio=0.9997 | approx_kl=0.0024 | optimizer_steps=4
update=197 | train_mean_reward=-20.9130 | train_mean_length=9.6875 | policy_loss=0.2103 | entropy=8.5626 | ratio=0.9973 | approx_kl=0.0076 | optimizer_steps=4
update=198 | train_mean_reward=-20.5815 | train_mean_length=9.4961 | policy_loss=0.2441 | entropy=8.5618 | ratio=0.9983 | approx_kl=0.0047 | optimizer_steps=4
update=199 | train_mean_reward=-20.5609 | train_mean_length=9.1875 | policy_loss=0.1915 | entropy=8.5608 | ratio=0.9980 | approx_kl=0.0054 | optimizer_steps=4
update=200 | train_mean_reward=-19.2671 | train_mean_length=9.2227 | policy_loss=0.1702 | entropy=8.5598 | ratio=0.9992 | approx_kl=0.0043 | optimizer_steps=4 | eval_mean_reward=-5.5042 | eval_mean_length=8.8750
update=201 | train_mean_reward=-19.8107 | train_mean_length=9.3945 | policy_loss=0.1923 | entropy=8.5590 | ratio=0.9967 | approx_kl=0.0071 | optimizer_steps=4
update=202 | train_mean_reward=-21.1661 | train_mean_length=10.2852 | policy_loss=0.2400 | entropy=8.5584 | ratio=0.9977 | approx_kl=0.0067 | optimizer_steps=4
update=203 | train_mean_reward=-20.4869 | train_mean_length=10.1289 | policy_loss=0.2256 | entropy=8.5580 | ratio=1.0012 | approx_kl=0.0026 | optimizer_steps=4
update=204 | train_mean_reward=-22.5649 | train_mean_length=10.9766 | policy_loss=0.2624 | entropy=8.5574 | ratio=0.9983 | approx_kl=0.0047 | optimizer_steps=4
update=205 | train_mean_reward=-23.7573 | train_mean_length=11.4492 | policy_loss=0.2820 | entropy=8.5568 | ratio=1.0011 | approx_kl=0.0011 | optimizer_steps=4 | eval_mean_reward=-10.8179 | eval_mean_length=17.2500
update=206 | train_mean_reward=-23.7582 | train_mean_length=11.7266 | policy_loss=0.2638 | entropy=8.5561 | ratio=0.9992 | approx_kl=0.0025 | optimizer_steps=4
update=207 | train_mean_reward=-25.0846 | train_mean_length=12.4492 | policy_loss=0.3192 | entropy=8.5554 | ratio=0.9996 | approx_kl=0.0032 | optimizer_steps=4
update=208 | train_mean_reward=-25.8174 | train_mean_length=12.6055 | policy_loss=0.3148 | entropy=8.5544 | ratio=0.9985 | approx_kl=0.0037 | optimizer_steps=4
update=209 | train_mean_reward=-25.7837 | train_mean_length=12.8398 | policy_loss=0.3389 | entropy=8.5535 | ratio=0.9986 | approx_kl=0.0049 | optimizer_steps=4
update=210 | train_mean_reward=-24.6539 | train_mean_length=11.9961 | policy_loss=0.2814 | entropy=8.5527 | ratio=0.9991 | approx_kl=0.0033 | optimizer_steps=4 | eval_mean_reward=-21.2167 | eval_mean_length=24.3750
update=211 | train_mean_reward=-23.3528 | train_mean_length=11.5703 | policy_loss=0.2467 | entropy=8.5520 | ratio=0.9983 | approx_kl=0.0046 | optimizer_steps=4
update=212 | train_mean_reward=-24.1065 | train_mean_length=11.6562 | policy_loss=0.3003 | entropy=8.5514 | ratio=0.9999 | approx_kl=0.0039 | optimizer_steps=4
update=213 | train_mean_reward=-22.8906 | train_mean_length=11.2266 | policy_loss=0.2753 | entropy=8.5508 | ratio=1.0004 | approx_kl=0.0018 | optimizer_steps=4
update=214 | train_mean_reward=-23.2548 | train_mean_length=11.4375 | policy_loss=0.2721 | entropy=8.5501 | ratio=1.0008 | approx_kl=0.0020 | optimizer_steps=4
update=215 | train_mean_reward=-23.2608 | train_mean_length=11.5508 | policy_loss=0.2815 | entropy=8.5493 | ratio=0.9971 | approx_kl=0.0060 | optimizer_steps=4 | eval_mean_reward=-3.6596 | eval_mean_length=11.4375
update=216 | train_mean_reward=-22.5289 | train_mean_length=10.8047 | policy_loss=0.2594 | entropy=8.5486 | ratio=1.0005 | approx_kl=0.0021 | optimizer_steps=4
update=217 | train_mean_reward=-22.2509 | train_mean_length=11.1836 | policy_loss=0.2615 | entropy=8.5477 | ratio=0.9988 | approx_kl=0.0047 | optimizer_steps=4
update=218 | train_mean_reward=-21.1284 | train_mean_length=10.5156 | policy_loss=0.2116 | entropy=8.5469 | ratio=0.9977 | approx_kl=0.0062 | optimizer_steps=4
update=219 | train_mean_reward=-22.1540 | train_mean_length=10.8008 | policy_loss=0.2702 | entropy=8.5461 | ratio=0.9986 | approx_kl=0.0059 | optimizer_steps=4
update=220 | train_mean_reward=-20.8809 | train_mean_length=10.5820 | policy_loss=0.2097 | entropy=8.5453 | ratio=1.0001 | approx_kl=0.0025 | optimizer_steps=4 | eval_mean_reward=-4.2734 | eval_mean_length=11.1250
update=221 | train_mean_reward=-21.7196 | train_mean_length=10.4922 | policy_loss=0.1833 | entropy=8.5446 | ratio=0.9987 | approx_kl=0.0045 | optimizer_steps=4
update=222 | train_mean_reward=-23.0913 | train_mean_length=11.5312 | policy_loss=0.2529 | entropy=8.5439 | ratio=1.0011 | approx_kl=0.0023 | optimizer_steps=4
update=223 | train_mean_reward=-21.9164 | train_mean_length=11.3359 | policy_loss=0.2539 | entropy=8.5433 | ratio=0.9983 | approx_kl=0.0040 | optimizer_steps=4
update=224 | train_mean_reward=-22.6172 | train_mean_length=11.6094 | policy_loss=0.2910 | entropy=8.5426 | ratio=1.0008 | approx_kl=0.0029 | optimizer_steps=4
update=225 | train_mean_reward=-23.0945 | train_mean_length=11.9531 | policy_loss=0.2776 | entropy=8.5417 | ratio=0.9989 | approx_kl=0.0046 | optimizer_steps=4 | eval_mean_reward=-5.7667 | eval_mean_length=16.8750
update=226 | train_mean_reward=-22.3538 | train_mean_length=11.2695 | policy_loss=0.2402 | entropy=8.5407 | ratio=0.9993 | approx_kl=0.0038 | optimizer_steps=4
update=227 | train_mean_reward=-22.0103 | train_mean_length=10.9805 | policy_loss=0.2401 | entropy=8.5395 | ratio=1.0001 | approx_kl=0.0021 | optimizer_steps=4
update=228 | train_mean_reward=-21.6228 | train_mean_length=11.0000 | policy_loss=0.2346 | entropy=8.5383 | ratio=0.9979 | approx_kl=0.0053 | optimizer_steps=4
update=229 | train_mean_reward=-22.5406 | train_mean_length=11.4883 | policy_loss=0.2724 | entropy=8.5373 | ratio=0.9965 | approx_kl=0.0066 | optimizer_steps=4
update=230 | train_mean_reward=-20.8995 | train_mean_length=10.9961 | policy_loss=0.2033 | entropy=8.5363 | ratio=0.9995 | approx_kl=0.0037 | optimizer_steps=4 | eval_mean_reward=-3.5471 | eval_mean_length=15.4375
update=231 | train_mean_reward=-23.1269 | train_mean_length=12.1562 | policy_loss=0.2712 | entropy=8.5354 | ratio=0.9977 | approx_kl=0.0054 | optimizer_steps=4
update=232 | train_mean_reward=-22.6049 | train_mean_length=12.2266 | policy_loss=0.2571 | entropy=8.5346 | ratio=0.9987 | approx_kl=0.0054 | optimizer_steps=4
update=233 | train_mean_reward=-24.0302 | train_mean_length=12.6680 | policy_loss=0.3130 | entropy=8.5339 | ratio=0.9978 | approx_kl=0.0046 | optimizer_steps=4
update=234 | train_mean_reward=-23.8242 | train_mean_length=12.9102 | policy_loss=0.3089 | entropy=8.5333 | ratio=1.0009 | approx_kl=0.0019 | optimizer_steps=4
update=235 | train_mean_reward=-23.9969 | train_mean_length=12.6289 | policy_loss=0.2987 | entropy=8.5326 | ratio=1.0000 | approx_kl=0.0024 | optimizer_steps=4 | eval_mean_reward=-0.6407 | eval_mean_length=13.3750
update=236 | train_mean_reward=-22.2752 | train_mean_length=11.6172 | policy_loss=0.2356 | entropy=8.5318 | ratio=0.9984 | approx_kl=0.0053 | optimizer_steps=4
update=237 | train_mean_reward=-21.5797 | train_mean_length=11.3125 | policy_loss=0.1973 | entropy=8.5308 | ratio=0.9966 | approx_kl=0.0071 | optimizer_steps=4
update=238 | train_mean_reward=-20.7588 | train_mean_length=10.7617 | policy_loss=0.1895 | entropy=8.5299 | ratio=1.0001 | approx_kl=0.0011 | optimizer_steps=4
update=239 | train_mean_reward=-21.1838 | train_mean_length=10.8125 | policy_loss=0.1861 | entropy=8.5290 | ratio=1.0004 | approx_kl=0.0019 | optimizer_steps=4
update=240 | train_mean_reward=-21.4038 | train_mean_length=11.0508 | policy_loss=0.2045 | entropy=8.5280 | ratio=1.0005 | approx_kl=0.0016 | optimizer_steps=4 | eval_mean_reward=-1.5885 | eval_mean_length=12.6875
update=241 | train_mean_reward=-21.2425 | train_mean_length=10.8477 | policy_loss=0.1707 | entropy=8.5269 | ratio=0.9988 | approx_kl=0.0046 | optimizer_steps=4
update=242 | train_mean_reward=-21.3755 | train_mean_length=11.3984 | policy_loss=0.1903 | entropy=8.5258 | ratio=0.9968 | approx_kl=0.0063 | optimizer_steps=4
update=243 | train_mean_reward=-20.6332 | train_mean_length=11.2734 | policy_loss=0.2084 | entropy=8.5247 | ratio=0.9987 | approx_kl=0.0047 | optimizer_steps=4
update=244 | train_mean_reward=-22.5387 | train_mean_length=11.8242 | policy_loss=0.1979 | entropy=8.5235 | ratio=1.0003 | approx_kl=0.0015 | optimizer_steps=4
update=245 | train_mean_reward=-23.5881 | train_mean_length=12.6953 | policy_loss=0.2792 | entropy=8.5224 | ratio=1.0002 | approx_kl=0.0014 | optimizer_steps=4 | eval_mean_reward=-1.7374 | eval_mean_length=13.7500
update=246 | train_mean_reward=-22.8012 | train_mean_length=12.2461 | policy_loss=0.2645 | entropy=8.5214 | ratio=1.0006 | approx_kl=0.0021 | optimizer_steps=4
update=247 | train_mean_reward=-22.3520 | train_mean_length=11.9609 | policy_loss=0.2422 | entropy=8.5206 | ratio=0.9983 | approx_kl=0.0054 | optimizer_steps=4
update=248 | train_mean_reward=-23.5194 | train_mean_length=12.7109 | policy_loss=0.2881 | entropy=8.5198 | ratio=0.9984 | approx_kl=0.0057 | optimizer_steps=4
update=249 | train_mean_reward=-25.6315 | train_mean_length=13.7578 | policy_loss=0.3091 | entropy=8.5190 | ratio=0.9969 | approx_kl=0.0055 | optimizer_steps=4
update=250 | train_mean_reward=-24.6085 | train_mean_length=13.5742 | policy_loss=0.3445 | entropy=8.5183 | ratio=0.9988 | approx_kl=0.0044 | optimizer_steps=4 | eval_mean_reward=-2.2600 | eval_mean_length=21.7500
update=251 | train_mean_reward=-23.7564 | train_mean_length=12.5820 | policy_loss=0.2669 | entropy=8.5176 | ratio=0.9996 | approx_kl=0.0032 | optimizer_steps=4
update=252 | train_mean_reward=-22.0410 | train_mean_length=12.0078 | policy_loss=0.2272 | entropy=8.5169 | ratio=0.9975 | approx_kl=0.0051 | optimizer_steps=4
update=253 | train_mean_reward=-22.6640 | train_mean_length=11.6797 | policy_loss=0.1933 | entropy=8.5161 | ratio=0.9996 | approx_kl=0.0023 | optimizer_steps=4
update=254 | train_mean_reward=-24.4875 | train_mean_length=12.7539 | policy_loss=0.3045 | entropy=8.5154 | ratio=0.9979 | approx_kl=0.0047 | optimizer_steps=4
update=255 | train_mean_reward=-21.5145 | train_mean_length=11.9844 | policy_loss=0.2700 | entropy=8.5148 | ratio=0.9995 | approx_kl=0.0030 | optimizer_steps=4 | eval_mean_reward=-2.7771 | eval_mean_length=13.4375
update=256 | train_mean_reward=-22.7079 | train_mean_length=12.3008 | policy_loss=0.2649 | entropy=8.5140 | ratio=0.9978 | approx_kl=0.0050 | optimizer_steps=4
update=257 | train_mean_reward=-24.0304 | train_mean_length=12.5938 | policy_loss=0.3038 | entropy=8.5132 | ratio=1.0000 | approx_kl=0.0028 | optimizer_steps=4
update=258 | train_mean_reward=-27.2456 | train_mean_length=14.2344 | policy_loss=0.3670 | entropy=8.5124 | ratio=0.9998 | approx_kl=0.0025 | optimizer_steps=4
update=259 | train_mean_reward=-27.0012 | train_mean_length=13.8750 | policy_loss=0.3498 | entropy=8.5116 | ratio=0.9995 | approx_kl=0.0036 | optimizer_steps=4
update=260 | train_mean_reward=-25.9863 | train_mean_length=13.6602 | policy_loss=0.3062 | entropy=8.5109 | ratio=0.9976 | approx_kl=0.0057 | optimizer_steps=4 | eval_mean_reward=-3.0882 | eval_mean_length=13.3125
update=261 | train_mean_reward=-23.1277 | train_mean_length=12.4180 | policy_loss=0.2693 | entropy=8.5102 | ratio=1.0000 | approx_kl=0.0030 | optimizer_steps=4
update=262 | train_mean_reward=-23.8924 | train_mean_length=12.3945 | policy_loss=0.3312 | entropy=8.5092 | ratio=0.9995 | approx_kl=0.0040 | optimizer_steps=4
update=263 | train_mean_reward=-21.8349 | train_mean_length=11.6914 | policy_loss=0.2249 | entropy=8.5081 | ratio=0.9998 | approx_kl=0.0025 | optimizer_steps=4
update=264 | train_mean_reward=-23.0751 | train_mean_length=11.7344 | policy_loss=0.2510 | entropy=8.5071 | ratio=0.9986 | approx_kl=0.0051 | optimizer_steps=4
update=265 | train_mean_reward=-22.3588 | train_mean_length=11.7656 | policy_loss=0.2510 | entropy=8.5060 | ratio=0.9997 | approx_kl=0.0024 | optimizer_steps=4 | eval_mean_reward=-3.0705 | eval_mean_length=12.0000
update=266 | train_mean_reward=-22.2275 | train_mean_length=11.6953 | policy_loss=0.2061 | entropy=8.5048 | ratio=0.9999 | approx_kl=0.0030 | optimizer_steps=4
update=267 | train_mean_reward=-23.4679 | train_mean_length=11.9883 | policy_loss=0.2615 | entropy=8.5036 | ratio=0.9997 | approx_kl=0.0027 | optimizer_steps=4
update=268 | train_mean_reward=-22.3866 | train_mean_length=11.9883 | policy_loss=0.2780 | entropy=8.5025 | ratio=0.9972 | approx_kl=0.0056 | optimizer_steps=4
update=269 | train_mean_reward=-23.1354 | train_mean_length=12.4727 | policy_loss=0.2538 | entropy=8.5015 | ratio=1.0002 | approx_kl=0.0045 | optimizer_steps=4
update=270 | train_mean_reward=-24.9317 | train_mean_length=13.0000 | policy_loss=0.3114 | entropy=8.5009 | ratio=0.9975 | approx_kl=0.0055 | optimizer_steps=4 | eval_mean_reward=-1.1309 | eval_mean_length=21.8125
update=271 | train_mean_reward=-24.7270 | train_mean_length=13.4492 | policy_loss=0.3213 | entropy=8.5002 | ratio=0.9982 | approx_kl=0.0045 | optimizer_steps=4
update=272 | train_mean_reward=-23.7603 | train_mean_length=12.9883 | policy_loss=0.3013 | entropy=8.4994 | ratio=0.9982 | approx_kl=0.0034 | optimizer_steps=4
update=273 | train_mean_reward=-24.0552 | train_mean_length=12.8359 | policy_loss=0.2922 | entropy=8.4988 | ratio=0.9989 | approx_kl=0.0043 | optimizer_steps=4
update=274 | train_mean_reward=-24.7498 | train_mean_length=12.9805 | policy_loss=0.3335 | entropy=8.4983 | ratio=1.0001 | approx_kl=0.0033 | optimizer_steps=4
update=275 | train_mean_reward=-22.6020 | train_mean_length=12.3242 | policy_loss=0.2540 | entropy=8.4978 | ratio=0.9990 | approx_kl=0.0045 | optimizer_steps=4 | eval_mean_reward=-3.2283 | eval_mean_length=21.0000
update=276 | train_mean_reward=-24.3442 | train_mean_length=13.1875 | policy_loss=0.3039 | entropy=8.4973 | ratio=1.0003 | approx_kl=0.0023 | optimizer_steps=4
update=277 | train_mean_reward=-24.0039 | train_mean_length=12.8594 | policy_loss=0.3220 | entropy=8.4965 | ratio=1.0009 | approx_kl=0.0025 | optimizer_steps=4
update=278 | train_mean_reward=-22.3975 | train_mean_length=12.1875 | policy_loss=0.2700 | entropy=8.4957 | ratio=1.0004 | approx_kl=0.0029 | optimizer_steps=4
update=279 | train_mean_reward=-23.3630 | train_mean_length=12.2266 | policy_loss=0.2729 | entropy=8.4951 | ratio=0.9979 | approx_kl=0.0061 | optimizer_steps=4
update=280 | train_mean_reward=-24.3794 | train_mean_length=13.0352 | policy_loss=0.2864 | entropy=8.4945 | ratio=0.9982 | approx_kl=0.0048 | optimizer_steps=4 | eval_mean_reward=-0.6808 | eval_mean_length=12.1250
update=281 | train_mean_reward=-22.4318 | train_mean_length=12.1992 | policy_loss=0.2756 | entropy=8.4939 | ratio=0.9988 | approx_kl=0.0043 | optimizer_steps=4
update=282 | train_mean_reward=-24.0854 | train_mean_length=12.7539 | policy_loss=0.2848 | entropy=8.4934 | ratio=1.0000 | approx_kl=0.0028 | optimizer_steps=4
update=283 | train_mean_reward=-22.2018 | train_mean_length=12.1289 | policy_loss=0.2032 | entropy=8.4928 | ratio=0.9989 | approx_kl=0.0036 | optimizer_steps=4
update=284 | train_mean_reward=-22.4049 | train_mean_length=12.1172 | policy_loss=0.2349 | entropy=8.4922 | ratio=0.9976 | approx_kl=0.0050 | optimizer_steps=4
update=285 | train_mean_reward=-23.4280 | train_mean_length=12.6250 | policy_loss=0.2179 | entropy=8.4916 | ratio=0.9990 | approx_kl=0.0051 | optimizer_steps=4 | eval_mean_reward=-1.3626 | eval_mean_length=11.0000
update=286 | train_mean_reward=-22.7978 | train_mean_length=12.6250 | policy_loss=0.2455 | entropy=8.4908 | ratio=0.9979 | approx_kl=0.0052 | optimizer_steps=4
update=287 | train_mean_reward=-23.5898 | train_mean_length=12.9297 | policy_loss=0.2328 | entropy=8.4899 | ratio=0.9982 | approx_kl=0.0045 | optimizer_steps=4
update=288 | train_mean_reward=-22.5020 | train_mean_length=12.4883 | policy_loss=0.2593 | entropy=8.4890 | ratio=0.9981 | approx_kl=0.0053 | optimizer_steps=4
update=289 | train_mean_reward=-22.3344 | train_mean_length=12.4609 | policy_loss=0.2396 | entropy=8.4882 | ratio=0.9981 | approx_kl=0.0046 | optimizer_steps=4
update=290 | train_mean_reward=-22.7366 | train_mean_length=12.8477 | policy_loss=0.2369 | entropy=8.4874 | ratio=0.9980 | approx_kl=0.0050 | optimizer_steps=4 | eval_mean_reward=-0.5062 | eval_mean_length=15.5000
update=291 | train_mean_reward=-23.2263 | train_mean_length=13.1641 | policy_loss=0.2481 | entropy=8.4864 | ratio=0.9976 | approx_kl=0.0054 | optimizer_steps=4
update=292 | train_mean_reward=-24.0158 | train_mean_length=13.6094 | policy_loss=0.2499 | entropy=8.4854 | ratio=1.0006 | approx_kl=0.0021 | optimizer_steps=4
update=293 | train_mean_reward=-22.5724 | train_mean_length=13.0234 | policy_loss=0.2589 | entropy=8.4845 | ratio=0.9978 | approx_kl=0.0047 | optimizer_steps=4
update=294 | train_mean_reward=-24.1956 | train_mean_length=13.5898 | policy_loss=0.2912 | entropy=8.4837 | ratio=1.0000 | approx_kl=0.0029 | optimizer_steps=4
update=295 | train_mean_reward=-24.5357 | train_mean_length=13.7891 | policy_loss=0.2662 | entropy=8.4829 | ratio=0.9991 | approx_kl=0.0036 | optimizer_steps=4 | eval_mean_reward=0.2986 | eval_mean_length=13.7500
update=296 | train_mean_reward=-23.2797 | train_mean_length=13.7734 | policy_loss=0.2659 | entropy=8.4821 | ratio=0.9989 | approx_kl=0.0044 | optimizer_steps=4
update=297 | train_mean_reward=-25.5026 | train_mean_length=14.9219 | policy_loss=0.3004 | entropy=8.4810 | ratio=0.9993 | approx_kl=0.0038 | optimizer_steps=4
update=298 | train_mean_reward=-25.1644 | train_mean_length=14.4727 | policy_loss=0.2993 | entropy=8.4797 | ratio=1.0000 | approx_kl=0.0028 | optimizer_steps=4
update=299 | train_mean_reward=-24.7664 | train_mean_length=14.1211 | policy_loss=0.2607 | entropy=8.4785 | ratio=0.9987 | approx_kl=0.0041 | optimizer_steps=4
update=300 | train_mean_reward=-24.9985 | train_mean_length=14.1094 | policy_loss=0.2939 | entropy=8.4771 | ratio=1.0003 | approx_kl=0.0033 | optimizer_steps=4 | eval_mean_reward=-0.9651 | eval_mean_length=16.3750
update=301 | train_mean_reward=-25.1995 | train_mean_length=14.6367 | policy_loss=0.2497 | entropy=8.4758 | ratio=0.9991 | approx_kl=0.0033 | optimizer_steps=4
update=302 | train_mean_reward=-24.4774 | train_mean_length=14.4297 | policy_loss=0.2713 | entropy=8.4746 | ratio=0.9983 | approx_kl=0.0040 | optimizer_steps=4
update=303 | train_mean_reward=-25.5992 | train_mean_length=15.0117 | policy_loss=0.2682 | entropy=8.4738 | ratio=0.9978 | approx_kl=0.0054 | optimizer_steps=4
update=304 | train_mean_reward=-24.9905 | train_mean_length=14.6055 | policy_loss=0.2779 | entropy=8.4729 | ratio=1.0002 | approx_kl=0.0026 | optimizer_steps=4
update=305 | train_mean_reward=-24.1088 | train_mean_length=14.2070 | policy_loss=0.2401 | entropy=8.4720 | ratio=0.9995 | approx_kl=0.0024 | optimizer_steps=4 | eval_mean_reward=-1.2820 | eval_mean_length=13.5625
update=306 | train_mean_reward=-23.1744 | train_mean_length=13.4258 | policy_loss=0.2531 | entropy=8.4709 | ratio=0.9991 | approx_kl=0.0032 | optimizer_steps=4
update=307 | train_mean_reward=-23.4088 | train_mean_length=13.4844 | policy_loss=0.2624 | entropy=8.4698 | ratio=0.9987 | approx_kl=0.0040 | optimizer_steps=4
update=308 | train_mean_reward=-24.4009 | train_mean_length=14.0508 | policy_loss=0.2909 | entropy=8.4690 | ratio=0.9996 | approx_kl=0.0024 | optimizer_steps=4
update=309 | train_mean_reward=-23.5563 | train_mean_length=13.5977 | policy_loss=0.3022 | entropy=8.4682 | ratio=0.9978 | approx_kl=0.0046 | optimizer_steps=4
update=310 | train_mean_reward=-23.5238 | train_mean_length=13.3516 | policy_loss=0.2908 | entropy=8.4674 | ratio=0.9991 | approx_kl=0.0035 | optimizer_steps=4 | eval_mean_reward=-2.0552 | eval_mean_length=14.1250
update=311 | train_mean_reward=-23.0361 | train_mean_length=12.8281 | policy_loss=0.2572 | entropy=8.4667 | ratio=0.9988 | approx_kl=0.0056 | optimizer_steps=4
update=312 | train_mean_reward=-23.6803 | train_mean_length=13.3633 | policy_loss=0.2694 | entropy=8.4658 | ratio=0.9978 | approx_kl=0.0040 | optimizer_steps=4
update=313 | train_mean_reward=-23.9004 | train_mean_length=13.1680 | policy_loss=0.2563 | entropy=8.4651 | ratio=0.9997 | approx_kl=0.0028 | optimizer_steps=4
update=314 | train_mean_reward=-24.4183 | train_mean_length=13.7734 | policy_loss=0.2625 | entropy=8.4643 | ratio=1.0002 | approx_kl=0.0019 | optimizer_steps=4
update=315 | train_mean_reward=-24.2041 | train_mean_length=13.6523 | policy_loss=0.2518 | entropy=8.4634 | ratio=0.9966 | approx_kl=0.0074 | optimizer_steps=4 | eval_mean_reward=2.6892 | eval_mean_length=19.6250
update=316 | train_mean_reward=-24.0866 | train_mean_length=13.8984 | policy_loss=0.2912 | entropy=8.4625 | ratio=1.0004 | approx_kl=0.0021 | optimizer_steps=4
update=317 | train_mean_reward=-24.4569 | train_mean_length=14.1250 | policy_loss=0.2973 | entropy=8.4617 | ratio=0.9994 | approx_kl=0.0023 | optimizer_steps=4
update=318 | train_mean_reward=-24.8265 | train_mean_length=13.9961 | policy_loss=0.2889 | entropy=8.4608 | ratio=0.9996 | approx_kl=0.0026 | optimizer_steps=4
update=319 | train_mean_reward=-25.3231 | train_mean_length=13.9883 | policy_loss=0.2436 | entropy=8.4599 | ratio=1.0007 | approx_kl=0.0019 | optimizer_steps=4
update=320 | train_mean_reward=-25.0260 | train_mean_length=14.0234 | policy_loss=0.2602 | entropy=8.4589 | ratio=0.9986 | approx_kl=0.0056 | optimizer_steps=4 | eval_mean_reward=6.0776 | eval_mean_length=22.5625
update=321 | train_mean_reward=-24.4500 | train_mean_length=13.7383 | policy_loss=0.3075 | entropy=8.4577 | ratio=0.9987 | approx_kl=0.0041 | optimizer_steps=4
update=322 | train_mean_reward=-24.8663 | train_mean_length=14.2070 | policy_loss=0.2656 | entropy=8.4566 | ratio=1.0008 | approx_kl=0.0025 | optimizer_steps=4
update=323 | train_mean_reward=-25.0283 | train_mean_length=14.0391 | policy_loss=0.2913 | entropy=8.4556 | ratio=0.9998 | approx_kl=0.0026 | optimizer_steps=4
update=324 | train_mean_reward=-24.1968 | train_mean_length=13.8672 | policy_loss=0.2756 | entropy=8.4546 | ratio=1.0010 | approx_kl=0.0032 | optimizer_steps=4
update=325 | train_mean_reward=-24.4930 | train_mean_length=13.9023 | policy_loss=0.2842 | entropy=8.4538 | ratio=0.9996 | approx_kl=0.0032 | optimizer_steps=4 | eval_mean_reward=3.2731 | eval_mean_length=17.6875
update=326 | train_mean_reward=-24.2367 | train_mean_length=13.5273 | policy_loss=0.2957 | entropy=8.4532 | ratio=0.9990 | approx_kl=0.0037 | optimizer_steps=4
update=327 | train_mean_reward=-22.7904 | train_mean_length=13.0195 | policy_loss=0.2298 | entropy=8.4526 | ratio=0.9998 | approx_kl=0.0032 | optimizer_steps=4
update=328 | train_mean_reward=-22.6760 | train_mean_length=12.7109 | policy_loss=0.2398 | entropy=8.4520 | ratio=0.9980 | approx_kl=0.0049 | optimizer_steps=4
update=329 | train_mean_reward=-23.5898 | train_mean_length=13.1172 | policy_loss=0.2384 | entropy=8.4515 | ratio=0.9994 | approx_kl=0.0030 | optimizer_steps=4
update=330 | train_mean_reward=-21.8344 | train_mean_length=12.4297 | policy_loss=0.2227 | entropy=8.4511 | ratio=0.9995 | approx_kl=0.0031 | optimizer_steps=4 | eval_mean_reward=3.7945 | eval_mean_length=14.0625
update=331 | train_mean_reward=-22.6006 | train_mean_length=12.9922 | policy_loss=0.2226 | entropy=8.4507 | ratio=0.9989 | approx_kl=0.0041 | optimizer_steps=4
update=332 | train_mean_reward=-23.8980 | train_mean_length=13.5156 | policy_loss=0.2634 | entropy=8.4503 | ratio=0.9996 | approx_kl=0.0025 | optimizer_steps=4
update=333 | train_mean_reward=-23.8335 | train_mean_length=13.9492 | policy_loss=0.2512 | entropy=8.4497 | ratio=1.0012 | approx_kl=0.0013 | optimizer_steps=4
update=334 | train_mean_reward=-24.4911 | train_mean_length=14.0312 | policy_loss=0.2470 | entropy=8.4490 | ratio=0.9986 | approx_kl=0.0041 | optimizer_steps=4
update=335 | train_mean_reward=-24.1615 | train_mean_length=14.0508 | policy_loss=0.2847 | entropy=8.4483 | ratio=0.9999 | approx_kl=0.0029 | optimizer_steps=4 | eval_mean_reward=-0.7936 | eval_mean_length=18.2500
update=336 | train_mean_reward=-25.2075 | train_mean_length=14.3945 | policy_loss=0.3041 | entropy=8.4476 | ratio=0.9999 | approx_kl=0.0021 | optimizer_steps=4
update=337 | train_mean_reward=-23.7127 | train_mean_length=13.3633 | policy_loss=0.2525 | entropy=8.4470 | ratio=1.0011 | approx_kl=0.0019 | optimizer_steps=4
update=338 | train_mean_reward=-22.9970 | train_mean_length=12.7617 | policy_loss=0.2504 | entropy=8.4462 | ratio=0.9988 | approx_kl=0.0043 | optimizer_steps=4
update=339 | train_mean_reward=-22.0286 | train_mean_length=12.3164 | policy_loss=0.2386 | entropy=8.4451 | ratio=0.9990 | approx_kl=0.0040 | optimizer_steps=4
update=340 | train_mean_reward=-22.1941 | train_mean_length=12.2344 | policy_loss=0.2286 | entropy=8.4438 | ratio=0.9989 | approx_kl=0.0026 | optimizer_steps=4 | eval_mean_reward=0.6187 | eval_mean_length=13.0000
update=341 | train_mean_reward=-21.2819 | train_mean_length=12.1602 | policy_loss=0.2284 | entropy=8.4427 | ratio=0.9987 | approx_kl=0.0038 | optimizer_steps=4
update=342 | train_mean_reward=-23.5082 | train_mean_length=13.1211 | policy_loss=0.2536 | entropy=8.4417 | ratio=0.9990 | approx_kl=0.0037 | optimizer_steps=4
update=343 | train_mean_reward=-24.1000 | train_mean_length=13.5117 | policy_loss=0.2687 | entropy=8.4408 | ratio=0.9980 | approx_kl=0.0048 | optimizer_steps=4
update=344 | train_mean_reward=-22.7197 | train_mean_length=13.0469 | policy_loss=0.2321 | entropy=8.4399 | ratio=0.9993 | approx_kl=0.0040 | optimizer_steps=4
update=345 | train_mean_reward=-23.3321 | train_mean_length=13.0156 | policy_loss=0.2542 | entropy=8.4391 | ratio=0.9986 | approx_kl=0.0040 | optimizer_steps=4 | eval_mean_reward=0.7709 | eval_mean_length=20.6875
update=346 | train_mean_reward=-23.7333 | train_mean_length=13.2969 | policy_loss=0.2447 | entropy=8.4383 | ratio=0.9998 | approx_kl=0.0027 | optimizer_steps=4
update=347 | train_mean_reward=-23.7286 | train_mean_length=13.3359 | policy_loss=0.3152 | entropy=8.4375 | ratio=1.0002 | approx_kl=0.0032 | optimizer_steps=4
update=348 | train_mean_reward=-23.5222 | train_mean_length=13.0078 | policy_loss=0.2455 | entropy=8.4366 | ratio=0.9989 | approx_kl=0.0036 | optimizer_steps=4
update=349 | train_mean_reward=-24.3125 | train_mean_length=13.4023 | policy_loss=0.2467 | entropy=8.4354 | ratio=1.0001 | approx_kl=0.0028 | optimizer_steps=4
update=350 | train_mean_reward=-24.3139 | train_mean_length=13.4688 | policy_loss=0.2416 | entropy=8.4343 | ratio=1.0000 | approx_kl=0.0021 | optimizer_steps=4 | eval_mean_reward=-3.0133 | eval_mean_length=16.1875
update=351 | train_mean_reward=-23.7255 | train_mean_length=13.7031 | policy_loss=0.2560 | entropy=8.4332 | ratio=0.9995 | approx_kl=0.0034 | optimizer_steps=4
update=352 | train_mean_reward=-25.0795 | train_mean_length=14.3516 | policy_loss=0.3012 | entropy=8.4321 | ratio=0.9984 | approx_kl=0.0050 | optimizer_steps=4
update=353 | train_mean_reward=-25.3526 | train_mean_length=14.5625 | policy_loss=0.2774 | entropy=8.4312 | ratio=0.9989 | approx_kl=0.0043 | optimizer_steps=4
update=354 | train_mean_reward=-24.7689 | train_mean_length=14.2539 | policy_loss=0.2591 | entropy=8.4303 | ratio=0.9984 | approx_kl=0.0043 | optimizer_steps=4
update=355 | train_mean_reward=-24.3503 | train_mean_length=14.3047 | policy_loss=0.2308 | entropy=8.4293 | ratio=0.9998 | approx_kl=0.0035 | optimizer_steps=4 | eval_mean_reward=-5.1253 | eval_mean_length=20.3750
update=356 | train_mean_reward=-25.6001 | train_mean_length=15.3008 | policy_loss=0.2830 | entropy=8.4285 | ratio=1.0006 | approx_kl=0.0022 | optimizer_steps=4
update=357 | train_mean_reward=-28.2472 | train_mean_length=16.6836 | policy_loss=0.3078 | entropy=8.4275 | ratio=1.0027 | approx_kl=0.0033 | optimizer_steps=8
update=358 | train_mean_reward=-26.9077 | train_mean_length=15.7188 | policy_loss=0.2875 | entropy=8.4267 | ratio=0.9980 | approx_kl=0.0046 | optimizer_steps=4
update=359 | train_mean_reward=-25.0053 | train_mean_length=15.1367 | policy_loss=0.2740 | entropy=8.4261 | ratio=0.9997 | approx_kl=0.0025 | optimizer_steps=4
update=360 | train_mean_reward=-26.7719 | train_mean_length=16.2422 | policy_loss=0.2900 | entropy=8.4253 | ratio=0.9956 | approx_kl=0.0162 | optimizer_steps=7 | early_stop=1 | early_stop_kl=0.0554 | eval_mean_reward=-2.2214 | eval_mean_length=20.4375
update=361 | train_mean_reward=-26.6006 | train_mean_length=15.6797 | policy_loss=0.2853 | entropy=8.4246 | ratio=0.9979 | approx_kl=0.0041 | optimizer_steps=4
update=362 | train_mean_reward=-24.7963 | train_mean_length=14.5703 | policy_loss=0.2693 | entropy=8.4242 | ratio=1.0008 | approx_kl=0.0011 | optimizer_steps=4
update=363 | train_mean_reward=-25.9319 | train_mean_length=15.0234 | policy_loss=0.3243 | entropy=8.4237 | ratio=0.9990 | approx_kl=0.0041 | optimizer_steps=4
update=364 | train_mean_reward=-23.9510 | train_mean_length=14.5703 | policy_loss=0.2550 | entropy=8.4232 | ratio=0.9988 | approx_kl=0.0040 | optimizer_steps=4
update=365 | train_mean_reward=-25.5585 | train_mean_length=14.7617 | policy_loss=0.2774 | entropy=8.4225 | ratio=0.9993 | approx_kl=0.0044 | optimizer_steps=4 | eval_mean_reward=-4.6406 | eval_mean_length=25.5000
update=366 | train_mean_reward=-24.0748 | train_mean_length=14.5078 | policy_loss=0.2527 | entropy=8.4219 | ratio=0.9994 | approx_kl=0.0023 | optimizer_steps=4
update=367 | train_mean_reward=-24.5357 | train_mean_length=14.0625 | policy_loss=0.2241 | entropy=8.4214 | ratio=1.0001 | approx_kl=0.0017 | optimizer_steps=4
update=368 | train_mean_reward=-23.6061 | train_mean_length=13.5195 | policy_loss=0.2229 | entropy=8.4209 | ratio=0.9982 | approx_kl=0.0052 | optimizer_steps=4
update=369 | train_mean_reward=-24.3053 | train_mean_length=14.1992 | policy_loss=0.2900 | entropy=8.4202 | ratio=0.9964 | approx_kl=0.0063 | optimizer_steps=4
update=370 | train_mean_reward=-24.8911 | train_mean_length=14.4062 | policy_loss=0.2987 | entropy=8.4195 | ratio=0.9990 | approx_kl=0.0045 | optimizer_steps=4 | eval_mean_reward=-3.5620 | eval_mean_length=15.3125
update=371 | train_mean_reward=-23.4815 | train_mean_length=13.8320 | policy_loss=0.2743 | entropy=8.4187 | ratio=0.9983 | approx_kl=0.0050 | optimizer_steps=4
update=372 | train_mean_reward=-24.1750 | train_mean_length=13.9844 | policy_loss=0.2686 | entropy=8.4179 | ratio=1.0000 | approx_kl=0.0029 | optimizer_steps=4
update=373 | train_mean_reward=-22.9536 | train_mean_length=13.8438 | policy_loss=0.2265 | entropy=8.4169 | ratio=0.9993 | approx_kl=0.0038 | optimizer_steps=4
update=374 | train_mean_reward=-24.5736 | train_mean_length=14.8125 | policy_loss=0.2961 | entropy=8.4159 | ratio=0.9988 | approx_kl=0.0032 | optimizer_steps=4
update=375 | train_mean_reward=-25.3520 | train_mean_length=15.1602 | policy_loss=0.2841 | entropy=8.4148 | ratio=0.9973 | approx_kl=0.0061 | optimizer_steps=4 | eval_mean_reward=-0.5343 | eval_mean_length=22.4375
update=376 | train_mean_reward=-25.6697 | train_mean_length=15.3242 | policy_loss=0.2953 | entropy=8.4137 | ratio=1.0000 | approx_kl=0.0015 | optimizer_steps=4
update=377 | train_mean_reward=-25.4619 | train_mean_length=14.9883 | policy_loss=0.2918 | entropy=8.4127 | ratio=1.0001 | approx_kl=0.0025 | optimizer_steps=4
update=378 | train_mean_reward=-23.7331 | train_mean_length=13.8398 | policy_loss=0.2175 | entropy=8.4117 | ratio=0.9976 | approx_kl=0.0053 | optimizer_steps=4
update=379 | train_mean_reward=-23.0665 | train_mean_length=14.0742 | policy_loss=0.2534 | entropy=8.4105 | ratio=1.0002 | approx_kl=0.0015 | optimizer_steps=4
update=380 | train_mean_reward=-23.9874 | train_mean_length=14.2930 | policy_loss=0.2709 | entropy=8.4094 | ratio=0.9985 | approx_kl=0.0046 | optimizer_steps=4 | eval_mean_reward=1.5405 | eval_mean_length=15.5625
update=381 | train_mean_reward=-23.6432 | train_mean_length=14.0117 | policy_loss=0.2287 | entropy=8.4085 | ratio=0.9991 | approx_kl=0.0031 | optimizer_steps=4
update=382 | train_mean_reward=-24.2779 | train_mean_length=14.1602 | policy_loss=0.2624 | entropy=8.4077 | ratio=0.9989 | approx_kl=0.0038 | optimizer_steps=4
update=383 | train_mean_reward=-24.0813 | train_mean_length=14.3789 | policy_loss=0.2398 | entropy=8.4069 | ratio=1.0000 | approx_kl=0.0026 | optimizer_steps=4
update=384 | train_mean_reward=-25.5220 | train_mean_length=15.1055 | policy_loss=0.2301 | entropy=8.4061 | ratio=0.9986 | approx_kl=0.0044 | optimizer_steps=4
update=385 | train_mean_reward=-24.5460 | train_mean_length=14.4297 | policy_loss=0.2447 | entropy=8.4053 | ratio=0.9990 | approx_kl=0.0051 | optimizer_steps=4 | eval_mean_reward=0.2064 | eval_mean_length=14.8125
update=386 | train_mean_reward=-23.4991 | train_mean_length=14.1992 | policy_loss=0.2331 | entropy=8.4044 | ratio=1.0001 | approx_kl=0.0027 | optimizer_steps=4
update=387 | train_mean_reward=-22.6936 | train_mean_length=13.8945 | policy_loss=0.1970 | entropy=8.4033 | ratio=0.9991 | approx_kl=0.0029 | optimizer_steps=4
update=388 | train_mean_reward=-24.9292 | train_mean_length=14.7891 | policy_loss=0.2632 | entropy=8.4023 | ratio=0.9984 | approx_kl=0.0049 | optimizer_steps=4
update=389 | train_mean_reward=-23.9281 | train_mean_length=14.0312 | policy_loss=0.2304 | entropy=8.4015 | ratio=0.9992 | approx_kl=0.0034 | optimizer_steps=4
update=390 | train_mean_reward=-24.2681 | train_mean_length=14.4023 | policy_loss=0.2680 | entropy=8.4006 | ratio=0.9988 | approx_kl=0.0030 | optimizer_steps=4 | eval_mean_reward=4.3552 | eval_mean_length=20.7500
update=391 | train_mean_reward=-24.5981 | train_mean_length=14.5508 | policy_loss=0.2476 | entropy=8.3995 | ratio=1.0003 | approx_kl=0.0019 | optimizer_steps=4
update=392 | train_mean_reward=-23.3038 | train_mean_length=13.9492 | policy_loss=0.1893 | entropy=8.3983 | ratio=0.9994 | approx_kl=0.0041 | optimizer_steps=4
update=393 | train_mean_reward=-23.1804 | train_mean_length=14.1602 | policy_loss=0.2404 | entropy=8.3971 | ratio=0.9987 | approx_kl=0.0035 | optimizer_steps=4
update=394 | train_mean_reward=-26.1953 | train_mean_length=15.3711 | policy_loss=0.3019 | entropy=8.3959 | ratio=1.0000 | approx_kl=0.0029 | optimizer_steps=4
update=395 | train_mean_reward=-24.1553 | train_mean_length=14.6367 | policy_loss=0.2501 | entropy=8.3948 | ratio=0.9981 | approx_kl=0.0045 | optimizer_steps=4 | eval_mean_reward=-4.1710 | eval_mean_length=28.3125
update=396 | train_mean_reward=-22.8042 | train_mean_length=13.8125 | policy_loss=0.2183 | entropy=8.3933 | ratio=1.0003 | approx_kl=0.0020 | optimizer_steps=4
update=397 | train_mean_reward=-22.7988 | train_mean_length=13.7070 | policy_loss=0.2399 | entropy=8.3918 | ratio=0.9982 | approx_kl=0.0047 | optimizer_steps=4
update=398 | train_mean_reward=-24.8328 | train_mean_length=14.3672 | policy_loss=0.2849 | entropy=8.3903 | ratio=0.9988 | approx_kl=0.0036 | optimizer_steps=4
update=399 | train_mean_reward=-23.4820 | train_mean_length=13.5898 | policy_loss=0.2546 | entropy=8.3890 | ratio=0.9987 | approx_kl=0.0044 | optimizer_steps=4
update=400 | train_mean_reward=-22.6983 | train_mean_length=13.4414 | policy_loss=0.2513 | entropy=8.3879 | ratio=0.9998 | approx_kl=0.0031 | optimizer_steps=4 | eval_mean_reward=1.1174 | eval_mean_length=19.3750
update=401 | train_mean_reward=-23.9834 | train_mean_length=13.9180 | policy_loss=0.2412 | entropy=8.3869 | ratio=0.9989 | approx_kl=0.0045 | optimizer_steps=4
update=402 | train_mean_reward=-24.3716 | train_mean_length=14.0820 | policy_loss=0.2575 | entropy=8.3862 | ratio=0.9996 | approx_kl=0.0031 | optimizer_steps=4
update=403 | train_mean_reward=-23.2225 | train_mean_length=13.7148 | policy_loss=0.2471 | entropy=8.3851 | ratio=0.9992 | approx_kl=0.0038 | optimizer_steps=4
update=404 | train_mean_reward=-24.0555 | train_mean_length=14.0977 | policy_loss=0.2671 | entropy=8.3840 | ratio=0.9982 | approx_kl=0.0047 | optimizer_steps=4
update=405 | train_mean_reward=-24.1090 | train_mean_length=14.3164 | policy_loss=0.2759 | entropy=8.3830 | ratio=0.9981 | approx_kl=0.0044 | optimizer_steps=4 | eval_mean_reward=-5.1132 | eval_mean_length=27.5625
update=406 | train_mean_reward=-25.0761 | train_mean_length=14.1445 | policy_loss=0.2339 | entropy=8.3820 | ratio=1.0006 | approx_kl=0.0027 | optimizer_steps=4
update=407 | train_mean_reward=-24.2386 | train_mean_length=14.1797 | policy_loss=0.2583 | entropy=8.3810 | ratio=0.9984 | approx_kl=0.0056 | optimizer_steps=4
update=408 | train_mean_reward=-23.3847 | train_mean_length=14.0000 | policy_loss=0.2568 | entropy=8.3800 | ratio=0.9996 | approx_kl=0.0020 | optimizer_steps=4
update=409 | train_mean_reward=-22.6226 | train_mean_length=13.2500 | policy_loss=0.2264 | entropy=8.3789 | ratio=0.9991 | approx_kl=0.0033 | optimizer_steps=4
update=410 | train_mean_reward=-23.7408 | train_mean_length=13.5781 | policy_loss=0.2556 | entropy=8.3778 | ratio=0.9994 | approx_kl=0.0043 | optimizer_steps=4 | eval_mean_reward=-2.3526 | eval_mean_length=19.8125
update=411 | train_mean_reward=-23.6996 | train_mean_length=14.4375 | policy_loss=0.1985 | entropy=8.3768 | ratio=0.9996 | approx_kl=0.0033 | optimizer_steps=4
update=412 | train_mean_reward=-24.5320 | train_mean_length=14.3242 | policy_loss=0.2788 | entropy=8.3758 | ratio=0.9983 | approx_kl=0.0039 | optimizer_steps=4
update=413 | train_mean_reward=-23.5058 | train_mean_length=13.9375 | policy_loss=0.3210 | entropy=8.3747 | ratio=0.9986 | approx_kl=0.0045 | optimizer_steps=4
update=414 | train_mean_reward=-23.6205 | train_mean_length=14.0039 | policy_loss=0.2342 | entropy=8.3738 | ratio=0.9991 | approx_kl=0.0037 | optimizer_steps=4
update=415 | train_mean_reward=-23.7310 | train_mean_length=14.0312 | policy_loss=0.2291 | entropy=8.3731 | ratio=0.9999 | approx_kl=0.0038 | optimizer_steps=4 | eval_mean_reward=-1.1951 | eval_mean_length=19.1250
update=416 | train_mean_reward=-24.4275 | train_mean_length=14.3164 | policy_loss=0.2544 | entropy=8.3725 | ratio=1.0000 | approx_kl=0.0031 | optimizer_steps=4
update=417 | train_mean_reward=-23.5085 | train_mean_length=14.3281 | policy_loss=0.2619 | entropy=8.3717 | ratio=0.9982 | approx_kl=0.0045 | optimizer_steps=4
update=418 | train_mean_reward=-24.1313 | train_mean_length=14.0625 | policy_loss=0.2845 | entropy=8.3710 | ratio=0.9996 | approx_kl=0.0022 | optimizer_steps=4
update=419 | train_mean_reward=-23.1791 | train_mean_length=13.8438 | policy_loss=0.2439 | entropy=8.3704 | ratio=0.9998 | approx_kl=0.0027 | optimizer_steps=4
update=420 | train_mean_reward=-23.0191 | train_mean_length=13.7148 | policy_loss=0.2615 | entropy=8.3697 | ratio=1.0000 | approx_kl=0.0037 | optimizer_steps=4 | eval_mean_reward=-4.9243 | eval_mean_length=20.3125
update=421 | train_mean_reward=-22.3889 | train_mean_length=13.7734 | policy_loss=0.2567 | entropy=8.3689 | ratio=0.9991 | approx_kl=0.0040 | optimizer_steps=4
update=422 | train_mean_reward=-24.5748 | train_mean_length=14.8164 | policy_loss=0.2956 | entropy=8.3683 | ratio=0.9984 | approx_kl=0.0036 | optimizer_steps=4
update=423 | train_mean_reward=-24.4315 | train_mean_length=14.4297 | policy_loss=0.2419 | entropy=8.3676 | ratio=0.9995 | approx_kl=0.0029 | optimizer_steps=4
update=424 | train_mean_reward=-22.7299 | train_mean_length=13.4492 | policy_loss=0.2263 | entropy=8.3668 | ratio=0.9992 | approx_kl=0.0039 | optimizer_steps=4
update=425 | train_mean_reward=-21.8732 | train_mean_length=13.0859 | policy_loss=0.2093 | entropy=8.3661 | ratio=1.0006 | approx_kl=0.0023 | optimizer_steps=4 | eval_mean_reward=-3.0380 | eval_mean_length=12.3125
update=426 | train_mean_reward=-22.1710 | train_mean_length=12.8203 | policy_loss=0.2131 | entropy=8.3653 | ratio=0.9987 | approx_kl=0.0043 | optimizer_steps=4
update=427 | train_mean_reward=-21.8369 | train_mean_length=13.2422 | policy_loss=0.2090 | entropy=8.3645 | ratio=1.0001 | approx_kl=0.0033 | optimizer_steps=4
update=428 | train_mean_reward=-23.0954 | train_mean_length=14.3750 | policy_loss=0.2417 | entropy=8.3637 | ratio=0.9996 | approx_kl=0.0031 | optimizer_steps=4
update=429 | train_mean_reward=-24.0235 | train_mean_length=14.2656 | policy_loss=0.2631 | entropy=8.3628 | ratio=0.9983 | approx_kl=0.0053 | optimizer_steps=4
update=430 | train_mean_reward=-24.9849 | train_mean_length=14.9062 | policy_loss=0.2524 | entropy=8.3623 | ratio=0.9983 | approx_kl=0.0048 | optimizer_steps=4 | eval_mean_reward=-5.3252 | eval_mean_length=29.4375
update=431 | train_mean_reward=-24.1814 | train_mean_length=14.4492 | policy_loss=0.2308 | entropy=8.3617 | ratio=0.9978 | approx_kl=0.0046 | optimizer_steps=4
update=432 | train_mean_reward=-23.9340 | train_mean_length=14.4414 | policy_loss=0.2163 | entropy=8.3609 | ratio=0.9991 | approx_kl=0.0037 | optimizer_steps=4
update=433 | train_mean_reward=-23.5587 | train_mean_length=14.2188 | policy_loss=0.2459 | entropy=8.3600 | ratio=1.0002 | approx_kl=0.0034 | optimizer_steps=4
update=434 | train_mean_reward=-24.1606 | train_mean_length=14.3281 | policy_loss=0.2676 | entropy=8.3589 | ratio=0.9979 | approx_kl=0.0042 | optimizer_steps=4
update=435 | train_mean_reward=-23.6990 | train_mean_length=14.2656 | policy_loss=0.2546 | entropy=8.3580 | ratio=0.9993 | approx_kl=0.0031 | optimizer_steps=4 | eval_mean_reward=-5.1690 | eval_mean_length=30.0625
update=436 | train_mean_reward=-24.1117 | train_mean_length=14.5273 | policy_loss=0.2308 | entropy=8.3570 | ratio=0.9999 | approx_kl=0.0027 | optimizer_steps=4
update=437 | train_mean_reward=-23.4306 | train_mean_length=13.6406 | policy_loss=0.2295 | entropy=8.3562 | ratio=0.9986 | approx_kl=0.0044 | optimizer_steps=4
update=438 | train_mean_reward=-23.8609 | train_mean_length=13.7617 | policy_loss=0.2322 | entropy=8.3553 | ratio=1.0008 | approx_kl=0.0032 | optimizer_steps=4
update=439 | train_mean_reward=-23.0609 | train_mean_length=13.6055 | policy_loss=0.2406 | entropy=8.3546 | ratio=0.9974 | approx_kl=0.0058 | optimizer_steps=4
update=440 | train_mean_reward=-22.1988 | train_mean_length=13.0469 | policy_loss=0.2116 | entropy=8.3539 | ratio=0.9993 | approx_kl=0.0028 | optimizer_steps=4 | eval_mean_reward=0.1853 | eval_mean_length=15.6250
update=441 | train_mean_reward=-22.4741 | train_mean_length=13.8672 | policy_loss=0.2357 | entropy=8.3531 | ratio=1.0024 | approx_kl=0.0012 | optimizer_steps=4
update=442 | train_mean_reward=-23.5651 | train_mean_length=14.0664 | policy_loss=0.2810 | entropy=8.3523 | ratio=0.9993 | approx_kl=0.0028 | optimizer_steps=4
update=443 | train_mean_reward=-22.9584 | train_mean_length=13.8438 | policy_loss=0.2533 | entropy=8.3515 | ratio=0.9975 | approx_kl=0.0057 | optimizer_steps=4
update=444 | train_mean_reward=-22.7357 | train_mean_length=13.2578 | policy_loss=0.2098 | entropy=8.3507 | ratio=0.9991 | approx_kl=0.0034 | optimizer_steps=4
update=445 | train_mean_reward=-24.0091 | train_mean_length=14.3555 | policy_loss=0.2484 | entropy=8.3499 | ratio=0.9989 | approx_kl=0.0029 | optimizer_steps=4 | eval_mean_reward=-2.3007 | eval_mean_length=24.3750
update=446 | train_mean_reward=-23.3778 | train_mean_length=13.9922 | policy_loss=0.2259 | entropy=8.3490 | ratio=0.9992 | approx_kl=0.0036 | optimizer_steps=4
update=447 | train_mean_reward=-23.6086 | train_mean_length=14.0859 | policy_loss=0.2778 | entropy=8.3480 | ratio=0.9986 | approx_kl=0.0037 | optimizer_steps=4
update=448 | train_mean_reward=-22.1647 | train_mean_length=13.1953 | policy_loss=0.2178 | entropy=8.3471 | ratio=0.9992 | approx_kl=0.0038 | optimizer_steps=4
update=449 | train_mean_reward=-22.5542 | train_mean_length=13.3320 | policy_loss=0.2045 | entropy=8.3462 | ratio=0.9976 | approx_kl=0.0044 | optimizer_steps=4
update=450 | train_mean_reward=-22.0634 | train_mean_length=13.2227 | policy_loss=0.2344 | entropy=8.3454 | ratio=1.0002 | approx_kl=0.0029 | optimizer_steps=4 | eval_mean_reward=-0.7231 | eval_mean_length=23.2500
update=451 | train_mean_reward=-22.3884 | train_mean_length=13.0781 | policy_loss=0.2349 | entropy=8.3444 | ratio=0.9985 | approx_kl=0.0049 | optimizer_steps=4
update=452 | train_mean_reward=-23.5232 | train_mean_length=13.8242 | policy_loss=0.2577 | entropy=8.3433 | ratio=0.9984 | approx_kl=0.0044 | optimizer_steps=4
update=453 | train_mean_reward=-21.5312 | train_mean_length=13.1133 | policy_loss=0.2346 | entropy=8.3421 | ratio=0.9994 | approx_kl=0.0047 | optimizer_steps=4
update=454 | train_mean_reward=-22.8751 | train_mean_length=13.4727 | policy_loss=0.2544 | entropy=8.3409 | ratio=0.9986 | approx_kl=0.0038 | optimizer_steps=4
update=455 | train_mean_reward=-21.5389 | train_mean_length=12.6758 | policy_loss=0.2459 | entropy=8.3398 | ratio=0.9993 | approx_kl=0.0042 | optimizer_steps=4 | eval_mean_reward=-1.5687 | eval_mean_length=23.2500
update=456 | train_mean_reward=-21.7790 | train_mean_length=13.1797 | policy_loss=0.2910 | entropy=8.3387 | ratio=0.9988 | approx_kl=0.0045 | optimizer_steps=4
update=457 | train_mean_reward=-22.1546 | train_mean_length=13.6016 | policy_loss=0.2945 | entropy=8.3378 | ratio=0.9972 | approx_kl=0.0057 | optimizer_steps=4
update=458 | train_mean_reward=-25.1673 | train_mean_length=14.6094 | policy_loss=0.3179 | entropy=8.3372 | ratio=0.9992 | approx_kl=0.0032 | optimizer_steps=4
update=459 | train_mean_reward=-23.8922 | train_mean_length=14.1562 | policy_loss=0.2976 | entropy=8.3366 | ratio=0.9999 | approx_kl=0.0029 | optimizer_steps=4
update=460 | train_mean_reward=-22.0738 | train_mean_length=12.9023 | policy_loss=0.2568 | entropy=8.3358 | ratio=1.0009 | approx_kl=0.0031 | optimizer_steps=4 | eval_mean_reward=-1.2857 | eval_mean_length=24.7500
update=461 | train_mean_reward=-21.4038 | train_mean_length=12.4062 | policy_loss=0.2463 | entropy=8.3346 | ratio=0.9987 | approx_kl=0.0048 | optimizer_steps=4
update=462 | train_mean_reward=-21.6442 | train_mean_length=12.9453 | policy_loss=0.2441 | entropy=8.3334 | ratio=1.0003 | approx_kl=0.0021 | optimizer_steps=4
update=463 | train_mean_reward=-21.1291 | train_mean_length=12.4570 | policy_loss=0.2462 | entropy=8.3326 | ratio=1.0007 | approx_kl=0.0025 | optimizer_steps=4
update=464 | train_mean_reward=-22.2134 | train_mean_length=13.0586 | policy_loss=0.2557 | entropy=8.3317 | ratio=1.0006 | approx_kl=0.0016 | optimizer_steps=4
update=465 | train_mean_reward=-22.9031 | train_mean_length=13.5352 | policy_loss=0.2520 | entropy=8.3308 | ratio=0.9981 | approx_kl=0.0051 | optimizer_steps=4 | eval_mean_reward=-1.8995 | eval_mean_length=20.0625
update=466 | train_mean_reward=-23.2018 | train_mean_length=13.8711 | policy_loss=0.2955 | entropy=8.3299 | ratio=1.0004 | approx_kl=0.0019 | optimizer_steps=4
update=467 | train_mean_reward=-22.7616 | train_mean_length=13.4570 | policy_loss=0.2446 | entropy=8.3290 | ratio=0.9999 | approx_kl=0.0021 | optimizer_steps=4
update=468 | train_mean_reward=-23.0529 | train_mean_length=13.2500 | policy_loss=0.2093 | entropy=8.3280 | ratio=0.9996 | approx_kl=0.0031 | optimizer_steps=4
update=469 | train_mean_reward=-23.0654 | train_mean_length=13.7227 | policy_loss=0.2326 | entropy=8.3269 | ratio=0.9992 | approx_kl=0.0040 | optimizer_steps=4
update=470 | train_mean_reward=-23.5814 | train_mean_length=14.2773 | policy_loss=0.2341 | entropy=8.3256 | ratio=0.9982 | approx_kl=0.0042 | optimizer_steps=4 | eval_mean_reward=-2.0589 | eval_mean_length=24.1875
update=471 | train_mean_reward=-24.3885 | train_mean_length=14.7617 | policy_loss=0.2741 | entropy=8.3246 | ratio=1.0001 | approx_kl=0.0035 | optimizer_steps=4
update=472 | train_mean_reward=-22.6704 | train_mean_length=13.6641 | policy_loss=0.2429 | entropy=8.3237 | ratio=0.9997 | approx_kl=0.0028 | optimizer_steps=4
update=473 | train_mean_reward=-23.5395 | train_mean_length=14.1172 | policy_loss=0.2560 | entropy=8.3228 | ratio=0.9996 | approx_kl=0.0026 | optimizer_steps=4
update=474 | train_mean_reward=-22.1244 | train_mean_length=13.6602 | policy_loss=0.2274 | entropy=8.3219 | ratio=1.0002 | approx_kl=0.0021 | optimizer_steps=4
update=475 | train_mean_reward=-22.0331 | train_mean_length=13.3750 | policy_loss=0.2195 | entropy=8.3211 | ratio=0.9984 | approx_kl=0.0050 | optimizer_steps=4 | eval_mean_reward=1.9494 | eval_mean_length=17.3125
update=476 | train_mean_reward=-21.8868 | train_mean_length=12.9297 | policy_loss=0.1822 | entropy=8.3203 | ratio=0.9978 | approx_kl=0.0055 | optimizer_steps=4
update=477 | train_mean_reward=-22.7717 | train_mean_length=13.4570 | policy_loss=0.2646 | entropy=8.3195 | ratio=0.9977 | approx_kl=0.0061 | optimizer_steps=4
update=478 | train_mean_reward=-22.2523 | train_mean_length=13.5195 | policy_loss=0.2757 | entropy=8.3187 | ratio=0.9982 | approx_kl=0.0045 | optimizer_steps=4
update=479 | train_mean_reward=-21.0175 | train_mean_length=12.2812 | policy_loss=0.1951 | entropy=8.3180 | ratio=1.0010 | approx_kl=0.0018 | optimizer_steps=4
update=480 | train_mean_reward=-21.8465 | train_mean_length=13.0508 | policy_loss=0.2519 | entropy=8.3171 | ratio=1.0001 | approx_kl=0.0028 | optimizer_steps=4 | eval_mean_reward=0.2395 | eval_mean_length=13.8750
update=481 | train_mean_reward=-21.4694 | train_mean_length=12.8906 | policy_loss=0.2241 | entropy=8.3160 | ratio=0.9983 | approx_kl=0.0060 | optimizer_steps=4
update=482 | train_mean_reward=-22.6791 | train_mean_length=13.5469 | policy_loss=0.2518 | entropy=8.3151 | ratio=0.9988 | approx_kl=0.0042 | optimizer_steps=4
update=483 | train_mean_reward=-23.7986 | train_mean_length=14.3828 | policy_loss=0.2683 | entropy=8.3142 | ratio=0.9978 | approx_kl=0.0055 | optimizer_steps=4
update=484 | train_mean_reward=-24.5556 | train_mean_length=14.5820 | policy_loss=0.2922 | entropy=8.3134 | ratio=0.9979 | approx_kl=0.0049 | optimizer_steps=4
update=485 | train_mean_reward=-24.0209 | train_mean_length=14.2930 | policy_loss=0.2494 | entropy=8.3126 | ratio=0.9997 | approx_kl=0.0036 | optimizer_steps=4 | eval_mean_reward=-1.3743 | eval_mean_length=18.1875
update=486 | train_mean_reward=-23.1200 | train_mean_length=14.3633 | policy_loss=0.2660 | entropy=8.3120 | ratio=1.0002 | approx_kl=0.0026 | optimizer_steps=4
update=487 | train_mean_reward=-23.9898 | train_mean_length=14.5352 | policy_loss=0.2613 | entropy=8.3114 | ratio=0.9985 | approx_kl=0.0040 | optimizer_steps=4
update=488 | train_mean_reward=-24.8662 | train_mean_length=15.4414 | policy_loss=0.2548 | entropy=8.3107 | ratio=0.9995 | approx_kl=0.0026 | optimizer_steps=4
update=489 | train_mean_reward=-23.2190 | train_mean_length=14.6562 | policy_loss=0.2562 | entropy=8.3101 | ratio=1.0007 | approx_kl=0.0027 | optimizer_steps=4
update=490 | train_mean_reward=-24.9325 | train_mean_length=15.6445 | policy_loss=0.3148 | entropy=8.3094 | ratio=0.9991 | approx_kl=0.0034 | optimizer_steps=4 | eval_mean_reward=0.3321 | eval_mean_length=26.5000
update=491 | train_mean_reward=-26.1670 | train_mean_length=16.2891 | policy_loss=0.3278 | entropy=8.3086 | ratio=1.0080 | approx_kl=0.0012 | optimizer_steps=8
update=492 | train_mean_reward=-26.2933 | train_mean_length=15.9883 | policy_loss=0.3405 | entropy=8.3079 | ratio=0.9988 | approx_kl=0.0031 | optimizer_steps=4
update=493 | train_mean_reward=-26.1092 | train_mean_length=15.7734 | policy_loss=0.3242 | entropy=8.3074 | ratio=0.9998 | approx_kl=0.0043 | optimizer_steps=4
update=494 | train_mean_reward=-22.3047 | train_mean_length=13.8750 | policy_loss=0.2471 | entropy=8.3069 | ratio=0.9980 | approx_kl=0.0046 | optimizer_steps=4
update=495 | train_mean_reward=-22.0644 | train_mean_length=13.4180 | policy_loss=0.2684 | entropy=8.3064 | ratio=0.9982 | approx_kl=0.0058 | optimizer_steps=4 | eval_mean_reward=2.5968 | eval_mean_length=18.3125
update=496 | train_mean_reward=-21.6509 | train_mean_length=13.0234 | policy_loss=0.2504 | entropy=8.3057 | ratio=1.0004 | approx_kl=0.0030 | optimizer_steps=4
update=497 | train_mean_reward=-23.1511 | train_mean_length=13.5508 | policy_loss=0.2805 | entropy=8.3050 | ratio=0.9982 | approx_kl=0.0046 | optimizer_steps=4
update=498 | train_mean_reward=-22.3065 | train_mean_length=13.4219 | policy_loss=0.2363 | entropy=8.3042 | ratio=0.9989 | approx_kl=0.0036 | optimizer_steps=4
update=499 | train_mean_reward=-22.8677 | train_mean_length=13.3906 | policy_loss=0.3058 | entropy=8.3032 | ratio=1.0009 | approx_kl=0.0021 | optimizer_steps=4
update=500 | train_mean_reward=-22.9138 | train_mean_length=13.2930 | policy_loss=0.2619 | entropy=8.3021 | ratio=0.9994 | approx_kl=0.0042 | optimizer_steps=4 | eval_mean_reward=0.3537 | eval_mean_length=16.8125
update=501 | train_mean_reward=-22.1153 | train_mean_length=13.0938 | policy_loss=0.2790 | entropy=8.3013 | ratio=0.9986 | approx_kl=0.0047 | optimizer_steps=4
update=502 | train_mean_reward=-23.2659 | train_mean_length=13.5508 | policy_loss=0.2809 | entropy=8.3004 | ratio=1.0000 | approx_kl=0.0029 | optimizer_steps=4
update=503 | train_mean_reward=-22.1269 | train_mean_length=12.8477 | policy_loss=0.2444 | entropy=8.2993 | ratio=0.9986 | approx_kl=0.0031 | optimizer_steps=4
update=504 | train_mean_reward=-23.5340 | train_mean_length=13.8984 | policy_loss=0.2917 | entropy=8.2983 | ratio=0.9997 | approx_kl=0.0035 | optimizer_steps=4
update=505 | train_mean_reward=-21.9784 | train_mean_length=13.3438 | policy_loss=0.2384 | entropy=8.2973 | ratio=1.0003 | approx_kl=0.0020 | optimizer_steps=4 | eval_mean_reward=0.8688 | eval_mean_length=16.6250
update=506 | train_mean_reward=-21.9662 | train_mean_length=13.4492 | policy_loss=0.2877 | entropy=8.2962 | ratio=0.9989 | approx_kl=0.0036 | optimizer_steps=4
update=507 | train_mean_reward=-23.2207 | train_mean_length=13.6055 | policy_loss=0.2992 | entropy=8.2951 | ratio=1.0002 | approx_kl=0.0022 | optimizer_steps=4
update=508 | train_mean_reward=-22.5332 | train_mean_length=13.4297 | policy_loss=0.2829 | entropy=8.2940 | ratio=0.9994 | approx_kl=0.0035 | optimizer_steps=4
update=509 | train_mean_reward=-22.4147 | train_mean_length=13.4805 | policy_loss=0.2237 | entropy=8.2932 | ratio=0.9993 | approx_kl=0.0029 | optimizer_steps=4
update=510 | train_mean_reward=-21.8091 | train_mean_length=12.9570 | policy_loss=0.2406 | entropy=8.2924 | ratio=0.9998 | approx_kl=0.0032 | optimizer_steps=4 | eval_mean_reward=0.6984 | eval_mean_length=16.1250
update=511 | train_mean_reward=-22.0109 | train_mean_length=12.5352 | policy_loss=0.2405 | entropy=8.2914 | ratio=0.9971 | approx_kl=0.0066 | optimizer_steps=4
update=512 | train_mean_reward=-21.5466 | train_mean_length=12.7031 | policy_loss=0.2252 | entropy=8.2904 | ratio=0.9996 | approx_kl=0.0031 | optimizer_steps=4
update=513 | train_mean_reward=-22.4253 | train_mean_length=12.9766 | policy_loss=0.2796 | entropy=8.2893 | ratio=0.9985 | approx_kl=0.0048 | optimizer_steps=4
update=514 | train_mean_reward=-21.3214 | train_mean_length=12.5742 | policy_loss=0.2131 | entropy=8.2884 | ratio=0.9997 | approx_kl=0.0032 | optimizer_steps=4
update=515 | train_mean_reward=-21.5012 | train_mean_length=12.9570 | policy_loss=0.2409 | entropy=8.2874 | ratio=1.0008 | approx_kl=0.0026 | optimizer_steps=4 | eval_mean_reward=-1.4157 | eval_mean_length=15.5000
update=516 | train_mean_reward=-23.0136 | train_mean_length=13.6484 | policy_loss=0.2709 | entropy=8.2864 | ratio=1.0011 | approx_kl=0.0016 | optimizer_steps=4
update=517 | train_mean_reward=-23.7111 | train_mean_length=14.4023 | policy_loss=0.2963 | entropy=8.2854 | ratio=0.9983 | approx_kl=0.0045 | optimizer_steps=4
update=518 | train_mean_reward=-23.3681 | train_mean_length=14.5586 | policy_loss=0.2656 | entropy=8.2846 | ratio=1.0009 | approx_kl=0.0011 | optimizer_steps=4
update=519 | train_mean_reward=-26.1519 | train_mean_length=15.3516 | policy_loss=0.3091 | entropy=8.2839 | ratio=0.9987 | approx_kl=0.0043 | optimizer_steps=4
update=520 | train_mean_reward=-25.0605 | train_mean_length=15.4492 | policy_loss=0.3227 | entropy=8.2832 | ratio=0.9989 | approx_kl=0.0035 | optimizer_steps=4 | eval_mean_reward=-6.0949 | eval_mean_length=27.1250
update=521 | train_mean_reward=-25.6842 | train_mean_length=15.8867 | policy_loss=0.3099 | entropy=8.2823 | ratio=0.9981 | approx_kl=0.0051 | optimizer_steps=4
update=522 | train_mean_reward=-26.3549 | train_mean_length=16.3633 | policy_loss=0.3480 | entropy=8.2810 | ratio=1.0019 | approx_kl=0.0052 | optimizer_steps=8
update=523 | train_mean_reward=-26.7680 | train_mean_length=16.5547 | policy_loss=0.3089 | entropy=8.2801 | ratio=0.9988 | approx_kl=0.0083 | optimizer_steps=8
update=524 | train_mean_reward=-27.4312 | train_mean_length=16.7617 | policy_loss=0.3504 | entropy=8.2792 | ratio=0.9999 | approx_kl=0.0078 | optimizer_steps=8
update=525 | train_mean_reward=-24.6347 | train_mean_length=15.4883 | policy_loss=0.3111 | entropy=8.2785 | ratio=0.9990 | approx_kl=0.0021 | optimizer_steps=4 | eval_mean_reward=-0.8431 | eval_mean_length=17.1875
update=526 | train_mean_reward=-24.1758 | train_mean_length=14.6367 | policy_loss=0.2729 | entropy=8.2781 | ratio=0.9994 | approx_kl=0.0038 | optimizer_steps=4
update=527 | train_mean_reward=-24.8488 | train_mean_length=14.7656 | policy_loss=0.2948 | entropy=8.2776 | ratio=0.9987 | approx_kl=0.0039 | optimizer_steps=4
update=528 | train_mean_reward=-24.3515 | train_mean_length=14.4648 | policy_loss=0.2966 | entropy=8.2770 | ratio=0.9978 | approx_kl=0.0049 | optimizer_steps=4
update=529 | train_mean_reward=-24.2523 | train_mean_length=14.6953 | policy_loss=0.3107 | entropy=8.2764 | ratio=0.9983 | approx_kl=0.0049 | optimizer_steps=4
update=530 | train_mean_reward=-24.6065 | train_mean_length=15.2148 | policy_loss=0.2989 | entropy=8.2758 | ratio=0.9984 | approx_kl=0.0041 | optimizer_steps=4 | eval_mean_reward=0.2889 | eval_mean_length=26.3125
update=531 | train_mean_reward=-24.8116 | train_mean_length=15.4492 | policy_loss=0.3048 | entropy=8.2752 | ratio=0.9986 | approx_kl=0.0044 | optimizer_steps=4
update=532 | train_mean_reward=-25.9128 | train_mean_length=15.9492 | policy_loss=0.3482 | entropy=8.2745 | ratio=0.9994 | approx_kl=0.0028 | optimizer_steps=4
update=533 | train_mean_reward=-26.6359 | train_mean_length=16.5430 | policy_loss=0.3012 | entropy=8.2736 | ratio=1.0018 | approx_kl=0.0055 | optimizer_steps=8
update=534 | train_mean_reward=-25.3826 | train_mean_length=15.6992 | policy_loss=0.3142 | entropy=8.2729 | ratio=0.9995 | approx_kl=0.0024 | optimizer_steps=4
update=535 | train_mean_reward=-25.8522 | train_mean_length=15.9961 | policy_loss=0.3204 | entropy=8.2726 | ratio=0.9982 | approx_kl=0.0056 | optimizer_steps=4 | eval_mean_reward=-0.7116 | eval_mean_length=16.2500
update=536 | train_mean_reward=-26.1637 | train_mean_length=15.9297 | policy_loss=0.3132 | entropy=8.2723 | ratio=0.9987 | approx_kl=0.0040 | optimizer_steps=4
update=537 | train_mean_reward=-25.2768 | train_mean_length=15.3750 | policy_loss=0.2914 | entropy=8.2718 | ratio=0.9965 | approx_kl=0.0056 | optimizer_steps=4
update=538 | train_mean_reward=-25.4374 | train_mean_length=15.2070 | policy_loss=0.3094 | entropy=8.2712 | ratio=0.9980 | approx_kl=0.0060 | optimizer_steps=4
update=539 | train_mean_reward=-26.0697 | train_mean_length=15.7266 | policy_loss=0.2821 | entropy=8.2702 | ratio=0.9992 | approx_kl=0.0027 | optimizer_steps=4
update=540 | train_mean_reward=-24.3445 | train_mean_length=14.7617 | policy_loss=0.2446 | entropy=8.2692 | ratio=0.9996 | approx_kl=0.0030 | optimizer_steps=4 | eval_mean_reward=2.0242 | eval_mean_length=16.3750
update=541 | train_mean_reward=-23.8808 | train_mean_length=14.6406 | policy_loss=0.2889 | entropy=8.2680 | ratio=0.9991 | approx_kl=0.0038 | optimizer_steps=4
update=542 | train_mean_reward=-24.9901 | train_mean_length=15.3711 | policy_loss=0.2883 | entropy=8.2669 | ratio=0.9999 | approx_kl=0.0029 | optimizer_steps=4
update=543 | train_mean_reward=-23.5637 | train_mean_length=14.3594 | policy_loss=0.2727 | entropy=8.2659 | ratio=1.0007 | approx_kl=0.0017 | optimizer_steps=4
update=544 | train_mean_reward=-23.7580 | train_mean_length=14.5430 | policy_loss=0.2218 | entropy=8.2651 | ratio=0.9989 | approx_kl=0.0040 | optimizer_steps=4
update=545 | train_mean_reward=-25.7339 | train_mean_length=15.2617 | policy_loss=0.2948 | entropy=8.2645 | ratio=0.9987 | approx_kl=0.0045 | optimizer_steps=4 | eval_mean_reward=4.6949 | eval_mean_length=21.3125
update=546 | train_mean_reward=-26.0205 | train_mean_length=16.2734 | policy_loss=0.2985 | entropy=8.2639 | ratio=1.0000 | approx_kl=0.0125 | optimizer_steps=5 | early_stop=1 | early_stop_kl=0.0525
update=547 | train_mean_reward=-25.2867 | train_mean_length=15.9102 | policy_loss=0.2918 | entropy=8.2632 | ratio=0.9988 | approx_kl=0.0029 | optimizer_steps=4
update=548 | train_mean_reward=-25.8642 | train_mean_length=16.3359 | policy_loss=0.3016 | entropy=8.2623 | ratio=1.0095 | approx_kl=-0.0009 | optimizer_steps=8
update=549 | train_mean_reward=-24.6522 | train_mean_length=14.8984 | policy_loss=0.3194 | entropy=8.2616 | ratio=0.9991 | approx_kl=0.0022 | optimizer_steps=4
update=550 | train_mean_reward=-24.1950 | train_mean_length=14.7188 | policy_loss=0.2875 | entropy=8.2613 | ratio=0.9970 | approx_kl=0.0059 | optimizer_steps=4 | eval_mean_reward=0.7674 | eval_mean_length=17.1250
update=551 | train_mean_reward=-23.0090 | train_mean_length=13.6445 | policy_loss=0.3065 | entropy=8.2609 | ratio=1.0007 | approx_kl=0.0014 | optimizer_steps=4
update=552 | train_mean_reward=-24.3503 | train_mean_length=14.2227 | policy_loss=0.2681 | entropy=8.2604 | ratio=0.9994 | approx_kl=0.0033 | optimizer_steps=4
update=553 | train_mean_reward=-23.0998 | train_mean_length=13.5703 | policy_loss=0.2549 | entropy=8.2595 | ratio=1.0011 | approx_kl=0.0019 | optimizer_steps=4
update=554 | train_mean_reward=-23.3027 | train_mean_length=13.5312 | policy_loss=0.2640 | entropy=8.2584 | ratio=0.9997 | approx_kl=0.0034 | optimizer_steps=4
update=555 | train_mean_reward=-22.5567 | train_mean_length=13.3984 | policy_loss=0.2597 | entropy=8.2574 | ratio=0.9993 | approx_kl=0.0031 | optimizer_steps=4 | eval_mean_reward=-1.9783 | eval_mean_length=12.8125
update=556 | train_mean_reward=-22.2961 | train_mean_length=12.8516 | policy_loss=0.2249 | entropy=8.2565 | ratio=1.0004 | approx_kl=0.0020 | optimizer_steps=4
update=557 | train_mean_reward=-21.9425 | train_mean_length=12.5156 | policy_loss=0.2209 | entropy=8.2557 | ratio=0.9991 | approx_kl=0.0035 | optimizer_steps=4
update=558 | train_mean_reward=-21.3858 | train_mean_length=12.4102 | policy_loss=0.2058 | entropy=8.2549 | ratio=0.9983 | approx_kl=0.0045 | optimizer_steps=4
update=559 | train_mean_reward=-21.0603 | train_mean_length=12.7891 | policy_loss=0.2598 | entropy=8.2541 | ratio=0.9982 | approx_kl=0.0043 | optimizer_steps=4
update=560 | train_mean_reward=-20.8513 | train_mean_length=12.3711 | policy_loss=0.2100 | entropy=8.2532 | ratio=0.9984 | approx_kl=0.0051 | optimizer_steps=4 | eval_mean_reward=-3.4412 | eval_mean_length=15.0625
update=561 | train_mean_reward=-21.9800 | train_mean_length=13.0664 | policy_loss=0.2496 | entropy=8.2523 | ratio=0.9987 | approx_kl=0.0043 | optimizer_steps=4
update=562 | train_mean_reward=-22.3288 | train_mean_length=13.4609 | policy_loss=0.2300 | entropy=8.2514 | ratio=0.9978 | approx_kl=0.0046 | optimizer_steps=4
update=563 | train_mean_reward=-21.9358 | train_mean_length=13.2734 | policy_loss=0.2655 | entropy=8.2504 | ratio=0.9982 | approx_kl=0.0049 | optimizer_steps=4
update=564 | train_mean_reward=-22.5423 | train_mean_length=13.2500 | policy_loss=0.2767 | entropy=8.2492 | ratio=0.9999 | approx_kl=0.0026 | optimizer_steps=4
update=565 | train_mean_reward=-22.2880 | train_mean_length=13.4922 | policy_loss=0.2539 | entropy=8.2481 | ratio=0.9995 | approx_kl=0.0028 | optimizer_steps=4 | eval_mean_reward=-1.0560 | eval_mean_length=13.3750
update=566 | train_mean_reward=-21.7779 | train_mean_length=13.1602 | policy_loss=0.2592 | entropy=8.2470 | ratio=0.9994 | approx_kl=0.0046 | optimizer_steps=4
update=567 | train_mean_reward=-21.7146 | train_mean_length=12.9453 | policy_loss=0.2389 | entropy=8.2460 | ratio=0.9982 | approx_kl=0.0048 | optimizer_steps=4
update=568 | train_mean_reward=-21.2554 | train_mean_length=12.8867 | policy_loss=0.2314 | entropy=8.2450 | ratio=0.9989 | approx_kl=0.0038 | optimizer_steps=4
update=569 | train_mean_reward=-23.8341 | train_mean_length=14.6211 | policy_loss=0.3053 | entropy=8.2440 | ratio=0.9985 | approx_kl=0.0040 | optimizer_steps=4
update=570 | train_mean_reward=-22.2098 | train_mean_length=13.5820 | policy_loss=0.2898 | entropy=8.2430 | ratio=0.9986 | approx_kl=0.0046 | optimizer_steps=4 | eval_mean_reward=-0.1169 | eval_mean_length=30.7500
update=571 | train_mean_reward=-23.2705 | train_mean_length=13.4297 | policy_loss=0.3120 | entropy=8.2422 | ratio=0.9994 | approx_kl=0.0034 | optimizer_steps=4
update=572 | train_mean_reward=-23.7687 | train_mean_length=13.7773 | policy_loss=0.3216 | entropy=8.2416 | ratio=0.9979 | approx_kl=0.0046 | optimizer_steps=4
update=573 | train_mean_reward=-22.2018 | train_mean_length=13.2539 | policy_loss=0.2811 | entropy=8.2410 | ratio=0.9976 | approx_kl=0.0058 | optimizer_steps=4
update=574 | train_mean_reward=-22.7816 | train_mean_length=13.7891 | policy_loss=0.3080 | entropy=8.2406 | ratio=0.9989 | approx_kl=0.0035 | optimizer_steps=4
update=575 | train_mean_reward=-22.6739 | train_mean_length=13.9102 | policy_loss=0.3161 | entropy=8.2401 | ratio=0.9992 | approx_kl=0.0047 | optimizer_steps=4 | eval_mean_reward=-5.0421 | eval_mean_length=28.7500
update=576 | train_mean_reward=-21.9716 | train_mean_length=13.2266 | policy_loss=0.2853 | entropy=8.2398 | ratio=0.9985 | approx_kl=0.0043 | optimizer_steps=4
update=577 | train_mean_reward=-22.4446 | train_mean_length=13.2383 | policy_loss=0.3217 | entropy=8.2394 | ratio=0.9998 | approx_kl=0.0032 | optimizer_steps=4
update=578 | train_mean_reward=-22.5267 | train_mean_length=13.8008 | policy_loss=0.2889 | entropy=8.2390 | ratio=0.9978 | approx_kl=0.0063 | optimizer_steps=4
update=579 | train_mean_reward=-24.4142 | train_mean_length=14.6133 | policy_loss=0.2989 | entropy=8.2387 | ratio=0.9981 | approx_kl=0.0044 | optimizer_steps=4
update=580 | train_mean_reward=-23.9106 | train_mean_length=14.6055 | policy_loss=0.2862 | entropy=8.2381 | ratio=0.9985 | approx_kl=0.0047 | optimizer_steps=4 | eval_mean_reward=-4.2575 | eval_mean_length=25.4375
update=581 | train_mean_reward=-24.2092 | train_mean_length=14.3906 | policy_loss=0.3220 | entropy=8.2377 | ratio=0.9973 | approx_kl=0.0064 | optimizer_steps=4
update=582 | train_mean_reward=-24.4469 | train_mean_length=14.1094 | policy_loss=0.3014 | entropy=8.2372 | ratio=1.0004 | approx_kl=0.0033 | optimizer_steps=4
update=583 | train_mean_reward=-23.8311 | train_mean_length=14.0000 | policy_loss=0.3162 | entropy=8.2368 | ratio=0.9991 | approx_kl=0.0033 | optimizer_steps=4
update=584 | train_mean_reward=-23.1174 | train_mean_length=13.4023 | policy_loss=0.2715 | entropy=8.2364 | ratio=1.0011 | approx_kl=0.0023 | optimizer_steps=4
update=585 | train_mean_reward=-22.5691 | train_mean_length=12.9414 | policy_loss=0.2472 | entropy=8.2360 | ratio=0.9999 | approx_kl=0.0028 | optimizer_steps=4 | eval_mean_reward=-3.6407 | eval_mean_length=21.5625
update=586 | train_mean_reward=-22.2407 | train_mean_length=13.2344 | policy_loss=0.2598 | entropy=8.2353 | ratio=0.9990 | approx_kl=0.0036 | optimizer_steps=4
update=587 | train_mean_reward=-23.0294 | train_mean_length=13.8945 | policy_loss=0.3118 | entropy=8.2345 | ratio=0.9985 | approx_kl=0.0049 | optimizer_steps=4
update=588 | train_mean_reward=-23.6756 | train_mean_length=14.1797 | policy_loss=0.3036 | entropy=8.2339 | ratio=0.9988 | approx_kl=0.0035 | optimizer_steps=4
update=589 | train_mean_reward=-22.6869 | train_mean_length=14.0039 | policy_loss=0.2637 | entropy=8.2335 | ratio=0.9996 | approx_kl=0.0032 | optimizer_steps=4
update=590 | train_mean_reward=-23.8467 | train_mean_length=14.7305 | policy_loss=0.3003 | entropy=8.2331 | ratio=0.9997 | approx_kl=0.0029 | optimizer_steps=4 | eval_mean_reward=-2.8080 | eval_mean_length=24.8125
update=591 | train_mean_reward=-23.6687 | train_mean_length=14.4766 | policy_loss=0.3013 | entropy=8.2325 | ratio=0.9973 | approx_kl=0.0044 | optimizer_steps=4
update=592 | train_mean_reward=-23.7023 | train_mean_length=14.3477 | policy_loss=0.2824 | entropy=8.2317 | ratio=0.9976 | approx_kl=0.0059 | optimizer_steps=4
update=593 | train_mean_reward=-24.4017 | train_mean_length=14.3711 | policy_loss=0.2813 | entropy=8.2309 | ratio=0.9990 | approx_kl=0.0041 | optimizer_steps=4
update=594 | train_mean_reward=-23.1528 | train_mean_length=13.9648 | policy_loss=0.2777 | entropy=8.2301 | ratio=0.9994 | approx_kl=0.0028 | optimizer_steps=4
update=595 | train_mean_reward=-21.8800 | train_mean_length=13.6289 | policy_loss=0.2873 | entropy=8.2296 | ratio=0.9984 | approx_kl=0.0043 | optimizer_steps=4 | eval_mean_reward=-0.5657 | eval_mean_length=22.2500
update=596 | train_mean_reward=-23.4749 | train_mean_length=14.6523 | policy_loss=0.2874 | entropy=8.2289 | ratio=0.9988 | approx_kl=0.0038 | optimizer_steps=4
update=597 | train_mean_reward=-21.2773 | train_mean_length=13.3555 | policy_loss=0.2330 | entropy=8.2281 | ratio=0.9998 | approx_kl=0.0033 | optimizer_steps=4
update=598 | train_mean_reward=-21.7190 | train_mean_length=13.4922 | policy_loss=0.2757 | entropy=8.2273 | ratio=0.9981 | approx_kl=0.0048 | optimizer_steps=4
update=599 | train_mean_reward=-23.2484 | train_mean_length=14.1133 | policy_loss=0.2638 | entropy=8.2266 | ratio=0.9998 | approx_kl=0.0033 | optimizer_steps=4
update=600 | train_mean_reward=-23.3454 | train_mean_length=13.7734 | policy_loss=0.2695 | entropy=8.2261 | ratio=0.9989 | approx_kl=0.0029 | optimizer_steps=4 | eval_mean_reward=1.8104 | eval_mean_length=19.3125
update=601 | train_mean_reward=-24.0644 | train_mean_length=14.3438 | policy_loss=0.2555 | entropy=8.2254 | ratio=0.9996 | approx_kl=0.0032 | optimizer_steps=4
update=602 | train_mean_reward=-22.9418 | train_mean_length=14.0703 | policy_loss=0.2582 | entropy=8.2247 | ratio=0.9991 | approx_kl=0.0038 | optimizer_steps=4
update=603 | train_mean_reward=-24.3301 | train_mean_length=14.8086 | policy_loss=0.2787 | entropy=8.2241 | ratio=1.0001 | approx_kl=0.0017 | optimizer_steps=4
update=604 | train_mean_reward=-25.4014 | train_mean_length=15.4844 | policy_loss=0.3033 | entropy=8.2234 | ratio=0.9981 | approx_kl=0.0044 | optimizer_steps=4
update=605 | train_mean_reward=-23.1792 | train_mean_length=13.8711 | policy_loss=0.2733 | entropy=8.2229 | ratio=1.0005 | approx_kl=0.0012 | optimizer_steps=4 | eval_mean_reward=-0.2886 | eval_mean_length=24.0000
update=606 | train_mean_reward=-22.2228 | train_mean_length=13.7031 | policy_loss=0.2545 | entropy=8.2224 | ratio=1.0012 | approx_kl=0.0018 | optimizer_steps=4
update=607 | train_mean_reward=-23.8568 | train_mean_length=14.4805 | policy_loss=0.2879 | entropy=8.2218 | ratio=0.9993 | approx_kl=0.0024 | optimizer_steps=4
update=608 | train_mean_reward=-22.5725 | train_mean_length=13.9766 | policy_loss=0.2897 | entropy=8.2211 | ratio=0.9992 | approx_kl=0.0026 | optimizer_steps=4
update=609 | train_mean_reward=-22.5853 | train_mean_length=13.7383 | policy_loss=0.2508 | entropy=8.2203 | ratio=0.9998 | approx_kl=0.0030 | optimizer_steps=4
update=610 | train_mean_reward=-21.8195 | train_mean_length=13.1758 | policy_loss=0.2418 | entropy=8.2194 | ratio=0.9989 | approx_kl=0.0037 | optimizer_steps=4 | eval_mean_reward=0.7621 | eval_mean_length=25.5000
update=611 | train_mean_reward=-21.6062 | train_mean_length=13.1328 | policy_loss=0.2545 | entropy=8.2187 | ratio=0.9983 | approx_kl=0.0047 | optimizer_steps=4
update=612 | train_mean_reward=-22.9777 | train_mean_length=14.1328 | policy_loss=0.2795 | entropy=8.2179 | ratio=0.9992 | approx_kl=0.0038 | optimizer_steps=4
update=613 | train_mean_reward=-22.1592 | train_mean_length=13.5547 | policy_loss=0.2624 | entropy=8.2170 | ratio=0.9996 | approx_kl=0.0032 | optimizer_steps=4
update=614 | train_mean_reward=-23.0061 | train_mean_length=13.9141 | policy_loss=0.3157 | entropy=8.2161 | ratio=0.9979 | approx_kl=0.0051 | optimizer_steps=4
update=615 | train_mean_reward=-23.7858 | train_mean_length=14.3086 | policy_loss=0.3267 | entropy=8.2150 | ratio=0.9992 | approx_kl=0.0033 | optimizer_steps=4 | eval_mean_reward=0.6594 | eval_mean_length=23.1250
update=616 | train_mean_reward=-22.6406 | train_mean_length=13.7500 | policy_loss=0.2785 | entropy=8.2140 | ratio=0.9992 | approx_kl=0.0040 | optimizer_steps=4
update=617 | train_mean_reward=-21.6541 | train_mean_length=13.4023 | policy_loss=0.2530 | entropy=8.2132 | ratio=0.9986 | approx_kl=0.0041 | optimizer_steps=4
update=618 | train_mean_reward=-22.0640 | train_mean_length=13.3125 | policy_loss=0.2629 | entropy=8.2126 | ratio=1.0012 | approx_kl=0.0024 | optimizer_steps=4
update=619 | train_mean_reward=-23.6040 | train_mean_length=13.9766 | policy_loss=0.3137 | entropy=8.2121 | ratio=0.9983 | approx_kl=0.0032 | optimizer_steps=4
update=620 | train_mean_reward=-23.8189 | train_mean_length=14.2891 | policy_loss=0.3483 | entropy=8.2113 | ratio=1.0007 | approx_kl=0.0026 | optimizer_steps=4 | eval_mean_reward=-1.1218 | eval_mean_length=22.7500
update=621 | train_mean_reward=-22.0316 | train_mean_length=13.3867 | policy_loss=0.2779 | entropy=8.2105 | ratio=0.9986 | approx_kl=0.0036 | optimizer_steps=4
update=622 | train_mean_reward=-23.3445 | train_mean_length=14.2305 | policy_loss=0.3150 | entropy=8.2096 | ratio=1.0011 | approx_kl=0.0013 | optimizer_steps=4
update=623 | train_mean_reward=-23.8871 | train_mean_length=14.7578 | policy_loss=0.3179 | entropy=8.2088 | ratio=0.9983 | approx_kl=0.0039 | optimizer_steps=4
update=624 | train_mean_reward=-23.9018 | train_mean_length=14.5859 | policy_loss=0.2752 | entropy=8.2081 | ratio=0.9988 | approx_kl=0.0043 | optimizer_steps=4
update=625 | train_mean_reward=-22.2405 | train_mean_length=13.4375 | policy_loss=0.2990 | entropy=8.2073 | ratio=0.9957 | approx_kl=0.0070 | optimizer_steps=4 | eval_mean_reward=-1.8242 | eval_mean_length=22.0000
update=626 | train_mean_reward=-25.4102 | train_mean_length=14.9102 | policy_loss=0.3015 | entropy=8.2063 | ratio=0.9978 | approx_kl=0.0052 | optimizer_steps=4
update=627 | train_mean_reward=-22.5864 | train_mean_length=13.4258 | policy_loss=0.2774 | entropy=8.2052 | ratio=0.9985 | approx_kl=0.0046 | optimizer_steps=4
update=628 | train_mean_reward=-22.1545 | train_mean_length=13.1367 | policy_loss=0.2753 | entropy=8.2042 | ratio=0.9993 | approx_kl=0.0034 | optimizer_steps=4
update=629 | train_mean_reward=-22.3725 | train_mean_length=13.1836 | policy_loss=0.2846 | entropy=8.2031 | ratio=0.9998 | approx_kl=0.0027 | optimizer_steps=4
update=630 | train_mean_reward=-21.2167 | train_mean_length=12.4453 | policy_loss=0.2334 | entropy=8.2018 | ratio=1.0006 | approx_kl=0.0028 | optimizer_steps=4 | eval_mean_reward=2.8493 | eval_mean_length=26.5000
update=631 | train_mean_reward=-20.6991 | train_mean_length=12.0625 | policy_loss=0.2169 | entropy=8.2005 | ratio=1.0002 | approx_kl=0.0020 | optimizer_steps=4
update=632 | train_mean_reward=-22.0410 | train_mean_length=12.6445 | policy_loss=0.2317 | entropy=8.1992 | ratio=0.9997 | approx_kl=0.0027 | optimizer_steps=4
update=633 | train_mean_reward=-21.1850 | train_mean_length=12.1055 | policy_loss=0.2424 | entropy=8.1980 | ratio=0.9987 | approx_kl=0.0036 | optimizer_steps=4
update=634 | train_mean_reward=-21.6401 | train_mean_length=12.4609 | policy_loss=0.2344 | entropy=8.1968 | ratio=0.9982 | approx_kl=0.0050 | optimizer_steps=4
update=635 | train_mean_reward=-21.2906 | train_mean_length=12.5469 | policy_loss=0.2470 | entropy=8.1955 | ratio=0.9984 | approx_kl=0.0048 | optimizer_steps=4 | eval_mean_reward=4.4030 | eval_mean_length=27.7500
update=636 | train_mean_reward=-21.3277 | train_mean_length=12.4102 | policy_loss=0.2280 | entropy=8.1943 | ratio=0.9985 | approx_kl=0.0041 | optimizer_steps=4
update=637 | train_mean_reward=-22.3147 | train_mean_length=12.8906 | policy_loss=0.2246 | entropy=8.1934 | ratio=0.9991 | approx_kl=0.0040 | optimizer_steps=4
update=638 | train_mean_reward=-21.2142 | train_mean_length=13.0508 | policy_loss=0.2348 | entropy=8.1925 | ratio=1.0002 | approx_kl=0.0035 | optimizer_steps=4
update=639 | train_mean_reward=-22.5616 | train_mean_length=13.9805 | policy_loss=0.2659 | entropy=8.1918 | ratio=1.0006 | approx_kl=0.0024 | optimizer_steps=4
update=640 | train_mean_reward=-23.6003 | train_mean_length=14.6094 | policy_loss=0.2687 | entropy=8.1913 | ratio=0.9989 | approx_kl=0.0038 | optimizer_steps=4 | eval_mean_reward=4.9844 | eval_mean_length=23.6875
update=641 | train_mean_reward=-23.2883 | train_mean_length=14.1914 | policy_loss=0.2439 | entropy=8.1909 | ratio=0.9990 | approx_kl=0.0038 | optimizer_steps=4
update=642 | train_mean_reward=-24.2646 | train_mean_length=14.7266 | policy_loss=0.2508 | entropy=8.1904 | ratio=0.9981 | approx_kl=0.0053 | optimizer_steps=4
update=643 | train_mean_reward=-24.4131 | train_mean_length=15.2461 | policy_loss=0.2986 | entropy=8.1898 | ratio=0.9986 | approx_kl=0.0047 | optimizer_steps=4
update=644 | train_mean_reward=-23.8903 | train_mean_length=14.8867 | policy_loss=0.2856 | entropy=8.1892 | ratio=0.9997 | approx_kl=0.0028 | optimizer_steps=4
update=645 | train_mean_reward=-22.3419 | train_mean_length=13.9023 | policy_loss=0.2072 | entropy=8.1885 | ratio=0.9993 | approx_kl=0.0039 | optimizer_steps=4 | eval_mean_reward=2.3795 | eval_mean_length=20.0000
update=646 | train_mean_reward=-21.7683 | train_mean_length=13.9062 | policy_loss=0.2517 | entropy=8.1876 | ratio=0.9974 | approx_kl=0.0059 | optimizer_steps=4
update=647 | train_mean_reward=-22.7468 | train_mean_length=14.2109 | policy_loss=0.2235 | entropy=8.1868 | ratio=0.9987 | approx_kl=0.0039 | optimizer_steps=4
update=648 | train_mean_reward=-23.5502 | train_mean_length=14.3789 | policy_loss=0.2784 | entropy=8.1858 | ratio=1.0002 | approx_kl=0.0022 | optimizer_steps=4
update=649 | train_mean_reward=-22.9860 | train_mean_length=14.3672 | policy_loss=0.2492 | entropy=8.1847 | ratio=1.0001 | approx_kl=0.0024 | optimizer_steps=4
update=650 | train_mean_reward=-23.4852 | train_mean_length=14.7422 | policy_loss=0.2613 | entropy=8.1837 | ratio=0.9984 | approx_kl=0.0043 | optimizer_steps=4 | eval_mean_reward=4.9005 | eval_mean_length=23.6250
update=651 | train_mean_reward=-22.7815 | train_mean_length=14.3555 | policy_loss=0.2761 | entropy=8.1829 | ratio=0.9988 | approx_kl=0.0030 | optimizer_steps=4
update=652 | train_mean_reward=-22.6614 | train_mean_length=13.9375 | policy_loss=0.2784 | entropy=8.1822 | ratio=1.0009 | approx_kl=0.0025 | optimizer_steps=4
update=653 | train_mean_reward=-22.3786 | train_mean_length=13.8711 | policy_loss=0.2862 | entropy=8.1815 | ratio=0.9996 | approx_kl=0.0027 | optimizer_steps=4
update=654 | train_mean_reward=-21.3924 | train_mean_length=13.3828 | policy_loss=0.2498 | entropy=8.1805 | ratio=0.9997 | approx_kl=0.0028 | optimizer_steps=4
update=655 | train_mean_reward=-23.2332 | train_mean_length=14.3750 | policy_loss=0.3173 | entropy=8.1794 | ratio=0.9997 | approx_kl=0.0027 | optimizer_steps=4 | eval_mean_reward=5.8145 | eval_mean_length=22.9375
update=656 | train_mean_reward=-23.1207 | train_mean_length=14.2812 | policy_loss=0.2888 | entropy=8.1782 | ratio=0.9977 | approx_kl=0.0062 | optimizer_steps=4
update=657 | train_mean_reward=-23.3310 | train_mean_length=14.6953 | policy_loss=0.2864 | entropy=8.1772 | ratio=0.9993 | approx_kl=0.0037 | optimizer_steps=4
update=658 | train_mean_reward=-24.5217 | train_mean_length=15.4570 | policy_loss=0.2887 | entropy=8.1762 | ratio=0.9985 | approx_kl=0.0041 | optimizer_steps=4
update=659 | train_mean_reward=-24.3954 | train_mean_length=15.3125 | policy_loss=0.2507 | entropy=8.1755 | ratio=1.0011 | approx_kl=0.0016 | optimizer_steps=4
update=660 | train_mean_reward=-23.6909 | train_mean_length=14.9609 | policy_loss=0.2566 | entropy=8.1749 | ratio=0.9978 | approx_kl=0.0047 | optimizer_steps=4 | eval_mean_reward=2.9764 | eval_mean_length=17.8125
update=661 | train_mean_reward=-24.2541 | train_mean_length=15.2148 | policy_loss=0.2827 | entropy=8.1743 | ratio=1.0002 | approx_kl=0.0025 | optimizer_steps=4
update=662 | train_mean_reward=-24.9303 | train_mean_length=15.1367 | policy_loss=0.3230 | entropy=8.1734 | ratio=0.9990 | approx_kl=0.0040 | optimizer_steps=4
update=663 | train_mean_reward=-23.1150 | train_mean_length=13.8828 | policy_loss=0.2986 | entropy=8.1726 | ratio=0.9990 | approx_kl=0.0040 | optimizer_steps=4
update=664 | train_mean_reward=-21.0901 | train_mean_length=13.3555 | policy_loss=0.2693 | entropy=8.1718 | ratio=1.0003 | approx_kl=0.0021 | optimizer_steps=4
update=665 | train_mean_reward=-23.8481 | train_mean_length=14.2148 | policy_loss=0.2961 | entropy=8.1710 | ratio=0.9987 | approx_kl=0.0036 | optimizer_steps=4 | eval_mean_reward=3.3001 | eval_mean_length=16.1250
update=666 | train_mean_reward=-21.8671 | train_mean_length=13.4961 | policy_loss=0.3054 | entropy=8.1701 | ratio=0.9990 | approx_kl=0.0037 | optimizer_steps=4
update=667 | train_mean_reward=-21.6912 | train_mean_length=13.4180 | policy_loss=0.2899 | entropy=8.1693 | ratio=1.0000 | approx_kl=0.0025 | optimizer_steps=4
update=668 | train_mean_reward=-22.5299 | train_mean_length=13.5078 | policy_loss=0.2829 | entropy=8.1685 | ratio=0.9981 | approx_kl=0.0044 | optimizer_steps=4
update=669 | train_mean_reward=-22.4506 | train_mean_length=13.2227 | policy_loss=0.2928 | entropy=8.1677 | ratio=1.0002 | approx_kl=0.0021 | optimizer_steps=4
update=670 | train_mean_reward=-21.3542 | train_mean_length=12.7305 | policy_loss=0.2573 | entropy=8.1668 | ratio=0.9981 | approx_kl=0.0052 | optimizer_steps=4 | eval_mean_reward=-0.8500 | eval_mean_length=10.8750
update=671 | train_mean_reward=-21.2418 | train_mean_length=12.5977 | policy_loss=0.2413 | entropy=8.1660 | ratio=0.9982 | approx_kl=0.0058 | optimizer_steps=4
update=672 | train_mean_reward=-20.8133 | train_mean_length=12.3359 | policy_loss=0.2378 | entropy=8.1654 | ratio=0.9989 | approx_kl=0.0046 | optimizer_steps=4
update=673 | train_mean_reward=-20.7539 | train_mean_length=12.6094 | policy_loss=0.2572 | entropy=8.1647 | ratio=0.9989 | approx_kl=0.0041 | optimizer_steps=4
update=674 | train_mean_reward=-21.8044 | train_mean_length=12.9961 | policy_loss=0.2806 | entropy=8.1640 | ratio=0.9995 | approx_kl=0.0044 | optimizer_steps=4
update=675 | train_mean_reward=-20.9292 | train_mean_length=13.1641 | policy_loss=0.2478 | entropy=8.1630 | ratio=0.9991 | approx_kl=0.0043 | optimizer_steps=4 | eval_mean_reward=0.0076 | eval_mean_length=10.8750
update=676 | train_mean_reward=-22.1752 | train_mean_length=13.8164 | policy_loss=0.2589 | entropy=8.1621 | ratio=1.0004 | approx_kl=0.0019 | optimizer_steps=4
update=677 | train_mean_reward=-21.7881 | train_mean_length=13.4258 | policy_loss=0.2707 | entropy=8.1613 | ratio=0.9994 | approx_kl=0.0027 | optimizer_steps=4
update=678 | train_mean_reward=-21.8072 | train_mean_length=13.2734 | policy_loss=0.2574 | entropy=8.1606 | ratio=0.9971 | approx_kl=0.0057 | optimizer_steps=4
update=679 | train_mean_reward=-22.8054 | train_mean_length=14.1484 | policy_loss=0.2721 | entropy=8.1598 | ratio=0.9983 | approx_kl=0.0060 | optimizer_steps=4
update=680 | train_mean_reward=-22.5438 | train_mean_length=14.5820 | policy_loss=0.2985 | entropy=8.1591 | ratio=0.9994 | approx_kl=0.0036 | optimizer_steps=4 | eval_mean_reward=1.8430 | eval_mean_length=13.8125
update=681 | train_mean_reward=-24.8943 | train_mean_length=15.4961 | policy_loss=0.2726 | entropy=8.1583 | ratio=1.0001 | approx_kl=0.0036 | optimizer_steps=4
update=682 | train_mean_reward=-22.7674 | train_mean_length=14.2109 | policy_loss=0.2852 | entropy=8.1576 | ratio=0.9996 | approx_kl=0.0026 | optimizer_steps=4
update=683 | train_mean_reward=-22.1736 | train_mean_length=13.9727 | policy_loss=0.2701 | entropy=8.1569 | ratio=1.0014 | approx_kl=0.0021 | optimizer_steps=4
update=684 | train_mean_reward=-22.7208 | train_mean_length=13.9336 | policy_loss=0.2820 | entropy=8.1558 | ratio=0.9979 | approx_kl=0.0043 | optimizer_steps=4
update=685 | train_mean_reward=-22.5005 | train_mean_length=13.2930 | policy_loss=0.2839 | entropy=8.1546 | ratio=0.9989 | approx_kl=0.0045 | optimizer_steps=4 | eval_mean_reward=-2.2560 | eval_mean_length=12.2500
update=686 | train_mean_reward=-21.1254 | train_mean_length=12.8125 | policy_loss=0.2355 | entropy=8.1534 | ratio=1.0008 | approx_kl=0.0024 | optimizer_steps=4
update=687 | train_mean_reward=-21.0699 | train_mean_length=12.8555 | policy_loss=0.2584 | entropy=8.1522 | ratio=0.9991 | approx_kl=0.0042 | optimizer_steps=4
update=688 | train_mean_reward=-21.2117 | train_mean_length=12.7031 | policy_loss=0.2551 | entropy=8.1512 | ratio=0.9993 | approx_kl=0.0037 | optimizer_steps=4
update=689 | train_mean_reward=-20.8208 | train_mean_length=12.7031 | policy_loss=0.2837 | entropy=8.1500 | ratio=0.9987 | approx_kl=0.0040 | optimizer_steps=4
update=690 | train_mean_reward=-22.2574 | train_mean_length=13.3086 | policy_loss=0.3114 | entropy=8.1491 | ratio=0.9978 | approx_kl=0.0061 | optimizer_steps=4 | eval_mean_reward=3.0473 | eval_mean_length=16.4375
update=691 | train_mean_reward=-23.4205 | train_mean_length=14.3906 | policy_loss=0.3170 | entropy=8.1483 | ratio=0.9995 | approx_kl=0.0036 | optimizer_steps=4
update=692 | train_mean_reward=-21.9936 | train_mean_length=13.5703 | policy_loss=0.2748 | entropy=8.1475 | ratio=0.9981 | approx_kl=0.0044 | optimizer_steps=4
update=693 | train_mean_reward=-21.6997 | train_mean_length=13.1094 | policy_loss=0.2714 | entropy=8.1466 | ratio=0.9996 | approx_kl=0.0032 | optimizer_steps=4
update=694 | train_mean_reward=-22.0701 | train_mean_length=13.4492 | policy_loss=0.2715 | entropy=8.1456 | ratio=0.9978 | approx_kl=0.0050 | optimizer_steps=4
update=695 | train_mean_reward=-23.0151 | train_mean_length=13.8594 | policy_loss=0.3293 | entropy=8.1446 | ratio=0.9976 | approx_kl=0.0065 | optimizer_steps=4 | eval_mean_reward=-0.6457 | eval_mean_length=16.5625
update=696 | train_mean_reward=-24.2201 | train_mean_length=14.7109 | policy_loss=0.3506 | entropy=8.1439 | ratio=1.0003 | approx_kl=0.0021 | optimizer_steps=4
update=697 | train_mean_reward=-24.1017 | train_mean_length=14.5469 | policy_loss=0.3479 | entropy=8.1433 | ratio=0.9989 | approx_kl=0.0039 | optimizer_steps=4
update=698 | train_mean_reward=-23.9381 | train_mean_length=14.1875 | policy_loss=0.3295 | entropy=8.1426 | ratio=0.9983 | approx_kl=0.0053 | optimizer_steps=4
update=699 | train_mean_reward=-23.6568 | train_mean_length=14.3164 | policy_loss=0.3370 | entropy=8.1420 | ratio=1.0002 | approx_kl=0.0022 | optimizer_steps=4
update=700 | train_mean_reward=-22.4374 | train_mean_length=13.9414 | policy_loss=0.2788 | entropy=8.1415 | ratio=0.9981 | approx_kl=0.0047 | optimizer_steps=4 | eval_mean_reward=0.0390 | eval_mean_length=12.8750
update=701 | train_mean_reward=-22.4119 | train_mean_length=14.0273 | policy_loss=0.2888 | entropy=8.1410 | ratio=0.9985 | approx_kl=0.0041 | optimizer_steps=4
update=702 | train_mean_reward=-22.2962 | train_mean_length=13.5898 | policy_loss=0.3179 | entropy=8.1405 | ratio=0.9989 | approx_kl=0.0034 | optimizer_steps=4
update=703 | train_mean_reward=-22.5402 | train_mean_length=13.7344 | policy_loss=0.2992 | entropy=8.1397 | ratio=0.9995 | approx_kl=0.0028 | optimizer_steps=4
update=704 | train_mean_reward=-20.5511 | train_mean_length=12.3203 | policy_loss=0.3041 | entropy=8.1387 | ratio=0.9999 | approx_kl=0.0023 | optimizer_steps=4
update=705 | train_mean_reward=-22.2819 | train_mean_length=13.0781 | policy_loss=0.2729 | entropy=8.1377 | ratio=0.9973 | approx_kl=0.0062 | optimizer_steps=4 | eval_mean_reward=-3.6969 | eval_mean_length=8.8750
update=706 | train_mean_reward=-21.1774 | train_mean_length=12.4023 | policy_loss=0.2287 | entropy=8.1368 | ratio=0.9984 | approx_kl=0.0051 | optimizer_steps=4
update=707 | train_mean_reward=-22.4916 | train_mean_length=13.2734 | policy_loss=0.3049 | entropy=8.1360 | ratio=0.9987 | approx_kl=0.0044 | optimizer_steps=4
update=708 | train_mean_reward=-21.0461 | train_mean_length=12.4297 | policy_loss=0.2286 | entropy=8.1353 | ratio=0.9993 | approx_kl=0.0036 | optimizer_steps=4
update=709 | train_mean_reward=-20.7293 | train_mean_length=12.3867 | policy_loss=0.2449 | entropy=8.1345 | ratio=0.9984 | approx_kl=0.0049 | optimizer_steps=4
update=710 | train_mean_reward=-22.0213 | train_mean_length=13.3242 | policy_loss=0.2746 | entropy=8.1337 | ratio=0.9978 | approx_kl=0.0056 | optimizer_steps=4 | eval_mean_reward=-3.1609 | eval_mean_length=9.7500
update=711 | train_mean_reward=-21.2327 | train_mean_length=12.8906 | policy_loss=0.2601 | entropy=8.1331 | ratio=0.9987 | approx_kl=0.0042 | optimizer_steps=4
update=712 | train_mean_reward=-22.4141 | train_mean_length=13.5547 | policy_loss=0.2827 | entropy=8.1326 | ratio=1.0003 | approx_kl=0.0027 | optimizer_steps=4
update=713 | train_mean_reward=-21.9690 | train_mean_length=13.3750 | policy_loss=0.2979 | entropy=8.1320 | ratio=1.0012 | approx_kl=0.0018 | optimizer_steps=4
update=714 | train_mean_reward=-22.7796 | train_mean_length=13.9219 | policy_loss=0.3238 | entropy=8.1314 | ratio=0.9996 | approx_kl=0.0024 | optimizer_steps=4
update=715 | train_mean_reward=-22.8872 | train_mean_length=13.6836 | policy_loss=0.3273 | entropy=8.1307 | ratio=0.9982 | approx_kl=0.0036 | optimizer_steps=4 | eval_mean_reward=-3.8965 | eval_mean_length=8.0625
update=716 | train_mean_reward=-22.6958 | train_mean_length=13.6602 | policy_loss=0.3167 | entropy=8.1300 | ratio=0.9975 | approx_kl=0.0058 | optimizer_steps=4
update=717 | train_mean_reward=-21.6757 | train_mean_length=12.4688 | policy_loss=0.2665 | entropy=8.1292 | ratio=0.9996 | approx_kl=0.0039 | optimizer_steps=4
update=718 | train_mean_reward=-21.1130 | train_mean_length=12.5586 | policy_loss=0.2446 | entropy=8.1283 | ratio=0.9993 | approx_kl=0.0036 | optimizer_steps=4
update=719 | train_mean_reward=-21.8817 | train_mean_length=13.3242 | policy_loss=0.2568 | entropy=8.1275 | ratio=0.9990 | approx_kl=0.0034 | optimizer_steps=4
update=720 | train_mean_reward=-21.5689 | train_mean_length=12.7969 | policy_loss=0.2830 | entropy=8.1267 | ratio=1.0000 | approx_kl=0.0023 | optimizer_steps=4 | eval_mean_reward=-5.1618 | eval_mean_length=8.0000
update=721 | train_mean_reward=-22.7118 | train_mean_length=13.5234 | policy_loss=0.2972 | entropy=8.1260 | ratio=1.0000 | approx_kl=0.0024 | optimizer_steps=4
update=722 | train_mean_reward=-23.3654 | train_mean_length=13.7070 | policy_loss=0.3178 | entropy=8.1254 | ratio=0.9986 | approx_kl=0.0036 | optimizer_steps=4
update=723 | train_mean_reward=-22.8966 | train_mean_length=13.6523 | policy_loss=0.2864 | entropy=8.1247 | ratio=1.0010 | approx_kl=0.0015 | optimizer_steps=4
update=724 | train_mean_reward=-21.2131 | train_mean_length=12.5820 | policy_loss=0.2783 | entropy=8.1242 | ratio=0.9997 | approx_kl=0.0041 | optimizer_steps=4
update=725 | train_mean_reward=-20.2506 | train_mean_length=12.0938 | policy_loss=0.2643 | entropy=8.1236 | ratio=0.9984 | approx_kl=0.0040 | optimizer_steps=4 | eval_mean_reward=-2.4845 | eval_mean_length=9.1250
update=726 | train_mean_reward=-22.3627 | train_mean_length=13.1602 | policy_loss=0.2908 | entropy=8.1229 | ratio=0.9999 | approx_kl=0.0030 | optimizer_steps=4
update=727 | train_mean_reward=-20.7155 | train_mean_length=12.4141 | policy_loss=0.2437 | entropy=8.1221 | ratio=0.9983 | approx_kl=0.0039 | optimizer_steps=4
update=728 | train_mean_reward=-20.9876 | train_mean_length=12.5898 | policy_loss=0.2979 | entropy=8.1211 | ratio=1.0002 | approx_kl=0.0021 | optimizer_steps=4
update=729 | train_mean_reward=-21.3597 | train_mean_length=12.7070 | policy_loss=0.3112 | entropy=8.1199 | ratio=0.9989 | approx_kl=0.0038 | optimizer_steps=4
update=730 | train_mean_reward=-19.5611 | train_mean_length=11.8828 | policy_loss=0.2408 | entropy=8.1189 | ratio=0.9992 | approx_kl=0.0040 | optimizer_steps=4 | eval_mean_reward=-3.9210 | eval_mean_length=9.0625
update=731 | train_mean_reward=-20.8937 | train_mean_length=11.9961 | policy_loss=0.2513 | entropy=8.1179 | ratio=0.9979 | approx_kl=0.0040 | optimizer_steps=4
update=732 | train_mean_reward=-19.9399 | train_mean_length=12.1602 | policy_loss=0.2038 | entropy=8.1170 | ratio=1.0005 | approx_kl=0.0036 | optimizer_steps=4
update=733 | train_mean_reward=-21.0396 | train_mean_length=13.2461 | policy_loss=0.2663 | entropy=8.1162 | ratio=0.9994 | approx_kl=0.0037 | optimizer_steps=4
update=734 | train_mean_reward=-21.5723 | train_mean_length=13.2969 | policy_loss=0.2685 | entropy=8.1155 | ratio=0.9970 | approx_kl=0.0055 | optimizer_steps=4
update=735 | train_mean_reward=-22.3459 | train_mean_length=14.0039 | policy_loss=0.2819 | entropy=8.1148 | ratio=0.9979 | approx_kl=0.0047 | optimizer_steps=4 | eval_mean_reward=-3.6054 | eval_mean_length=9.0000
update=736 | train_mean_reward=-22.2988 | train_mean_length=13.7148 | policy_loss=0.3059 | entropy=8.1139 | ratio=0.9996 | approx_kl=0.0033 | optimizer_steps=4
update=737 | train_mean_reward=-22.0575 | train_mean_length=13.6523 | policy_loss=0.2736 | entropy=8.1130 | ratio=0.9987 | approx_kl=0.0039 | optimizer_steps=4
update=738 | train_mean_reward=-22.0995 | train_mean_length=13.5938 | policy_loss=0.2918 | entropy=8.1121 | ratio=0.9981 | approx_kl=0.0054 | optimizer_steps=4
update=739 | train_mean_reward=-21.9550 | train_mean_length=14.0117 | policy_loss=0.2964 | entropy=8.1110 | ratio=1.0001 | approx_kl=0.0022 | optimizer_steps=4
update=740 | train_mean_reward=-21.8142 | train_mean_length=13.8867 | policy_loss=0.2797 | entropy=8.1099 | ratio=0.9995 | approx_kl=0.0027 | optimizer_steps=4 | eval_mean_reward=-0.2126 | eval_mean_length=11.1875
update=741 | train_mean_reward=-21.3802 | train_mean_length=13.3164 | policy_loss=0.2881 | entropy=8.1088 | ratio=0.9991 | approx_kl=0.0034 | optimizer_steps=4
update=742 | train_mean_reward=-22.5702 | train_mean_length=13.7891 | policy_loss=0.3242 | entropy=8.1081 | ratio=0.9980 | approx_kl=0.0054 | optimizer_steps=4
update=743 | train_mean_reward=-23.1285 | train_mean_length=13.6680 | policy_loss=0.3073 | entropy=8.1074 | ratio=0.9990 | approx_kl=0.0037 | optimizer_steps=4
update=744 | train_mean_reward=-20.8914 | train_mean_length=12.9375 | policy_loss=0.2639 | entropy=8.1066 | ratio=0.9984 | approx_kl=0.0046 | optimizer_steps=4
update=745 | train_mean_reward=-21.6289 | train_mean_length=13.8203 | policy_loss=0.2824 | entropy=8.1055 | ratio=0.9994 | approx_kl=0.0024 | optimizer_steps=4 | eval_mean_reward=-1.7308 | eval_mean_length=8.1875
update=746 | train_mean_reward=-21.6543 | train_mean_length=13.1641 | policy_loss=0.2987 | entropy=8.1044 | ratio=0.9992 | approx_kl=0.0040 | optimizer_steps=4
update=747 | train_mean_reward=-21.8777 | train_mean_length=13.5469 | policy_loss=0.2862 | entropy=8.1034 | ratio=0.9988 | approx_kl=0.0043 | optimizer_steps=4
update=748 | train_mean_reward=-21.2016 | train_mean_length=13.4961 | policy_loss=0.2918 | entropy=8.1027 | ratio=0.9987 | approx_kl=0.0041 | optimizer_steps=4
update=749 | train_mean_reward=-21.2012 | train_mean_length=13.3906 | policy_loss=0.2969 | entropy=8.1022 | ratio=0.9988 | approx_kl=0.0039 | optimizer_steps=4
update=750 | train_mean_reward=-20.8095 | train_mean_length=12.6641 | policy_loss=0.2597 | entropy=8.1017 | ratio=1.0001 | approx_kl=0.0031 | optimizer_steps=4 | eval_mean_reward=-2.9709 | eval_mean_length=8.5000
update=751 | train_mean_reward=-21.2034 | train_mean_length=12.6992 | policy_loss=0.2754 | entropy=8.1013 | ratio=1.0006 | approx_kl=0.0019 | optimizer_steps=4
update=752 | train_mean_reward=-20.1019 | train_mean_length=12.3555 | policy_loss=0.2673 | entropy=8.1008 | ratio=0.9999 | approx_kl=0.0035 | optimizer_steps=4
update=753 | train_mean_reward=-21.5389 | train_mean_length=13.1875 | policy_loss=0.2831 | entropy=8.1000 | ratio=1.0002 | approx_kl=0.0026 | optimizer_steps=4
update=754 | train_mean_reward=-21.9182 | train_mean_length=13.4648 | policy_loss=0.3026 | entropy=8.0990 | ratio=0.9979 | approx_kl=0.0051 | optimizer_steps=4
update=755 | train_mean_reward=-20.9823 | train_mean_length=13.0234 | policy_loss=0.2925 | entropy=8.0981 | ratio=1.0009 | approx_kl=0.0023 | optimizer_steps=4 | eval_mean_reward=9.9335 | eval_mean_length=23.1250
update=756 | train_mean_reward=-22.6533 | train_mean_length=13.9766 | policy_loss=0.2747 | entropy=8.0972 | ratio=0.9996 | approx_kl=0.0041 | optimizer_steps=4
update=757 | train_mean_reward=-20.4849 | train_mean_length=13.1562 | policy_loss=0.2512 | entropy=8.0961 | ratio=0.9999 | approx_kl=0.0037 | optimizer_steps=4
update=758 | train_mean_reward=-21.8059 | train_mean_length=13.6133 | policy_loss=0.2854 | entropy=8.0949 | ratio=0.9998 | approx_kl=0.0032 | optimizer_steps=4
update=759 | train_mean_reward=-21.1350 | train_mean_length=13.2969 | policy_loss=0.2242 | entropy=8.0937 | ratio=0.9965 | approx_kl=0.0066 | optimizer_steps=4
update=760 | train_mean_reward=-21.1858 | train_mean_length=12.6367 | policy_loss=0.2605 | entropy=8.0930 | ratio=0.9989 | approx_kl=0.0032 | optimizer_steps=4 | eval_mean_reward=4.6365 | eval_mean_length=14.4375
update=761 | train_mean_reward=-20.8736 | train_mean_length=12.4336 | policy_loss=0.2432 | entropy=8.0922 | ratio=0.9991 | approx_kl=0.0048 | optimizer_steps=4
update=762 | train_mean_reward=-20.6545 | train_mean_length=12.7266 | policy_loss=0.2246 | entropy=8.0911 | ratio=1.0006 | approx_kl=0.0016 | optimizer_steps=4
update=763 | train_mean_reward=-20.4028 | train_mean_length=12.7383 | policy_loss=0.2338 | entropy=8.0901 | ratio=1.0000 | approx_kl=0.0027 | optimizer_steps=4
update=764 | train_mean_reward=-20.4269 | train_mean_length=12.1836 | policy_loss=0.2605 | entropy=8.0893 | ratio=1.0012 | approx_kl=0.0010 | optimizer_steps=4
update=765 | train_mean_reward=-20.9887 | train_mean_length=12.5430 | policy_loss=0.2634 | entropy=8.0885 | ratio=0.9996 | approx_kl=0.0031 | optimizer_steps=4 | eval_mean_reward=3.0437 | eval_mean_length=13.2500
update=766 | train_mean_reward=-20.9908 | train_mean_length=13.0742 | policy_loss=0.2794 | entropy=8.0877 | ratio=0.9977 | approx_kl=0.0056 | optimizer_steps=4
update=767 | train_mean_reward=-21.6838 | train_mean_length=13.3867 | policy_loss=0.2653 | entropy=8.0871 | ratio=0.9989 | approx_kl=0.0035 | optimizer_steps=4
update=768 | train_mean_reward=-22.3848 | train_mean_length=13.5195 | policy_loss=0.2971 | entropy=8.0866 | ratio=0.9988 | approx_kl=0.0033 | optimizer_steps=4
update=769 | train_mean_reward=-21.6408 | train_mean_length=13.6875 | policy_loss=0.2947 | entropy=8.0860 | ratio=0.9995 | approx_kl=0.0037 | optimizer_steps=4
update=770 | train_mean_reward=-22.4305 | train_mean_length=13.9414 | policy_loss=0.2761 | entropy=8.0855 | ratio=0.9982 | approx_kl=0.0048 | optimizer_steps=4 | eval_mean_reward=8.5129 | eval_mean_length=22.0625
update=771 | train_mean_reward=-22.0459 | train_mean_length=13.4102 | policy_loss=0.2647 | entropy=8.0850 | ratio=1.0001 | approx_kl=0.0031 | optimizer_steps=4
update=772 | train_mean_reward=-21.7425 | train_mean_length=12.9844 | policy_loss=0.2527 | entropy=8.0844 | ratio=0.9986 | approx_kl=0.0046 | optimizer_steps=4
update=773 | train_mean_reward=-21.6267 | train_mean_length=12.7422 | policy_loss=0.2927 | entropy=8.0837 | ratio=0.9991 | approx_kl=0.0034 | optimizer_steps=4
update=774 | train_mean_reward=-21.3235 | train_mean_length=12.9609 | policy_loss=0.2725 | entropy=8.0827 | ratio=0.9990 | approx_kl=0.0034 | optimizer_steps=4
update=775 | train_mean_reward=-21.2428 | train_mean_length=12.7109 | policy_loss=0.2631 | entropy=8.0817 | ratio=0.9986 | approx_kl=0.0053 | optimizer_steps=4 | eval_mean_reward=-3.0739 | eval_mean_length=10.0000
update=776 | train_mean_reward=-20.8915 | train_mean_length=12.7344 | policy_loss=0.2761 | entropy=8.0806 | ratio=0.9989 | approx_kl=0.0043 | optimizer_steps=4
update=777 | train_mean_reward=-21.8225 | train_mean_length=13.1094 | policy_loss=0.2720 | entropy=8.0796 | ratio=0.9979 | approx_kl=0.0048 | optimizer_steps=4
update=778 | train_mean_reward=-22.7925 | train_mean_length=13.6328 | policy_loss=0.2749 | entropy=8.0786 | ratio=0.9967 | approx_kl=0.0069 | optimizer_steps=4
update=779 | train_mean_reward=-22.7009 | train_mean_length=13.6914 | policy_loss=0.3013 | entropy=8.0778 | ratio=0.9999 | approx_kl=0.0024 | optimizer_steps=4
update=780 | train_mean_reward=-20.6476 | train_mean_length=13.0000 | policy_loss=0.2758 | entropy=8.0771 | ratio=0.9980 | approx_kl=0.0049 | optimizer_steps=4 | eval_mean_reward=2.0913 | eval_mean_length=13.3125
update=781 | train_mean_reward=-20.8846 | train_mean_length=13.1367 | policy_loss=0.2565 | entropy=8.0766 | ratio=0.9997 | approx_kl=0.0038 | optimizer_steps=4
update=782 | train_mean_reward=-23.6878 | train_mean_length=14.5898 | policy_loss=0.3043 | entropy=8.0760 | ratio=0.9996 | approx_kl=0.0039 | optimizer_steps=4
update=783 | train_mean_reward=-23.0994 | train_mean_length=14.2734 | policy_loss=0.2865 | entropy=8.0753 | ratio=1.0007 | approx_kl=0.0028 | optimizer_steps=4
update=784 | train_mean_reward=-21.6275 | train_mean_length=13.1719 | policy_loss=0.2792 | entropy=8.0746 | ratio=0.9983 | approx_kl=0.0046 | optimizer_steps=4
update=785 | train_mean_reward=-21.9785 | train_mean_length=13.3789 | policy_loss=0.2985 | entropy=8.0736 | ratio=0.9995 | approx_kl=0.0020 | optimizer_steps=4 | eval_mean_reward=0.2896 | eval_mean_length=14.1250
update=786 | train_mean_reward=-22.3541 | train_mean_length=13.9141 | policy_loss=0.2795 | entropy=8.0727 | ratio=0.9982 | approx_kl=0.0044 | optimizer_steps=4
update=787 | train_mean_reward=-22.1139 | train_mean_length=13.3672 | policy_loss=0.2727 | entropy=8.0720 | ratio=0.9980 | approx_kl=0.0046 | optimizer_steps=4
update=788 | train_mean_reward=-22.2371 | train_mean_length=13.6602 | policy_loss=0.2848 | entropy=8.0713 | ratio=0.9976 | approx_kl=0.0051 | optimizer_steps=4
update=789 | train_mean_reward=-21.0822 | train_mean_length=12.9023 | policy_loss=0.2109 | entropy=8.0705 | ratio=1.0003 | approx_kl=0.0021 | optimizer_steps=4
update=790 | train_mean_reward=-21.7477 | train_mean_length=13.1445 | policy_loss=0.2667 | entropy=8.0697 | ratio=0.9984 | approx_kl=0.0039 | optimizer_steps=4 | eval_mean_reward=0.8824 | eval_mean_length=13.4375
update=791 | train_mean_reward=-20.6675 | train_mean_length=12.8008 | policy_loss=0.2440 | entropy=8.0689 | ratio=0.9984 | approx_kl=0.0056 | optimizer_steps=4
update=792 | train_mean_reward=-21.9728 | train_mean_length=12.7578 | policy_loss=0.2605 | entropy=8.0681 | ratio=0.9972 | approx_kl=0.0056 | optimizer_steps=4
update=793 | train_mean_reward=-21.1078 | train_mean_length=12.8594 | policy_loss=0.2268 | entropy=8.0673 | ratio=1.0001 | approx_kl=0.0034 | optimizer_steps=4
update=794 | train_mean_reward=-21.8587 | train_mean_length=13.2383 | policy_loss=0.2506 | entropy=8.0665 | ratio=0.9987 | approx_kl=0.0041 | optimizer_steps=4
update=795 | train_mean_reward=-21.8496 | train_mean_length=13.9531 | policy_loss=0.2423 | entropy=8.0657 | ratio=0.9999 | approx_kl=0.0027 | optimizer_steps=4 | eval_mean_reward=0.3701 | eval_mean_length=15.0625
update=796 | train_mean_reward=-22.8311 | train_mean_length=14.4805 | policy_loss=0.2577 | entropy=8.0648 | ratio=0.9998 | approx_kl=0.0023 | optimizer_steps=4
update=797 | train_mean_reward=-23.8327 | train_mean_length=14.6484 | policy_loss=0.2933 | entropy=8.0639 | ratio=0.9977 | approx_kl=0.0058 | optimizer_steps=4
update=798 | train_mean_reward=-21.4448 | train_mean_length=13.3047 | policy_loss=0.2688 | entropy=8.0630 | ratio=0.9996 | approx_kl=0.0034 | optimizer_steps=4
update=799 | train_mean_reward=-21.5956 | train_mean_length=13.1758 | policy_loss=0.2841 | entropy=8.0621 | ratio=0.9993 | approx_kl=0.0039 | optimizer_steps=4
update=800 | train_mean_reward=-21.7836 | train_mean_length=13.3203 | policy_loss=0.2401 | entropy=8.0614 | ratio=0.9972 | approx_kl=0.0058 | optimizer_steps=4 | eval_mean_reward=0.2734 | eval_mean_length=14.8125
update=801 | train_mean_reward=-23.3337 | train_mean_length=13.7930 | policy_loss=0.2777 | entropy=8.0607 | ratio=0.9995 | approx_kl=0.0041 | optimizer_steps=4
update=802 | train_mean_reward=-21.3374 | train_mean_length=13.0312 | policy_loss=0.2053 | entropy=8.0601 | ratio=1.0006 | approx_kl=0.0027 | optimizer_steps=4
update=803 | train_mean_reward=-21.1518 | train_mean_length=13.0469 | policy_loss=0.2043 | entropy=8.0594 | ratio=0.9969 | approx_kl=0.0064 | optimizer_steps=4
update=804 | train_mean_reward=-19.0890 | train_mean_length=12.5156 | policy_loss=0.2094 | entropy=8.0588 | ratio=0.9993 | approx_kl=0.0026 | optimizer_steps=4
update=805 | train_mean_reward=-21.4190 | train_mean_length=13.3828 | policy_loss=0.2550 | entropy=8.0581 | ratio=0.9987 | approx_kl=0.0028 | optimizer_steps=4 | eval_mean_reward=0.1673 | eval_mean_length=13.8750
update=806 | train_mean_reward=-23.0865 | train_mean_length=13.9766 | policy_loss=0.2315 | entropy=8.0576 | ratio=0.9983 | approx_kl=0.0048 | optimizer_steps=4
update=807 | train_mean_reward=-21.2340 | train_mean_length=13.4727 | policy_loss=0.2185 | entropy=8.0569 | ratio=0.9989 | approx_kl=0.0037 | optimizer_steps=4
update=808 | train_mean_reward=-22.3973 | train_mean_length=14.0469 | policy_loss=0.2384 | entropy=8.0560 | ratio=0.9985 | approx_kl=0.0049 | optimizer_steps=4
update=809 | train_mean_reward=-23.5866 | train_mean_length=14.8086 | policy_loss=0.2239 | entropy=8.0551 | ratio=0.9986 | approx_kl=0.0043 | optimizer_steps=4
update=810 | train_mean_reward=-23.7904 | train_mean_length=14.6367 | policy_loss=0.2558 | entropy=8.0542 | ratio=0.9994 | approx_kl=0.0030 | optimizer_steps=4 | eval_mean_reward=-0.2343 | eval_mean_length=15.0000
update=811 | train_mean_reward=-22.3856 | train_mean_length=14.4531 | policy_loss=0.2639 | entropy=8.0535 | ratio=0.9994 | approx_kl=0.0040 | optimizer_steps=4
update=812 | train_mean_reward=-24.1317 | train_mean_length=15.3438 | policy_loss=0.2889 | entropy=8.0529 | ratio=0.9999 | approx_kl=0.0023 | optimizer_steps=4
update=813 | train_mean_reward=-21.8441 | train_mean_length=13.6797 | policy_loss=0.2669 | entropy=8.0522 | ratio=0.9992 | approx_kl=0.0031 | optimizer_steps=4
update=814 | train_mean_reward=-22.4271 | train_mean_length=14.1328 | policy_loss=0.2455 | entropy=8.0514 | ratio=0.9992 | approx_kl=0.0037 | optimizer_steps=4
update=815 | train_mean_reward=-20.8998 | train_mean_length=13.4922 | policy_loss=0.2399 | entropy=8.0505 | ratio=0.9978 | approx_kl=0.0043 | optimizer_steps=4 | eval_mean_reward=1.0680 | eval_mean_length=13.3750
update=816 | train_mean_reward=-21.7065 | train_mean_length=13.0430 | policy_loss=0.2285 | entropy=8.0495 | ratio=0.9975 | approx_kl=0.0058 | optimizer_steps=4
update=817 | train_mean_reward=-20.7286 | train_mean_length=13.0898 | policy_loss=0.2303 | entropy=8.0486 | ratio=0.9984 | approx_kl=0.0052 | optimizer_steps=4
update=818 | train_mean_reward=-21.7705 | train_mean_length=13.5898 | policy_loss=0.2607 | entropy=8.0477 | ratio=0.9999 | approx_kl=0.0025 | optimizer_steps=4
update=819 | train_mean_reward=-20.7572 | train_mean_length=12.8281 | policy_loss=0.2232 | entropy=8.0468 | ratio=1.0001 | approx_kl=0.0027 | optimizer_steps=4
update=820 | train_mean_reward=-22.0357 | train_mean_length=13.4023 | policy_loss=0.2039 | entropy=8.0460 | ratio=0.9989 | approx_kl=0.0043 | optimizer_steps=4 | eval_mean_reward=1.8827 | eval_mean_length=14.3125
update=821 | train_mean_reward=-21.2747 | train_mean_length=12.8750 | policy_loss=0.2623 | entropy=8.0453 | ratio=0.9993 | approx_kl=0.0032 | optimizer_steps=4
update=822 | train_mean_reward=-22.0842 | train_mean_length=14.0000 | policy_loss=0.2557 | entropy=8.0445 | ratio=1.0014 | approx_kl=0.0016 | optimizer_steps=4
update=823 | train_mean_reward=-23.8709 | train_mean_length=15.1250 | policy_loss=0.3284 | entropy=8.0437 | ratio=0.9982 | approx_kl=0.0045 | optimizer_steps=4
update=824 | train_mean_reward=-22.4798 | train_mean_length=14.6172 | policy_loss=0.2774 | entropy=8.0431 | ratio=0.9975 | approx_kl=0.0053 | optimizer_steps=4
update=825 | train_mean_reward=-22.3512 | train_mean_length=13.9961 | policy_loss=0.3043 | entropy=8.0425 | ratio=0.9998 | approx_kl=0.0025 | optimizer_steps=4 | eval_mean_reward=1.6487 | eval_mean_length=14.2500
update=826 | train_mean_reward=-23.9483 | train_mean_length=14.9453 | policy_loss=0.3432 | entropy=8.0418 | ratio=0.9985 | approx_kl=0.0052 | optimizer_steps=4
update=827 | train_mean_reward=-22.8297 | train_mean_length=14.7969 | policy_loss=0.2727 | entropy=8.0411 | ratio=0.9991 | approx_kl=0.0039 | optimizer_steps=4
update=828 | train_mean_reward=-23.4742 | train_mean_length=14.9648 | policy_loss=0.2839 | entropy=8.0401 | ratio=0.9994 | approx_kl=0.0047 | optimizer_steps=4
update=829 | train_mean_reward=-23.5491 | train_mean_length=14.7461 | policy_loss=0.3167 | entropy=8.0393 | ratio=0.9974 | approx_kl=0.0065 | optimizer_steps=4
update=830 | train_mean_reward=-21.4321 | train_mean_length=13.9062 | policy_loss=0.2574 | entropy=8.0386 | ratio=0.9986 | approx_kl=0.0042 | optimizer_steps=4 | eval_mean_reward=-3.3532 | eval_mean_length=11.3750
update=831 | train_mean_reward=-22.6428 | train_mean_length=14.0234 | policy_loss=0.2535 | entropy=8.0379 | ratio=0.9989 | approx_kl=0.0034 | optimizer_steps=4
update=832 | train_mean_reward=-20.3490 | train_mean_length=13.0508 | policy_loss=0.2181 | entropy=8.0373 | ratio=0.9997 | approx_kl=0.0025 | optimizer_steps=4
update=833 | train_mean_reward=-19.8953 | train_mean_length=13.1094 | policy_loss=0.2257 | entropy=8.0365 | ratio=0.9996 | approx_kl=0.0030 | optimizer_steps=4
update=834 | train_mean_reward=-22.5406 | train_mean_length=13.9727 | policy_loss=0.2503 | entropy=8.0356 | ratio=0.9993 | approx_kl=0.0029 | optimizer_steps=4
update=835 | train_mean_reward=-22.8529 | train_mean_length=14.5312 | policy_loss=0.2388 | entropy=8.0347 | ratio=0.9986 | approx_kl=0.0035 | optimizer_steps=4 | eval_mean_reward=-0.7744 | eval_mean_length=11.5625
update=836 | train_mean_reward=-22.1079 | train_mean_length=14.1406 | policy_loss=0.2301 | entropy=8.0338 | ratio=0.9991 | approx_kl=0.0042 | optimizer_steps=4
update=837 | train_mean_reward=-23.2954 | train_mean_length=15.0039 | policy_loss=0.2484 | entropy=8.0326 | ratio=0.9980 | approx_kl=0.0057 | optimizer_steps=4
update=838 | train_mean_reward=-22.6391 | train_mean_length=14.5312 | policy_loss=0.2585 | entropy=8.0314 | ratio=0.9995 | approx_kl=0.0033 | optimizer_steps=4
update=839 | train_mean_reward=-23.9105 | train_mean_length=15.0352 | policy_loss=0.2919 | entropy=8.0304 | ratio=0.9985 | approx_kl=0.0042 | optimizer_steps=4
update=840 | train_mean_reward=-23.4609 | train_mean_length=15.1406 | policy_loss=0.2953 | entropy=8.0297 | ratio=1.0003 | approx_kl=0.0023 | optimizer_steps=4 | eval_mean_reward=1.7832 | eval_mean_length=16.1875
update=841 | train_mean_reward=-25.0055 | train_mean_length=16.0625 | policy_loss=0.0971 | entropy=8.0290 | ratio=1.0048 | approx_kl=0.0019 | optimizer_steps=8
update=842 | train_mean_reward=-23.7789 | train_mean_length=15.9375 | policy_loss=0.2715 | entropy=8.0285 | ratio=0.9988 | approx_kl=0.0029 | optimizer_steps=4
update=843 | train_mean_reward=-24.6387 | train_mean_length=15.9844 | policy_loss=0.3058 | entropy=8.0281 | ratio=1.0000 | approx_kl=0.0017 | optimizer_steps=4
update=844 | train_mean_reward=-23.8611 | train_mean_length=15.9062 | policy_loss=0.2853 | entropy=8.0275 | ratio=0.9995 | approx_kl=0.0035 | optimizer_steps=4
update=845 | train_mean_reward=-24.9453 | train_mean_length=15.8398 | policy_loss=0.2721 | entropy=8.0267 | ratio=0.9991 | approx_kl=0.0033 | optimizer_steps=4 | eval_mean_reward=0.7713 | eval_mean_length=17.8750
update=846 | train_mean_reward=-23.8461 | train_mean_length=15.5156 | policy_loss=0.3027 | entropy=8.0259 | ratio=0.9975 | approx_kl=0.0045 | optimizer_steps=4
update=847 | train_mean_reward=-24.2001 | train_mean_length=15.8711 | policy_loss=0.2705 | entropy=8.0249 | ratio=0.9997 | approx_kl=0.0038 | optimizer_steps=4
update=848 | train_mean_reward=-24.6120 | train_mean_length=15.8867 | policy_loss=0.2699 | entropy=8.0241 | ratio=1.0003 | approx_kl=0.0028 | optimizer_steps=4
update=849 | train_mean_reward=-24.1119 | train_mean_length=15.7695 | policy_loss=0.2575 | entropy=8.0233 | ratio=0.9996 | approx_kl=0.0028 | optimizer_steps=4
update=850 | train_mean_reward=-24.2739 | train_mean_length=16.0547 | policy_loss=0.1535 | entropy=8.0224 | ratio=1.0023 | approx_kl=0.0059 | optimizer_steps=8 | eval_mean_reward=2.6961 | eval_mean_length=21.1875
update=851 | train_mean_reward=-25.4155 | train_mean_length=16.5469 | policy_loss=0.2323 | entropy=8.0217 | ratio=0.9961 | approx_kl=0.0101 | optimizer_steps=8
update=852 | train_mean_reward=-24.5199 | train_mean_length=15.5977 | policy_loss=0.3003 | entropy=8.0214 | ratio=0.9986 | approx_kl=0.0039 | optimizer_steps=4
update=853 | train_mean_reward=-25.6924 | train_mean_length=15.9258 | policy_loss=0.2751 | entropy=8.0210 | ratio=1.0002 | approx_kl=0.0019 | optimizer_steps=4
update=854 | train_mean_reward=-23.5674 | train_mean_length=15.5820 | policy_loss=0.2218 | entropy=8.0205 | ratio=1.0001 | approx_kl=0.0027 | optimizer_steps=4
update=855 | train_mean_reward=-23.4621 | train_mean_length=15.3633 | policy_loss=0.2746 | entropy=8.0199 | ratio=1.0000 | approx_kl=0.0022 | optimizer_steps=4 | eval_mean_reward=2.5403 | eval_mean_length=23.2500
update=856 | train_mean_reward=-25.1902 | train_mean_length=16.1328 | policy_loss=0.2631 | entropy=8.0190 | ratio=1.0049 | approx_kl=0.0048 | optimizer_steps=8
update=857 | train_mean_reward=-24.7043 | train_mean_length=15.6055 | policy_loss=0.2500 | entropy=8.0185 | ratio=0.9998 | approx_kl=0.0015 | optimizer_steps=4
update=858 | train_mean_reward=-23.3360 | train_mean_length=15.4062 | policy_loss=0.2638 | entropy=8.0179 | ratio=0.9984 | approx_kl=0.0044 | optimizer_steps=4
update=859 | train_mean_reward=-24.1016 | train_mean_length=15.4453 | policy_loss=0.2571 | entropy=8.0172 | ratio=0.9992 | approx_kl=0.0035 | optimizer_steps=4
update=860 | train_mean_reward=-24.3145 | train_mean_length=15.3320 | policy_loss=0.2458 | entropy=8.0165 | ratio=0.9997 | approx_kl=0.0028 | optimizer_steps=4 | eval_mean_reward=2.1872 | eval_mean_length=17.6875
update=861 | train_mean_reward=-21.0835 | train_mean_length=14.0859 | policy_loss=0.2361 | entropy=8.0157 | ratio=0.9987 | approx_kl=0.0035 | optimizer_steps=4
update=862 | train_mean_reward=-22.5112 | train_mean_length=14.3008 | policy_loss=0.2726 | entropy=8.0149 | ratio=0.9996 | approx_kl=0.0025 | optimizer_steps=4
update=863 | train_mean_reward=-23.9345 | train_mean_length=15.0039 | policy_loss=0.2495 | entropy=8.0139 | ratio=0.9993 | approx_kl=0.0030 | optimizer_steps=4
update=864 | train_mean_reward=-23.7073 | train_mean_length=15.2500 | policy_loss=0.2769 | entropy=8.0127 | ratio=0.9985 | approx_kl=0.0046 | optimizer_steps=4
update=865 | train_mean_reward=-24.4310 | train_mean_length=15.4766 | policy_loss=0.2620 | entropy=8.0114 | ratio=0.9982 | approx_kl=0.0047 | optimizer_steps=4 | eval_mean_reward=6.0286 | eval_mean_length=23.0625
update=866 | train_mean_reward=-22.3444 | train_mean_length=14.6328 | policy_loss=0.2348 | entropy=8.0101 | ratio=0.9982 | approx_kl=0.0048 | optimizer_steps=4
update=867 | train_mean_reward=-25.0073 | train_mean_length=15.5977 | policy_loss=0.2956 | entropy=8.0093 | ratio=1.0004 | approx_kl=0.0024 | optimizer_steps=4
update=868 | train_mean_reward=-23.3995 | train_mean_length=15.3398 | policy_loss=0.2682 | entropy=8.0087 | ratio=0.9983 | approx_kl=0.0047 | optimizer_steps=4
update=869 | train_mean_reward=-25.0846 | train_mean_length=16.2969 | policy_loss=0.2582 | entropy=8.0078 | ratio=0.9957 | approx_kl=0.0150 | optimizer_steps=8
update=870 | train_mean_reward=-24.7497 | train_mean_length=15.8320 | policy_loss=0.2740 | entropy=8.0071 | ratio=0.9988 | approx_kl=0.0027 | optimizer_steps=4 | eval_mean_reward=2.2299 | eval_mean_length=26.2500
update=871 | train_mean_reward=-24.7932 | train_mean_length=15.8828 | policy_loss=0.2829 | entropy=8.0063 | ratio=0.9969 | approx_kl=0.0067 | optimizer_steps=4
update=872 | train_mean_reward=-24.1366 | train_mean_length=15.1953 | policy_loss=0.2351 | entropy=8.0053 | ratio=0.9987 | approx_kl=0.0042 | optimizer_steps=4
update=873 | train_mean_reward=-22.8468 | train_mean_length=14.2891 | policy_loss=0.2671 | entropy=8.0043 | ratio=0.9988 | approx_kl=0.0050 | optimizer_steps=4
update=874 | train_mean_reward=-22.7289 | train_mean_length=14.1680 | policy_loss=0.2834 | entropy=8.0034 | ratio=1.0011 | approx_kl=0.0016 | optimizer_steps=4
update=875 | train_mean_reward=-22.0366 | train_mean_length=13.9023 | policy_loss=0.2512 | entropy=8.0023 | ratio=0.9982 | approx_kl=0.0044 | optimizer_steps=4 | eval_mean_reward=0.7966 | eval_mean_length=19.9375
update=876 | train_mean_reward=-23.1434 | train_mean_length=14.2305 | policy_loss=0.2741 | entropy=8.0013 | ratio=1.0013 | approx_kl=0.0022 | optimizer_steps=4
update=877 | train_mean_reward=-21.1514 | train_mean_length=13.6914 | policy_loss=0.2266 | entropy=8.0003 | ratio=0.9998 | approx_kl=0.0037 | optimizer_steps=4
update=878 | train_mean_reward=-24.2933 | train_mean_length=15.3516 | policy_loss=0.2723 | entropy=7.9994 | ratio=0.9980 | approx_kl=0.0041 | optimizer_steps=4
update=879 | train_mean_reward=-24.4085 | train_mean_length=15.2539 | policy_loss=0.2618 | entropy=7.9986 | ratio=0.9988 | approx_kl=0.0037 | optimizer_steps=4
update=880 | train_mean_reward=-23.3904 | train_mean_length=14.9180 | policy_loss=0.2864 | entropy=7.9978 | ratio=0.9988 | approx_kl=0.0036 | optimizer_steps=4 | eval_mean_reward=-0.6184 | eval_mean_length=26.1250
update=881 | train_mean_reward=-21.9727 | train_mean_length=14.2578 | policy_loss=0.2768 | entropy=7.9971 | ratio=0.9989 | approx_kl=0.0044 | optimizer_steps=4
update=882 | train_mean_reward=-21.4517 | train_mean_length=13.6406 | policy_loss=0.1973 | entropy=7.9964 | ratio=1.0000 | approx_kl=0.0025 | optimizer_steps=4
update=883 | train_mean_reward=-22.0832 | train_mean_length=13.9688 | policy_loss=0.2416 | entropy=7.9957 | ratio=0.9996 | approx_kl=0.0035 | optimizer_steps=4
update=884 | train_mean_reward=-21.5157 | train_mean_length=13.7969 | policy_loss=0.2003 | entropy=7.9948 | ratio=0.9971 | approx_kl=0.0054 | optimizer_steps=4
update=885 | train_mean_reward=-22.2378 | train_mean_length=13.9648 | policy_loss=0.2156 | entropy=7.9939 | ratio=0.9993 | approx_kl=0.0032 | optimizer_steps=4 | eval_mean_reward=1.1696 | eval_mean_length=29.5625
update=886 | train_mean_reward=-21.0642 | train_mean_length=13.1406 | policy_loss=0.2250 | entropy=7.9929 | ratio=0.9986 | approx_kl=0.0045 | optimizer_steps=4
update=887 | train_mean_reward=-21.5253 | train_mean_length=13.4648 | policy_loss=0.2600 | entropy=7.9918 | ratio=1.0001 | approx_kl=0.0022 | optimizer_steps=4
update=888 | train_mean_reward=-21.1642 | train_mean_length=13.1680 | policy_loss=0.2526 | entropy=7.9906 | ratio=1.0001 | approx_kl=0.0033 | optimizer_steps=4
update=889 | train_mean_reward=-21.0413 | train_mean_length=13.1641 | policy_loss=0.2711 | entropy=7.9897 | ratio=1.0000 | approx_kl=0.0016 | optimizer_steps=4
update=890 | train_mean_reward=-21.9185 | train_mean_length=13.3242 | policy_loss=0.2476 | entropy=7.9887 | ratio=0.9984 | approx_kl=0.0041 | optimizer_steps=4 | eval_mean_reward=3.3474 | eval_mean_length=27.6875
update=891 | train_mean_reward=-20.5606 | train_mean_length=13.2266 | policy_loss=0.2087 | entropy=7.9877 | ratio=0.9998 | approx_kl=0.0025 | optimizer_steps=4
update=892 | train_mean_reward=-21.2208 | train_mean_length=13.8086 | policy_loss=0.2447 | entropy=7.9866 | ratio=0.9995 | approx_kl=0.0036 | optimizer_steps=4
update=893 | train_mean_reward=-22.5025 | train_mean_length=14.2773 | policy_loss=0.2578 | entropy=7.9858 | ratio=0.9983 | approx_kl=0.0048 | optimizer_steps=4
update=894 | train_mean_reward=-22.1086 | train_mean_length=14.3594 | policy_loss=0.2696 | entropy=7.9851 | ratio=0.9986 | approx_kl=0.0043 | optimizer_steps=4
update=895 | train_mean_reward=-21.8843 | train_mean_length=13.7266 | policy_loss=0.2815 | entropy=7.9843 | ratio=1.0001 | approx_kl=0.0037 | optimizer_steps=4 | eval_mean_reward=6.2151 | eval_mean_length=28.6250
update=896 | train_mean_reward=-21.2847 | train_mean_length=13.7695 | policy_loss=0.2608 | entropy=7.9834 | ratio=0.9980 | approx_kl=0.0050 | optimizer_steps=4
update=897 | train_mean_reward=-20.7435 | train_mean_length=12.8125 | policy_loss=0.2242 | entropy=7.9821 | ratio=0.9993 | approx_kl=0.0028 | optimizer_steps=4
update=898 | train_mean_reward=-22.2683 | train_mean_length=13.8672 | policy_loss=0.3104 | entropy=7.9807 | ratio=0.9981 | approx_kl=0.0053 | optimizer_steps=4
update=899 | train_mean_reward=-20.6332 | train_mean_length=12.5898 | policy_loss=0.2238 | entropy=7.9794 | ratio=0.9988 | approx_kl=0.0031 | optimizer_steps=4
update=900 | train_mean_reward=-19.5798 | train_mean_length=12.2070 | policy_loss=0.2311 | entropy=7.9784 | ratio=1.0000 | approx_kl=0.0031 | optimizer_steps=4 | eval_mean_reward=4.7046 | eval_mean_length=28.1250
update=901 | train_mean_reward=-22.1311 | train_mean_length=13.1406 | policy_loss=0.2997 | entropy=7.9776 | ratio=0.9983 | approx_kl=0.0048 | optimizer_steps=4
update=902 | train_mean_reward=-21.5188 | train_mean_length=13.0664 | policy_loss=0.2976 | entropy=7.9767 | ratio=0.9997 | approx_kl=0.0025 | optimizer_steps=4
update=903 | train_mean_reward=-20.3953 | train_mean_length=12.5742 | policy_loss=0.2460 | entropy=7.9758 | ratio=0.9979 | approx_kl=0.0048 | optimizer_steps=4
update=904 | train_mean_reward=-21.9022 | train_mean_length=14.0312 | policy_loss=0.3131 | entropy=7.9750 | ratio=0.9985 | approx_kl=0.0053 | optimizer_steps=4
update=905 | train_mean_reward=-25.6224 | train_mean_length=15.6758 | policy_loss=0.3552 | entropy=7.9744 | ratio=0.9998 | approx_kl=0.0023 | optimizer_steps=4 | eval_mean_reward=3.0215 | eval_mean_length=26.7500
update=906 | train_mean_reward=-24.2135 | train_mean_length=15.1289 | policy_loss=0.3392 | entropy=7.9740 | ratio=0.9972 | approx_kl=0.0054 | optimizer_steps=4
update=907 | train_mean_reward=-25.5306 | train_mean_length=15.5664 | policy_loss=0.3676 | entropy=7.9733 | ratio=0.9989 | approx_kl=0.0039 | optimizer_steps=4
update=908 | train_mean_reward=-24.7733 | train_mean_length=14.9258 | policy_loss=0.3369 | entropy=7.9725 | ratio=0.9999 | approx_kl=0.0021 | optimizer_steps=4
update=909 | train_mean_reward=-24.4520 | train_mean_length=15.2656 | policy_loss=0.2986 | entropy=7.9716 | ratio=0.9984 | approx_kl=0.0047 | optimizer_steps=4
update=910 | train_mean_reward=-22.6966 | train_mean_length=14.9375 | policy_loss=0.2584 | entropy=7.9706 | ratio=1.0003 | approx_kl=0.0026 | optimizer_steps=4 | eval_mean_reward=4.1620 | eval_mean_length=28.6875
update=911 | train_mean_reward=-22.6982 | train_mean_length=14.4688 | policy_loss=0.2750 | entropy=7.9696 | ratio=0.9986 | approx_kl=0.0034 | optimizer_steps=4
update=912 | train_mean_reward=-23.8556 | train_mean_length=15.1562 | policy_loss=0.2968 | entropy=7.9686 | ratio=0.9983 | approx_kl=0.0043 | optimizer_steps=4
update=913 | train_mean_reward=-22.8922 | train_mean_length=14.5508 | policy_loss=0.3091 | entropy=7.9677 | ratio=1.0012 | approx_kl=0.0023 | optimizer_steps=4
update=914 | train_mean_reward=-20.2170 | train_mean_length=12.7070 | policy_loss=0.2112 | entropy=7.9666 | ratio=0.9986 | approx_kl=0.0043 | optimizer_steps=4
update=915 | train_mean_reward=-20.1741 | train_mean_length=13.0430 | policy_loss=0.2413 | entropy=7.9655 | ratio=0.9986 | approx_kl=0.0051 | optimizer_steps=4 | eval_mean_reward=5.9538 | eval_mean_length=31.4375
update=916 | train_mean_reward=-21.4110 | train_mean_length=13.6719 | policy_loss=0.3028 | entropy=7.9643 | ratio=0.9994 | approx_kl=0.0029 | optimizer_steps=4
update=917 | train_mean_reward=-21.6240 | train_mean_length=13.8008 | policy_loss=0.2932 | entropy=7.9634 | ratio=0.9993 | approx_kl=0.0029 | optimizer_steps=4
update=918 | train_mean_reward=-20.2282 | train_mean_length=12.6680 | policy_loss=0.2369 | entropy=7.9626 | ratio=0.9999 | approx_kl=0.0033 | optimizer_steps=4
update=919 | train_mean_reward=-21.1237 | train_mean_length=13.4062 | policy_loss=0.2798 | entropy=7.9618 | ratio=0.9984 | approx_kl=0.0051 | optimizer_steps=4
update=920 | train_mean_reward=-20.5263 | train_mean_length=13.3477 | policy_loss=0.2264 | entropy=7.9611 | ratio=0.9999 | approx_kl=0.0033 | optimizer_steps=4 | eval_mean_reward=4.5693 | eval_mean_length=23.5625
update=921 | train_mean_reward=-20.5286 | train_mean_length=12.8555 | policy_loss=0.2294 | entropy=7.9604 | ratio=1.0001 | approx_kl=0.0028 | optimizer_steps=4
update=922 | train_mean_reward=-21.4461 | train_mean_length=13.1641 | policy_loss=0.2697 | entropy=7.9596 | ratio=1.0021 | approx_kl=0.0000 | optimizer_steps=4
update=923 | train_mean_reward=-21.0454 | train_mean_length=13.4961 | policy_loss=0.2699 | entropy=7.9584 | ratio=0.9992 | approx_kl=0.0032 | optimizer_steps=4
update=924 | train_mean_reward=-20.6482 | train_mean_length=13.3047 | policy_loss=0.2630 | entropy=7.9572 | ratio=0.9971 | approx_kl=0.0056 | optimizer_steps=4
update=925 | train_mean_reward=-22.6332 | train_mean_length=14.1562 | policy_loss=0.2885 | entropy=7.9560 | ratio=0.9990 | approx_kl=0.0030 | optimizer_steps=4 | eval_mean_reward=2.6738 | eval_mean_length=25.4375
update=926 | train_mean_reward=-22.3609 | train_mean_length=14.9453 | policy_loss=0.2921 | entropy=7.9548 | ratio=0.9998 | approx_kl=0.0027 | optimizer_steps=4
update=927 | train_mean_reward=-21.6291 | train_mean_length=14.2422 | policy_loss=0.2898 | entropy=7.9535 | ratio=0.9991 | approx_kl=0.0031 | optimizer_steps=4
update=928 | train_mean_reward=-23.1145 | train_mean_length=14.5312 | policy_loss=0.2746 | entropy=7.9521 | ratio=0.9994 | approx_kl=0.0026 | optimizer_steps=4
update=929 | train_mean_reward=-22.7658 | train_mean_length=14.8711 | policy_loss=0.2565 | entropy=7.9509 | ratio=0.9991 | approx_kl=0.0032 | optimizer_steps=4
update=930 | train_mean_reward=-21.9174 | train_mean_length=13.9766 | policy_loss=0.2743 | entropy=7.9496 | ratio=0.9997 | approx_kl=0.0027 | optimizer_steps=4 | eval_mean_reward=2.2126 | eval_mean_length=27.7500
update=931 | train_mean_reward=-21.9316 | train_mean_length=13.7734 | policy_loss=0.2484 | entropy=7.9483 | ratio=0.9996 | approx_kl=0.0040 | optimizer_steps=4
update=932 | train_mean_reward=-21.1917 | train_mean_length=13.5820 | policy_loss=0.2567 | entropy=7.9470 | ratio=0.9991 | approx_kl=0.0034 | optimizer_steps=4
update=933 | train_mean_reward=-21.2361 | train_mean_length=13.4141 | policy_loss=0.2116 | entropy=7.9459 | ratio=0.9981 | approx_kl=0.0045 | optimizer_steps=4
update=934 | train_mean_reward=-23.2812 | train_mean_length=14.5352 | policy_loss=0.2443 | entropy=7.9450 | ratio=1.0009 | approx_kl=0.0021 | optimizer_steps=4
update=935 | train_mean_reward=-22.6170 | train_mean_length=14.4141 | policy_loss=0.2713 | entropy=7.9440 | ratio=1.0004 | approx_kl=0.0020 | optimizer_steps=4 | eval_mean_reward=0.5052 | eval_mean_length=28.3750
update=936 | train_mean_reward=-22.5832 | train_mean_length=14.3438 | policy_loss=0.2660 | entropy=7.9431 | ratio=0.9982 | approx_kl=0.0049 | optimizer_steps=4
update=937 | train_mean_reward=-21.0326 | train_mean_length=14.0000 | policy_loss=0.2738 | entropy=7.9423 | ratio=0.9991 | approx_kl=0.0035 | optimizer_steps=4
update=938 | train_mean_reward=-22.8181 | train_mean_length=14.3594 | policy_loss=0.2493 | entropy=7.9418 | ratio=0.9987 | approx_kl=0.0043 | optimizer_steps=4
update=939 | train_mean_reward=-22.6359 | train_mean_length=14.5000 | policy_loss=0.2288 | entropy=7.9412 | ratio=0.9979 | approx_kl=0.0041 | optimizer_steps=4
update=940 | train_mean_reward=-22.9477 | train_mean_length=15.2852 | policy_loss=0.2825 | entropy=7.9404 | ratio=0.9973 | approx_kl=0.0046 | optimizer_steps=4 | eval_mean_reward=-1.2846 | eval_mean_length=23.5625
update=941 | train_mean_reward=-24.1628 | train_mean_length=15.3711 | policy_loss=0.2633 | entropy=7.9397 | ratio=0.9998 | approx_kl=0.0022 | optimizer_steps=4
update=942 | train_mean_reward=-22.6148 | train_mean_length=14.7500 | policy_loss=0.2307 | entropy=7.9389 | ratio=0.9990 | approx_kl=0.0041 | optimizer_steps=4
update=943 | train_mean_reward=-24.2577 | train_mean_length=15.7617 | policy_loss=0.2484 | entropy=7.9381 | ratio=1.0007 | approx_kl=0.0016 | optimizer_steps=4
update=944 | train_mean_reward=-23.0742 | train_mean_length=15.2227 | policy_loss=0.2454 | entropy=7.9371 | ratio=0.9974 | approx_kl=0.0055 | optimizer_steps=4
update=945 | train_mean_reward=-24.0127 | train_mean_length=15.8867 | policy_loss=0.2278 | entropy=7.9363 | ratio=0.9978 | approx_kl=0.0056 | optimizer_steps=4 | eval_mean_reward=0.1875 | eval_mean_length=28.5000
update=946 | train_mean_reward=-23.9641 | train_mean_length=16.2695 | policy_loss=0.3166 | entropy=7.9351 | ratio=1.0043 | approx_kl=0.0050 | optimizer_steps=8
update=947 | train_mean_reward=-23.6241 | train_mean_length=15.3086 | policy_loss=0.2866 | entropy=7.9341 | ratio=0.9989 | approx_kl=0.0033 | optimizer_steps=4
update=948 | train_mean_reward=-23.5465 | train_mean_length=15.5391 | policy_loss=0.2596 | entropy=7.9333 | ratio=1.0000 | approx_kl=0.0036 | optimizer_steps=4
update=949 | train_mean_reward=-23.3209 | train_mean_length=15.1719 | policy_loss=0.2521 | entropy=7.9323 | ratio=0.9990 | approx_kl=0.0032 | optimizer_steps=4
update=950 | train_mean_reward=-24.7289 | train_mean_length=15.9375 | policy_loss=0.2701 | entropy=7.9316 | ratio=0.9982 | approx_kl=0.0047 | optimizer_steps=4 | eval_mean_reward=-0.8660 | eval_mean_length=15.3125
update=951 | train_mean_reward=-23.2785 | train_mean_length=15.1172 | policy_loss=0.2268 | entropy=7.9308 | ratio=0.9993 | approx_kl=0.0038 | optimizer_steps=4
update=952 | train_mean_reward=-23.7211 | train_mean_length=15.3555 | policy_loss=0.2138 | entropy=7.9300 | ratio=0.9992 | approx_kl=0.0042 | optimizer_steps=4
update=953 | train_mean_reward=-23.7459 | train_mean_length=15.9062 | policy_loss=0.2588 | entropy=7.9291 | ratio=0.9983 | approx_kl=0.0041 | optimizer_steps=4
update=954 | train_mean_reward=-23.5160 | train_mean_length=15.5547 | policy_loss=0.2221 | entropy=7.9281 | ratio=0.9992 | approx_kl=0.0029 | optimizer_steps=4
update=955 | train_mean_reward=-23.0438 | train_mean_length=15.0430 | policy_loss=0.2006 | entropy=7.9269 | ratio=0.9988 | approx_kl=0.0038 | optimizer_steps=4 | eval_mean_reward=2.8996 | eval_mean_length=20.0625
update=956 | train_mean_reward=-23.8023 | train_mean_length=15.5312 | policy_loss=0.2276 | entropy=7.9257 | ratio=0.9992 | approx_kl=0.0037 | optimizer_steps=4
update=957 | train_mean_reward=-24.0819 | train_mean_length=15.7383 | policy_loss=0.1840 | entropy=7.9244 | ratio=1.0003 | approx_kl=0.0023 | optimizer_steps=4
update=958 | train_mean_reward=-23.4218 | train_mean_length=15.2773 | policy_loss=0.2174 | entropy=7.9232 | ratio=0.9987 | approx_kl=0.0043 | optimizer_steps=4
update=959 | train_mean_reward=-24.2362 | train_mean_length=16.1719 | policy_loss=0.2652 | entropy=7.9216 | ratio=1.0028 | approx_kl=0.0142 | optimizer_steps=7 | early_stop=1 | early_stop_kl=0.0745
update=960 | train_mean_reward=-24.0439 | train_mean_length=15.8516 | policy_loss=0.2535 | entropy=7.9203 | ratio=0.9993 | approx_kl=0.0027 | optimizer_steps=4 | eval_mean_reward=4.3527 | eval_mean_length=23.0000
update=961 | train_mean_reward=-24.4515 | train_mean_length=16.1523 | policy_loss=0.2722 | entropy=7.9191 | ratio=1.0029 | approx_kl=0.0040 | optimizer_steps=8
update=962 | train_mean_reward=-25.7624 | train_mean_length=16.9141 | policy_loss=0.2421 | entropy=7.9176 | ratio=0.9944 | approx_kl=0.0121 | optimizer_steps=8
update=963 | train_mean_reward=-25.0328 | train_mean_length=16.7734 | policy_loss=0.2577 | entropy=7.9168 | ratio=1.0000 | approx_kl=0.0062 | optimizer_steps=8
update=964 | train_mean_reward=-24.8468 | train_mean_length=15.9453 | policy_loss=0.2420 | entropy=7.9164 | ratio=0.9993 | approx_kl=0.0029 | optimizer_steps=4
update=965 | train_mean_reward=-23.5230 | train_mean_length=15.7578 | policy_loss=0.2246 | entropy=7.9160 | ratio=1.0004 | approx_kl=0.0031 | optimizer_steps=4 | eval_mean_reward=7.6222 | eval_mean_length=32.8125
update=966 | train_mean_reward=-22.9685 | train_mean_length=15.3320 | policy_loss=0.2447 | entropy=7.9154 | ratio=0.9990 | approx_kl=0.0036 | optimizer_steps=4
update=967 | train_mean_reward=-22.8061 | train_mean_length=15.3477 | policy_loss=0.2770 | entropy=7.9148 | ratio=1.0015 | approx_kl=0.0020 | optimizer_steps=4
update=968 | train_mean_reward=-21.5060 | train_mean_length=14.0586 | policy_loss=0.2570 | entropy=7.9141 | ratio=0.9992 | approx_kl=0.0028 | optimizer_steps=4
update=969 | train_mean_reward=-21.9356 | train_mean_length=14.7734 | policy_loss=0.2538 | entropy=7.9133 | ratio=0.9986 | approx_kl=0.0041 | optimizer_steps=4
update=970 | train_mean_reward=-22.5103 | train_mean_length=14.5430 | policy_loss=0.2704 | entropy=7.9125 | ratio=1.0000 | approx_kl=0.0033 | optimizer_steps=4 | eval_mean_reward=3.6137 | eval_mean_length=16.0000
update=971 | train_mean_reward=-21.7681 | train_mean_length=14.3984 | policy_loss=0.2924 | entropy=7.9115 | ratio=0.9997 | approx_kl=0.0033 | optimizer_steps=4
update=972 | train_mean_reward=-21.1703 | train_mean_length=13.9766 | policy_loss=0.2205 | entropy=7.9103 | ratio=0.9987 | approx_kl=0.0035 | optimizer_steps=4
update=973 | train_mean_reward=-21.5942 | train_mean_length=13.8984 | policy_loss=0.2366 | entropy=7.9091 | ratio=0.9993 | approx_kl=0.0036 | optimizer_steps=4
update=974 | train_mean_reward=-23.0586 | train_mean_length=14.6289 | policy_loss=0.2364 | entropy=7.9080 | ratio=0.9987 | approx_kl=0.0036 | optimizer_steps=4
update=975 | train_mean_reward=-23.2919 | train_mean_length=15.2070 | policy_loss=0.2811 | entropy=7.9069 | ratio=0.9984 | approx_kl=0.0040 | optimizer_steps=4 | eval_mean_reward=1.4989 | eval_mean_length=16.0625
update=976 | train_mean_reward=-23.5220 | train_mean_length=15.2773 | policy_loss=0.2753 | entropy=7.9061 | ratio=0.9978 | approx_kl=0.0053 | optimizer_steps=4
update=977 | train_mean_reward=-22.1054 | train_mean_length=14.5156 | policy_loss=0.3048 | entropy=7.9053 | ratio=0.9969 | approx_kl=0.0059 | optimizer_steps=4
update=978 | train_mean_reward=-21.3924 | train_mean_length=13.7930 | policy_loss=0.2616 | entropy=7.9047 | ratio=0.9996 | approx_kl=0.0027 | optimizer_steps=4
update=979 | train_mean_reward=-22.8421 | train_mean_length=14.6602 | policy_loss=0.2516 | entropy=7.9040 | ratio=0.9998 | approx_kl=0.0027 | optimizer_steps=4
update=980 | train_mean_reward=-22.2694 | train_mean_length=14.0625 | policy_loss=0.2261 | entropy=7.9032 | ratio=0.9975 | approx_kl=0.0058 | optimizer_steps=4 | eval_mean_reward=6.3162 | eval_mean_length=16.3750
update=981 | train_mean_reward=-21.9291 | train_mean_length=14.1523 | policy_loss=0.2478 | entropy=7.9022 | ratio=0.9988 | approx_kl=0.0035 | optimizer_steps=4
update=982 | train_mean_reward=-21.0217 | train_mean_length=13.6016 | policy_loss=0.2543 | entropy=7.9015 | ratio=0.9978 | approx_kl=0.0052 | optimizer_steps=4
update=983 | train_mean_reward=-21.7680 | train_mean_length=13.7812 | policy_loss=0.2669 | entropy=7.9007 | ratio=0.9987 | approx_kl=0.0044 | optimizer_steps=4
update=984 | train_mean_reward=-21.3230 | train_mean_length=13.5547 | policy_loss=0.2301 | entropy=7.8998 | ratio=0.9992 | approx_kl=0.0031 | optimizer_steps=4
update=985 | train_mean_reward=-20.9013 | train_mean_length=14.1211 | policy_loss=0.2589 | entropy=7.8988 | ratio=0.9974 | approx_kl=0.0073 | optimizer_steps=4 | eval_mean_reward=6.3387 | eval_mean_length=31.0000
update=986 | train_mean_reward=-21.3780 | train_mean_length=13.8125 | policy_loss=0.2774 | entropy=7.8979 | ratio=0.9989 | approx_kl=0.0036 | optimizer_steps=4
update=987 | train_mean_reward=-19.0093 | train_mean_length=12.5039 | policy_loss=0.2171 | entropy=7.8970 | ratio=0.9991 | approx_kl=0.0035 | optimizer_steps=4
update=988 | train_mean_reward=-19.9351 | train_mean_length=12.9766 | policy_loss=0.2699 | entropy=7.8961 | ratio=0.9987 | approx_kl=0.0042 | optimizer_steps=4
update=989 | train_mean_reward=-18.9118 | train_mean_length=12.6250 | policy_loss=0.2080 | entropy=7.8952 | ratio=0.9993 | approx_kl=0.0031 | optimizer_steps=4
update=990 | train_mean_reward=-20.0082 | train_mean_length=12.8828 | policy_loss=0.1961 | entropy=7.8944 | ratio=0.9987 | approx_kl=0.0034 | optimizer_steps=4 | eval_mean_reward=5.5080 | eval_mean_length=28.8750
update=991 | train_mean_reward=-21.5814 | train_mean_length=13.7383 | policy_loss=0.2158 | entropy=7.8935 | ratio=1.0012 | approx_kl=0.0012 | optimizer_steps=4
update=992 | train_mean_reward=-20.3755 | train_mean_length=13.3477 | policy_loss=0.2352 | entropy=7.8923 | ratio=1.0000 | approx_kl=0.0039 | optimizer_steps=4
update=993 | train_mean_reward=-20.0628 | train_mean_length=13.1680 | policy_loss=0.2412 | entropy=7.8911 | ratio=0.9992 | approx_kl=0.0045 | optimizer_steps=4
update=994 | train_mean_reward=-19.8702 | train_mean_length=12.9258 | policy_loss=0.2475 | entropy=7.8901 | ratio=1.0012 | approx_kl=0.0012 | optimizer_steps=4
update=995 | train_mean_reward=-20.1298 | train_mean_length=13.0508 | policy_loss=0.2248 | entropy=7.8892 | ratio=0.9988 | approx_kl=0.0039 | optimizer_steps=4 | eval_mean_reward=0.6106 | eval_mean_length=19.1250
update=996 | train_mean_reward=-20.3789 | train_mean_length=13.1953 | policy_loss=0.2207 | entropy=7.8881 | ratio=1.0007 | approx_kl=0.0014 | optimizer_steps=4
update=997 | train_mean_reward=-21.0610 | train_mean_length=13.3359 | policy_loss=0.2388 | entropy=7.8871 | ratio=0.9998 | approx_kl=0.0020 | optimizer_steps=4
update=998 | train_mean_reward=-21.0418 | train_mean_length=13.7617 | policy_loss=0.2574 | entropy=7.8860 | ratio=0.9995 | approx_kl=0.0036 | optimizer_steps=4
update=999 | train_mean_reward=-20.1221 | train_mean_length=12.5195 | policy_loss=0.2119 | entropy=7.8851 | ratio=0.9988 | approx_kl=0.0036 | optimizer_steps=4
update=1000 | train_mean_reward=-20.0067 | train_mean_length=12.4648 | policy_loss=0.2474 | entropy=7.8842 | ratio=0.9989 | approx_kl=0.0038 | optimizer_steps=4 | eval_mean_reward=-3.3019 | eval_mean_length=25.5625
update=1001 | train_mean_reward=-19.2065 | train_mean_length=12.2148 | policy_loss=0.1880 | entropy=7.8835 | ratio=0.9981 | approx_kl=0.0043 | optimizer_steps=4
update=1002 | train_mean_reward=-20.3191 | train_mean_length=13.1211 | policy_loss=0.2169 | entropy=7.8828 | ratio=1.0001 | approx_kl=0.0028 | optimizer_steps=4
update=1003 | train_mean_reward=-20.6628 | train_mean_length=13.2344 | policy_loss=0.2657 | entropy=7.8819 | ratio=0.9989 | approx_kl=0.0033 | optimizer_steps=4
update=1004 | train_mean_reward=-20.8042 | train_mean_length=13.3047 | policy_loss=0.2351 | entropy=7.8810 | ratio=1.0010 | approx_kl=0.0018 | optimizer_steps=4
update=1005 | train_mean_reward=-19.8394 | train_mean_length=12.9336 | policy_loss=0.2255 | entropy=7.8801 | ratio=0.9979 | approx_kl=0.0053 | optimizer_steps=4 | eval_mean_reward=-3.2288 | eval_mean_length=23.9375
update=1006 | train_mean_reward=-19.5354 | train_mean_length=12.4180 | policy_loss=0.1831 | entropy=7.8791 | ratio=0.9993 | approx_kl=0.0040 | optimizer_steps=4
update=1007 | train_mean_reward=-21.1378 | train_mean_length=13.6914 | policy_loss=0.2344 | entropy=7.8782 | ratio=0.9997 | approx_kl=0.0039 | optimizer_steps=4
update=1008 | train_mean_reward=-22.3250 | train_mean_length=14.4453 | policy_loss=0.2981 | entropy=7.8772 | ratio=0.9987 | approx_kl=0.0032 | optimizer_steps=4
update=1009 | train_mean_reward=-21.6499 | train_mean_length=13.7148 | policy_loss=0.2494 | entropy=7.8762 | ratio=0.9993 | approx_kl=0.0036 | optimizer_steps=4
update=1010 | train_mean_reward=-19.7706 | train_mean_length=13.3516 | policy_loss=0.3145 | entropy=7.8751 | ratio=1.0004 | approx_kl=0.0014 | optimizer_steps=4 | eval_mean_reward=-1.6602 | eval_mean_length=21.5625
update=1011 | train_mean_reward=-19.4345 | train_mean_length=12.6484 | policy_loss=0.2086 | entropy=7.8742 | ratio=0.9981 | approx_kl=0.0046 | optimizer_steps=4
update=1012 | train_mean_reward=-19.5325 | train_mean_length=12.4062 | policy_loss=0.2061 | entropy=7.8734 | ratio=0.9983 | approx_kl=0.0040 | optimizer_steps=4
update=1013 | train_mean_reward=-18.9833 | train_mean_length=12.3594 | policy_loss=0.2063 | entropy=7.8726 | ratio=1.0001 | approx_kl=0.0024 | optimizer_steps=4
update=1014 | train_mean_reward=-20.0146 | train_mean_length=12.1992 | policy_loss=0.1768 | entropy=7.8716 | ratio=0.9980 | approx_kl=0.0044 | optimizer_steps=4
update=1015 | train_mean_reward=-19.3844 | train_mean_length=12.9609 | policy_loss=0.2423 | entropy=7.8707 | ratio=1.0006 | approx_kl=0.0021 | optimizer_steps=4 | eval_mean_reward=-1.2229 | eval_mean_length=23.0625
update=1016 | train_mean_reward=-20.0855 | train_mean_length=12.4805 | policy_loss=0.2079 | entropy=7.8700 | ratio=1.0017 | approx_kl=0.0004 | optimizer_steps=4
update=1017 | train_mean_reward=-20.3956 | train_mean_length=12.9219 | policy_loss=0.2225 | entropy=7.8691 | ratio=0.9984 | approx_kl=0.0031 | optimizer_steps=4
update=1018 | train_mean_reward=-20.2907 | train_mean_length=13.0820 | policy_loss=0.2284 | entropy=7.8681 | ratio=1.0007 | approx_kl=0.0019 | optimizer_steps=4
update=1019 | train_mean_reward=-22.0943 | train_mean_length=14.0898 | policy_loss=0.2535 | entropy=7.8669 | ratio=0.9994 | approx_kl=0.0035 | optimizer_steps=4
update=1020 | train_mean_reward=-21.3767 | train_mean_length=14.1172 | policy_loss=0.2477 | entropy=7.8658 | ratio=0.9985 | approx_kl=0.0038 | optimizer_steps=4 | eval_mean_reward=-3.9943 | eval_mean_length=22.8125
update=1021 | train_mean_reward=-23.9258 | train_mean_length=15.5156 | policy_loss=0.3091 | entropy=7.8648 | ratio=0.9987 | approx_kl=0.0031 | optimizer_steps=4
update=1022 | train_mean_reward=-24.3929 | train_mean_length=16.1094 | policy_loss=0.2374 | entropy=7.8639 | ratio=0.9991 | approx_kl=0.0172 | optimizer_steps=7 | early_stop=1 | early_stop_kl=0.0893
update=1023 | train_mean_reward=-22.4555 | train_mean_length=14.6289 | policy_loss=0.3063 | entropy=7.8631 | ratio=0.9988 | approx_kl=0.0029 | optimizer_steps=4
update=1024 | train_mean_reward=-21.6538 | train_mean_length=14.3008 | policy_loss=0.2752 | entropy=7.8623 | ratio=0.9989 | approx_kl=0.0044 | optimizer_steps=4
update=1025 | train_mean_reward=-21.6802 | train_mean_length=14.0156 | policy_loss=0.2437 | entropy=7.8614 | ratio=0.9994 | approx_kl=0.0031 | optimizer_steps=4 | eval_mean_reward=-0.2944 | eval_mean_length=24.5000
update=1026 | train_mean_reward=-22.7745 | train_mean_length=14.7461 | policy_loss=0.2358 | entropy=7.8604 | ratio=1.0024 | approx_kl=0.0005 | optimizer_steps=4
update=1027 | train_mean_reward=-20.7763 | train_mean_length=13.4609 | policy_loss=0.2180 | entropy=7.8594 | ratio=0.9986 | approx_kl=0.0033 | optimizer_steps=4
update=1028 | train_mean_reward=-22.5442 | train_mean_length=14.0742 | policy_loss=0.2511 | entropy=7.8584 | ratio=1.0001 | approx_kl=0.0023 | optimizer_steps=4
update=1029 | train_mean_reward=-22.3857 | train_mean_length=14.5938 | policy_loss=0.2436 | entropy=7.8574 | ratio=1.0008 | approx_kl=0.0015 | optimizer_steps=4
update=1030 | train_mean_reward=-22.5808 | train_mean_length=14.7461 | policy_loss=0.2404 | entropy=7.8566 | ratio=0.9995 | approx_kl=0.0042 | optimizer_steps=4 | eval_mean_reward=2.0419 | eval_mean_length=25.4375
update=1031 | train_mean_reward=-21.1257 | train_mean_length=13.9805 | policy_loss=0.2211 | entropy=7.8558 | ratio=0.9986 | approx_kl=0.0034 | optimizer_steps=4
update=1032 | train_mean_reward=-22.5013 | train_mean_length=14.9570 | policy_loss=0.2439 | entropy=7.8548 | ratio=0.9984 | approx_kl=0.0046 | optimizer_steps=4
update=1033 | train_mean_reward=-22.1493 | train_mean_length=14.3477 | policy_loss=0.2435 | entropy=7.8535 | ratio=0.9984 | approx_kl=0.0043 | optimizer_steps=4
update=1034 | train_mean_reward=-21.2508 | train_mean_length=13.7539 | policy_loss=0.2148 | entropy=7.8521 | ratio=0.9985 | approx_kl=0.0041 | optimizer_steps=4
update=1035 | train_mean_reward=-21.8257 | train_mean_length=14.3438 | policy_loss=0.2449 | entropy=7.8508 | ratio=0.9974 | approx_kl=0.0057 | optimizer_steps=4 | eval_mean_reward=1.7669 | eval_mean_length=24.8125
update=1036 | train_mean_reward=-22.8723 | train_mean_length=14.9609 | policy_loss=0.2977 | entropy=7.8496 | ratio=0.9999 | approx_kl=0.0038 | optimizer_steps=4
update=1037 | train_mean_reward=-22.2190 | train_mean_length=14.7773 | policy_loss=0.2662 | entropy=7.8484 | ratio=0.9991 | approx_kl=0.0042 | optimizer_steps=4
update=1038 | train_mean_reward=-21.5866 | train_mean_length=13.7891 | policy_loss=0.2471 | entropy=7.8474 | ratio=0.9983 | approx_kl=0.0055 | optimizer_steps=4
update=1039 | train_mean_reward=-21.0284 | train_mean_length=13.8438 | policy_loss=0.2619 | entropy=7.8464 | ratio=0.9986 | approx_kl=0.0046 | optimizer_steps=4
update=1040 | train_mean_reward=-21.7206 | train_mean_length=14.1484 | policy_loss=0.2671 | entropy=7.8454 | ratio=0.9994 | approx_kl=0.0036 | optimizer_steps=4 | eval_mean_reward=3.6333 | eval_mean_length=24.6875
update=1041 | train_mean_reward=-22.1651 | train_mean_length=14.8594 | policy_loss=0.2378 | entropy=7.8444 | ratio=0.9991 | approx_kl=0.0037 | optimizer_steps=4
update=1042 | train_mean_reward=-21.5153 | train_mean_length=14.4453 | policy_loss=0.2403 | entropy=7.8435 | ratio=0.9992 | approx_kl=0.0042 | optimizer_steps=4
update=1043 | train_mean_reward=-21.8456 | train_mean_length=14.8242 | policy_loss=0.2590 | entropy=7.8425 | ratio=0.9987 | approx_kl=0.0038 | optimizer_steps=4
update=1044 | train_mean_reward=-22.6644 | train_mean_length=15.1602 | policy_loss=0.2588 | entropy=7.8415 | ratio=0.9994 | approx_kl=0.0040 | optimizer_steps=4
update=1045 | train_mean_reward=-21.0855 | train_mean_length=14.1445 | policy_loss=0.2691 | entropy=7.8407 | ratio=0.9984 | approx_kl=0.0052 | optimizer_steps=4 | eval_mean_reward=2.2641 | eval_mean_length=26.5625
update=1046 | train_mean_reward=-22.0405 | train_mean_length=14.4062 | policy_loss=0.2681 | entropy=7.8399 | ratio=0.9992 | approx_kl=0.0032 | optimizer_steps=4
update=1047 | train_mean_reward=-21.8572 | train_mean_length=14.1250 | policy_loss=0.2404 | entropy=7.8392 | ratio=0.9987 | approx_kl=0.0044 | optimizer_steps=4
update=1048 | train_mean_reward=-21.6042 | train_mean_length=13.9258 | policy_loss=0.2390 | entropy=7.8384 | ratio=0.9991 | approx_kl=0.0031 | optimizer_steps=4
update=1049 | train_mean_reward=-20.6395 | train_mean_length=13.3086 | policy_loss=0.1925 | entropy=7.8377 | ratio=0.9994 | approx_kl=0.0034 | optimizer_steps=4
update=1050 | train_mean_reward=-21.1181 | train_mean_length=13.4883 | policy_loss=0.2343 | entropy=7.8368 | ratio=0.9998 | approx_kl=0.0027 | optimizer_steps=4 | eval_mean_reward=2.6758 | eval_mean_length=26.5625
update=1051 | train_mean_reward=-20.6948 | train_mean_length=13.5273 | policy_loss=0.2030 | entropy=7.8357 | ratio=0.9978 | approx_kl=0.0041 | optimizer_steps=4
update=1052 | train_mean_reward=-21.8103 | train_mean_length=13.8750 | policy_loss=0.2570 | entropy=7.8346 | ratio=0.9984 | approx_kl=0.0048 | optimizer_steps=4
update=1053 | train_mean_reward=-22.6054 | train_mean_length=14.7422 | policy_loss=0.2739 | entropy=7.8336 | ratio=0.9993 | approx_kl=0.0040 | optimizer_steps=4
update=1054 | train_mean_reward=-21.8646 | train_mean_length=14.2930 | policy_loss=0.2464 | entropy=7.8324 | ratio=0.9985 | approx_kl=0.0046 | optimizer_steps=4
update=1055 | train_mean_reward=-21.6013 | train_mean_length=14.6172 | policy_loss=0.2858 | entropy=7.8314 | ratio=0.9991 | approx_kl=0.0026 | optimizer_steps=4 | eval_mean_reward=-1.6802 | eval_mean_length=22.8750
update=1056 | train_mean_reward=-22.6645 | train_mean_length=15.0312 | policy_loss=0.2670 | entropy=7.8306 | ratio=0.9984 | approx_kl=0.0040 | optimizer_steps=4
update=1057 | train_mean_reward=-21.9383 | train_mean_length=14.1445 | policy_loss=0.2746 | entropy=7.8296 | ratio=1.0012 | approx_kl=0.0011 | optimizer_steps=4
update=1058 | train_mean_reward=-23.2738 | train_mean_length=15.2305 | policy_loss=0.3533 | entropy=7.8284 | ratio=0.9997 | approx_kl=0.0027 | optimizer_steps=4
update=1059 | train_mean_reward=-22.7294 | train_mean_length=14.8320 | policy_loss=0.3147 | entropy=7.8270 | ratio=0.9997 | approx_kl=0.0028 | optimizer_steps=4
update=1060 | train_mean_reward=-20.6864 | train_mean_length=13.5273 | policy_loss=0.2651 | entropy=7.8256 | ratio=0.9993 | approx_kl=0.0033 | optimizer_steps=4 | eval_mean_reward=1.9715 | eval_mean_length=24.5000
update=1061 | train_mean_reward=-19.6767 | train_mean_length=12.6211 | policy_loss=0.2424 | entropy=7.8243 | ratio=0.9991 | approx_kl=0.0028 | optimizer_steps=4
update=1062 | train_mean_reward=-19.1753 | train_mean_length=12.3555 | policy_loss=0.1967 | entropy=7.8231 | ratio=0.9979 | approx_kl=0.0047 | optimizer_steps=4
update=1063 | train_mean_reward=-20.5846 | train_mean_length=13.2656 | policy_loss=0.2604 | entropy=7.8219 | ratio=0.9997 | approx_kl=0.0035 | optimizer_steps=4
update=1064 | train_mean_reward=-21.3231 | train_mean_length=13.8633 | policy_loss=0.2495 | entropy=7.8208 | ratio=0.9994 | approx_kl=0.0038 | optimizer_steps=4
update=1065 | train_mean_reward=-20.4204 | train_mean_length=13.6055 | policy_loss=0.2832 | entropy=7.8198 | ratio=0.9995 | approx_kl=0.0034 | optimizer_steps=4 | eval_mean_reward=2.2690 | eval_mean_length=25.1875
update=1066 | train_mean_reward=-20.2113 | train_mean_length=13.3398 | policy_loss=0.2391 | entropy=7.8189 | ratio=1.0007 | approx_kl=0.0022 | optimizer_steps=4
update=1067 | train_mean_reward=-19.0409 | train_mean_length=12.7734 | policy_loss=0.1779 | entropy=7.8181 | ratio=0.9997 | approx_kl=0.0034 | optimizer_steps=4
update=1068 | train_mean_reward=-21.0848 | train_mean_length=13.5859 | policy_loss=0.2305 | entropy=7.8172 | ratio=0.9996 | approx_kl=0.0022 | optimizer_steps=4
update=1069 | train_mean_reward=-20.3035 | train_mean_length=12.8086 | policy_loss=0.2362 | entropy=7.8163 | ratio=1.0010 | approx_kl=0.0016 | optimizer_steps=4
update=1070 | train_mean_reward=-20.4550 | train_mean_length=13.2188 | policy_loss=0.2420 | entropy=7.8155 | ratio=1.0001 | approx_kl=0.0027 | optimizer_steps=4 | eval_mean_reward=-2.2519 | eval_mean_length=24.1875
update=1071 | train_mean_reward=-20.4634 | train_mean_length=13.2227 | policy_loss=0.2091 | entropy=7.8148 | ratio=0.9960 | approx_kl=0.0075 | optimizer_steps=4
update=1072 | train_mean_reward=-21.2652 | train_mean_length=13.5195 | policy_loss=0.2285 | entropy=7.8143 | ratio=0.9989 | approx_kl=0.0045 | optimizer_steps=4
update=1073 | train_mean_reward=-22.3191 | train_mean_length=13.9492 | policy_loss=0.2726 | entropy=7.8136 | ratio=0.9999 | approx_kl=0.0030 | optimizer_steps=4
update=1074 | train_mean_reward=-21.4976 | train_mean_length=13.9922 | policy_loss=0.2539 | entropy=7.8128 | ratio=0.9987 | approx_kl=0.0035 | optimizer_steps=4
update=1075 | train_mean_reward=-24.0556 | train_mean_length=14.8711 | policy_loss=0.2555 | entropy=7.8118 | ratio=1.0002 | approx_kl=0.0017 | optimizer_steps=4 | eval_mean_reward=1.1827 | eval_mean_length=25.6875
update=1076 | train_mean_reward=-21.5173 | train_mean_length=14.5898 | policy_loss=0.2435 | entropy=7.8108 | ratio=0.9993 | approx_kl=0.0033 | optimizer_steps=4
update=1077 | train_mean_reward=-21.4781 | train_mean_length=14.3633 | policy_loss=0.2658 | entropy=7.8097 | ratio=0.9985 | approx_kl=0.0041 | optimizer_steps=4
update=1078 | train_mean_reward=-22.2203 | train_mean_length=14.0664 | policy_loss=0.2578 | entropy=7.8089 | ratio=0.9996 | approx_kl=0.0033 | optimizer_steps=4
update=1079 | train_mean_reward=-20.4696 | train_mean_length=13.0352 | policy_loss=0.2283 | entropy=7.8082 | ratio=0.9981 | approx_kl=0.0047 | optimizer_steps=4
update=1080 | train_mean_reward=-20.6860 | train_mean_length=13.7344 | policy_loss=0.2682 | entropy=7.8074 | ratio=0.9990 | approx_kl=0.0031 | optimizer_steps=4 | eval_mean_reward=-2.3807 | eval_mean_length=25.1875
update=1081 | train_mean_reward=-21.6762 | train_mean_length=13.9961 | policy_loss=0.2717 | entropy=7.8067 | ratio=0.9987 | approx_kl=0.0038 | optimizer_steps=4
update=1082 | train_mean_reward=-21.3197 | train_mean_length=14.3672 | policy_loss=0.2680 | entropy=7.8059 | ratio=0.9981 | approx_kl=0.0053 | optimizer_steps=4
update=1083 | train_mean_reward=-22.4479 | train_mean_length=14.9727 | policy_loss=0.2852 | entropy=7.8052 | ratio=0.9991 | approx_kl=0.0032 | optimizer_steps=4
update=1084 | train_mean_reward=-23.4049 | train_mean_length=15.5859 | policy_loss=0.3071 | entropy=7.8046 | ratio=0.9995 | approx_kl=0.0026 | optimizer_steps=4
update=1085 | train_mean_reward=-22.2207 | train_mean_length=14.9688 | policy_loss=0.2455 | entropy=7.8040 | ratio=0.9979 | approx_kl=0.0058 | optimizer_steps=4 | eval_mean_reward=-0.2590 | eval_mean_length=24.3750
update=1086 | train_mean_reward=-21.7320 | train_mean_length=14.3164 | policy_loss=0.2435 | entropy=7.8035 | ratio=0.9988 | approx_kl=0.0045 | optimizer_steps=4
update=1087 | train_mean_reward=-20.5314 | train_mean_length=13.6172 | policy_loss=0.2211 | entropy=7.8028 | ratio=1.0001 | approx_kl=0.0024 | optimizer_steps=4
update=1088 | train_mean_reward=-21.8991 | train_mean_length=14.0195 | policy_loss=0.2771 | entropy=7.8023 | ratio=0.9990 | approx_kl=0.0035 | optimizer_steps=4
update=1089 | train_mean_reward=-23.0645 | train_mean_length=15.0469 | policy_loss=0.2817 | entropy=7.8020 | ratio=0.9993 | approx_kl=0.0025 | optimizer_steps=4
update=1090 | train_mean_reward=-22.8696 | train_mean_length=15.2070 | policy_loss=0.2696 | entropy=7.8017 | ratio=0.9979 | approx_kl=0.0059 | optimizer_steps=4 | eval_mean_reward=-0.2623 | eval_mean_length=23.3750
update=1091 | train_mean_reward=-23.0213 | train_mean_length=14.9258 | policy_loss=0.2978 | entropy=7.8014 | ratio=0.9968 | approx_kl=0.0073 | optimizer_steps=4
update=1092 | train_mean_reward=-24.1284 | train_mean_length=15.9414 | policy_loss=0.2886 | entropy=7.8012 | ratio=0.9986 | approx_kl=0.0048 | optimizer_steps=4
update=1093 | train_mean_reward=-22.7781 | train_mean_length=14.6953 | policy_loss=0.2856 | entropy=7.8009 | ratio=0.9980 | approx_kl=0.0050 | optimizer_steps=4
update=1094 | train_mean_reward=-21.6141 | train_mean_length=13.9805 | policy_loss=0.2610 | entropy=7.8006 | ratio=0.9993 | approx_kl=0.0035 | optimizer_steps=4
update=1095 | train_mean_reward=-21.2613 | train_mean_length=14.0938 | policy_loss=0.2897 | entropy=7.8001 | ratio=1.0010 | approx_kl=0.0011 | optimizer_steps=4 | eval_mean_reward=3.5220 | eval_mean_length=29.1875
update=1096 | train_mean_reward=-19.5950 | train_mean_length=13.2070 | policy_loss=0.2399 | entropy=7.7994 | ratio=0.9983 | approx_kl=0.0046 | optimizer_steps=4
update=1097 | train_mean_reward=-21.1876 | train_mean_length=13.7109 | policy_loss=0.2239 | entropy=7.7987 | ratio=0.9977 | approx_kl=0.0051 | optimizer_steps=4
update=1098 | train_mean_reward=-20.5185 | train_mean_length=13.4883 | policy_loss=0.2422 | entropy=7.7979 | ratio=0.9998 | approx_kl=0.0033 | optimizer_steps=4
update=1099 | train_mean_reward=-21.6906 | train_mean_length=14.4023 | policy_loss=0.2520 | entropy=7.7969 | ratio=0.9979 | approx_kl=0.0047 | optimizer_steps=4
update=1100 | train_mean_reward=-20.7258 | train_mean_length=14.1016 | policy_loss=0.2390 | entropy=7.7959 | ratio=0.9982 | approx_kl=0.0047 | optimizer_steps=4 | eval_mean_reward=0.8112 | eval_mean_length=25.5625
update=1101 | train_mean_reward=-21.9657 | train_mean_length=14.7891 | policy_loss=0.2556 | entropy=7.7948 | ratio=0.9985 | approx_kl=0.0044 | optimizer_steps=4
update=1102 | train_mean_reward=-22.8093 | train_mean_length=15.4219 | policy_loss=0.2840 | entropy=7.7940 | ratio=0.9987 | approx_kl=0.0043 | optimizer_steps=4
update=1103 | train_mean_reward=-22.5958 | train_mean_length=15.0156 | policy_loss=0.2565 | entropy=7.7933 | ratio=1.0007 | approx_kl=0.0028 | optimizer_steps=4
update=1104 | train_mean_reward=-21.5435 | train_mean_length=14.0312 | policy_loss=0.2706 | entropy=7.7927 | ratio=0.9976 | approx_kl=0.0046 | optimizer_steps=4
update=1105 | train_mean_reward=-22.2281 | train_mean_length=14.0742 | policy_loss=0.2587 | entropy=7.7920 | ratio=1.0009 | approx_kl=0.0031 | optimizer_steps=4 | eval_mean_reward=-0.3065 | eval_mean_length=23.3125
update=1106 | train_mean_reward=-22.9291 | train_mean_length=14.4336 | policy_loss=0.2755 | entropy=7.7914 | ratio=0.9980 | approx_kl=0.0048 | optimizer_steps=4
update=1107 | train_mean_reward=-22.2991 | train_mean_length=14.1406 | policy_loss=0.2972 | entropy=7.7909 | ratio=0.9994 | approx_kl=0.0035 | optimizer_steps=4
update=1108 | train_mean_reward=-20.1719 | train_mean_length=13.1055 | policy_loss=0.2411 | entropy=7.7906 | ratio=1.0004 | approx_kl=0.0017 | optimizer_steps=4
update=1109 | train_mean_reward=-19.7456 | train_mean_length=12.8672 | policy_loss=0.2226 | entropy=7.7901 | ratio=0.9977 | approx_kl=0.0051 | optimizer_steps=4
update=1110 | train_mean_reward=-20.2359 | train_mean_length=12.8555 | policy_loss=0.2349 | entropy=7.7896 | ratio=0.9989 | approx_kl=0.0034 | optimizer_steps=4 | eval_mean_reward=0.8859 | eval_mean_length=23.6875
update=1111 | train_mean_reward=-21.2416 | train_mean_length=13.3750 | policy_loss=0.2697 | entropy=7.7892 | ratio=1.0001 | approx_kl=0.0028 | optimizer_steps=4
update=1112 | train_mean_reward=-20.6655 | train_mean_length=12.6523 | policy_loss=0.2547 | entropy=7.7889 | ratio=0.9995 | approx_kl=0.0035 | optimizer_steps=4
update=1113 | train_mean_reward=-21.0961 | train_mean_length=13.5352 | policy_loss=0.2479 | entropy=7.7886 | ratio=0.9997 | approx_kl=0.0029 | optimizer_steps=4
update=1114 | train_mean_reward=-20.1810 | train_mean_length=13.0078 | policy_loss=0.2431 | entropy=7.7881 | ratio=0.9992 | approx_kl=0.0039 | optimizer_steps=4
update=1115 | train_mean_reward=-21.7401 | train_mean_length=14.2617 | policy_loss=0.2684 | entropy=7.7875 | ratio=0.9986 | approx_kl=0.0035 | optimizer_steps=4 | eval_mean_reward=-1.6757 | eval_mean_length=23.0625
update=1116 | train_mean_reward=-21.6182 | train_mean_length=14.1602 | policy_loss=0.2430 | entropy=7.7869 | ratio=1.0012 | approx_kl=0.0009 | optimizer_steps=4
update=1117 | train_mean_reward=-22.0878 | train_mean_length=13.9023 | policy_loss=0.2388 | entropy=7.7862 | ratio=0.9989 | approx_kl=0.0034 | optimizer_steps=4
update=1118 | train_mean_reward=-22.1133 | train_mean_length=14.4531 | policy_loss=0.2567 | entropy=7.7853 | ratio=1.0003 | approx_kl=0.0026 | optimizer_steps=4
update=1119 | train_mean_reward=-21.4030 | train_mean_length=13.9805 | policy_loss=0.2222 | entropy=7.7842 | ratio=0.9978 | approx_kl=0.0056 | optimizer_steps=4
update=1120 | train_mean_reward=-21.6102 | train_mean_length=14.0117 | policy_loss=0.2028 | entropy=7.7829 | ratio=0.9988 | approx_kl=0.0043 | optimizer_steps=4 | eval_mean_reward=-1.4793 | eval_mean_length=24.6250
update=1121 | train_mean_reward=-23.4242 | train_mean_length=15.2695 | policy_loss=0.2348 | entropy=7.7817 | ratio=0.9996 | approx_kl=0.0022 | optimizer_steps=4
update=1122 | train_mean_reward=-22.8788 | train_mean_length=14.9336 | policy_loss=0.2966 | entropy=7.7806 | ratio=0.9989 | approx_kl=0.0047 | optimizer_steps=4
update=1123 | train_mean_reward=-21.5731 | train_mean_length=14.6016 | policy_loss=0.2245 | entropy=7.7796 | ratio=0.9987 | approx_kl=0.0044 | optimizer_steps=4
update=1124 | train_mean_reward=-23.0756 | train_mean_length=14.9180 | policy_loss=0.2528 | entropy=7.7789 | ratio=0.9975 | approx_kl=0.0069 | optimizer_steps=4
update=1125 | train_mean_reward=-21.1004 | train_mean_length=14.0352 | policy_loss=0.2256 | entropy=7.7781 | ratio=0.9990 | approx_kl=0.0031 | optimizer_steps=4 | eval_mean_reward=-3.3328 | eval_mean_length=23.1875
update=1126 | train_mean_reward=-21.8708 | train_mean_length=14.5039 | policy_loss=0.2284 | entropy=7.7774 | ratio=0.9998 | approx_kl=0.0027 | optimizer_steps=4
update=1127 | train_mean_reward=-23.8578 | train_mean_length=15.7305 | policy_loss=0.2668 | entropy=7.7764 | ratio=0.9994 | approx_kl=0.0037 | optimizer_steps=4
update=1128 | train_mean_reward=-24.5595 | train_mean_length=16.3242 | policy_loss=0.2218 | entropy=7.7747 | ratio=1.0049 | approx_kl=0.0034 | optimizer_steps=8
update=1129 | train_mean_reward=-24.0863 | train_mean_length=15.9023 | policy_loss=0.2894 | entropy=7.7736 | ratio=0.9999 | approx_kl=0.0019 | optimizer_steps=4
update=1130 | train_mean_reward=-24.3541 | train_mean_length=15.8477 | policy_loss=0.2842 | entropy=7.7729 | ratio=0.9986 | approx_kl=0.0033 | optimizer_steps=4 | eval_mean_reward=-2.0110 | eval_mean_length=23.0625
update=1131 | train_mean_reward=-22.7383 | train_mean_length=15.4883 | policy_loss=0.2864 | entropy=7.7722 | ratio=0.9997 | approx_kl=0.0019 | optimizer_steps=4
update=1132 | train_mean_reward=-23.1906 | train_mean_length=15.9453 | policy_loss=0.2963 | entropy=7.7714 | ratio=0.9991 | approx_kl=0.0038 | optimizer_steps=4
update=1133 | train_mean_reward=-23.6583 | train_mean_length=16.1641 | policy_loss=0.2385 | entropy=7.7702 | ratio=1.0018 | approx_kl=0.0087 | optimizer_steps=8
update=1134 | train_mean_reward=-23.9257 | train_mean_length=16.0625 | policy_loss=0.4261 | entropy=7.7689 | ratio=0.9984 | approx_kl=0.0075 | optimizer_steps=8
update=1135 | train_mean_reward=-22.3652 | train_mean_length=15.0156 | policy_loss=0.2295 | entropy=7.7682 | ratio=0.9984 | approx_kl=0.0034 | optimizer_steps=4 | eval_mean_reward=-2.4088 | eval_mean_length=27.9375
update=1136 | train_mean_reward=-22.4636 | train_mean_length=15.3320 | policy_loss=0.2604 | entropy=7.7676 | ratio=0.9996 | approx_kl=0.0033 | optimizer_steps=4
update=1137 | train_mean_reward=-22.0849 | train_mean_length=14.8281 | policy_loss=0.2463 | entropy=7.7669 | ratio=0.9996 | approx_kl=0.0038 | optimizer_steps=4
update=1138 | train_mean_reward=-22.9555 | train_mean_length=15.1094 | policy_loss=0.3091 | entropy=7.7664 | ratio=0.9978 | approx_kl=0.0051 | optimizer_steps=4
update=1139 | train_mean_reward=-23.0909 | train_mean_length=15.4062 | policy_loss=0.2929 | entropy=7.7661 | ratio=0.9993 | approx_kl=0.0032 | optimizer_steps=4
update=1140 | train_mean_reward=-23.8937 | train_mean_length=15.9648 | policy_loss=0.3051 | entropy=7.7658 | ratio=0.9974 | approx_kl=0.0059 | optimizer_steps=4 | eval_mean_reward=1.3137 | eval_mean_length=29.0000
update=1141 | train_mean_reward=-22.5436 | train_mean_length=14.7500 | policy_loss=0.2808 | entropy=7.7653 | ratio=0.9997 | approx_kl=0.0030 | optimizer_steps=4
update=1142 | train_mean_reward=-23.1738 | train_mean_length=15.1797 | policy_loss=0.3080 | entropy=7.7646 | ratio=0.9991 | approx_kl=0.0029 | optimizer_steps=4
update=1143 | train_mean_reward=-23.5922 | train_mean_length=15.9219 | policy_loss=0.3037 | entropy=7.7636 | ratio=0.9995 | approx_kl=0.0033 | optimizer_steps=4
update=1144 | train_mean_reward=-21.5973 | train_mean_length=14.3359 | policy_loss=0.2531 | entropy=7.7626 | ratio=0.9986 | approx_kl=0.0046 | optimizer_steps=4
update=1145 | train_mean_reward=-22.1807 | train_mean_length=14.2422 | policy_loss=0.2634 | entropy=7.7615 | ratio=0.9969 | approx_kl=0.0056 | optimizer_steps=4 | eval_mean_reward=3.0462 | eval_mean_length=35.0000
update=1146 | train_mean_reward=-22.1752 | train_mean_length=14.2070 | policy_loss=0.2609 | entropy=7.7602 | ratio=0.9996 | approx_kl=0.0031 | optimizer_steps=4
update=1147 | train_mean_reward=-22.0107 | train_mean_length=14.3789 | policy_loss=0.2547 | entropy=7.7592 | ratio=0.9979 | approx_kl=0.0053 | optimizer_steps=4
update=1148 | train_mean_reward=-21.1174 | train_mean_length=13.8281 | policy_loss=0.2139 | entropy=7.7581 | ratio=1.0001 | approx_kl=0.0035 | optimizer_steps=4
update=1149 | train_mean_reward=-21.7428 | train_mean_length=13.5039 | policy_loss=0.2217 | entropy=7.7568 | ratio=1.0002 | approx_kl=0.0023 | optimizer_steps=4
update=1150 | train_mean_reward=-20.8188 | train_mean_length=13.5859 | policy_loss=0.2560 | entropy=7.7555 | ratio=0.9973 | approx_kl=0.0061 | optimizer_steps=4 | eval_mean_reward=1.7309 | eval_mean_length=33.6875
update=1151 | train_mean_reward=-23.0996 | train_mean_length=15.4414 | policy_loss=0.3008 | entropy=7.7543 | ratio=0.9981 | approx_kl=0.0051 | optimizer_steps=4
update=1152 | train_mean_reward=-23.5256 | train_mean_length=15.5625 | policy_loss=0.2945 | entropy=7.7531 | ratio=0.9992 | approx_kl=0.0030 | optimizer_steps=4
update=1153 | train_mean_reward=-23.0769 | train_mean_length=14.9258 | policy_loss=0.2974 | entropy=7.7523 | ratio=0.9993 | approx_kl=0.0043 | optimizer_steps=4
update=1154 | train_mean_reward=-23.2185 | train_mean_length=14.5117 | policy_loss=0.3279 | entropy=7.7516 | ratio=0.9977 | approx_kl=0.0048 | optimizer_steps=4
update=1155 | train_mean_reward=-22.1858 | train_mean_length=14.2461 | policy_loss=0.2950 | entropy=7.7510 | ratio=0.9976 | approx_kl=0.0051 | optimizer_steps=4 | eval_mean_reward=19.0470 | eval_mean_length=51.8750
update=1156 | train_mean_reward=-20.8303 | train_mean_length=13.2930 | policy_loss=0.2434 | entropy=7.7502 | ratio=0.9979 | approx_kl=0.0048 | optimizer_steps=4
update=1157 | train_mean_reward=-20.5241 | train_mean_length=12.9883 | policy_loss=0.1952 | entropy=7.7492 | ratio=0.9998 | approx_kl=0.0027 | optimizer_steps=4
update=1158 | train_mean_reward=-21.2783 | train_mean_length=13.9062 | policy_loss=0.2553 | entropy=7.7481 | ratio=0.9967 | approx_kl=0.0066 | optimizer_steps=4
update=1159 | train_mean_reward=-21.0468 | train_mean_length=13.5742 | policy_loss=0.2677 | entropy=7.7471 | ratio=0.9975 | approx_kl=0.0056 | optimizer_steps=4
update=1160 | train_mean_reward=-21.7995 | train_mean_length=14.4297 | policy_loss=0.2504 | entropy=7.7462 | ratio=0.9968 | approx_kl=0.0070 | optimizer_steps=4 | eval_mean_reward=0.6432 | eval_mean_length=31.7500
update=1161 | train_mean_reward=-20.7162 | train_mean_length=13.7422 | policy_loss=0.2684 | entropy=7.7453 | ratio=1.0013 | approx_kl=0.0017 | optimizer_steps=4
update=1162 | train_mean_reward=-22.1581 | train_mean_length=14.3789 | policy_loss=0.2541 | entropy=7.7443 | ratio=0.9990 | approx_kl=0.0039 | optimizer_steps=4
update=1163 | train_mean_reward=-22.9964 | train_mean_length=14.5664 | policy_loss=0.2466 | entropy=7.7435 | ratio=0.9986 | approx_kl=0.0039 | optimizer_steps=4
update=1164 | train_mean_reward=-22.4492 | train_mean_length=14.8242 | policy_loss=0.3070 | entropy=7.7426 | ratio=0.9990 | approx_kl=0.0040 | optimizer_steps=4
update=1165 | train_mean_reward=-23.9939 | train_mean_length=16.1289 | policy_loss=0.3370 | entropy=7.7417 | ratio=1.0015 | approx_kl=0.0155 | optimizer_steps=5 | early_stop=1 | early_stop_kl=0.0807 | eval_mean_reward=-2.2210 | eval_mean_length=23.8125
update=1166 | train_mean_reward=-23.7808 | train_mean_length=15.9414 | policy_loss=0.2977 | entropy=7.7411 | ratio=0.9985 | approx_kl=0.0034 | optimizer_steps=4
update=1167 | train_mean_reward=-23.5742 | train_mean_length=15.5234 | policy_loss=0.3050 | entropy=7.7407 | ratio=0.9977 | approx_kl=0.0059 | optimizer_steps=4
update=1168 | train_mean_reward=-22.4060 | train_mean_length=14.4531 | policy_loss=0.2951 | entropy=7.7403 | ratio=1.0003 | approx_kl=0.0021 | optimizer_steps=4
update=1169 | train_mean_reward=-23.1529 | train_mean_length=15.2422 | policy_loss=0.3145 | entropy=7.7397 | ratio=0.9990 | approx_kl=0.0040 | optimizer_steps=4
update=1170 | train_mean_reward=-20.6145 | train_mean_length=13.8672 | policy_loss=0.2659 | entropy=7.7390 | ratio=0.9995 | approx_kl=0.0036 | optimizer_steps=4 | eval_mean_reward=1.4006 | eval_mean_length=24.1250
update=1171 | train_mean_reward=-22.1276 | train_mean_length=14.3945 | policy_loss=0.2921 | entropy=7.7384 | ratio=1.0000 | approx_kl=0.0016 | optimizer_steps=4
update=1172 | train_mean_reward=-21.7205 | train_mean_length=13.9688 | policy_loss=0.2933 | entropy=7.7376 | ratio=0.9991 | approx_kl=0.0033 | optimizer_steps=4
update=1173 | train_mean_reward=-22.8657 | train_mean_length=14.8203 | policy_loss=0.3023 | entropy=7.7366 | ratio=1.0011 | approx_kl=0.0023 | optimizer_steps=4
update=1174 | train_mean_reward=-20.9572 | train_mean_length=13.5977 | policy_loss=0.2546 | entropy=7.7357 | ratio=1.0003 | approx_kl=0.0020 | optimizer_steps=4
update=1175 | train_mean_reward=-22.0525 | train_mean_length=14.7578 | policy_loss=0.2909 | entropy=7.7345 | ratio=0.9983 | approx_kl=0.0037 | optimizer_steps=4 | eval_mean_reward=-0.7627 | eval_mean_length=24.7500
update=1176 | train_mean_reward=-21.3055 | train_mean_length=14.0820 | policy_loss=0.2758 | entropy=7.7334 | ratio=0.9999 | approx_kl=0.0026 | optimizer_steps=4
update=1177 | train_mean_reward=-21.8302 | train_mean_length=14.5039 | policy_loss=0.3260 | entropy=7.7321 | ratio=0.9980 | approx_kl=0.0038 | optimizer_steps=4
update=1178 | train_mean_reward=-21.4420 | train_mean_length=14.4258 | policy_loss=0.3090 | entropy=7.7310 | ratio=0.9996 | approx_kl=0.0027 | optimizer_steps=4
update=1179 | train_mean_reward=-21.6919 | train_mean_length=14.5391 | policy_loss=0.2843 | entropy=7.7300 | ratio=0.9998 | approx_kl=0.0027 | optimizer_steps=4
update=1180 | train_mean_reward=-21.9146 | train_mean_length=14.8242 | policy_loss=0.2994 | entropy=7.7289 | ratio=1.0000 | approx_kl=0.0015 | optimizer_steps=4 | eval_mean_reward=-1.2959 | eval_mean_length=22.6250
update=1181 | train_mean_reward=-21.9701 | train_mean_length=15.0820 | policy_loss=0.3383 | entropy=7.7280 | ratio=0.9995 | approx_kl=0.0038 | optimizer_steps=4
update=1182 | train_mean_reward=-22.5008 | train_mean_length=15.2266 | policy_loss=0.2808 | entropy=7.7271 | ratio=0.9997 | approx_kl=0.0022 | optimizer_steps=4
update=1183 | train_mean_reward=-22.1174 | train_mean_length=15.0742 | policy_loss=0.3159 | entropy=7.7265 | ratio=0.9992 | approx_kl=0.0037 | optimizer_steps=4
update=1184 | train_mean_reward=-24.6921 | train_mean_length=16.4141 | policy_loss=0.3494 | entropy=7.7257 | ratio=1.0002 | approx_kl=0.0088 | optimizer_steps=8
update=1185 | train_mean_reward=-22.8287 | train_mean_length=15.8828 | policy_loss=0.3171 | entropy=7.7249 | ratio=0.9995 | approx_kl=0.0018 | optimizer_steps=4 | eval_mean_reward=-1.3028 | eval_mean_length=23.8125
update=1186 | train_mean_reward=-24.0623 | train_mean_length=16.1016 | policy_loss=0.2452 | entropy=7.7242 | ratio=1.0101 | approx_kl=-0.0005 | optimizer_steps=8
update=1187 | train_mean_reward=-24.1671 | train_mean_length=15.9023 | policy_loss=0.2759 | entropy=7.7237 | ratio=0.9978 | approx_kl=0.0038 | optimizer_steps=4
update=1188 | train_mean_reward=-23.1116 | train_mean_length=15.4922 | policy_loss=0.3268 | entropy=7.7233 | ratio=0.9987 | approx_kl=0.0054 | optimizer_steps=4
update=1189 | train_mean_reward=-23.0063 | train_mean_length=15.3398 | policy_loss=0.2850 | entropy=7.7228 | ratio=0.9991 | approx_kl=0.0041 | optimizer_steps=4
update=1190 | train_mean_reward=-23.8530 | train_mean_length=15.9961 | policy_loss=0.2890 | entropy=7.7221 | ratio=0.9987 | approx_kl=0.0035 | optimizer_steps=4 | eval_mean_reward=0.1913 | eval_mean_length=29.6875
update=1191 | train_mean_reward=-24.2407 | train_mean_length=15.9688 | policy_loss=0.2665 | entropy=7.7213 | ratio=0.9982 | approx_kl=0.0054 | optimizer_steps=4
update=1192 | train_mean_reward=-24.1647 | train_mean_length=15.7852 | policy_loss=0.3075 | entropy=7.7207 | ratio=0.9998 | approx_kl=0.0033 | optimizer_steps=4
update=1193 | train_mean_reward=-21.8700 | train_mean_length=14.8164 | policy_loss=0.2480 | entropy=7.7200 | ratio=0.9993 | approx_kl=0.0040 | optimizer_steps=4
update=1194 | train_mean_reward=-22.1587 | train_mean_length=14.8047 | policy_loss=0.2783 | entropy=7.7194 | ratio=0.9992 | approx_kl=0.0036 | optimizer_steps=4
update=1195 | train_mean_reward=-21.9552 | train_mean_length=15.0781 | policy_loss=0.2795 | entropy=7.7187 | ratio=0.9995 | approx_kl=0.0027 | optimizer_steps=4 | eval_mean_reward=-3.6896 | eval_mean_length=28.8125
update=1196 | train_mean_reward=-21.8745 | train_mean_length=14.7344 | policy_loss=0.2657 | entropy=7.7180 | ratio=0.9973 | approx_kl=0.0065 | optimizer_steps=4
update=1197 | train_mean_reward=-21.5210 | train_mean_length=14.2227 | policy_loss=0.3101 | entropy=7.7172 | ratio=0.9993 | approx_kl=0.0049 | optimizer_steps=4
update=1198 | train_mean_reward=-21.3378 | train_mean_length=13.9023 | policy_loss=0.2807 | entropy=7.7165 | ratio=0.9997 | approx_kl=0.0032 | optimizer_steps=4
update=1199 | train_mean_reward=-21.3965 | train_mean_length=14.4102 | policy_loss=0.2629 | entropy=7.7157 | ratio=0.9986 | approx_kl=0.0044 | optimizer_steps=4
update=1200 | train_mean_reward=-22.3359 | train_mean_length=15.0039 | policy_loss=0.2892 | entropy=7.7150 | ratio=1.0009 | approx_kl=0.0025 | optimizer_steps=4 | eval_mean_reward=-3.5508 | eval_mean_length=24.2500
update=1201 | train_mean_reward=-21.6841 | train_mean_length=14.7109 | policy_loss=0.3131 | entropy=7.7144 | ratio=0.9991 | approx_kl=0.0025 | optimizer_steps=4
update=1202 | train_mean_reward=-21.5150 | train_mean_length=14.2930 | policy_loss=0.2808 | entropy=7.7138 | ratio=0.9973 | approx_kl=0.0067 | optimizer_steps=4
update=1203 | train_mean_reward=-20.5545 | train_mean_length=13.6680 | policy_loss=0.2784 | entropy=7.7132 | ratio=0.9989 | approx_kl=0.0040 | optimizer_steps=4
update=1204 | train_mean_reward=-21.8678 | train_mean_length=14.5664 | policy_loss=0.2792 | entropy=7.7125 | ratio=1.0002 | approx_kl=0.0019 | optimizer_steps=4
update=1205 | train_mean_reward=-21.4093 | train_mean_length=14.6055 | policy_loss=0.2835 | entropy=7.7119 | ratio=1.0004 | approx_kl=0.0029 | optimizer_steps=4 | eval_mean_reward=-3.3797 | eval_mean_length=24.3750
update=1206 | train_mean_reward=-22.0372 | train_mean_length=14.8320 | policy_loss=0.2613 | entropy=7.7113 | ratio=0.9982 | approx_kl=0.0037 | optimizer_steps=4
update=1207 | train_mean_reward=-22.4935 | train_mean_length=14.9375 | policy_loss=0.2857 | entropy=7.7107 | ratio=0.9987 | approx_kl=0.0034 | optimizer_steps=4
update=1208 | train_mean_reward=-23.0369 | train_mean_length=15.4922 | policy_loss=0.3011 | entropy=7.7102 | ratio=1.0004 | approx_kl=0.0029 | optimizer_steps=4
update=1209 | train_mean_reward=-23.1220 | train_mean_length=15.5352 | policy_loss=0.3034 | entropy=7.7096 | ratio=0.9977 | approx_kl=0.0061 | optimizer_steps=4
update=1210 | train_mean_reward=-20.9875 | train_mean_length=14.3359 | policy_loss=0.2298 | entropy=7.7093 | ratio=0.9981 | approx_kl=0.0053 | optimizer_steps=4 | eval_mean_reward=-0.0110 | eval_mean_length=23.1250
update=1211 | train_mean_reward=-23.1218 | train_mean_length=15.2695 | policy_loss=0.2610 | entropy=7.7090 | ratio=0.9993 | approx_kl=0.0041 | optimizer_steps=4
update=1212 | train_mean_reward=-22.4361 | train_mean_length=14.7891 | policy_loss=0.2805 | entropy=7.7085 | ratio=0.9992 | approx_kl=0.0034 | optimizer_steps=4
update=1213 | train_mean_reward=-22.5112 | train_mean_length=15.2227 | policy_loss=0.2536 | entropy=7.7078 | ratio=1.0005 | approx_kl=0.0022 | optimizer_steps=4
update=1214 | train_mean_reward=-22.8362 | train_mean_length=14.9688 | policy_loss=0.2634 | entropy=7.7072 | ratio=0.9970 | approx_kl=0.0065 | optimizer_steps=4
update=1215 | train_mean_reward=-22.0558 | train_mean_length=14.4648 | policy_loss=0.2248 | entropy=7.7066 | ratio=0.9981 | approx_kl=0.0049 | optimizer_steps=4 | eval_mean_reward=1.0274 | eval_mean_length=28.5000
update=1216 | train_mean_reward=-21.5730 | train_mean_length=13.9453 | policy_loss=0.2506 | entropy=7.7059 | ratio=0.9997 | approx_kl=0.0038 | optimizer_steps=4
update=1217 | train_mean_reward=-21.2661 | train_mean_length=13.4609 | policy_loss=0.2616 | entropy=7.7051 | ratio=0.9989 | approx_kl=0.0043 | optimizer_steps=4
update=1218 | train_mean_reward=-21.0645 | train_mean_length=13.5938 | policy_loss=0.2516 | entropy=7.7042 | ratio=0.9996 | approx_kl=0.0025 | optimizer_steps=4
update=1219 | train_mean_reward=-21.6901 | train_mean_length=14.1562 | policy_loss=0.2682 | entropy=7.7030 | ratio=1.0000 | approx_kl=0.0028 | optimizer_steps=4
update=1220 | train_mean_reward=-19.9304 | train_mean_length=13.2930 | policy_loss=0.2368 | entropy=7.7018 | ratio=0.9987 | approx_kl=0.0039 | optimizer_steps=4 | eval_mean_reward=1.6988 | eval_mean_length=17.0625
update=1221 | train_mean_reward=-21.4015 | train_mean_length=13.5000 | policy_loss=0.2321 | entropy=7.7006 | ratio=0.9992 | approx_kl=0.0046 | optimizer_steps=4
update=1222 | train_mean_reward=-19.3363 | train_mean_length=13.0430 | policy_loss=0.2088 | entropy=7.6996 | ratio=0.9994 | approx_kl=0.0027 | optimizer_steps=4
update=1223 | train_mean_reward=-20.4104 | train_mean_length=13.1133 | policy_loss=0.2561 | entropy=7.6986 | ratio=0.9973 | approx_kl=0.0059 | optimizer_steps=4
update=1224 | train_mean_reward=-21.3814 | train_mean_length=13.8281 | policy_loss=0.2440 | entropy=7.6976 | ratio=0.9972 | approx_kl=0.0051 | optimizer_steps=4
update=1225 | train_mean_reward=-20.6302 | train_mean_length=12.9766 | policy_loss=0.2275 | entropy=7.6965 | ratio=0.9998 | approx_kl=0.0033 | optimizer_steps=4 | eval_mean_reward=-0.0742 | eval_mean_length=13.9375
update=1226 | train_mean_reward=-20.5908 | train_mean_length=12.8086 | policy_loss=0.2478 | entropy=7.6954 | ratio=0.9968 | approx_kl=0.0068 | optimizer_steps=4
update=1227 | train_mean_reward=-19.6634 | train_mean_length=12.4414 | policy_loss=0.1538 | entropy=7.6944 | ratio=1.0000 | approx_kl=0.0029 | optimizer_steps=4
update=1228 | train_mean_reward=-19.8287 | train_mean_length=12.4336 | policy_loss=0.2403 | entropy=7.6937 | ratio=1.0014 | approx_kl=0.0011 | optimizer_steps=4
update=1229 | train_mean_reward=-19.6433 | train_mean_length=12.6680 | policy_loss=0.1872 | entropy=7.6930 | ratio=1.0000 | approx_kl=0.0020 | optimizer_steps=4
update=1230 | train_mean_reward=-19.8272 | train_mean_length=12.6055 | policy_loss=0.2232 | entropy=7.6924 | ratio=0.9991 | approx_kl=0.0041 | optimizer_steps=4 | eval_mean_reward=-0.5027 | eval_mean_length=15.3125
update=1231 | train_mean_reward=-20.7842 | train_mean_length=13.2422 | policy_loss=0.2352 | entropy=7.6917 | ratio=0.9988 | approx_kl=0.0044 | optimizer_steps=4
update=1232 | train_mean_reward=-21.0512 | train_mean_length=13.3789 | policy_loss=0.2213 | entropy=7.6910 | ratio=0.9982 | approx_kl=0.0035 | optimizer_steps=4
update=1233 | train_mean_reward=-20.0001 | train_mean_length=13.0859 | policy_loss=0.2357 | entropy=7.6903 | ratio=1.0000 | approx_kl=0.0040 | optimizer_steps=4
update=1234 | train_mean_reward=-20.2967 | train_mean_length=12.9766 | policy_loss=0.2160 | entropy=7.6896 | ratio=0.9980 | approx_kl=0.0054 | optimizer_steps=4
update=1235 | train_mean_reward=-20.5286 | train_mean_length=13.7344 | policy_loss=0.2582 | entropy=7.6888 | ratio=0.9992 | approx_kl=0.0040 | optimizer_steps=4 | eval_mean_reward=-0.9594 | eval_mean_length=19.6875
update=1236 | train_mean_reward=-21.6635 | train_mean_length=14.0664 | policy_loss=0.2209 | entropy=7.6879 | ratio=0.9992 | approx_kl=0.0038 | optimizer_steps=4
update=1237 | train_mean_reward=-20.1819 | train_mean_length=13.3086 | policy_loss=0.2061 | entropy=7.6868 | ratio=0.9985 | approx_kl=0.0047 | optimizer_steps=4
update=1238 | train_mean_reward=-20.8516 | train_mean_length=14.0664 | policy_loss=0.2257 | entropy=7.6856 | ratio=0.9978 | approx_kl=0.0052 | optimizer_steps=4
update=1239 | train_mean_reward=-19.6370 | train_mean_length=13.4844 | policy_loss=0.2733 | entropy=7.6845 | ratio=0.9997 | approx_kl=0.0030 | optimizer_steps=4
update=1240 | train_mean_reward=-20.4928 | train_mean_length=13.8164 | policy_loss=0.2357 | entropy=7.6834 | ratio=0.9984 | approx_kl=0.0046 | optimizer_steps=4 | eval_mean_reward=-0.9450 | eval_mean_length=20.5000
update=1241 | train_mean_reward=-20.9885 | train_mean_length=13.8086 | policy_loss=0.2427 | entropy=7.6824 | ratio=0.9991 | approx_kl=0.0033 | optimizer_steps=4
update=1242 | train_mean_reward=-20.7243 | train_mean_length=13.8320 | policy_loss=0.2188 | entropy=7.6815 | ratio=0.9987 | approx_kl=0.0051 | optimizer_steps=4
update=1243 | train_mean_reward=-21.3061 | train_mean_length=14.2383 | policy_loss=0.2317 | entropy=7.6806 | ratio=1.0001 | approx_kl=0.0025 | optimizer_steps=4
update=1244 | train_mean_reward=-20.8999 | train_mean_length=14.1211 | policy_loss=0.2651 | entropy=7.6794 | ratio=0.9981 | approx_kl=0.0057 | optimizer_steps=4
update=1245 | train_mean_reward=-21.5663 | train_mean_length=14.1484 | policy_loss=0.3068 | entropy=7.6783 | ratio=1.0001 | approx_kl=0.0019 | optimizer_steps=4 | eval_mean_reward=-0.5951 | eval_mean_length=16.9375
update=1246 | train_mean_reward=-20.3102 | train_mean_length=13.6055 | policy_loss=0.2681 | entropy=7.6775 | ratio=0.9995 | approx_kl=0.0027 | optimizer_steps=4
update=1247 | train_mean_reward=-21.1192 | train_mean_length=14.3477 | policy_loss=0.2592 | entropy=7.6768 | ratio=0.9984 | approx_kl=0.0041 | optimizer_steps=4
update=1248 | train_mean_reward=-22.5100 | train_mean_length=14.9180 | policy_loss=0.2904 | entropy=7.6758 | ratio=0.9999 | approx_kl=0.0022 | optimizer_steps=4
update=1249 | train_mean_reward=-21.1349 | train_mean_length=14.6992 | policy_loss=0.2662 | entropy=7.6745 | ratio=0.9983 | approx_kl=0.0040 | optimizer_steps=4
update=1250 | train_mean_reward=-21.6720 | train_mean_length=14.3125 | policy_loss=0.2636 | entropy=7.6733 | ratio=1.0008 | approx_kl=0.0020 | optimizer_steps=4 | eval_mean_reward=5.6151 | eval_mean_length=27.1875
update=1251 | train_mean_reward=-20.7873 | train_mean_length=13.8750 | policy_loss=0.2954 | entropy=7.6721 | ratio=0.9989 | approx_kl=0.0044 | optimizer_steps=4
update=1252 | train_mean_reward=-21.0277 | train_mean_length=13.8398 | policy_loss=0.2548 | entropy=7.6710 | ratio=0.9988 | approx_kl=0.0040 | optimizer_steps=4
update=1253 | train_mean_reward=-19.1837 | train_mean_length=12.5391 | policy_loss=0.2657 | entropy=7.6698 | ratio=0.9987 | approx_kl=0.0040 | optimizer_steps=4
update=1254 | train_mean_reward=-19.6843 | train_mean_length=12.4570 | policy_loss=0.2283 | entropy=7.6685 | ratio=1.0003 | approx_kl=0.0029 | optimizer_steps=4
update=1255 | train_mean_reward=-19.3678 | train_mean_length=12.6523 | policy_loss=0.2004 | entropy=7.6672 | ratio=0.9973 | approx_kl=0.0050 | optimizer_steps=4 | eval_mean_reward=4.1796 | eval_mean_length=26.0625
update=1256 | train_mean_reward=-19.8410 | train_mean_length=12.9531 | policy_loss=0.2836 | entropy=7.6659 | ratio=0.9995 | approx_kl=0.0019 | optimizer_steps=4
update=1257 | train_mean_reward=-19.2570 | train_mean_length=12.2344 | policy_loss=0.2027 | entropy=7.6647 | ratio=0.9975 | approx_kl=0.0054 | optimizer_steps=4
update=1258 | train_mean_reward=-19.1945 | train_mean_length=11.9102 | policy_loss=0.2113 | entropy=7.6635 | ratio=0.9987 | approx_kl=0.0039 | optimizer_steps=4
update=1259 | train_mean_reward=-19.6715 | train_mean_length=11.9883 | policy_loss=0.2328 | entropy=7.6623 | ratio=0.9994 | approx_kl=0.0045 | optimizer_steps=4
update=1260 | train_mean_reward=-18.5756 | train_mean_length=12.0000 | policy_loss=0.2258 | entropy=7.6612 | ratio=0.9980 | approx_kl=0.0046 | optimizer_steps=4 | eval_mean_reward=3.2650 | eval_mean_length=19.6250
update=1261 | train_mean_reward=-20.2806 | train_mean_length=13.2148 | policy_loss=0.2397 | entropy=7.6601 | ratio=0.9983 | approx_kl=0.0037 | optimizer_steps=4
update=1262 | train_mean_reward=-20.4655 | train_mean_length=13.2930 | policy_loss=0.3045 | entropy=7.6591 | ratio=0.9989 | approx_kl=0.0046 | optimizer_steps=4
update=1263 | train_mean_reward=-19.9562 | train_mean_length=13.4141 | policy_loss=0.2510 | entropy=7.6582 | ratio=0.9996 | approx_kl=0.0033 | optimizer_steps=4
update=1264 | train_mean_reward=-19.3363 | train_mean_length=12.6992 | policy_loss=0.2421 | entropy=7.6575 | ratio=0.9982 | approx_kl=0.0052 | optimizer_steps=4
update=1265 | train_mean_reward=-20.0714 | train_mean_length=13.0117 | policy_loss=0.2542 | entropy=7.6570 | ratio=1.0011 | approx_kl=0.0020 | optimizer_steps=4 | eval_mean_reward=2.5514 | eval_mean_length=26.5000
update=1266 | train_mean_reward=-20.8278 | train_mean_length=13.9883 | policy_loss=0.2724 | entropy=7.6563 | ratio=0.9986 | approx_kl=0.0037 | optimizer_steps=4
update=1267 | train_mean_reward=-21.3597 | train_mean_length=14.6406 | policy_loss=0.3110 | entropy=7.6553 | ratio=0.9999 | approx_kl=0.0024 | optimizer_steps=4
update=1268 | train_mean_reward=-23.1134 | train_mean_length=15.5078 | policy_loss=0.2930 | entropy=7.6542 | ratio=0.9989 | approx_kl=0.0034 | optimizer_steps=4
update=1269 | train_mean_reward=-22.9208 | train_mean_length=14.8984 | policy_loss=0.3124 | entropy=7.6535 | ratio=0.9983 | approx_kl=0.0048 | optimizer_steps=4
update=1270 | train_mean_reward=-21.5163 | train_mean_length=14.3477 | policy_loss=0.3077 | entropy=7.6527 | ratio=0.9992 | approx_kl=0.0037 | optimizer_steps=4 | eval_mean_reward=3.3691 | eval_mean_length=26.1875
update=1271 | train_mean_reward=-22.7456 | train_mean_length=15.2852 | policy_loss=0.3162 | entropy=7.6519 | ratio=0.9982 | approx_kl=0.0040 | optimizer_steps=4
update=1272 | train_mean_reward=-20.6770 | train_mean_length=13.5820 | policy_loss=0.2783 | entropy=7.6512 | ratio=1.0008 | approx_kl=0.0016 | optimizer_steps=4
update=1273 | train_mean_reward=-21.0633 | train_mean_length=13.6016 | policy_loss=0.2414 | entropy=7.6503 | ratio=1.0002 | approx_kl=0.0023 | optimizer_steps=4
update=1274 | train_mean_reward=-21.1155 | train_mean_length=14.1992 | policy_loss=0.2963 | entropy=7.6495 | ratio=0.9994 | approx_kl=0.0035 | optimizer_steps=4
update=1275 | train_mean_reward=-21.4959 | train_mean_length=14.2344 | policy_loss=0.3158 | entropy=7.6487 | ratio=0.9990 | approx_kl=0.0033 | optimizer_steps=4 | eval_mean_reward=1.1273 | eval_mean_length=22.4375
update=1276 | train_mean_reward=-21.5546 | train_mean_length=14.1992 | policy_loss=0.2985 | entropy=7.6479 | ratio=0.9981 | approx_kl=0.0046 | optimizer_steps=4
update=1277 | train_mean_reward=-20.6286 | train_mean_length=14.1133 | policy_loss=0.2575 | entropy=7.6469 | ratio=0.9989 | approx_kl=0.0037 | optimizer_steps=4
update=1278 | train_mean_reward=-22.9748 | train_mean_length=15.3867 | policy_loss=0.2897 | entropy=7.6459 | ratio=0.9985 | approx_kl=0.0041 | optimizer_steps=4
update=1279 | train_mean_reward=-23.2466 | train_mean_length=15.3828 | policy_loss=0.2939 | entropy=7.6451 | ratio=0.9976 | approx_kl=0.0050 | optimizer_steps=4
update=1280 | train_mean_reward=-23.7791 | train_mean_length=16.0742 | policy_loss=0.3785 | entropy=7.6441 | ratio=1.0065 | approx_kl=0.0023 | optimizer_steps=8 | eval_mean_reward=-1.6617 | eval_mean_length=23.0000
update=1281 | train_mean_reward=-22.9371 | train_mean_length=16.0625 | policy_loss=0.4487 | entropy=7.6433 | ratio=0.9914 | approx_kl=0.0202 | optimizer_steps=5 | early_stop=1 | early_stop_kl=0.0663
update=1282 | train_mean_reward=-23.0556 | train_mean_length=15.6211 | policy_loss=0.2945 | entropy=7.6430 | ratio=0.9990 | approx_kl=0.0027 | optimizer_steps=4
update=1283 | train_mean_reward=-23.4131 | train_mean_length=15.9414 | policy_loss=0.3028 | entropy=7.6424 | ratio=0.9994 | approx_kl=0.0029 | optimizer_steps=4
update=1284 | train_mean_reward=-22.0053 | train_mean_length=14.5195 | policy_loss=0.2804 | entropy=7.6418 | ratio=0.9992 | approx_kl=0.0044 | optimizer_steps=4
update=1285 | train_mean_reward=-21.7170 | train_mean_length=14.4297 | policy_loss=0.3051 | entropy=7.6414 | ratio=0.9974 | approx_kl=0.0056 | optimizer_steps=4 | eval_mean_reward=-4.1390 | eval_mean_length=21.8750
update=1286 | train_mean_reward=-23.2105 | train_mean_length=14.7969 | policy_loss=0.3116 | entropy=7.6412 | ratio=0.9978 | approx_kl=0.0054 | optimizer_steps=4
update=1287 | train_mean_reward=-22.3359 | train_mean_length=14.6680 | policy_loss=0.3466 | entropy=7.6411 | ratio=0.9985 | approx_kl=0.0036 | optimizer_steps=4
update=1288 | train_mean_reward=-22.3559 | train_mean_length=14.7852 | policy_loss=0.3571 | entropy=7.6408 | ratio=0.9987 | approx_kl=0.0042 | optimizer_steps=4
update=1289 | train_mean_reward=-22.4192 | train_mean_length=14.8008 | policy_loss=0.3243 | entropy=7.6404 | ratio=1.0000 | approx_kl=0.0019 | optimizer_steps=4
update=1290 | train_mean_reward=-21.7064 | train_mean_length=14.0430 | policy_loss=0.3271 | entropy=7.6398 | ratio=0.9979 | approx_kl=0.0053 | optimizer_steps=4 | eval_mean_reward=-3.2909 | eval_mean_length=21.1875
update=1291 | train_mean_reward=-20.0255 | train_mean_length=13.0117 | policy_loss=0.2703 | entropy=7.6392 | ratio=0.9984 | approx_kl=0.0049 | optimizer_steps=4
update=1292 | train_mean_reward=-20.8707 | train_mean_length=13.2812 | policy_loss=0.2915 | entropy=7.6387 | ratio=0.9979 | approx_kl=0.0054 | optimizer_steps=4
update=1293 | train_mean_reward=-21.2227 | train_mean_length=13.3477 | policy_loss=0.2989 | entropy=7.6383 | ratio=0.9998 | approx_kl=0.0041 | optimizer_steps=4
update=1294 | train_mean_reward=-20.5696 | train_mean_length=12.8750 | policy_loss=0.2230 | entropy=7.6379 | ratio=1.0002 | approx_kl=0.0031 | optimizer_steps=4
update=1295 | train_mean_reward=-19.0907 | train_mean_length=12.7812 | policy_loss=0.2867 | entropy=7.6373 | ratio=0.9996 | approx_kl=0.0033 | optimizer_steps=4 | eval_mean_reward=-1.1292 | eval_mean_length=20.5000
update=1296 | train_mean_reward=-20.6442 | train_mean_length=13.1523 | policy_loss=0.2813 | entropy=7.6367 | ratio=0.9999 | approx_kl=0.0024 | optimizer_steps=4
update=1297 | train_mean_reward=-20.4469 | train_mean_length=13.0938 | policy_loss=0.2728 | entropy=7.6361 | ratio=0.9998 | approx_kl=0.0032 | optimizer_steps=4
update=1298 | train_mean_reward=-20.9693 | train_mean_length=13.6836 | policy_loss=0.2851 | entropy=7.6357 | ratio=0.9993 | approx_kl=0.0039 | optimizer_steps=4
update=1299 | train_mean_reward=-21.2744 | train_mean_length=14.1992 | policy_loss=0.2992 | entropy=7.6353 | ratio=1.0000 | approx_kl=0.0025 | optimizer_steps=4
update=1300 | train_mean_reward=-21.4787 | train_mean_length=14.1367 | policy_loss=0.3048 | entropy=7.6348 | ratio=0.9982 | approx_kl=0.0049 | optimizer_steps=4 | eval_mean_reward=2.2886 | eval_mean_length=31.3750
update=1301 | train_mean_reward=-21.6015 | train_mean_length=13.7422 | policy_loss=0.3547 | entropy=7.6344 | ratio=0.9993 | approx_kl=0.0035 | optimizer_steps=4
update=1302 | train_mean_reward=-21.0029 | train_mean_length=13.2812 | policy_loss=0.2624 | entropy=7.6340 | ratio=0.9980 | approx_kl=0.0056 | optimizer_steps=4
update=1303 | train_mean_reward=-20.9114 | train_mean_length=13.1641 | policy_loss=0.3042 | entropy=7.6334 | ratio=0.9974 | approx_kl=0.0056 | optimizer_steps=4
update=1304 | train_mean_reward=-20.7190 | train_mean_length=13.3984 | policy_loss=0.2796 | entropy=7.6326 | ratio=0.9974 | approx_kl=0.0056 | optimizer_steps=4
update=1305 | train_mean_reward=-19.7634 | train_mean_length=12.9922 | policy_loss=0.2680 | entropy=7.6316 | ratio=0.9993 | approx_kl=0.0027 | optimizer_steps=4 | eval_mean_reward=-1.1277 | eval_mean_length=27.7500
update=1306 | train_mean_reward=-21.1700 | train_mean_length=14.1641 | policy_loss=0.2577 | entropy=7.6308 | ratio=0.9984 | approx_kl=0.0050 | optimizer_steps=4
update=1307 | train_mean_reward=-21.2505 | train_mean_length=14.0508 | policy_loss=0.2370 | entropy=7.6297 | ratio=0.9983 | approx_kl=0.0045 | optimizer_steps=4
update=1308 | train_mean_reward=-20.9207 | train_mean_length=14.3125 | policy_loss=0.2856 | entropy=7.6286 | ratio=0.9991 | approx_kl=0.0038 | optimizer_steps=4
update=1309 | train_mean_reward=-21.7702 | train_mean_length=14.3555 | policy_loss=0.3094 | entropy=7.6277 | ratio=0.9996 | approx_kl=0.0029 | optimizer_steps=4
update=1310 | train_mean_reward=-22.3541 | train_mean_length=14.9141 | policy_loss=0.2775 | entropy=7.6267 | ratio=0.9996 | approx_kl=0.0031 | optimizer_steps=4 | eval_mean_reward=0.8632 | eval_mean_length=22.1875
update=1311 | train_mean_reward=-21.6767 | train_mean_length=14.6719 | policy_loss=0.3344 | entropy=7.6258 | ratio=0.9994 | approx_kl=0.0028 | optimizer_steps=4
update=1312 | train_mean_reward=-21.9750 | train_mean_length=14.4297 | policy_loss=0.3312 | entropy=7.6248 | ratio=0.9999 | approx_kl=0.0029 | optimizer_steps=4
update=1313 | train_mean_reward=-20.4959 | train_mean_length=13.8945 | policy_loss=0.2740 | entropy=7.6240 | ratio=0.9990 | approx_kl=0.0041 | optimizer_steps=4
update=1314 | train_mean_reward=-19.6450 | train_mean_length=13.0352 | policy_loss=0.2294 | entropy=7.6234 | ratio=1.0006 | approx_kl=0.0019 | optimizer_steps=4
update=1315 | train_mean_reward=-20.1944 | train_mean_length=13.3711 | policy_loss=0.2860 | entropy=7.6229 | ratio=0.9993 | approx_kl=0.0033 | optimizer_steps=4 | eval_mean_reward=-0.5543 | eval_mean_length=22.5000
update=1316 | train_mean_reward=-20.3146 | train_mean_length=13.1641 | policy_loss=0.3072 | entropy=7.6224 | ratio=0.9984 | approx_kl=0.0044 | optimizer_steps=4
update=1317 | train_mean_reward=-20.3479 | train_mean_length=13.3086 | policy_loss=0.2678 | entropy=7.6217 | ratio=0.9973 | approx_kl=0.0053 | optimizer_steps=4
update=1318 | train_mean_reward=-22.7688 | train_mean_length=14.7227 | policy_loss=0.2967 | entropy=7.6208 | ratio=0.9987 | approx_kl=0.0037 | optimizer_steps=4
update=1319 | train_mean_reward=-22.2018 | train_mean_length=14.9805 | policy_loss=0.3373 | entropy=7.6201 | ratio=0.9994 | approx_kl=0.0042 | optimizer_steps=4
update=1320 | train_mean_reward=-20.8972 | train_mean_length=13.8750 | policy_loss=0.3536 | entropy=7.6198 | ratio=0.9972 | approx_kl=0.0067 | optimizer_steps=4 | eval_mean_reward=-1.1588 | eval_mean_length=21.9375
update=1321 | train_mean_reward=-21.6690 | train_mean_length=14.5430 | policy_loss=0.2992 | entropy=7.6196 | ratio=0.9987 | approx_kl=0.0056 | optimizer_steps=4
update=1322 | train_mean_reward=-21.3167 | train_mean_length=14.6602 | policy_loss=0.2764 | entropy=7.6192 | ratio=0.9986 | approx_kl=0.0040 | optimizer_steps=4
update=1323 | train_mean_reward=-22.0902 | train_mean_length=15.0703 | policy_loss=0.2979 | entropy=7.6187 | ratio=1.0001 | approx_kl=0.0019 | optimizer_steps=4
update=1324 | train_mean_reward=-21.6384 | train_mean_length=14.3750 | policy_loss=0.2958 | entropy=7.6181 | ratio=1.0004 | approx_kl=0.0033 | optimizer_steps=4
update=1325 | train_mean_reward=-20.9334 | train_mean_length=14.1641 | policy_loss=0.2380 | entropy=7.6174 | ratio=1.0002 | approx_kl=0.0026 | optimizer_steps=4 | eval_mean_reward=1.1186 | eval_mean_length=32.9375
update=1326 | train_mean_reward=-21.5361 | train_mean_length=14.5586 | policy_loss=0.2514 | entropy=7.6165 | ratio=0.9991 | approx_kl=0.0032 | optimizer_steps=4
update=1327 | train_mean_reward=-21.7927 | train_mean_length=14.1758 | policy_loss=0.2421 | entropy=7.6156 | ratio=1.0006 | approx_kl=0.0035 | optimizer_steps=4
update=1328 | train_mean_reward=-20.8666 | train_mean_length=14.6719 | policy_loss=0.2475 | entropy=7.6145 | ratio=0.9999 | approx_kl=0.0034 | optimizer_steps=4
update=1329 | train_mean_reward=-21.0989 | train_mean_length=14.4766 | policy_loss=0.2571 | entropy=7.6136 | ratio=1.0001 | approx_kl=0.0029 | optimizer_steps=4
update=1330 | train_mean_reward=-22.4980 | train_mean_length=15.1328 | policy_loss=0.2587 | entropy=7.6129 | ratio=0.9996 | approx_kl=0.0029 | optimizer_steps=4 | eval_mean_reward=0.5669 | eval_mean_length=31.3750
update=1331 | train_mean_reward=-22.5606 | train_mean_length=15.3633 | policy_loss=0.2707 | entropy=7.6119 | ratio=0.9995 | approx_kl=0.0026 | optimizer_steps=4
update=1332 | train_mean_reward=-21.0575 | train_mean_length=14.6406 | policy_loss=0.2811 | entropy=7.6107 | ratio=0.9997 | approx_kl=0.0034 | optimizer_steps=4
update=1333 | train_mean_reward=-22.4646 | train_mean_length=15.0352 | policy_loss=0.2488 | entropy=7.6095 | ratio=0.9985 | approx_kl=0.0047 | optimizer_steps=4
update=1334 | train_mean_reward=-22.2030 | train_mean_length=15.0703 | policy_loss=0.2105 | entropy=7.6084 | ratio=0.9994 | approx_kl=0.0032 | optimizer_steps=4
update=1335 | train_mean_reward=-20.6896 | train_mean_length=14.1172 | policy_loss=0.1903 | entropy=7.6076 | ratio=0.9980 | approx_kl=0.0054 | optimizer_steps=4 | eval_mean_reward=1.6343 | eval_mean_length=19.9375
update=1336 | train_mean_reward=-21.1476 | train_mean_length=15.0312 | policy_loss=0.2232 | entropy=7.6066 | ratio=0.9981 | approx_kl=0.0052 | optimizer_steps=4
update=1337 | train_mean_reward=-22.3019 | train_mean_length=15.4336 | policy_loss=0.2336 | entropy=7.6055 | ratio=0.9990 | approx_kl=0.0040 | optimizer_steps=4
update=1338 | train_mean_reward=-22.2765 | train_mean_length=14.9102 | policy_loss=0.2241 | entropy=7.6046 | ratio=0.9974 | approx_kl=0.0060 | optimizer_steps=4
update=1339 | train_mean_reward=-22.0913 | train_mean_length=15.4805 | policy_loss=0.2418 | entropy=7.6036 | ratio=1.0007 | approx_kl=0.0013 | optimizer_steps=4
update=1340 | train_mean_reward=-21.8208 | train_mean_length=15.0234 | policy_loss=0.2309 | entropy=7.6026 | ratio=0.9980 | approx_kl=0.0049 | optimizer_steps=4 | eval_mean_reward=3.1441 | eval_mean_length=19.6875
update=1341 | train_mean_reward=-22.2007 | train_mean_length=15.7422 | policy_loss=0.2157 | entropy=7.6017 | ratio=0.9987 | approx_kl=0.0044 | optimizer_steps=4
update=1342 | train_mean_reward=-21.1302 | train_mean_length=14.6562 | policy_loss=0.2232 | entropy=7.6006 | ratio=0.9980 | approx_kl=0.0052 | optimizer_steps=4
update=1343 | train_mean_reward=-22.6654 | train_mean_length=15.5703 | policy_loss=0.2196 | entropy=7.5996 | ratio=1.0003 | approx_kl=0.0025 | optimizer_steps=4
update=1344 | train_mean_reward=-23.5559 | train_mean_length=16.3047 | policy_loss=0.2727 | entropy=7.5981 | ratio=0.9918 | approx_kl=0.0146 | optimizer_steps=8
update=1345 | train_mean_reward=-25.8371 | train_mean_length=17.5898 | policy_loss=0.2616 | entropy=7.5967 | ratio=0.9968 | approx_kl=0.0097 | optimizer_steps=8 | eval_mean_reward=0.2298 | eval_mean_length=32.5625
update=1346 | train_mean_reward=-24.5637 | train_mean_length=16.7969 | policy_loss=0.2737 | entropy=7.5959 | ratio=0.9964 | approx_kl=0.0090 | optimizer_steps=8
update=1347 | train_mean_reward=-23.5948 | train_mean_length=16.3242 | policy_loss=0.2458 | entropy=7.5950 | ratio=1.0013 | approx_kl=0.0054 | optimizer_steps=8
update=1348 | train_mean_reward=-22.6068 | train_mean_length=16.4336 | policy_loss=0.2857 | entropy=7.5939 | ratio=1.0009 | approx_kl=0.0052 | optimizer_steps=8
update=1349 | train_mean_reward=-23.6220 | train_mean_length=16.5117 | policy_loss=0.2363 | entropy=7.5924 | ratio=1.0001 | approx_kl=0.0030 | optimizer_steps=8
update=1350 | train_mean_reward=-22.6302 | train_mean_length=15.3203 | policy_loss=0.2280 | entropy=7.5913 | ratio=0.9981 | approx_kl=0.0044 | optimizer_steps=4 | eval_mean_reward=2.4721 | eval_mean_length=22.4375
update=1351 | train_mean_reward=-22.5099 | train_mean_length=15.6250 | policy_loss=0.2409 | entropy=7.5904 | ratio=0.9972 | approx_kl=0.0061 | optimizer_steps=4
update=1352 | train_mean_reward=-23.3069 | train_mean_length=15.4688 | policy_loss=0.2751 | entropy=7.5894 | ratio=1.0006 | approx_kl=0.0023 | optimizer_steps=4
update=1353 | train_mean_reward=-21.5342 | train_mean_length=15.0312 | policy_loss=0.2152 | entropy=7.5881 | ratio=0.9987 | approx_kl=0.0050 | optimizer_steps=4
update=1354 | train_mean_reward=-21.3396 | train_mean_length=14.8984 | policy_loss=0.2597 | entropy=7.5870 | ratio=0.9972 | approx_kl=0.0057 | optimizer_steps=4
update=1355 | train_mean_reward=-22.2936 | train_mean_length=15.3320 | policy_loss=0.2934 | entropy=7.5860 | ratio=0.9990 | approx_kl=0.0040 | optimizer_steps=4 | eval_mean_reward=5.2087 | eval_mean_length=27.7500
update=1356 | train_mean_reward=-20.5620 | train_mean_length=14.3125 | policy_loss=0.2377 | entropy=7.5849 | ratio=0.9998 | approx_kl=0.0020 | optimizer_steps=4
update=1357 | train_mean_reward=-20.7441 | train_mean_length=14.4609 | policy_loss=0.2511 | entropy=7.5836 | ratio=0.9985 | approx_kl=0.0039 | optimizer_steps=4
update=1358 | train_mean_reward=-21.2711 | train_mean_length=14.7305 | policy_loss=0.2600 | entropy=7.5824 | ratio=0.9983 | approx_kl=0.0036 | optimizer_steps=4
update=1359 | train_mean_reward=-21.8691 | train_mean_length=14.8789 | policy_loss=0.2786 | entropy=7.5813 | ratio=0.9985 | approx_kl=0.0036 | optimizer_steps=4
update=1360 | train_mean_reward=-22.3644 | train_mean_length=15.6328 | policy_loss=0.2865 | entropy=7.5804 | ratio=0.9992 | approx_kl=0.0038 | optimizer_steps=4 | eval_mean_reward=2.6320 | eval_mean_length=30.2500
update=1361 | train_mean_reward=-22.9121 | train_mean_length=15.6133 | policy_loss=0.2591 | entropy=7.5795 | ratio=1.0002 | approx_kl=0.0016 | optimizer_steps=4
update=1362 | train_mean_reward=-21.7579 | train_mean_length=15.5078 | policy_loss=0.2142 | entropy=7.5786 | ratio=0.9993 | approx_kl=0.0037 | optimizer_steps=4
update=1363 | train_mean_reward=-22.6977 | train_mean_length=16.0039 | policy_loss=0.3512 | entropy=7.5772 | ratio=1.0388 | approx_kl=-0.0324 | optimizer_steps=8
update=1364 | train_mean_reward=-23.5117 | train_mean_length=16.3398 | policy_loss=0.2963 | entropy=7.5759 | ratio=0.9980 | approx_kl=0.0077 | optimizer_steps=8
update=1365 | train_mean_reward=-21.5527 | train_mean_length=14.7344 | policy_loss=0.2267 | entropy=7.5753 | ratio=0.9980 | approx_kl=0.0042 | optimizer_steps=4 | eval_mean_reward=0.0412 | eval_mean_length=27.0625
update=1366 | train_mean_reward=-20.4877 | train_mean_length=14.2812 | policy_loss=0.2142 | entropy=7.5749 | ratio=0.9993 | approx_kl=0.0036 | optimizer_steps=4
update=1367 | train_mean_reward=-21.8761 | train_mean_length=15.0273 | policy_loss=0.1887 | entropy=7.5742 | ratio=0.9980 | approx_kl=0.0045 | optimizer_steps=4
update=1368 | train_mean_reward=-21.2557 | train_mean_length=14.7539 | policy_loss=0.2244 | entropy=7.5734 | ratio=0.9999 | approx_kl=0.0024 | optimizer_steps=4
update=1369 | train_mean_reward=-22.1762 | train_mean_length=15.1367 | policy_loss=0.2364 | entropy=7.5724 | ratio=0.9968 | approx_kl=0.0071 | optimizer_steps=4
update=1370 | train_mean_reward=-21.0425 | train_mean_length=14.1992 | policy_loss=0.2257 | entropy=7.5713 | ratio=0.9993 | approx_kl=0.0035 | optimizer_steps=4 | eval_mean_reward=0.1067 | eval_mean_length=23.1875
update=1371 | train_mean_reward=-22.1667 | train_mean_length=15.1914 | policy_loss=0.2516 | entropy=7.5704 | ratio=1.0000 | approx_kl=0.0025 | optimizer_steps=4
update=1372 | train_mean_reward=-22.3447 | train_mean_length=15.0977 | policy_loss=0.2639 | entropy=7.5695 | ratio=1.0001 | approx_kl=0.0021 | optimizer_steps=4
update=1373 | train_mean_reward=-21.3528 | train_mean_length=14.8672 | policy_loss=0.2193 | entropy=7.5687 | ratio=0.9991 | approx_kl=0.0031 | optimizer_steps=4
update=1374 | train_mean_reward=-21.3259 | train_mean_length=14.3828 | policy_loss=0.2279 | entropy=7.5678 | ratio=0.9978 | approx_kl=0.0049 | optimizer_steps=4
update=1375 | train_mean_reward=-21.5603 | train_mean_length=15.0781 | policy_loss=0.2457 | entropy=7.5667 | ratio=1.0001 | approx_kl=0.0019 | optimizer_steps=4 | eval_mean_reward=0.1602 | eval_mean_length=23.6875
update=1376 | train_mean_reward=-22.6262 | train_mean_length=15.5898 | policy_loss=0.2704 | entropy=7.5657 | ratio=1.0010 | approx_kl=0.0009 | optimizer_steps=4
update=1377 | train_mean_reward=-23.2586 | train_mean_length=16.1914 | policy_loss=0.2642 | entropy=7.5647 | ratio=0.9967 | approx_kl=0.0098 | optimizer_steps=8
update=1378 | train_mean_reward=-23.0621 | train_mean_length=15.6758 | policy_loss=0.2471 | entropy=7.5641 | ratio=0.9988 | approx_kl=0.0039 | optimizer_steps=4
update=1379 | train_mean_reward=-21.8819 | train_mean_length=15.3164 | policy_loss=0.2744 | entropy=7.5636 | ratio=0.9982 | approx_kl=0.0045 | optimizer_steps=4
update=1380 | train_mean_reward=-21.6386 | train_mean_length=14.8555 | policy_loss=0.2367 | entropy=7.5632 | ratio=0.9997 | approx_kl=0.0038 | optimizer_steps=4 | eval_mean_reward=2.3712 | eval_mean_length=29.5000
update=1381 | train_mean_reward=-22.9358 | train_mean_length=15.5391 | policy_loss=0.2390 | entropy=7.5627 | ratio=0.9997 | approx_kl=0.0026 | optimizer_steps=4
update=1382 | train_mean_reward=-22.2870 | train_mean_length=15.3867 | policy_loss=0.2305 | entropy=7.5622 | ratio=0.9999 | approx_kl=0.0022 | optimizer_steps=4
update=1383 | train_mean_reward=-21.6797 | train_mean_length=15.1836 | policy_loss=0.2396 | entropy=7.5614 | ratio=0.9988 | approx_kl=0.0043 | optimizer_steps=4
update=1384 | train_mean_reward=-23.1096 | train_mean_length=16.0156 | policy_loss=0.2999 | entropy=7.5608 | ratio=1.0018 | approx_kl=0.0189 | optimizer_steps=3 | early_stop=1 | early_stop_kl=0.0766
update=1385 | train_mean_reward=-22.7873 | train_mean_length=15.4297 | policy_loss=0.2688 | entropy=7.5602 | ratio=1.0002 | approx_kl=0.0018 | optimizer_steps=4 | eval_mean_reward=0.4450 | eval_mean_length=25.3125
update=1386 | train_mean_reward=-22.3076 | train_mean_length=15.5938 | policy_loss=0.2393 | entropy=7.5595 | ratio=0.9989 | approx_kl=0.0037 | optimizer_steps=4
update=1387 | train_mean_reward=-22.4864 | train_mean_length=15.8711 | policy_loss=0.2367 | entropy=7.5588 | ratio=0.9994 | approx_kl=0.0032 | optimizer_steps=4
update=1388 | train_mean_reward=-22.5646 | train_mean_length=15.4102 | policy_loss=0.2163 | entropy=7.5581 | ratio=0.9978 | approx_kl=0.0052 | optimizer_steps=4
update=1389 | train_mean_reward=-21.4005 | train_mean_length=14.9297 | policy_loss=0.1870 | entropy=7.5571 | ratio=0.9991 | approx_kl=0.0032 | optimizer_steps=4
update=1390 | train_mean_reward=-22.8440 | train_mean_length=15.9219 | policy_loss=0.2561 | entropy=7.5558 | ratio=0.9994 | approx_kl=0.0027 | optimizer_steps=4 | eval_mean_reward=4.2608 | eval_mean_length=25.0625
update=1391 | train_mean_reward=-21.3740 | train_mean_length=14.7969 | policy_loss=0.2368 | entropy=7.5546 | ratio=0.9982 | approx_kl=0.0048 | optimizer_steps=4
update=1392 | train_mean_reward=-21.9097 | train_mean_length=15.0430 | policy_loss=0.2145 | entropy=7.5536 | ratio=1.0001 | approx_kl=0.0030 | optimizer_steps=4
update=1393 | train_mean_reward=-20.5059 | train_mean_length=13.8633 | policy_loss=0.1829 | entropy=7.5524 | ratio=0.9993 | approx_kl=0.0042 | optimizer_steps=4
update=1394 | train_mean_reward=-20.2355 | train_mean_length=13.8750 | policy_loss=0.1869 | entropy=7.5512 | ratio=0.9991 | approx_kl=0.0038 | optimizer_steps=4
update=1395 | train_mean_reward=-20.9797 | train_mean_length=14.4883 | policy_loss=0.2631 | entropy=7.5502 | ratio=0.9992 | approx_kl=0.0029 | optimizer_steps=4 | eval_mean_reward=1.3002 | eval_mean_length=17.5625
update=1396 | train_mean_reward=-22.1367 | train_mean_length=14.7305 | policy_loss=0.2507 | entropy=7.5489 | ratio=0.9976 | approx_kl=0.0052 | optimizer_steps=4
update=1397 | train_mean_reward=-20.4216 | train_mean_length=14.0781 | policy_loss=0.1711 | entropy=7.5476 | ratio=0.9984 | approx_kl=0.0047 | optimizer_steps=4
update=1398 | train_mean_reward=-20.7546 | train_mean_length=13.9141 | policy_loss=0.1739 | entropy=7.5463 | ratio=0.9997 | approx_kl=0.0028 | optimizer_steps=4
update=1399 | train_mean_reward=-21.3428 | train_mean_length=14.8125 | policy_loss=0.1933 | entropy=7.5449 | ratio=1.0004 | approx_kl=0.0016 | optimizer_steps=4
update=1400 | train_mean_reward=-20.9265 | train_mean_length=14.5859 | policy_loss=0.1961 | entropy=7.5434 | ratio=0.9995 | approx_kl=0.0034 | optimizer_steps=4 | eval_mean_reward=0.4637 | eval_mean_length=16.8125
update=1401 | train_mean_reward=-21.0921 | train_mean_length=14.6094 | policy_loss=0.1731 | entropy=7.5419 | ratio=0.9998 | approx_kl=0.0033 | optimizer_steps=4
update=1402 | train_mean_reward=-20.9368 | train_mean_length=15.1992 | policy_loss=0.1936 | entropy=7.5406 | ratio=0.9989 | approx_kl=0.0039 | optimizer_steps=4
update=1403 | train_mean_reward=-21.3381 | train_mean_length=15.5352 | policy_loss=0.1965 | entropy=7.5395 | ratio=0.9986 | approx_kl=0.0036 | optimizer_steps=4
update=1404 | train_mean_reward=-22.0659 | train_mean_length=15.2539 | policy_loss=0.2180 | entropy=7.5386 | ratio=1.0008 | approx_kl=0.0022 | optimizer_steps=4
update=1405 | train_mean_reward=-21.2363 | train_mean_length=15.1602 | policy_loss=0.2215 | entropy=7.5379 | ratio=1.0006 | approx_kl=0.0018 | optimizer_steps=4 | eval_mean_reward=2.5530 | eval_mean_length=19.1250
update=1406 | train_mean_reward=-20.5859 | train_mean_length=14.3086 | policy_loss=0.2170 | entropy=7.5373 | ratio=0.9984 | approx_kl=0.0041 | optimizer_steps=4
update=1407 | train_mean_reward=-21.2645 | train_mean_length=14.2773 | policy_loss=0.2685 | entropy=7.5364 | ratio=0.9971 | approx_kl=0.0065 | optimizer_steps=4
update=1408 | train_mean_reward=-19.5660 | train_mean_length=13.7227 | policy_loss=0.2514 | entropy=7.5355 | ratio=1.0007 | approx_kl=0.0017 | optimizer_steps=4
update=1409 | train_mean_reward=-19.7772 | train_mean_length=13.5078 | policy_loss=0.2065 | entropy=7.5345 | ratio=0.9997 | approx_kl=0.0033 | optimizer_steps=4
update=1410 | train_mean_reward=-21.4714 | train_mean_length=14.0703 | policy_loss=0.2307 | entropy=7.5338 | ratio=1.0001 | approx_kl=0.0023 | optimizer_steps=4 | eval_mean_reward=3.9311 | eval_mean_length=20.1875
update=1411 | train_mean_reward=-21.2926 | train_mean_length=14.2422 | policy_loss=0.2298 | entropy=7.5330 | ratio=0.9994 | approx_kl=0.0030 | optimizer_steps=4
update=1412 | train_mean_reward=-20.7410 | train_mean_length=14.4961 | policy_loss=0.2307 | entropy=7.5320 | ratio=0.9998 | approx_kl=0.0026 | optimizer_steps=4
update=1413 | train_mean_reward=-21.0029 | train_mean_length=14.6992 | policy_loss=0.2305 | entropy=7.5310 | ratio=0.9995 | approx_kl=0.0040 | optimizer_steps=4
update=1414 | train_mean_reward=-21.1953 | train_mean_length=14.7930 | policy_loss=0.2173 | entropy=7.5301 | ratio=0.9996 | approx_kl=0.0033 | optimizer_steps=4
update=1415 | train_mean_reward=-20.2591 | train_mean_length=14.3125 | policy_loss=0.2183 | entropy=7.5291 | ratio=0.9976 | approx_kl=0.0050 | optimizer_steps=4 | eval_mean_reward=3.6117 | eval_mean_length=18.5000
update=1416 | train_mean_reward=-21.1339 | train_mean_length=14.6992 | policy_loss=0.2237 | entropy=7.5281 | ratio=1.0001 | approx_kl=0.0020 | optimizer_steps=4
update=1417 | train_mean_reward=-22.1835 | train_mean_length=15.8125 | policy_loss=0.2413 | entropy=7.5271 | ratio=0.9978 | approx_kl=0.0055 | optimizer_steps=4
update=1418 | train_mean_reward=-20.6798 | train_mean_length=15.3320 | policy_loss=0.2139 | entropy=7.5260 | ratio=0.9993 | approx_kl=0.0039 | optimizer_steps=4
update=1419 | train_mean_reward=-22.8972 | train_mean_length=16.1562 | policy_loss=0.2176 | entropy=7.5244 | ratio=1.0024 | approx_kl=0.0055 | optimizer_steps=8
update=1420 | train_mean_reward=-21.2446 | train_mean_length=15.5039 | policy_loss=0.2081 | entropy=7.5232 | ratio=0.9993 | approx_kl=0.0014 | optimizer_steps=4 | eval_mean_reward=3.4061 | eval_mean_length=20.1250
update=1421 | train_mean_reward=-20.1131 | train_mean_length=14.7617 | policy_loss=0.2269 | entropy=7.5221 | ratio=1.0001 | approx_kl=0.0026 | optimizer_steps=4
update=1422 | train_mean_reward=-21.8882 | train_mean_length=15.7266 | policy_loss=0.2015 | entropy=7.5209 | ratio=0.9997 | approx_kl=0.0025 | optimizer_steps=4
update=1423 | train_mean_reward=-21.7003 | train_mean_length=15.5820 | policy_loss=0.2130 | entropy=7.5198 | ratio=0.9997 | approx_kl=0.0033 | optimizer_steps=4
update=1424 | train_mean_reward=-21.5053 | train_mean_length=16.0000 | policy_loss=0.2107 | entropy=7.5187 | ratio=1.0001 | approx_kl=0.0038 | optimizer_steps=4
update=1425 | train_mean_reward=-23.2227 | train_mean_length=16.4180 | policy_loss=0.2137 | entropy=7.5173 | ratio=0.9899 | approx_kl=0.0225 | optimizer_steps=8 | eval_mean_reward=3.8706 | eval_mean_length=22.2500
update=1426 | train_mean_reward=-22.1247 | train_mean_length=15.8828 | policy_loss=0.2554 | entropy=7.5165 | ratio=0.9990 | approx_kl=0.0025 | optimizer_steps=4
update=1427 | train_mean_reward=-22.1884 | train_mean_length=15.5977 | policy_loss=0.2160 | entropy=7.5158 | ratio=1.0002 | approx_kl=0.0029 | optimizer_steps=4
update=1428 | train_mean_reward=-23.5890 | train_mean_length=15.7422 | policy_loss=0.2295 | entropy=7.5149 | ratio=1.0014 | approx_kl=0.0010 | optimizer_steps=4
update=1429 | train_mean_reward=-20.9863 | train_mean_length=15.7109 | policy_loss=0.2107 | entropy=7.5139 | ratio=0.9990 | approx_kl=0.0031 | optimizer_steps=4
update=1430 | train_mean_reward=-22.8656 | train_mean_length=16.0273 | policy_loss=0.1653 | entropy=7.5127 | ratio=1.0351 | approx_kl=-0.0269 | optimizer_steps=8 | eval_mean_reward=-1.5682 | eval_mean_length=25.6250
update=1431 | train_mean_reward=-20.8716 | train_mean_length=15.1875 | policy_loss=0.2277 | entropy=7.5116 | ratio=0.9988 | approx_kl=0.0032 | optimizer_steps=4
update=1432 | train_mean_reward=-22.4461 | train_mean_length=16.0195 | policy_loss=0.0786 | entropy=7.5104 | ratio=0.9976 | approx_kl=0.0086 | optimizer_steps=8
update=1433 | train_mean_reward=-22.4329 | train_mean_length=15.6484 | policy_loss=0.2197 | entropy=7.5093 | ratio=0.9997 | approx_kl=0.0021 | optimizer_steps=4
update=1434 | train_mean_reward=-22.4043 | train_mean_length=15.7188 | policy_loss=0.2325 | entropy=7.5087 | ratio=1.0002 | approx_kl=0.0038 | optimizer_steps=4
update=1435 | train_mean_reward=-21.9573 | train_mean_length=15.7188 | policy_loss=0.2771 | entropy=7.5082 | ratio=0.9980 | approx_kl=0.0054 | optimizer_steps=4 | eval_mean_reward=6.4907 | eval_mean_length=27.9375
update=1436 | train_mean_reward=-22.6310 | train_mean_length=16.0547 | policy_loss=0.2915 | entropy=7.5072 | ratio=0.9970 | approx_kl=0.0100 | optimizer_steps=8
update=1437 | train_mean_reward=-21.6878 | train_mean_length=15.0938 | policy_loss=0.2649 | entropy=7.5063 | ratio=0.9999 | approx_kl=0.0011 | optimizer_steps=4
update=1438 | train_mean_reward=-20.8212 | train_mean_length=14.5547 | policy_loss=0.2348 | entropy=7.5055 | ratio=0.9987 | approx_kl=0.0041 | optimizer_steps=4
update=1439 | train_mean_reward=-20.1989 | train_mean_length=14.7188 | policy_loss=0.2439 | entropy=7.5047 | ratio=0.9991 | approx_kl=0.0039 | optimizer_steps=4
update=1440 | train_mean_reward=-20.3427 | train_mean_length=13.7109 | policy_loss=0.2432 | entropy=7.5037 | ratio=0.9980 | approx_kl=0.0039 | optimizer_steps=4 | eval_mean_reward=4.2617 | eval_mean_length=27.5625
update=1441 | train_mean_reward=-20.0603 | train_mean_length=14.0664 | policy_loss=0.2461 | entropy=7.5028 | ratio=0.9984 | approx_kl=0.0046 | optimizer_steps=4
update=1442 | train_mean_reward=-21.7027 | train_mean_length=14.6445 | policy_loss=0.2449 | entropy=7.5019 | ratio=0.9991 | approx_kl=0.0033 | optimizer_steps=4
update=1443 | train_mean_reward=-22.3945 | train_mean_length=15.4648 | policy_loss=0.2805 | entropy=7.5009 | ratio=0.9992 | approx_kl=0.0036 | optimizer_steps=4
update=1444 | train_mean_reward=-23.8309 | train_mean_length=16.4531 | policy_loss=0.3548 | entropy=7.4998 | ratio=0.9948 | approx_kl=0.0147 | optimizer_steps=8
update=1445 | train_mean_reward=-22.1177 | train_mean_length=15.0547 | policy_loss=0.2575 | entropy=7.4989 | ratio=1.0014 | approx_kl=0.0012 | optimizer_steps=4 | eval_mean_reward=4.2591 | eval_mean_length=26.2500
update=1446 | train_mean_reward=-20.5145 | train_mean_length=14.3398 | policy_loss=0.2650 | entropy=7.4984 | ratio=1.0001 | approx_kl=0.0030 | optimizer_steps=4
update=1447 | train_mean_reward=-20.2646 | train_mean_length=13.9531 | policy_loss=0.2557 | entropy=7.4978 | ratio=0.9986 | approx_kl=0.0044 | optimizer_steps=4
update=1448 | train_mean_reward=-20.8392 | train_mean_length=14.4062 | policy_loss=0.2687 | entropy=7.4972 | ratio=0.9979 | approx_kl=0.0050 | optimizer_steps=4
update=1449 | train_mean_reward=-20.6473 | train_mean_length=14.3008 | policy_loss=0.2200 | entropy=7.4965 | ratio=0.9963 | approx_kl=0.0074 | optimizer_steps=4
update=1450 | train_mean_reward=-22.1617 | train_mean_length=15.1484 | policy_loss=0.2670 | entropy=7.4957 | ratio=0.9970 | approx_kl=0.0057 | optimizer_steps=4 | eval_mean_reward=1.2039 | eval_mean_length=26.5625
update=1451 | train_mean_reward=-22.2715 | train_mean_length=15.1680 | policy_loss=0.2935 | entropy=7.4948 | ratio=0.9991 | approx_kl=0.0042 | optimizer_steps=4
update=1452 | train_mean_reward=-20.6723 | train_mean_length=14.0547 | policy_loss=0.2617 | entropy=7.4934 | ratio=0.9987 | approx_kl=0.0041 | optimizer_steps=4
update=1453 | train_mean_reward=-21.6670 | train_mean_length=14.6953 | policy_loss=0.2699 | entropy=7.4919 | ratio=0.9987 | approx_kl=0.0035 | optimizer_steps=4
update=1454 | train_mean_reward=-22.9076 | train_mean_length=15.6016 | policy_loss=0.2806 | entropy=7.4905 | ratio=0.9998 | approx_kl=0.0026 | optimizer_steps=4
update=1455 | train_mean_reward=-22.6303 | train_mean_length=15.3477 | policy_loss=0.2758 | entropy=7.4890 | ratio=0.9997 | approx_kl=0.0027 | optimizer_steps=4 | eval_mean_reward=3.3339 | eval_mean_length=26.2500
update=1456 | train_mean_reward=-21.4135 | train_mean_length=15.0352 | policy_loss=0.2552 | entropy=7.4877 | ratio=0.9995 | approx_kl=0.0034 | optimizer_steps=4
update=1457 | train_mean_reward=-20.2174 | train_mean_length=14.5234 | policy_loss=0.2460 | entropy=7.4866 | ratio=1.0007 | approx_kl=0.0018 | optimizer_steps=4
update=1458 | train_mean_reward=-22.6139 | train_mean_length=16.6680 | policy_loss=0.3414 | entropy=7.4852 | ratio=0.9989 | approx_kl=0.0088 | optimizer_steps=8
update=1459 | train_mean_reward=-22.3650 | train_mean_length=15.9141 | policy_loss=0.2987 | entropy=7.4842 | ratio=0.9996 | approx_kl=0.0030 | optimizer_steps=4
update=1460 | train_mean_reward=-21.0324 | train_mean_length=14.9414 | policy_loss=0.2733 | entropy=7.4837 | ratio=0.9998 | approx_kl=0.0024 | optimizer_steps=4 | eval_mean_reward=10.6879 | eval_mean_length=31.0625
update=1461 | train_mean_reward=-21.7341 | train_mean_length=15.7109 | policy_loss=0.2772 | entropy=7.4832 | ratio=0.9991 | approx_kl=0.0036 | optimizer_steps=4
update=1462 | train_mean_reward=-20.3263 | train_mean_length=14.4219 | policy_loss=0.2387 | entropy=7.4826 | ratio=0.9991 | approx_kl=0.0042 | optimizer_steps=4
update=1463 | train_mean_reward=-20.9092 | train_mean_length=15.1992 | policy_loss=0.2351 | entropy=7.4820 | ratio=0.9982 | approx_kl=0.0039 | optimizer_steps=4
update=1464 | train_mean_reward=-20.7443 | train_mean_length=14.8477 | policy_loss=0.2788 | entropy=7.4814 | ratio=0.9987 | approx_kl=0.0038 | optimizer_steps=4
update=1465 | train_mean_reward=-21.4480 | train_mean_length=15.1172 | policy_loss=0.2084 | entropy=7.4810 | ratio=0.9987 | approx_kl=0.0042 | optimizer_steps=4 | eval_mean_reward=4.9686 | eval_mean_length=26.0000
update=1466 | train_mean_reward=-20.5504 | train_mean_length=14.8359 | policy_loss=0.2647 | entropy=7.4806 | ratio=1.0007 | approx_kl=0.0019 | optimizer_steps=4
update=1467 | train_mean_reward=-22.6267 | train_mean_length=15.6875 | policy_loss=0.2880 | entropy=7.4801 | ratio=0.9996 | approx_kl=0.0027 | optimizer_steps=4
update=1468 | train_mean_reward=-21.0998 | train_mean_length=14.8828 | policy_loss=0.2466 | entropy=7.4795 | ratio=1.0007 | approx_kl=0.0017 | optimizer_steps=4
update=1469 | train_mean_reward=-20.4073 | train_mean_length=14.3516 | policy_loss=0.2228 | entropy=7.4789 | ratio=0.9990 | approx_kl=0.0030 | optimizer_steps=4
update=1470 | train_mean_reward=-19.5065 | train_mean_length=13.8711 | policy_loss=0.2586 | entropy=7.4783 | ratio=1.0013 | approx_kl=0.0015 | optimizer_steps=4 | eval_mean_reward=0.4851 | eval_mean_length=28.9375
update=1471 | train_mean_reward=-20.1366 | train_mean_length=14.2188 | policy_loss=0.2071 | entropy=7.4777 | ratio=0.9995 | approx_kl=0.0028 | optimizer_steps=4
update=1472 | train_mean_reward=-19.7562 | train_mean_length=14.1016 | policy_loss=0.2243 | entropy=7.4770 | ratio=0.9994 | approx_kl=0.0023 | optimizer_steps=4
update=1473 | train_mean_reward=-20.9552 | train_mean_length=14.5312 | policy_loss=0.2360 | entropy=7.4763 | ratio=1.0013 | approx_kl=0.0015 | optimizer_steps=4
update=1474 | train_mean_reward=-21.6227 | train_mean_length=15.3555 | policy_loss=0.2420 | entropy=7.4755 | ratio=0.9983 | approx_kl=0.0050 | optimizer_steps=4
update=1475 | train_mean_reward=-22.2959 | train_mean_length=15.4180 | policy_loss=0.2287 | entropy=7.4747 | ratio=0.9980 | approx_kl=0.0060 | optimizer_steps=4 | eval_mean_reward=1.2589 | eval_mean_length=21.0625
update=1476 | train_mean_reward=-21.1643 | train_mean_length=14.6211 | policy_loss=0.2065 | entropy=7.4738 | ratio=0.9998 | approx_kl=0.0026 | optimizer_steps=4
update=1477 | train_mean_reward=-21.6556 | train_mean_length=15.0586 | policy_loss=0.2102 | entropy=7.4728 | ratio=0.9991 | approx_kl=0.0036 | optimizer_steps=4
update=1478 | train_mean_reward=-22.2250 | train_mean_length=15.7344 | policy_loss=0.2349 | entropy=7.4721 | ratio=0.9997 | approx_kl=0.0026 | optimizer_steps=4
update=1479 | train_mean_reward=-22.5785 | train_mean_length=16.2461 | policy_loss=0.2777 | entropy=7.4714 | ratio=0.9967 | approx_kl=0.0163 | optimizer_steps=3 | early_stop=1 | early_stop_kl=0.0517
update=1480 | train_mean_reward=-22.9417 | train_mean_length=16.3359 | policy_loss=0.2392 | entropy=7.4704 | ratio=0.9989 | approx_kl=0.0112 | optimizer_steps=8 | eval_mean_reward=1.2977 | eval_mean_length=20.3125
update=1481 | train_mean_reward=-21.1950 | train_mean_length=15.2773 | policy_loss=0.2522 | entropy=7.4694 | ratio=0.9991 | approx_kl=0.0026 | optimizer_steps=4
update=1482 | train_mean_reward=-22.5153 | train_mean_length=15.6211 | policy_loss=0.2448 | entropy=7.4686 | ratio=0.9997 | approx_kl=0.0036 | optimizer_steps=4
update=1483 | train_mean_reward=-20.8256 | train_mean_length=14.7188 | policy_loss=0.1891 | entropy=7.4681 | ratio=1.0003 | approx_kl=0.0024 | optimizer_steps=4
update=1484 | train_mean_reward=-21.7840 | train_mean_length=14.8633 | policy_loss=0.2007 | entropy=7.4673 | ratio=0.9998 | approx_kl=0.0024 | optimizer_steps=4
update=1485 | train_mean_reward=-22.0655 | train_mean_length=14.7188 | policy_loss=0.2239 | entropy=7.4667 | ratio=0.9995 | approx_kl=0.0042 | optimizer_steps=4 | eval_mean_reward=1.1023 | eval_mean_length=16.6250
update=1486 | train_mean_reward=-20.7875 | train_mean_length=14.2969 | policy_loss=0.2049 | entropy=7.4660 | ratio=0.9971 | approx_kl=0.0066 | optimizer_steps=4
update=1487 | train_mean_reward=-20.7265 | train_mean_length=13.9922 | policy_loss=0.2074 | entropy=7.4650 | ratio=1.0008 | approx_kl=0.0019 | optimizer_steps=4
update=1488 | train_mean_reward=-19.9356 | train_mean_length=14.0586 | policy_loss=0.1982 | entropy=7.4637 | ratio=1.0000 | approx_kl=0.0024 | optimizer_steps=4
update=1489 | train_mean_reward=-20.8077 | train_mean_length=14.6172 | policy_loss=0.1873 | entropy=7.4623 | ratio=0.9977 | approx_kl=0.0044 | optimizer_steps=4
update=1490 | train_mean_reward=-20.7048 | train_mean_length=14.3555 | policy_loss=0.2189 | entropy=7.4608 | ratio=0.9990 | approx_kl=0.0031 | optimizer_steps=4 | eval_mean_reward=2.0192 | eval_mean_length=17.1875
update=1491 | train_mean_reward=-20.4440 | train_mean_length=14.6289 | policy_loss=0.1935 | entropy=7.4595 | ratio=0.9989 | approx_kl=0.0053 | optimizer_steps=4
update=1492 | train_mean_reward=-20.8649 | train_mean_length=14.3438 | policy_loss=0.1863 | entropy=7.4583 | ratio=0.9991 | approx_kl=0.0037 | optimizer_steps=4
update=1493 | train_mean_reward=-21.3792 | train_mean_length=14.7188 | policy_loss=0.1853 | entropy=7.4571 | ratio=0.9984 | approx_kl=0.0045 | optimizer_steps=4
update=1494 | train_mean_reward=-21.5133 | train_mean_length=15.0234 | policy_loss=0.2060 | entropy=7.4563 | ratio=0.9975 | approx_kl=0.0059 | optimizer_steps=4
update=1495 | train_mean_reward=-21.4526 | train_mean_length=14.2656 | policy_loss=0.2155 | entropy=7.4553 | ratio=0.9991 | approx_kl=0.0042 | optimizer_steps=4 | eval_mean_reward=1.3099 | eval_mean_length=16.9375
update=1496 | train_mean_reward=-21.7313 | train_mean_length=15.2812 | policy_loss=0.2149 | entropy=7.4541 | ratio=0.9982 | approx_kl=0.0049 | optimizer_steps=4
update=1497 | train_mean_reward=-21.8120 | train_mean_length=15.5039 | policy_loss=0.1839 | entropy=7.4529 | ratio=1.0002 | approx_kl=0.0026 | optimizer_steps=4
update=1498 | train_mean_reward=-22.4331 | train_mean_length=15.9961 | policy_loss=0.2314 | entropy=7.4520 | ratio=0.9982 | approx_kl=0.0042 | optimizer_steps=4
update=1499 | train_mean_reward=-22.2172 | train_mean_length=15.1836 | policy_loss=0.2446 | entropy=7.4511 | ratio=1.0001 | approx_kl=0.0036 | optimizer_steps=4
update=1500 | train_mean_reward=-20.9653 | train_mean_length=14.4023 | policy_loss=0.2355 | entropy=7.4502 | ratio=1.0003 | approx_kl=0.0024 | optimizer_steps=4 | eval_mean_reward=0.6590 | eval_mean_length=17.3125
update=1501 | train_mean_reward=-21.3971 | train_mean_length=14.4492 | policy_loss=0.2056 | entropy=7.4492 | ratio=0.9993 | approx_kl=0.0037 | optimizer_steps=4
update=1502 | train_mean_reward=-23.4490 | train_mean_length=15.8086 | policy_loss=0.2852 | entropy=7.4480 | ratio=0.9991 | approx_kl=0.0039 | optimizer_steps=4
update=1503 | train_mean_reward=-21.2061 | train_mean_length=14.3906 | policy_loss=0.2623 | entropy=7.4471 | ratio=0.9977 | approx_kl=0.0052 | optimizer_steps=4
update=1504 | train_mean_reward=-20.5155 | train_mean_length=13.8203 | policy_loss=0.2278 | entropy=7.4462 | ratio=1.0001 | approx_kl=0.0025 | optimizer_steps=4
update=1505 | train_mean_reward=-19.8013 | train_mean_length=13.3359 | policy_loss=0.2250 | entropy=7.4453 | ratio=0.9982 | approx_kl=0.0041 | optimizer_steps=4 | eval_mean_reward=2.6465 | eval_mean_length=19.3125
update=1506 | train_mean_reward=-19.9704 | train_mean_length=13.4727 | policy_loss=0.2266 | entropy=7.4443 | ratio=0.9987 | approx_kl=0.0039 | optimizer_steps=4
update=1507 | train_mean_reward=-19.3044 | train_mean_length=13.8008 | policy_loss=0.2247 | entropy=7.4434 | ratio=0.9988 | approx_kl=0.0041 | optimizer_steps=4
update=1508 | train_mean_reward=-20.8959 | train_mean_length=13.6094 | policy_loss=0.2460 | entropy=7.4424 | ratio=0.9980 | approx_kl=0.0053 | optimizer_steps=4
update=1509 | train_mean_reward=-20.0411 | train_mean_length=13.7305 | policy_loss=0.2432 | entropy=7.4415 | ratio=0.9991 | approx_kl=0.0032 | optimizer_steps=4
update=1510 | train_mean_reward=-20.5230 | train_mean_length=14.1172 | policy_loss=0.2323 | entropy=7.4406 | ratio=0.9997 | approx_kl=0.0024 | optimizer_steps=4 | eval_mean_reward=1.7209 | eval_mean_length=15.5625
update=1511 | train_mean_reward=-20.5096 | train_mean_length=14.3008 | policy_loss=0.2362 | entropy=7.4397 | ratio=0.9998 | approx_kl=0.0031 | optimizer_steps=4
update=1512 | train_mean_reward=-20.3700 | train_mean_length=14.3047 | policy_loss=0.2341 | entropy=7.4388 | ratio=0.9996 | approx_kl=0.0041 | optimizer_steps=4
update=1513 | train_mean_reward=-20.3665 | train_mean_length=14.4141 | policy_loss=0.2629 | entropy=7.4380 | ratio=0.9993 | approx_kl=0.0040 | optimizer_steps=4
update=1514 | train_mean_reward=-20.3782 | train_mean_length=13.8008 | policy_loss=0.2411 | entropy=7.4369 | ratio=0.9980 | approx_kl=0.0046 | optimizer_steps=4
update=1515 | train_mean_reward=-21.0920 | train_mean_length=14.4258 | policy_loss=0.2266 | entropy=7.4357 | ratio=0.9978 | approx_kl=0.0057 | optimizer_steps=4 | eval_mean_reward=3.9674 | eval_mean_length=16.1875
update=1516 | train_mean_reward=-21.6028 | train_mean_length=14.9766 | policy_loss=0.2588 | entropy=7.4345 | ratio=0.9997 | approx_kl=0.0033 | optimizer_steps=4
update=1517 | train_mean_reward=-20.8857 | train_mean_length=14.6562 | policy_loss=0.2077 | entropy=7.4334 | ratio=1.0002 | approx_kl=0.0019 | optimizer_steps=4
update=1518 | train_mean_reward=-22.2145 | train_mean_length=15.5352 | policy_loss=0.2530 | entropy=7.4324 | ratio=1.0000 | approx_kl=0.0031 | optimizer_steps=4
update=1519 | train_mean_reward=-24.1049 | train_mean_length=16.4492 | policy_loss=0.2794 | entropy=7.4311 | ratio=0.9969 | approx_kl=0.0098 | optimizer_steps=8
update=1520 | train_mean_reward=-25.1028 | train_mean_length=17.0859 | policy_loss=0.2955 | entropy=7.4297 | ratio=0.9989 | approx_kl=0.0071 | optimizer_steps=8 | eval_mean_reward=0.9450 | eval_mean_length=25.6875
update=1521 | train_mean_reward=-23.3968 | train_mean_length=16.0078 | policy_loss=0.2522 | entropy=7.4287 | ratio=1.0013 | approx_kl=0.0158 | optimizer_steps=7 | early_stop=1 | early_stop_kl=0.1074
update=1522 | train_mean_reward=-24.0483 | train_mean_length=16.0547 | policy_loss=0.2583 | entropy=7.4278 | ratio=1.0076 | approx_kl=-0.0023 | optimizer_steps=8
update=1523 | train_mean_reward=-22.9315 | train_mean_length=16.4297 | policy_loss=0.2334 | entropy=7.4268 | ratio=0.9997 | approx_kl=0.0060 | optimizer_steps=8
update=1524 | train_mean_reward=-22.4823 | train_mean_length=15.3320 | policy_loss=0.2713 | entropy=7.4260 | ratio=0.9994 | approx_kl=0.0016 | optimizer_steps=4
update=1525 | train_mean_reward=-23.3757 | train_mean_length=15.9531 | policy_loss=0.2779 | entropy=7.4255 | ratio=0.9988 | approx_kl=0.0040 | optimizer_steps=4 | eval_mean_reward=-3.1423 | eval_mean_length=23.6250
update=1526 | train_mean_reward=-22.9244 | train_mean_length=15.9922 | policy_loss=0.2363 | entropy=7.4251 | ratio=0.9986 | approx_kl=0.0035 | optimizer_steps=4
update=1527 | train_mean_reward=-23.8816 | train_mean_length=16.6055 | policy_loss=0.2809 | entropy=7.4242 | ratio=0.9937 | approx_kl=0.0162 | optimizer_steps=8
update=1528 | train_mean_reward=-22.1668 | train_mean_length=15.7656 | policy_loss=0.2731 | entropy=7.4231 | ratio=0.9994 | approx_kl=0.0020 | optimizer_steps=4
update=1529 | train_mean_reward=-23.2397 | train_mean_length=16.2539 | policy_loss=0.3338 | entropy=7.4218 | ratio=0.9951 | approx_kl=0.0120 | optimizer_steps=8
update=1530 | train_mean_reward=-25.2842 | train_mean_length=17.3320 | policy_loss=0.2586 | entropy=7.4206 | ratio=0.9969 | approx_kl=0.0103 | optimizer_steps=8 | eval_mean_reward=0.8583 | eval_mean_length=23.6250
update=1531 | train_mean_reward=-23.4824 | train_mean_length=16.6328 | policy_loss=0.2539 | entropy=7.4195 | ratio=0.9978 | approx_kl=0.0085 | optimizer_steps=8
update=1532 | train_mean_reward=-24.1553 | train_mean_length=16.4570 | policy_loss=0.2756 | entropy=7.4184 | ratio=0.9992 | approx_kl=0.0056 | optimizer_steps=8
update=1533 | train_mean_reward=-22.4015 | train_mean_length=15.8633 | policy_loss=0.2328 | entropy=7.4174 | ratio=0.9995 | approx_kl=0.0017 | optimizer_steps=4
update=1534 | train_mean_reward=-22.2175 | train_mean_length=15.6914 | policy_loss=0.2423 | entropy=7.4167 | ratio=0.9966 | approx_kl=0.0078 | optimizer_steps=4
update=1535 | train_mean_reward=-23.5668 | train_mean_length=16.1914 | policy_loss=0.1850 | entropy=7.4153 | ratio=0.9993 | approx_kl=0.0072 | optimizer_steps=8 | eval_mean_reward=-3.4138 | eval_mean_length=22.1875
update=1536 | train_mean_reward=-21.7414 | train_mean_length=15.2305 | policy_loss=0.2332 | entropy=7.4139 | ratio=0.9984 | approx_kl=0.0029 | optimizer_steps=4
update=1537 | train_mean_reward=-21.3374 | train_mean_length=15.0977 | policy_loss=0.2088 | entropy=7.4129 | ratio=0.9991 | approx_kl=0.0046 | optimizer_steps=4
update=1538 | train_mean_reward=-20.8022 | train_mean_length=14.6758 | policy_loss=0.2404 | entropy=7.4119 | ratio=0.9997 | approx_kl=0.0032 | optimizer_steps=4
update=1539 | train_mean_reward=-20.7308 | train_mean_length=14.5859 | policy_loss=0.2232 | entropy=7.4109 | ratio=0.9983 | approx_kl=0.0053 | optimizer_steps=4
update=1540 | train_mean_reward=-19.8444 | train_mean_length=13.8086 | policy_loss=0.1797 | entropy=7.4100 | ratio=1.0015 | approx_kl=0.0010 | optimizer_steps=4 | eval_mean_reward=0.1750 | eval_mean_length=18.9375
update=1541 | train_mean_reward=-21.9301 | train_mean_length=14.9102 | policy_loss=0.2388 | entropy=7.4090 | ratio=0.9977 | approx_kl=0.0042 | optimizer_steps=4
update=1542 | train_mean_reward=-20.5426 | train_mean_length=14.2148 | policy_loss=0.2526 | entropy=7.4080 | ratio=0.9990 | approx_kl=0.0034 | optimizer_steps=4
update=1543 | train_mean_reward=-20.8153 | train_mean_length=14.4609 | policy_loss=0.2414 | entropy=7.4071 | ratio=0.9999 | approx_kl=0.0029 | optimizer_steps=4
update=1544 | train_mean_reward=-20.6396 | train_mean_length=14.2617 | policy_loss=0.2368 | entropy=7.4059 | ratio=1.0000 | approx_kl=0.0028 | optimizer_steps=4
update=1545 | train_mean_reward=-20.7144 | train_mean_length=13.8281 | policy_loss=0.2513 | entropy=7.4048 | ratio=0.9981 | approx_kl=0.0054 | optimizer_steps=4 | eval_mean_reward=-2.1670 | eval_mean_length=24.4375
update=1546 | train_mean_reward=-21.3038 | train_mean_length=14.2227 | policy_loss=0.2598 | entropy=7.4039 | ratio=0.9975 | approx_kl=0.0065 | optimizer_steps=4
update=1547 | train_mean_reward=-21.6488 | train_mean_length=14.9141 | policy_loss=0.2653 | entropy=7.4031 | ratio=1.0006 | approx_kl=0.0030 | optimizer_steps=4
update=1548 | train_mean_reward=-22.4693 | train_mean_length=15.2461 | policy_loss=0.2618 | entropy=7.4021 | ratio=0.9994 | approx_kl=0.0031 | optimizer_steps=4
update=1549 | train_mean_reward=-22.4484 | train_mean_length=15.5625 | policy_loss=0.3124 | entropy=7.4009 | ratio=0.9989 | approx_kl=0.0036 | optimizer_steps=4
update=1550 | train_mean_reward=-22.6734 | train_mean_length=15.6641 | policy_loss=0.2866 | entropy=7.3995 | ratio=0.9995 | approx_kl=0.0039 | optimizer_steps=4 | eval_mean_reward=4.6601 | eval_mean_length=31.0625
update=1551 | train_mean_reward=-24.8308 | train_mean_length=16.6250 | policy_loss=0.3373 | entropy=7.3979 | ratio=0.9962 | approx_kl=0.0130 | optimizer_steps=8
update=1552 | train_mean_reward=-24.0816 | train_mean_length=16.5625 | policy_loss=0.2783 | entropy=7.3967 | ratio=0.9998 | approx_kl=0.0046 | optimizer_steps=8
update=1553 | train_mean_reward=-22.7091 | train_mean_length=15.6406 | policy_loss=0.3203 | entropy=7.3959 | ratio=0.9982 | approx_kl=0.0034 | optimizer_steps=4
update=1554 | train_mean_reward=-21.7713 | train_mean_length=15.8438 | policy_loss=0.2694 | entropy=7.3953 | ratio=0.9976 | approx_kl=0.0075 | optimizer_steps=4
update=1555 | train_mean_reward=-22.9217 | train_mean_length=15.8281 | policy_loss=0.2679 | entropy=7.3946 | ratio=0.9995 | approx_kl=0.0026 | optimizer_steps=4 | eval_mean_reward=13.2268 | eval_mean_length=37.4375
update=1556 | train_mean_reward=-22.3798 | train_mean_length=15.7305 | policy_loss=0.3405 | entropy=7.3938 | ratio=0.9992 | approx_kl=0.0043 | optimizer_steps=4
update=1557 | train_mean_reward=-22.3403 | train_mean_length=15.3086 | policy_loss=0.3276 | entropy=7.3931 | ratio=0.9976 | approx_kl=0.0055 | optimizer_steps=4
update=1558 | train_mean_reward=-21.4778 | train_mean_length=14.8945 | policy_loss=0.2983 | entropy=7.3925 | ratio=0.9979 | approx_kl=0.0058 | optimizer_steps=4
update=1559 | train_mean_reward=-20.7091 | train_mean_length=14.3672 | policy_loss=0.2812 | entropy=7.3917 | ratio=0.9991 | approx_kl=0.0037 | optimizer_steps=4
update=1560 | train_mean_reward=-18.8610 | train_mean_length=13.3828 | policy_loss=0.2593 | entropy=7.3906 | ratio=0.9980 | approx_kl=0.0040 | optimizer_steps=4 | eval_mean_reward=19.5724 | eval_mean_length=31.9375
update=1561 | train_mean_reward=-19.5674 | train_mean_length=13.6289 | policy_loss=0.2582 | entropy=7.3896 | ratio=0.9987 | approx_kl=0.0056 | optimizer_steps=4
update=1562 | train_mean_reward=-20.7092 | train_mean_length=14.3047 | policy_loss=0.2929 | entropy=7.3889 | ratio=0.9997 | approx_kl=0.0039 | optimizer_steps=4
update=1563 | train_mean_reward=-20.1550 | train_mean_length=14.2695 | policy_loss=0.2576 | entropy=7.3882 | ratio=0.9982 | approx_kl=0.0043 | optimizer_steps=4
update=1564 | train_mean_reward=-19.6679 | train_mean_length=14.0234 | policy_loss=0.2392 | entropy=7.3871 | ratio=0.9978 | approx_kl=0.0047 | optimizer_steps=4
update=1565 | train_mean_reward=-19.6454 | train_mean_length=13.5117 | policy_loss=0.2669 | entropy=7.3860 | ratio=0.9979 | approx_kl=0.0045 | optimizer_steps=4 | eval_mean_reward=13.8284 | eval_mean_length=36.9375
update=1566 | train_mean_reward=-18.4350 | train_mean_length=12.2461 | policy_loss=0.2186 | entropy=7.3850 | ratio=1.0019 | approx_kl=0.0012 | optimizer_steps=4
update=1567 | train_mean_reward=-20.2090 | train_mean_length=13.8828 | policy_loss=0.2580 | entropy=7.3841 | ratio=0.9982 | approx_kl=0.0046 | optimizer_steps=4
update=1568 | train_mean_reward=-19.3875 | train_mean_length=13.3828 | policy_loss=0.2417 | entropy=7.3833 | ratio=0.9997 | approx_kl=0.0027 | optimizer_steps=4
update=1569 | train_mean_reward=-20.2216 | train_mean_length=13.8945 | policy_loss=0.2761 | entropy=7.3824 | ratio=0.9988 | approx_kl=0.0027 | optimizer_steps=4
update=1570 | train_mean_reward=-19.0298 | train_mean_length=13.2227 | policy_loss=0.2645 | entropy=7.3815 | ratio=0.9997 | approx_kl=0.0038 | optimizer_steps=4 | eval_mean_reward=5.9574 | eval_mean_length=32.8125
update=1571 | train_mean_reward=-20.9763 | train_mean_length=14.3906 | policy_loss=0.2886 | entropy=7.3808 | ratio=0.9984 | approx_kl=0.0040 | optimizer_steps=4
update=1572 | train_mean_reward=-20.6906 | train_mean_length=14.2852 | policy_loss=0.2870 | entropy=7.3800 | ratio=0.9984 | approx_kl=0.0038 | optimizer_steps=4
update=1573 | train_mean_reward=-21.6495 | train_mean_length=14.5156 | policy_loss=0.3165 | entropy=7.3792 | ratio=1.0000 | approx_kl=0.0023 | optimizer_steps=4
update=1574 | train_mean_reward=-20.1119 | train_mean_length=14.2617 | policy_loss=0.2934 | entropy=7.3785 | ratio=1.0008 | approx_kl=0.0019 | optimizer_steps=4
update=1575 | train_mean_reward=-21.4283 | train_mean_length=14.0820 | policy_loss=0.3227 | entropy=7.3779 | ratio=0.9999 | approx_kl=0.0021 | optimizer_steps=4 | eval_mean_reward=3.4240 | eval_mean_length=30.1875
update=1576 | train_mean_reward=-21.2696 | train_mean_length=14.1094 | policy_loss=0.3075 | entropy=7.3773 | ratio=0.9985 | approx_kl=0.0040 | optimizer_steps=4
update=1577 | train_mean_reward=-19.8527 | train_mean_length=13.4727 | policy_loss=0.2533 | entropy=7.3769 | ratio=0.9993 | approx_kl=0.0045 | optimizer_steps=4
update=1578 | train_mean_reward=-18.5896 | train_mean_length=13.0703 | policy_loss=0.2504 | entropy=7.3763 | ratio=0.9995 | approx_kl=0.0031 | optimizer_steps=4
update=1579 | train_mean_reward=-19.1221 | train_mean_length=12.7969 | policy_loss=0.2367 | entropy=7.3756 | ratio=1.0005 | approx_kl=0.0030 | optimizer_steps=4
update=1580 | train_mean_reward=-19.0369 | train_mean_length=12.9688 | policy_loss=0.2983 | entropy=7.3748 | ratio=0.9983 | approx_kl=0.0041 | optimizer_steps=4 | eval_mean_reward=4.0474 | eval_mean_length=22.9375
update=1581 | train_mean_reward=-18.9230 | train_mean_length=12.7578 | policy_loss=0.2413 | entropy=7.3738 | ratio=0.9981 | approx_kl=0.0042 | optimizer_steps=4
update=1582 | train_mean_reward=-19.3592 | train_mean_length=13.2578 | policy_loss=0.2331 | entropy=7.3728 | ratio=0.9997 | approx_kl=0.0032 | optimizer_steps=4
update=1583 | train_mean_reward=-19.6265 | train_mean_length=14.0469 | policy_loss=0.2514 | entropy=7.3718 | ratio=0.9988 | approx_kl=0.0044 | optimizer_steps=4
update=1584 | train_mean_reward=-19.9549 | train_mean_length=14.0430 | policy_loss=0.2879 | entropy=7.3710 | ratio=0.9988 | approx_kl=0.0034 | optimizer_steps=4
update=1585 | train_mean_reward=-18.6746 | train_mean_length=13.3750 | policy_loss=0.2527 | entropy=7.3703 | ratio=0.9992 | approx_kl=0.0034 | optimizer_steps=4 | eval_mean_reward=1.2297 | eval_mean_length=30.3750
update=1586 | train_mean_reward=-19.4694 | train_mean_length=13.5469 | policy_loss=0.2817 | entropy=7.3695 | ratio=0.9988 | approx_kl=0.0034 | optimizer_steps=4
update=1587 | train_mean_reward=-21.0050 | train_mean_length=14.6406 | policy_loss=0.2832 | entropy=7.3690 | ratio=0.9996 | approx_kl=0.0039 | optimizer_steps=4
update=1588 | train_mean_reward=-21.1703 | train_mean_length=14.9297 | policy_loss=0.3095 | entropy=7.3685 | ratio=0.9986 | approx_kl=0.0046 | optimizer_steps=4
update=1589 | train_mean_reward=-19.5477 | train_mean_length=13.7227 | policy_loss=0.2332 | entropy=7.3680 | ratio=1.0001 | approx_kl=0.0035 | optimizer_steps=4
update=1590 | train_mean_reward=-20.0694 | train_mean_length=14.0586 | policy_loss=0.2659 | entropy=7.3672 | ratio=0.9985 | approx_kl=0.0044 | optimizer_steps=4 | eval_mean_reward=6.6414 | eval_mean_length=25.1875
update=1591 | train_mean_reward=-19.7330 | train_mean_length=14.2734 | policy_loss=0.2672 | entropy=7.3663 | ratio=0.9998 | approx_kl=0.0024 | optimizer_steps=4
update=1592 | train_mean_reward=-20.6719 | train_mean_length=14.0234 | policy_loss=0.2680 | entropy=7.3654 | ratio=0.9996 | approx_kl=0.0041 | optimizer_steps=4
update=1593 | train_mean_reward=-20.7632 | train_mean_length=14.1914 | policy_loss=0.3229 | entropy=7.3646 | ratio=0.9980 | approx_kl=0.0048 | optimizer_steps=4
update=1594 | train_mean_reward=-21.6115 | train_mean_length=14.7305 | policy_loss=0.3233 | entropy=7.3639 | ratio=0.9988 | approx_kl=0.0034 | optimizer_steps=4
update=1595 | train_mean_reward=-21.2063 | train_mean_length=14.7109 | policy_loss=0.3162 | entropy=7.3633 | ratio=0.9965 | approx_kl=0.0073 | optimizer_steps=4 | eval_mean_reward=6.3193 | eval_mean_length=34.8750
update=1596 | train_mean_reward=-22.7489 | train_mean_length=15.6680 | policy_loss=0.3247 | entropy=7.3627 | ratio=0.9990 | approx_kl=0.0034 | optimizer_steps=4
update=1597 | train_mean_reward=-22.5772 | train_mean_length=15.9961 | policy_loss=0.3091 | entropy=7.3622 | ratio=0.9993 | approx_kl=0.0032 | optimizer_steps=4
update=1598 | train_mean_reward=-22.3022 | train_mean_length=15.6562 | policy_loss=0.3601 | entropy=7.3614 | ratio=0.9994 | approx_kl=0.0033 | optimizer_steps=4
update=1599 | train_mean_reward=-21.1589 | train_mean_length=14.5859 | policy_loss=0.2973 | entropy=7.3606 | ratio=0.9986 | approx_kl=0.0045 | optimizer_steps=4
update=1600 | train_mean_reward=-22.0512 | train_mean_length=15.1797 | policy_loss=0.2867 | entropy=7.3599 | ratio=0.9974 | approx_kl=0.0059 | optimizer_steps=4 | eval_mean_reward=5.0673 | eval_mean_length=33.5625
update=1601 | train_mean_reward=-22.3882 | train_mean_length=15.7695 | policy_loss=0.2951 | entropy=7.3592 | ratio=0.9981 | approx_kl=0.0051 | optimizer_steps=4
update=1602 | train_mean_reward=-19.3784 | train_mean_length=13.3672 | policy_loss=0.2423 | entropy=7.3585 | ratio=0.9993 | approx_kl=0.0030 | optimizer_steps=4
update=1603 | train_mean_reward=-20.6025 | train_mean_length=14.1641 | policy_loss=0.2545 | entropy=7.3578 | ratio=0.9990 | approx_kl=0.0044 | optimizer_steps=4
update=1604 | train_mean_reward=-20.8424 | train_mean_length=14.5547 | policy_loss=0.2789 | entropy=7.3569 | ratio=1.0005 | approx_kl=0.0023 | optimizer_steps=4
update=1605 | train_mean_reward=-22.0780 | train_mean_length=15.1680 | policy_loss=0.3054 | entropy=7.3559 | ratio=0.9982 | approx_kl=0.0050 | optimizer_steps=4 | eval_mean_reward=4.9338 | eval_mean_length=36.5625
update=1606 | train_mean_reward=-22.0263 | train_mean_length=15.9336 | policy_loss=0.3411 | entropy=7.3550 | ratio=1.0000 | approx_kl=0.0023 | optimizer_steps=4
update=1607 | train_mean_reward=-21.9948 | train_mean_length=15.6094 | policy_loss=0.3050 | entropy=7.3542 | ratio=1.0000 | approx_kl=0.0030 | optimizer_steps=4
update=1608 | train_mean_reward=-22.0149 | train_mean_length=15.0312 | policy_loss=0.2834 | entropy=7.3535 | ratio=0.9973 | approx_kl=0.0061 | optimizer_steps=4
update=1609 | train_mean_reward=-20.2713 | train_mean_length=13.9023 | policy_loss=0.2831 | entropy=7.3527 | ratio=0.9972 | approx_kl=0.0058 | optimizer_steps=4
update=1610 | train_mean_reward=-20.9106 | train_mean_length=13.6953 | policy_loss=0.2761 | entropy=7.3517 | ratio=0.9984 | approx_kl=0.0043 | optimizer_steps=4 | eval_mean_reward=23.1063 | eval_mean_length=49.8750
update=1611 | train_mean_reward=-18.8895 | train_mean_length=12.6445 | policy_loss=0.2484 | entropy=7.3506 | ratio=0.9992 | approx_kl=0.0050 | optimizer_steps=4
update=1612 | train_mean_reward=-19.3697 | train_mean_length=13.0781 | policy_loss=0.2656 | entropy=7.3497 | ratio=0.9981 | approx_kl=0.0051 | optimizer_steps=4
update=1613 | train_mean_reward=-20.2025 | train_mean_length=13.3008 | policy_loss=0.2905 | entropy=7.3488 | ratio=0.9996 | approx_kl=0.0027 | optimizer_steps=4
update=1614 | train_mean_reward=-19.1872 | train_mean_length=13.0859 | policy_loss=0.2783 | entropy=7.3479 | ratio=0.9996 | approx_kl=0.0029 | optimizer_steps=4
update=1615 | train_mean_reward=-19.2765 | train_mean_length=12.3984 | policy_loss=0.2271 | entropy=7.3472 | ratio=1.0000 | approx_kl=0.0016 | optimizer_steps=4 | eval_mean_reward=6.2315 | eval_mean_length=30.9375
update=1616 | train_mean_reward=-20.7667 | train_mean_length=13.7930 | policy_loss=0.3227 | entropy=7.3464 | ratio=0.9986 | approx_kl=0.0038 | optimizer_steps=4
update=1617 | train_mean_reward=-20.6158 | train_mean_length=14.0938 | policy_loss=0.3116 | entropy=7.3456 | ratio=0.9986 | approx_kl=0.0034 | optimizer_steps=4
update=1618 | train_mean_reward=-20.0428 | train_mean_length=13.7539 | policy_loss=0.3293 | entropy=7.3449 | ratio=0.9979 | approx_kl=0.0045 | optimizer_steps=4
update=1619 | train_mean_reward=-20.8627 | train_mean_length=13.7695 | policy_loss=0.3386 | entropy=7.3443 | ratio=0.9974 | approx_kl=0.0057 | optimizer_steps=4
update=1620 | train_mean_reward=-20.6882 | train_mean_length=13.8906 | policy_loss=0.3041 | entropy=7.3437 | ratio=0.9992 | approx_kl=0.0037 | optimizer_steps=4 | eval_mean_reward=3.9453 | eval_mean_length=31.1250
update=1621 | train_mean_reward=-19.6712 | train_mean_length=13.2578 | policy_loss=0.3031 | entropy=7.3432 | ratio=1.0006 | approx_kl=0.0020 | optimizer_steps=4
update=1622 | train_mean_reward=-19.7969 | train_mean_length=13.2070 | policy_loss=0.2358 | entropy=7.3426 | ratio=0.9985 | approx_kl=0.0051 | optimizer_steps=4
update=1623 | train_mean_reward=-19.3618 | train_mean_length=13.0078 | policy_loss=0.2454 | entropy=7.3420 | ratio=0.9965 | approx_kl=0.0065 | optimizer_steps=4
update=1624 | train_mean_reward=-20.5198 | train_mean_length=13.8828 | policy_loss=0.3117 | entropy=7.3415 | ratio=0.9984 | approx_kl=0.0043 | optimizer_steps=4
update=1625 | train_mean_reward=-21.1714 | train_mean_length=14.1172 | policy_loss=0.3058 | entropy=7.3411 | ratio=0.9977 | approx_kl=0.0058 | optimizer_steps=4 | eval_mean_reward=3.7521 | eval_mean_length=29.0000
update=1626 | train_mean_reward=-21.3026 | train_mean_length=14.4961 | policy_loss=0.2701 | entropy=7.3405 | ratio=0.9977 | approx_kl=0.0048 | optimizer_steps=4
update=1627 | train_mean_reward=-20.8339 | train_mean_length=14.4805 | policy_loss=0.2651 | entropy=7.3398 | ratio=0.9996 | approx_kl=0.0028 | optimizer_steps=4
update=1628 | train_mean_reward=-21.0889 | train_mean_length=14.1914 | policy_loss=0.2723 | entropy=7.3390 | ratio=0.9995 | approx_kl=0.0028 | optimizer_steps=4
update=1629 | train_mean_reward=-20.7097 | train_mean_length=14.3164 | policy_loss=0.2845 | entropy=7.3382 | ratio=1.0001 | approx_kl=0.0033 | optimizer_steps=4
update=1630 | train_mean_reward=-20.9547 | train_mean_length=14.0820 | policy_loss=0.2405 | entropy=7.3374 | ratio=0.9999 | approx_kl=0.0032 | optimizer_steps=4 | eval_mean_reward=9.7203 | eval_mean_length=32.8125
update=1631 | train_mean_reward=-19.1972 | train_mean_length=12.9531 | policy_loss=0.2107 | entropy=7.3367 | ratio=0.9998 | approx_kl=0.0031 | optimizer_steps=4
update=1632 | train_mean_reward=-19.6346 | train_mean_length=13.7812 | policy_loss=0.2365 | entropy=7.3361 | ratio=0.9980 | approx_kl=0.0057 | optimizer_steps=4
update=1633 | train_mean_reward=-19.8395 | train_mean_length=13.3828 | policy_loss=0.2455 | entropy=7.3353 | ratio=0.9999 | approx_kl=0.0027 | optimizer_steps=4
update=1634 | train_mean_reward=-19.9693 | train_mean_length=13.3242 | policy_loss=0.2169 | entropy=7.3342 | ratio=0.9997 | approx_kl=0.0022 | optimizer_steps=4
update=1635 | train_mean_reward=-20.1260 | train_mean_length=13.6133 | policy_loss=0.2349 | entropy=7.3330 | ratio=0.9989 | approx_kl=0.0038 | optimizer_steps=4 | eval_mean_reward=5.2100 | eval_mean_length=31.1875
update=1636 | train_mean_reward=-20.3884 | train_mean_length=13.5156 | policy_loss=0.2414 | entropy=7.3319 | ratio=0.9985 | approx_kl=0.0047 | optimizer_steps=4
update=1637 | train_mean_reward=-19.9699 | train_mean_length=13.6094 | policy_loss=0.2545 | entropy=7.3308 | ratio=0.9989 | approx_kl=0.0032 | optimizer_steps=4
update=1638 | train_mean_reward=-19.8171 | train_mean_length=13.6562 | policy_loss=0.2078 | entropy=7.3299 | ratio=1.0006 | approx_kl=0.0018 | optimizer_steps=4
update=1639 | train_mean_reward=-21.5862 | train_mean_length=14.2891 | policy_loss=0.2971 | entropy=7.3291 | ratio=0.9992 | approx_kl=0.0035 | optimizer_steps=4
update=1640 | train_mean_reward=-20.4227 | train_mean_length=13.5977 | policy_loss=0.2644 | entropy=7.3283 | ratio=0.9998 | approx_kl=0.0029 | optimizer_steps=4 | eval_mean_reward=13.9492 | eval_mean_length=40.0625
update=1641 | train_mean_reward=-20.5010 | train_mean_length=14.1758 | policy_loss=0.2708 | entropy=7.3276 | ratio=0.9994 | approx_kl=0.0037 | optimizer_steps=4
update=1642 | train_mean_reward=-20.5237 | train_mean_length=14.2148 | policy_loss=0.2342 | entropy=7.3268 | ratio=0.9987 | approx_kl=0.0049 | optimizer_steps=4
update=1643 | train_mean_reward=-21.2566 | train_mean_length=14.3633 | policy_loss=0.2919 | entropy=7.3260 | ratio=0.9990 | approx_kl=0.0047 | optimizer_steps=4
update=1644 | train_mean_reward=-22.8201 | train_mean_length=15.4688 | policy_loss=0.3138 | entropy=7.3253 | ratio=0.9986 | approx_kl=0.0044 | optimizer_steps=4
update=1645 | train_mean_reward=-22.4335 | train_mean_length=15.3750 | policy_loss=0.2723 | entropy=7.3247 | ratio=0.9999 | approx_kl=0.0020 | optimizer_steps=4 | eval_mean_reward=7.1169 | eval_mean_length=41.8750
update=1646 | train_mean_reward=-22.1945 | train_mean_length=15.7773 | policy_loss=0.2970 | entropy=7.3242 | ratio=0.9990 | approx_kl=0.0038 | optimizer_steps=4
update=1647 | train_mean_reward=-20.3419 | train_mean_length=14.5273 | policy_loss=0.2431 | entropy=7.3237 | ratio=1.0002 | approx_kl=0.0023 | optimizer_steps=4
update=1648 | train_mean_reward=-22.2961 | train_mean_length=15.2734 | policy_loss=0.2905 | entropy=7.3233 | ratio=0.9978 | approx_kl=0.0058 | optimizer_steps=4
update=1649 | train_mean_reward=-21.5813 | train_mean_length=14.6680 | policy_loss=0.2348 | entropy=7.3225 | ratio=0.9976 | approx_kl=0.0064 | optimizer_steps=4
update=1650 | train_mean_reward=-21.9444 | train_mean_length=16.4609 | policy_loss=0.3512 | entropy=7.3212 | ratio=1.0051 | approx_kl=0.0041 | optimizer_steps=8 | eval_mean_reward=0.7589 | eval_mean_length=36.6250
update=1651 | train_mean_reward=-22.7568 | train_mean_length=16.1562 | policy_loss=0.2736 | entropy=7.3197 | ratio=0.9969 | approx_kl=0.0078 | optimizer_steps=8
update=1652 | train_mean_reward=-22.1197 | train_mean_length=15.4453 | policy_loss=0.2839 | entropy=7.3189 | ratio=0.9996 | approx_kl=0.0019 | optimizer_steps=4
update=1653 | train_mean_reward=-21.5928 | train_mean_length=15.4414 | policy_loss=0.2832 | entropy=7.3183 | ratio=0.9986 | approx_kl=0.0040 | optimizer_steps=4
update=1654 | train_mean_reward=-24.6898 | train_mean_length=17.7227 | policy_loss=0.2531 | entropy=7.3174 | ratio=1.0009 | approx_kl=0.0049 | optimizer_steps=8
update=1655 | train_mean_reward=-24.1345 | train_mean_length=17.5820 | policy_loss=0.2775 | entropy=7.3163 | ratio=0.9994 | approx_kl=0.0064 | optimizer_steps=8 | eval_mean_reward=0.1997 | eval_mean_length=32.4375
update=1656 | train_mean_reward=-24.2419 | train_mean_length=17.3438 | policy_loss=0.2537 | entropy=7.3157 | ratio=1.0018 | approx_kl=0.0044 | optimizer_steps=8
update=1657 | train_mean_reward=-25.1223 | train_mean_length=17.7031 | policy_loss=0.3043 | entropy=7.3152 | ratio=0.9997 | approx_kl=0.0069 | optimizer_steps=8
update=1658 | train_mean_reward=-24.7771 | train_mean_length=17.5000 | policy_loss=0.2985 | entropy=7.3147 | ratio=0.9981 | approx_kl=0.0088 | optimizer_steps=8
update=1659 | train_mean_reward=-22.7834 | train_mean_length=16.4297 | policy_loss=0.3091 | entropy=7.3139 | ratio=1.0012 | approx_kl=0.0046 | optimizer_steps=8
update=1660 | train_mean_reward=-23.0175 | train_mean_length=16.1250 | policy_loss=0.3572 | entropy=7.3130 | ratio=0.9981 | approx_kl=0.0073 | optimizer_steps=8 | eval_mean_reward=1.6105 | eval_mean_length=32.4375
update=1661 | train_mean_reward=-23.8672 | train_mean_length=17.3281 | policy_loss=0.3405 | entropy=7.3123 | ratio=0.9981 | approx_kl=0.0075 | optimizer_steps=8
update=1662 | train_mean_reward=-21.9521 | train_mean_length=15.9141 | policy_loss=0.2756 | entropy=7.3120 | ratio=0.9982 | approx_kl=0.0041 | optimizer_steps=4
update=1663 | train_mean_reward=-23.3051 | train_mean_length=16.6562 | policy_loss=0.3177 | entropy=7.3118 | ratio=0.9928 | approx_kl=0.0152 | optimizer_steps=8
update=1664 | train_mean_reward=-25.5990 | train_mean_length=18.1992 | policy_loss=0.3163 | entropy=7.3116 | ratio=0.9988 | approx_kl=0.0078 | optimizer_steps=8
update=1665 | train_mean_reward=-24.3212 | train_mean_length=17.9492 | policy_loss=0.3092 | entropy=7.3114 | ratio=0.9957 | approx_kl=0.0126 | optimizer_steps=8 | eval_mean_reward=-2.4728 | eval_mean_length=29.6250
update=1666 | train_mean_reward=-26.1319 | train_mean_length=18.4727 | policy_loss=0.3647 | entropy=7.3111 | ratio=0.9955 | approx_kl=0.0119 | optimizer_steps=8
update=1667 | train_mean_reward=-24.8455 | train_mean_length=16.8086 | policy_loss=0.3540 | entropy=7.3109 | ratio=0.9962 | approx_kl=0.0092 | optimizer_steps=8
update=1668 | train_mean_reward=-24.5127 | train_mean_length=17.4844 | policy_loss=0.3356 | entropy=7.3108 | ratio=0.9958 | approx_kl=0.0113 | optimizer_steps=8
update=1669 | train_mean_reward=-24.1197 | train_mean_length=17.0039 | policy_loss=0.3581 | entropy=7.3102 | ratio=0.9966 | approx_kl=0.0095 | optimizer_steps=8
update=1670 | train_mean_reward=-22.8194 | train_mean_length=15.8672 | policy_loss=0.3528 | entropy=7.3096 | ratio=0.9999 | approx_kl=0.0018 | optimizer_steps=4 | eval_mean_reward=0.2212 | eval_mean_length=27.3750
update=1671 | train_mean_reward=-22.9736 | train_mean_length=16.6289 | policy_loss=0.3689 | entropy=7.3089 | ratio=1.0001 | approx_kl=0.0107 | optimizer_steps=8
update=1672 | train_mean_reward=-21.5589 | train_mean_length=14.6875 | policy_loss=0.3241 | entropy=7.3084 | ratio=1.0001 | approx_kl=0.0019 | optimizer_steps=4
update=1673 | train_mean_reward=-22.8622 | train_mean_length=15.5117 | policy_loss=0.3538 | entropy=7.3083 | ratio=0.9990 | approx_kl=0.0046 | optimizer_steps=4
update=1674 | train_mean_reward=-20.9786 | train_mean_length=14.4688 | policy_loss=0.3575 | entropy=7.3081 | ratio=0.9984 | approx_kl=0.0036 | optimizer_steps=4
update=1675 | train_mean_reward=-20.6958 | train_mean_length=14.3750 | policy_loss=0.3279 | entropy=7.3079 | ratio=0.9971 | approx_kl=0.0051 | optimizer_steps=4 | eval_mean_reward=6.5066 | eval_mean_length=41.1250
update=1676 | train_mean_reward=-21.2061 | train_mean_length=14.4023 | policy_loss=0.2697 | entropy=7.3077 | ratio=1.0002 | approx_kl=0.0025 | optimizer_steps=4
update=1677 | train_mean_reward=-20.9657 | train_mean_length=13.8477 | policy_loss=0.2799 | entropy=7.3072 | ratio=0.9993 | approx_kl=0.0038 | optimizer_steps=4
update=1678 | train_mean_reward=-20.6333 | train_mean_length=14.1953 | policy_loss=0.3325 | entropy=7.3064 | ratio=0.9987 | approx_kl=0.0041 | optimizer_steps=4
update=1679 | train_mean_reward=-21.1178 | train_mean_length=14.2109 | policy_loss=0.3119 | entropy=7.3053 | ratio=0.9995 | approx_kl=0.0038 | optimizer_steps=4
update=1680 | train_mean_reward=-21.9276 | train_mean_length=15.0234 | policy_loss=0.3257 | entropy=7.3044 | ratio=0.9999 | approx_kl=0.0016 | optimizer_steps=4 | eval_mean_reward=4.6670 | eval_mean_length=36.7500
update=1681 | train_mean_reward=-22.9209 | train_mean_length=15.7852 | policy_loss=0.3156 | entropy=7.3035 | ratio=0.9991 | approx_kl=0.0036 | optimizer_steps=4
update=1682 | train_mean_reward=-21.4682 | train_mean_length=14.6797 | policy_loss=0.2891 | entropy=7.3028 | ratio=1.0001 | approx_kl=0.0021 | optimizer_steps=4
update=1683 | train_mean_reward=-22.9236 | train_mean_length=15.4570 | policy_loss=0.3478 | entropy=7.3021 | ratio=0.9974 | approx_kl=0.0057 | optimizer_steps=4
update=1684 | train_mean_reward=-22.7958 | train_mean_length=15.6094 | policy_loss=0.3346 | entropy=7.3017 | ratio=0.9980 | approx_kl=0.0044 | optimizer_steps=4
update=1685 | train_mean_reward=-22.7487 | train_mean_length=15.1914 | policy_loss=0.3168 | entropy=7.3014 | ratio=0.9989 | approx_kl=0.0037 | optimizer_steps=4 | eval_mean_reward=3.7485 | eval_mean_length=45.2500
update=1686 | train_mean_reward=-23.7747 | train_mean_length=16.0586 | policy_loss=0.3421 | entropy=7.3008 | ratio=1.0102 | approx_kl=-0.0017 | optimizer_steps=8
update=1687 | train_mean_reward=-21.4931 | train_mean_length=14.8086 | policy_loss=0.3093 | entropy=7.3003 | ratio=1.0001 | approx_kl=0.0021 | optimizer_steps=4
update=1688 | train_mean_reward=-21.1329 | train_mean_length=14.3516 | policy_loss=0.3099 | entropy=7.2998 | ratio=0.9998 | approx_kl=0.0030 | optimizer_steps=4
update=1689 | train_mean_reward=-21.3820 | train_mean_length=14.5430 | policy_loss=0.2733 | entropy=7.2993 | ratio=0.9990 | approx_kl=0.0036 | optimizer_steps=4
update=1690 | train_mean_reward=-20.4970 | train_mean_length=13.9453 | policy_loss=0.2792 | entropy=7.2988 | ratio=0.9990 | approx_kl=0.0042 | optimizer_steps=4 | eval_mean_reward=-0.0239 | eval_mean_length=26.3125
update=1691 | train_mean_reward=-20.1796 | train_mean_length=13.4297 | policy_loss=0.2920 | entropy=7.2984 | ratio=0.9992 | approx_kl=0.0033 | optimizer_steps=4
update=1692 | train_mean_reward=-20.3587 | train_mean_length=13.6133 | policy_loss=0.2693 | entropy=7.2982 | ratio=0.9990 | approx_kl=0.0030 | optimizer_steps=4
update=1693 | train_mean_reward=-20.7478 | train_mean_length=13.7305 | policy_loss=0.3098 | entropy=7.2979 | ratio=0.9996 | approx_kl=0.0030 | optimizer_steps=4
update=1694 | train_mean_reward=-19.0629 | train_mean_length=12.9961 | policy_loss=0.2237 | entropy=7.2977 | ratio=0.9984 | approx_kl=0.0048 | optimizer_steps=4
update=1695 | train_mean_reward=-20.5128 | train_mean_length=13.6641 | policy_loss=0.3244 | entropy=7.2973 | ratio=1.0000 | approx_kl=0.0024 | optimizer_steps=4 | eval_mean_reward=-1.4400 | eval_mean_length=27.8750
update=1696 | train_mean_reward=-20.5531 | train_mean_length=13.8672 | policy_loss=0.2697 | entropy=7.2969 | ratio=1.0002 | approx_kl=0.0024 | optimizer_steps=4
update=1697 | train_mean_reward=-20.6436 | train_mean_length=13.6836 | policy_loss=0.3130 | entropy=7.2965 | ratio=0.9989 | approx_kl=0.0042 | optimizer_steps=4
update=1698 | train_mean_reward=-20.5440 | train_mean_length=14.0547 | policy_loss=0.3521 | entropy=7.2959 | ratio=0.9991 | approx_kl=0.0030 | optimizer_steps=4
update=1699 | train_mean_reward=-19.4777 | train_mean_length=13.2227 | policy_loss=0.2453 | entropy=7.2952 | ratio=0.9989 | approx_kl=0.0041 | optimizer_steps=4
update=1700 | train_mean_reward=-20.5411 | train_mean_length=13.7969 | policy_loss=0.3464 | entropy=7.2944 | ratio=0.9981 | approx_kl=0.0059 | optimizer_steps=4 | eval_mean_reward=2.8424 | eval_mean_length=18.6250
update=1701 | train_mean_reward=-19.9902 | train_mean_length=13.9414 | policy_loss=0.2848 | entropy=7.2936 | ratio=1.0003 | approx_kl=0.0020 | optimizer_steps=4
update=1702 | train_mean_reward=-19.9303 | train_mean_length=12.9883 | policy_loss=0.3369 | entropy=7.2927 | ratio=0.9969 | approx_kl=0.0055 | optimizer_steps=4
update=1703 | train_mean_reward=-19.8200 | train_mean_length=13.5859 | policy_loss=0.2934 | entropy=7.2917 | ratio=0.9993 | approx_kl=0.0037 | optimizer_steps=4
update=1704 | train_mean_reward=-20.5526 | train_mean_length=14.0195 | policy_loss=0.3091 | entropy=7.2909 | ratio=1.0000 | approx_kl=0.0035 | optimizer_steps=4
update=1705 | train_mean_reward=-19.8709 | train_mean_length=13.5312 | policy_loss=0.2755 | entropy=7.2902 | ratio=0.9972 | approx_kl=0.0056 | optimizer_steps=4 | eval_mean_reward=-0.8365 | eval_mean_length=34.0625
update=1706 | train_mean_reward=-19.5931 | train_mean_length=12.9180 | policy_loss=0.2802 | entropy=7.2897 | ratio=0.9997 | approx_kl=0.0038 | optimizer_steps=4
update=1707 | train_mean_reward=-19.2519 | train_mean_length=12.7070 | policy_loss=0.2542 | entropy=7.2890 | ratio=1.0003 | approx_kl=0.0024 | optimizer_steps=4
update=1708 | train_mean_reward=-19.5574 | train_mean_length=13.2031 | policy_loss=0.2779 | entropy=7.2883 | ratio=0.9985 | approx_kl=0.0038 | optimizer_steps=4
update=1709 | train_mean_reward=-20.2400 | train_mean_length=13.3828 | policy_loss=0.2421 | entropy=7.2875 | ratio=1.0003 | approx_kl=0.0020 | optimizer_steps=4
update=1710 | train_mean_reward=-19.6694 | train_mean_length=13.4336 | policy_loss=0.3019 | entropy=7.2866 | ratio=0.9988 | approx_kl=0.0038 | optimizer_steps=4 | eval_mean_reward=1.7487 | eval_mean_length=22.1875
update=1711 | train_mean_reward=-20.4016 | train_mean_length=14.0078 | policy_loss=0.2965 | entropy=7.2857 | ratio=0.9990 | approx_kl=0.0039 | optimizer_steps=4
update=1712 | train_mean_reward=-19.4730 | train_mean_length=13.3242 | policy_loss=0.2288 | entropy=7.2850 | ratio=0.9999 | approx_kl=0.0035 | optimizer_steps=4
update=1713 | train_mean_reward=-21.6240 | train_mean_length=14.5391 | policy_loss=0.2809 | entropy=7.2843 | ratio=0.9985 | approx_kl=0.0055 | optimizer_steps=4
update=1714 | train_mean_reward=-22.4796 | train_mean_length=15.4727 | policy_loss=0.2917 | entropy=7.2837 | ratio=1.0014 | approx_kl=0.0030 | optimizer_steps=4
update=1715 | train_mean_reward=-22.4031 | train_mean_length=15.5039 | policy_loss=0.3063 | entropy=7.2830 | ratio=0.9983 | approx_kl=0.0047 | optimizer_steps=4 | eval_mean_reward=-2.9186 | eval_mean_length=26.9375
update=1716 | train_mean_reward=-22.5618 | train_mean_length=15.9648 | policy_loss=0.2891 | entropy=7.2823 | ratio=0.9980 | approx_kl=0.0049 | optimizer_steps=4
update=1717 | train_mean_reward=-22.6319 | train_mean_length=15.7891 | policy_loss=0.3191 | entropy=7.2818 | ratio=0.9987 | approx_kl=0.0036 | optimizer_steps=4
update=1718 | train_mean_reward=-24.1922 | train_mean_length=17.0547 | policy_loss=0.3357 | entropy=7.2812 | ratio=0.9995 | approx_kl=0.0086 | optimizer_steps=8
update=1719 | train_mean_reward=-22.8355 | train_mean_length=15.9805 | policy_loss=0.3020 | entropy=7.2805 | ratio=0.9983 | approx_kl=0.0033 | optimizer_steps=4
update=1720 | train_mean_reward=-22.2503 | train_mean_length=15.8398 | policy_loss=0.2817 | entropy=7.2799 | ratio=0.9987 | approx_kl=0.0043 | optimizer_steps=4 | eval_mean_reward=1.6217 | eval_mean_length=27.2500
update=1721 | train_mean_reward=-22.6040 | train_mean_length=16.1602 | policy_loss=0.3114 | entropy=7.2793 | ratio=1.0058 | approx_kl=0.0015 | optimizer_steps=8
update=1722 | train_mean_reward=-24.3629 | train_mean_length=17.2930 | policy_loss=0.2997 | entropy=7.2790 | ratio=0.9978 | approx_kl=0.0076 | optimizer_steps=8
update=1723 | train_mean_reward=-24.4665 | train_mean_length=16.6328 | policy_loss=0.3494 | entropy=7.2787 | ratio=0.9981 | approx_kl=0.0073 | optimizer_steps=8
update=1724 | train_mean_reward=-23.1468 | train_mean_length=16.2188 | policy_loss=0.2688 | entropy=7.2784 | ratio=1.0010 | approx_kl=0.0049 | optimizer_steps=8
update=1725 | train_mean_reward=-23.3074 | train_mean_length=15.9883 | policy_loss=0.2864 | entropy=7.2783 | ratio=0.9992 | approx_kl=0.0030 | optimizer_steps=4 | eval_mean_reward=5.9005 | eval_mean_length=29.0625
update=1726 | train_mean_reward=-20.9367 | train_mean_length=15.0781 | policy_loss=0.2794 | entropy=7.2778 | ratio=1.0006 | approx_kl=0.0019 | optimizer_steps=4
update=1727 | train_mean_reward=-22.1493 | train_mean_length=15.4141 | policy_loss=0.2769 | entropy=7.2774 | ratio=0.9983 | approx_kl=0.0040 | optimizer_steps=4
update=1728 | train_mean_reward=-21.4538 | train_mean_length=15.1289 | policy_loss=0.2810 | entropy=7.2768 | ratio=1.0002 | approx_kl=0.0022 | optimizer_steps=4
update=1729 | train_mean_reward=-22.9606 | train_mean_length=16.1445 | policy_loss=0.2346 | entropy=7.2759 | ratio=0.9940 | approx_kl=0.0281 | optimizer_steps=7 | early_stop=1 | early_stop_kl=0.1231
update=1730 | train_mean_reward=-23.7548 | train_mean_length=16.3438 | policy_loss=0.2535 | entropy=7.2748 | ratio=0.9959 | approx_kl=0.0148 | optimizer_steps=7 | early_stop=1 | early_stop_kl=0.0580 | eval_mean_reward=5.3870 | eval_mean_length=33.6875
update=1731 | train_mean_reward=-21.7699 | train_mean_length=15.2891 | policy_loss=0.2816 | entropy=7.2742 | ratio=0.9986 | approx_kl=0.0031 | optimizer_steps=4
update=1732 | train_mean_reward=-23.6102 | train_mean_length=16.2461 | policy_loss=0.3660 | entropy=7.2737 | ratio=1.0056 | approx_kl=0.0038 | optimizer_steps=8
update=1733 | train_mean_reward=-22.4010 | train_mean_length=15.0781 | policy_loss=0.2786 | entropy=7.2732 | ratio=0.9994 | approx_kl=0.0025 | optimizer_steps=4
update=1734 | train_mean_reward=-21.0522 | train_mean_length=13.7656 | policy_loss=0.2706 | entropy=7.2726 | ratio=0.9996 | approx_kl=0.0025 | optimizer_steps=4
update=1735 | train_mean_reward=-20.9709 | train_mean_length=14.1641 | policy_loss=0.2738 | entropy=7.2718 | ratio=0.9981 | approx_kl=0.0045 | optimizer_steps=4 | eval_mean_reward=4.2161 | eval_mean_length=18.8750
update=1736 | train_mean_reward=-20.7981 | train_mean_length=13.6094 | policy_loss=0.2932 | entropy=7.2710 | ratio=0.9981 | approx_kl=0.0046 | optimizer_steps=4
update=1737 | train_mean_reward=-21.2600 | train_mean_length=14.4531 | policy_loss=0.2335 | entropy=7.2702 | ratio=0.9986 | approx_kl=0.0041 | optimizer_steps=4
update=1738 | train_mean_reward=-21.0820 | train_mean_length=14.1172 | policy_loss=0.2399 | entropy=7.2694 | ratio=0.9999 | approx_kl=0.0043 | optimizer_steps=4
update=1739 | train_mean_reward=-21.5490 | train_mean_length=15.1211 | policy_loss=0.2751 | entropy=7.2685 | ratio=0.9987 | approx_kl=0.0036 | optimizer_steps=4
update=1740 | train_mean_reward=-22.6395 | train_mean_length=15.5508 | policy_loss=0.2779 | entropy=7.2678 | ratio=0.9999 | approx_kl=0.0030 | optimizer_steps=4 | eval_mean_reward=0.8556 | eval_mean_length=28.8750
update=1741 | train_mean_reward=-21.8188 | train_mean_length=15.3047 | policy_loss=0.2973 | entropy=7.2671 | ratio=0.9997 | approx_kl=0.0033 | optimizer_steps=4
update=1742 | train_mean_reward=-22.7609 | train_mean_length=15.6562 | policy_loss=0.3038 | entropy=7.2661 | ratio=0.9977 | approx_kl=0.0061 | optimizer_steps=4
update=1743 | train_mean_reward=-22.4529 | train_mean_length=14.6445 | policy_loss=0.2453 | entropy=7.2651 | ratio=0.9987 | approx_kl=0.0038 | optimizer_steps=4
update=1744 | train_mean_reward=-21.3559 | train_mean_length=14.5391 | policy_loss=0.3200 | entropy=7.2641 | ratio=0.9990 | approx_kl=0.0038 | optimizer_steps=4
update=1745 | train_mean_reward=-21.7934 | train_mean_length=15.1953 | policy_loss=0.2974 | entropy=7.2630 | ratio=0.9977 | approx_kl=0.0064 | optimizer_steps=4 | eval_mean_reward=-0.4056 | eval_mean_length=31.8125
update=1746 | train_mean_reward=-21.1044 | train_mean_length=14.7812 | policy_loss=0.2872 | entropy=7.2620 | ratio=0.9972 | approx_kl=0.0062 | optimizer_steps=4
update=1747 | train_mean_reward=-20.2537 | train_mean_length=13.8477 | policy_loss=0.3234 | entropy=7.2609 | ratio=0.9997 | approx_kl=0.0024 | optimizer_steps=4
update=1748 | train_mean_reward=-21.6154 | train_mean_length=13.9219 | policy_loss=0.3100 | entropy=7.2600 | ratio=0.9974 | approx_kl=0.0054 | optimizer_steps=4
update=1749 | train_mean_reward=-22.0127 | train_mean_length=15.1211 | policy_loss=0.3238 | entropy=7.2593 | ratio=0.9990 | approx_kl=0.0044 | optimizer_steps=4
update=1750 | train_mean_reward=-21.4472 | train_mean_length=15.3281 | policy_loss=0.3472 | entropy=7.2585 | ratio=0.9982 | approx_kl=0.0046 | optimizer_steps=4 | eval_mean_reward=-3.8668 | eval_mean_length=15.9375
update=1751 | train_mean_reward=-22.9392 | train_mean_length=15.5625 | policy_loss=0.3303 | entropy=7.2578 | ratio=0.9987 | approx_kl=0.0043 | optimizer_steps=4
update=1752 | train_mean_reward=-22.1742 | train_mean_length=14.5859 | policy_loss=0.3648 | entropy=7.2571 | ratio=0.9996 | approx_kl=0.0035 | optimizer_steps=4
update=1753 | train_mean_reward=-22.2174 | train_mean_length=15.1094 | policy_loss=0.3224 | entropy=7.2564 | ratio=0.9980 | approx_kl=0.0044 | optimizer_steps=4
update=1754 | train_mean_reward=-21.4287 | train_mean_length=14.5234 | policy_loss=0.3374 | entropy=7.2556 | ratio=0.9995 | approx_kl=0.0028 | optimizer_steps=4
update=1755 | train_mean_reward=-20.4175 | train_mean_length=14.1367 | policy_loss=0.2770 | entropy=7.2546 | ratio=0.9993 | approx_kl=0.0034 | optimizer_steps=4 | eval_mean_reward=-4.1992 | eval_mean_length=8.2500
update=1756 | train_mean_reward=-22.0897 | train_mean_length=14.8242 | policy_loss=0.3284 | entropy=7.2536 | ratio=0.9985 | approx_kl=0.0059 | optimizer_steps=4
update=1757 | train_mean_reward=-22.0046 | train_mean_length=14.7773 | policy_loss=0.2912 | entropy=7.2527 | ratio=0.9981 | approx_kl=0.0056 | optimizer_steps=4
update=1758 | train_mean_reward=-21.1861 | train_mean_length=14.5195 | policy_loss=0.3282 | entropy=7.2516 | ratio=0.9978 | approx_kl=0.0055 | optimizer_steps=4
update=1759 | train_mean_reward=-22.3684 | train_mean_length=14.4648 | policy_loss=0.3390 | entropy=7.2506 | ratio=0.9987 | approx_kl=0.0049 | optimizer_steps=4
update=1760 | train_mean_reward=-21.8367 | train_mean_length=15.1602 | policy_loss=0.3373 | entropy=7.2495 | ratio=0.9996 | approx_kl=0.0037 | optimizer_steps=4 | eval_mean_reward=-1.0469 | eval_mean_length=25.6875
update=1761 | train_mean_reward=-23.3343 | train_mean_length=15.5859 | policy_loss=0.3621 | entropy=7.2488 | ratio=0.9993 | approx_kl=0.0033 | optimizer_steps=4
update=1762 | train_mean_reward=-24.5202 | train_mean_length=16.9922 | policy_loss=0.3443 | entropy=7.2479 | ratio=0.9962 | approx_kl=0.0113 | optimizer_steps=8
update=1763 | train_mean_reward=-21.7864 | train_mean_length=15.0547 | policy_loss=0.3462 | entropy=7.2475 | ratio=0.9989 | approx_kl=0.0034 | optimizer_steps=4
update=1764 | train_mean_reward=-22.8479 | train_mean_length=15.0000 | policy_loss=0.3362 | entropy=7.2472 | ratio=1.0003 | approx_kl=0.0029 | optimizer_steps=4
update=1765 | train_mean_reward=-22.5058 | train_mean_length=15.1016 | policy_loss=0.3600 | entropy=7.2469 | ratio=0.9979 | approx_kl=0.0045 | optimizer_steps=4 | eval_mean_reward=2.8351 | eval_mean_length=35.0000
update=1766 | train_mean_reward=-21.2376 | train_mean_length=14.4180 | policy_loss=0.3666 | entropy=7.2464 | ratio=0.9973 | approx_kl=0.0062 | optimizer_steps=4
update=1767 | train_mean_reward=-21.2014 | train_mean_length=14.4023 | policy_loss=0.3049 | entropy=7.2458 | ratio=0.9994 | approx_kl=0.0043 | optimizer_steps=4
update=1768 | train_mean_reward=-21.4491 | train_mean_length=15.1953 | policy_loss=0.3250 | entropy=7.2451 | ratio=1.0007 | approx_kl=0.0020 | optimizer_steps=4
update=1769 | train_mean_reward=-20.2682 | train_mean_length=13.8633 | policy_loss=0.3260 | entropy=7.2443 | ratio=0.9982 | approx_kl=0.0038 | optimizer_steps=4
update=1770 | train_mean_reward=-20.9674 | train_mean_length=13.7539 | policy_loss=0.3002 | entropy=7.2434 | ratio=0.9995 | approx_kl=0.0036 | optimizer_steps=4 | eval_mean_reward=5.7281 | eval_mean_length=33.7500
update=1771 | train_mean_reward=-22.7164 | train_mean_length=15.5703 | policy_loss=0.3670 | entropy=7.2427 | ratio=0.9994 | approx_kl=0.0036 | optimizer_steps=4
update=1772 | train_mean_reward=-22.1242 | train_mean_length=14.2500 | policy_loss=0.3318 | entropy=7.2422 | ratio=0.9998 | approx_kl=0.0029 | optimizer_steps=4
update=1773 | train_mean_reward=-22.1943 | train_mean_length=14.6328 | policy_loss=0.3294 | entropy=7.2416 | ratio=0.9972 | approx_kl=0.0055 | optimizer_steps=4
update=1774 | train_mean_reward=-22.4120 | train_mean_length=15.0352 | policy_loss=0.3452 | entropy=7.2410 | ratio=0.9978 | approx_kl=0.0050 | optimizer_steps=4
update=1775 | train_mean_reward=-22.1317 | train_mean_length=14.8594 | policy_loss=0.3334 | entropy=7.2406 | ratio=0.9970 | approx_kl=0.0059 | optimizer_steps=4 | eval_mean_reward=0.0822 | eval_mean_length=14.8125
update=1776 | train_mean_reward=-20.7071 | train_mean_length=14.0469 | policy_loss=0.2954 | entropy=7.2398 | ratio=0.9988 | approx_kl=0.0034 | optimizer_steps=4
update=1777 | train_mean_reward=-21.1870 | train_mean_length=14.4414 | policy_loss=0.3121 | entropy=7.2387 | ratio=0.9988 | approx_kl=0.0036 | optimizer_steps=4
update=1778 | train_mean_reward=-21.2890 | train_mean_length=14.5469 | policy_loss=0.3253 | entropy=7.2375 | ratio=0.9980 | approx_kl=0.0054 | optimizer_steps=4
update=1779 | train_mean_reward=-19.3655 | train_mean_length=12.9297 | policy_loss=0.2926 | entropy=7.2363 | ratio=0.9973 | approx_kl=0.0055 | optimizer_steps=4
update=1780 | train_mean_reward=-20.0487 | train_mean_length=13.2227 | policy_loss=0.3278 | entropy=7.2353 | ratio=0.9976 | approx_kl=0.0055 | optimizer_steps=4 | eval_mean_reward=-3.6814 | eval_mean_length=10.8125
update=1781 | train_mean_reward=-20.3787 | train_mean_length=13.5586 | policy_loss=0.2959 | entropy=7.2344 | ratio=1.0000 | approx_kl=0.0026 | optimizer_steps=4
update=1782 | train_mean_reward=-20.2449 | train_mean_length=13.6641 | policy_loss=0.3051 | entropy=7.2336 | ratio=0.9995 | approx_kl=0.0032 | optimizer_steps=4
update=1783 | train_mean_reward=-20.4871 | train_mean_length=13.8711 | policy_loss=0.3118 | entropy=7.2330 | ratio=0.9992 | approx_kl=0.0035 | optimizer_steps=4
update=1784 | train_mean_reward=-20.5528 | train_mean_length=12.8398 | policy_loss=0.3042 | entropy=7.2322 | ratio=0.9961 | approx_kl=0.0068 | optimizer_steps=4
update=1785 | train_mean_reward=-20.5409 | train_mean_length=13.8203 | policy_loss=0.3385 | entropy=7.2311 | ratio=0.9989 | approx_kl=0.0028 | optimizer_steps=4 | eval_mean_reward=2.5074 | eval_mean_length=27.9375
update=1786 | train_mean_reward=-18.9820 | train_mean_length=12.7617 | policy_loss=0.2960 | entropy=7.2296 | ratio=0.9969 | approx_kl=0.0062 | optimizer_steps=4
update=1787 | train_mean_reward=-20.4983 | train_mean_length=13.9062 | policy_loss=0.2805 | entropy=7.2284 | ratio=0.9983 | approx_kl=0.0050 | optimizer_steps=4
update=1788 | train_mean_reward=-21.0500 | train_mean_length=14.3555 | policy_loss=0.3476 | entropy=7.2274 | ratio=0.9988 | approx_kl=0.0047 | optimizer_steps=4
update=1789 | train_mean_reward=-20.5452 | train_mean_length=14.0195 | policy_loss=0.3425 | entropy=7.2267 | ratio=0.9996 | approx_kl=0.0037 | optimizer_steps=4
update=1790 | train_mean_reward=-20.4270 | train_mean_length=13.3633 | policy_loss=0.2879 | entropy=7.2261 | ratio=0.9984 | approx_kl=0.0050 | optimizer_steps=4 | eval_mean_reward=2.8559 | eval_mean_length=32.8750
update=1791 | train_mean_reward=-21.8120 | train_mean_length=14.3203 | policy_loss=0.3189 | entropy=7.2255 | ratio=1.0006 | approx_kl=0.0025 | optimizer_steps=4
update=1792 | train_mean_reward=-21.0423 | train_mean_length=14.5391 | policy_loss=0.3488 | entropy=7.2250 | ratio=0.9991 | approx_kl=0.0030 | optimizer_steps=4
update=1793 | train_mean_reward=-20.0540 | train_mean_length=13.9102 | policy_loss=0.3188 | entropy=7.2244 | ratio=0.9979 | approx_kl=0.0050 | optimizer_steps=4
update=1794 | train_mean_reward=-19.2581 | train_mean_length=12.7305 | policy_loss=0.2621 | entropy=7.2238 | ratio=1.0005 | approx_kl=0.0018 | optimizer_steps=4
update=1795 | train_mean_reward=-19.1302 | train_mean_length=13.0703 | policy_loss=0.2820 | entropy=7.2231 | ratio=0.9990 | approx_kl=0.0026 | optimizer_steps=4 | eval_mean_reward=-0.1172 | eval_mean_length=31.0000
update=1796 | train_mean_reward=-20.0538 | train_mean_length=13.0586 | policy_loss=0.2687 | entropy=7.2224 | ratio=1.0007 | approx_kl=0.0012 | optimizer_steps=4
update=1797 | train_mean_reward=-19.6933 | train_mean_length=13.1094 | policy_loss=0.2619 | entropy=7.2216 | ratio=0.9988 | approx_kl=0.0043 | optimizer_steps=4
update=1798 | train_mean_reward=-19.5529 | train_mean_length=13.2383 | policy_loss=0.3240 | entropy=7.2209 | ratio=0.9967 | approx_kl=0.0072 | optimizer_steps=4
update=1799 | train_mean_reward=-19.0401 | train_mean_length=13.1484 | policy_loss=0.2815 | entropy=7.2203 | ratio=0.9991 | approx_kl=0.0041 | optimizer_steps=4
update=1800 | train_mean_reward=-20.3393 | train_mean_length=13.6680 | policy_loss=0.2774 | entropy=7.2194 | ratio=0.9983 | approx_kl=0.0042 | optimizer_steps=4 | eval_mean_reward=1.3632 | eval_mean_length=31.1250
update=1801 | train_mean_reward=-21.0172 | train_mean_length=14.1641 | policy_loss=0.3052 | entropy=7.2184 | ratio=0.9992 | approx_kl=0.0045 | optimizer_steps=4
update=1802 | train_mean_reward=-20.6600 | train_mean_length=14.5820 | policy_loss=0.3207 | entropy=7.2177 | ratio=1.0000 | approx_kl=0.0027 | optimizer_steps=4
update=1803 | train_mean_reward=-21.9460 | train_mean_length=14.5234 | policy_loss=0.3164 | entropy=7.2171 | ratio=0.9966 | approx_kl=0.0067 | optimizer_steps=4
update=1804 | train_mean_reward=-20.9287 | train_mean_length=14.6211 | policy_loss=0.3302 | entropy=7.2164 | ratio=0.9979 | approx_kl=0.0049 | optimizer_steps=4
update=1805 | train_mean_reward=-21.3333 | train_mean_length=14.4180 | policy_loss=0.2957 | entropy=7.2157 | ratio=0.9990 | approx_kl=0.0046 | optimizer_steps=4 | eval_mean_reward=1.1560 | eval_mean_length=30.8750
update=1806 | train_mean_reward=-20.9388 | train_mean_length=14.0039 | policy_loss=0.2861 | entropy=7.2150 | ratio=0.9975 | approx_kl=0.0056 | optimizer_steps=4
update=1807 | train_mean_reward=-21.8697 | train_mean_length=15.1172 | policy_loss=0.3137 | entropy=7.2142 | ratio=0.9989 | approx_kl=0.0036 | optimizer_steps=4
update=1808 | train_mean_reward=-22.1118 | train_mean_length=15.5625 | policy_loss=0.3088 | entropy=7.2134 | ratio=1.0002 | approx_kl=0.0023 | optimizer_steps=4
update=1809 | train_mean_reward=-22.2113 | train_mean_length=16.4141 | policy_loss=0.2763 | entropy=7.2123 | ratio=0.9980 | approx_kl=0.0101 | optimizer_steps=8
update=1810 | train_mean_reward=-22.2544 | train_mean_length=15.6562 | policy_loss=0.2722 | entropy=7.2113 | ratio=0.9990 | approx_kl=0.0030 | optimizer_steps=4 | eval_mean_reward=-1.2277 | eval_mean_length=32.1875
update=1811 | train_mean_reward=-21.8254 | train_mean_length=14.8945 | policy_loss=0.2712 | entropy=7.2107 | ratio=0.9999 | approx_kl=0.0029 | optimizer_steps=4
update=1812 | train_mean_reward=-23.5138 | train_mean_length=16.1406 | policy_loss=0.3234 | entropy=7.2098 | ratio=0.9969 | approx_kl=0.0114 | optimizer_steps=8
update=1813 | train_mean_reward=-21.2344 | train_mean_length=14.7773 | policy_loss=0.2715 | entropy=7.2091 | ratio=0.9979 | approx_kl=0.0042 | optimizer_steps=4
update=1814 | train_mean_reward=-21.8043 | train_mean_length=14.9766 | policy_loss=0.3066 | entropy=7.2085 | ratio=1.0002 | approx_kl=0.0032 | optimizer_steps=4
update=1815 | train_mean_reward=-20.2074 | train_mean_length=14.6797 | policy_loss=0.3362 | entropy=7.2078 | ratio=0.9988 | approx_kl=0.0041 | optimizer_steps=4 | eval_mean_reward=7.0999 | eval_mean_length=31.3125
update=1816 | train_mean_reward=-21.5417 | train_mean_length=14.6094 | policy_loss=0.3003 | entropy=7.2070 | ratio=0.9986 | approx_kl=0.0037 | optimizer_steps=4
update=1817 | train_mean_reward=-20.1597 | train_mean_length=13.9180 | policy_loss=0.2836 | entropy=7.2060 | ratio=0.9984 | approx_kl=0.0038 | optimizer_steps=4
update=1818 | train_mean_reward=-18.9734 | train_mean_length=13.6914 | policy_loss=0.3057 | entropy=7.2050 | ratio=1.0002 | approx_kl=0.0022 | optimizer_steps=4
update=1819 | train_mean_reward=-19.9504 | train_mean_length=14.3867 | policy_loss=0.2981 | entropy=7.2041 | ratio=0.9989 | approx_kl=0.0033 | optimizer_steps=4
update=1820 | train_mean_reward=-20.6931 | train_mean_length=14.5859 | policy_loss=0.2483 | entropy=7.2031 | ratio=0.9994 | approx_kl=0.0022 | optimizer_steps=4 | eval_mean_reward=10.0610 | eval_mean_length=27.2500
update=1821 | train_mean_reward=-21.9100 | train_mean_length=15.1914 | policy_loss=0.3074 | entropy=7.2019 | ratio=0.9988 | approx_kl=0.0039 | optimizer_steps=4
update=1822 | train_mean_reward=-18.8994 | train_mean_length=13.5820 | policy_loss=0.2357 | entropy=7.2009 | ratio=0.9999 | approx_kl=0.0031 | optimizer_steps=4
update=1823 | train_mean_reward=-20.9026 | train_mean_length=14.2031 | policy_loss=0.2945 | entropy=7.2000 | ratio=0.9995 | approx_kl=0.0030 | optimizer_steps=4
update=1824 | train_mean_reward=-20.7331 | train_mean_length=14.9688 | policy_loss=0.2790 | entropy=7.1991 | ratio=0.9997 | approx_kl=0.0031 | optimizer_steps=4
update=1825 | train_mean_reward=-21.7076 | train_mean_length=15.6797 | policy_loss=0.2923 | entropy=7.1982 | ratio=0.9983 | approx_kl=0.0042 | optimizer_steps=4 | eval_mean_reward=-1.3680 | eval_mean_length=30.3750
update=1826 | train_mean_reward=-22.0735 | train_mean_length=15.4219 | policy_loss=0.3405 | entropy=7.1973 | ratio=1.0005 | approx_kl=0.0024 | optimizer_steps=4
update=1827 | train_mean_reward=-20.0712 | train_mean_length=14.2891 | policy_loss=0.2480 | entropy=7.1967 | ratio=1.0000 | approx_kl=0.0024 | optimizer_steps=4
update=1828 | train_mean_reward=-20.3590 | train_mean_length=14.4062 | policy_loss=0.2764 | entropy=7.1961 | ratio=0.9988 | approx_kl=0.0037 | optimizer_steps=4
update=1829 | train_mean_reward=-20.0424 | train_mean_length=13.6875 | policy_loss=0.2405 | entropy=7.1954 | ratio=1.0012 | approx_kl=0.0016 | optimizer_steps=4
update=1830 | train_mean_reward=-19.6432 | train_mean_length=13.5938 | policy_loss=0.2147 | entropy=7.1948 | ratio=0.9986 | approx_kl=0.0045 | optimizer_steps=4 | eval_mean_reward=0.1685 | eval_mean_length=26.3750
update=1831 | train_mean_reward=-20.4546 | train_mean_length=14.2773 | policy_loss=0.2748 | entropy=7.1943 | ratio=1.0000 | approx_kl=0.0025 | optimizer_steps=4
update=1832 | train_mean_reward=-19.5205 | train_mean_length=12.9570 | policy_loss=0.2279 | entropy=7.1938 | ratio=0.9998 | approx_kl=0.0024 | optimizer_steps=4
update=1833 | train_mean_reward=-18.8368 | train_mean_length=13.3359 | policy_loss=0.2260 | entropy=7.1931 | ratio=0.9997 | approx_kl=0.0036 | optimizer_steps=4
update=1834 | train_mean_reward=-20.3312 | train_mean_length=13.4609 | policy_loss=0.2281 | entropy=7.1923 | ratio=0.9976 | approx_kl=0.0068 | optimizer_steps=4
update=1835 | train_mean_reward=-21.4213 | train_mean_length=14.3750 | policy_loss=0.2945 | entropy=7.1915 | ratio=0.9992 | approx_kl=0.0035 | optimizer_steps=4 | eval_mean_reward=0.3456 | eval_mean_length=15.3750
update=1836 | train_mean_reward=-18.7397 | train_mean_length=13.4023 | policy_loss=0.2651 | entropy=7.1906 | ratio=0.9988 | approx_kl=0.0035 | optimizer_steps=4
update=1837 | train_mean_reward=-20.4751 | train_mean_length=14.5469 | policy_loss=0.2709 | entropy=7.1895 | ratio=0.9975 | approx_kl=0.0043 | optimizer_steps=4
update=1838 | train_mean_reward=-21.1057 | train_mean_length=14.4609 | policy_loss=0.2526 | entropy=7.1884 | ratio=0.9978 | approx_kl=0.0051 | optimizer_steps=4
update=1839 | train_mean_reward=-22.8091 | train_mean_length=15.2734 | policy_loss=0.3051 | entropy=7.1875 | ratio=0.9996 | approx_kl=0.0030 | optimizer_steps=4
update=1840 | train_mean_reward=-20.4683 | train_mean_length=14.2695 | policy_loss=0.2766 | entropy=7.1866 | ratio=0.9989 | approx_kl=0.0038 | optimizer_steps=4 | eval_mean_reward=-1.7663 | eval_mean_length=21.4375
update=1841 | train_mean_reward=-20.5402 | train_mean_length=13.7852 | policy_loss=0.2731 | entropy=7.1855 | ratio=0.9984 | approx_kl=0.0051 | optimizer_steps=4
update=1842 | train_mean_reward=-19.5721 | train_mean_length=13.3359 | policy_loss=0.2065 | entropy=7.1844 | ratio=1.0005 | approx_kl=0.0016 | optimizer_steps=4
update=1843 | train_mean_reward=-19.1908 | train_mean_length=13.1211 | policy_loss=0.1774 | entropy=7.1833 | ratio=1.0000 | approx_kl=0.0016 | optimizer_steps=4
update=1844 | train_mean_reward=-20.2664 | train_mean_length=14.0117 | policy_loss=0.2565 | entropy=7.1821 | ratio=0.9996 | approx_kl=0.0030 | optimizer_steps=4
update=1845 | train_mean_reward=-19.2988 | train_mean_length=13.1328 | policy_loss=0.1929 | entropy=7.1810 | ratio=1.0005 | approx_kl=0.0013 | optimizer_steps=4 | eval_mean_reward=-0.9408 | eval_mean_length=14.8750
update=1846 | train_mean_reward=-18.8799 | train_mean_length=13.3086 | policy_loss=0.1879 | entropy=7.1799 | ratio=0.9996 | approx_kl=0.0021 | optimizer_steps=4
update=1847 | train_mean_reward=-18.0973 | train_mean_length=12.8008 | policy_loss=0.1888 | entropy=7.1787 | ratio=0.9974 | approx_kl=0.0060 | optimizer_steps=4
update=1848 | train_mean_reward=-22.0302 | train_mean_length=15.0352 | policy_loss=0.2715 | entropy=7.1775 | ratio=0.9994 | approx_kl=0.0027 | optimizer_steps=4
update=1849 | train_mean_reward=-21.1989 | train_mean_length=15.0469 | policy_loss=0.2585 | entropy=7.1764 | ratio=0.9996 | approx_kl=0.0031 | optimizer_steps=4
update=1850 | train_mean_reward=-20.5385 | train_mean_length=14.7500 | policy_loss=0.2518 | entropy=7.1753 | ratio=0.9992 | approx_kl=0.0030 | optimizer_steps=4 | eval_mean_reward=0.3902 | eval_mean_length=25.6250
update=1851 | train_mean_reward=-21.1151 | train_mean_length=15.4414 | policy_loss=0.2531 | entropy=7.1744 | ratio=0.9986 | approx_kl=0.0055 | optimizer_steps=4
update=1852 | train_mean_reward=-20.2068 | train_mean_length=14.6445 | policy_loss=0.2232 | entropy=7.1735 | ratio=0.9992 | approx_kl=0.0033 | optimizer_steps=4
update=1853 | train_mean_reward=-20.2376 | train_mean_length=15.0273 | policy_loss=0.2034 | entropy=7.1727 | ratio=0.9977 | approx_kl=0.0064 | optimizer_steps=4
update=1854 | train_mean_reward=-21.2054 | train_mean_length=15.0938 | policy_loss=0.2608 | entropy=7.1716 | ratio=0.9999 | approx_kl=0.0023 | optimizer_steps=4
update=1855 | train_mean_reward=-21.0018 | train_mean_length=15.6758 | policy_loss=0.2458 | entropy=7.1707 | ratio=0.9991 | approx_kl=0.0037 | optimizer_steps=4 | eval_mean_reward=0.6269 | eval_mean_length=30.5000
update=1856 | train_mean_reward=-22.6997 | train_mean_length=16.3008 | policy_loss=0.2286 | entropy=7.1697 | ratio=1.0023 | approx_kl=0.0070 | optimizer_steps=8
update=1857 | train_mean_reward=-21.2989 | train_mean_length=15.7266 | policy_loss=0.2699 | entropy=7.1690 | ratio=0.9997 | approx_kl=0.0022 | optimizer_steps=4
update=1858 | train_mean_reward=-20.5874 | train_mean_length=15.4805 | policy_loss=0.2320 | entropy=7.1684 | ratio=1.0000 | approx_kl=0.0017 | optimizer_steps=4
update=1859 | train_mean_reward=-20.7292 | train_mean_length=15.1289 | policy_loss=0.2439 | entropy=7.1677 | ratio=0.9999 | approx_kl=0.0029 | optimizer_steps=4
update=1860 | train_mean_reward=-20.2494 | train_mean_length=14.5977 | policy_loss=0.2165 | entropy=7.1668 | ratio=0.9982 | approx_kl=0.0044 | optimizer_steps=4 | eval_mean_reward=-2.2959 | eval_mean_length=22.9375
update=1861 | train_mean_reward=-21.6632 | train_mean_length=14.9102 | policy_loss=0.2655 | entropy=7.1658 | ratio=0.9983 | approx_kl=0.0049 | optimizer_steps=4
update=1862 | train_mean_reward=-22.2651 | train_mean_length=15.7305 | policy_loss=0.2559 | entropy=7.1647 | ratio=0.9994 | approx_kl=0.0027 | optimizer_steps=4
update=1863 | train_mean_reward=-22.2644 | train_mean_length=15.5781 | policy_loss=0.2746 | entropy=7.1635 | ratio=0.9991 | approx_kl=0.0042 | optimizer_steps=4
update=1864 | train_mean_reward=-22.2786 | train_mean_length=15.9727 | policy_loss=0.2849 | entropy=7.1622 | ratio=0.9988 | approx_kl=0.0045 | optimizer_steps=4
update=1865 | train_mean_reward=-20.6593 | train_mean_length=14.8906 | policy_loss=0.2725 | entropy=7.1612 | ratio=1.0005 | approx_kl=0.0009 | optimizer_steps=4 | eval_mean_reward=0.6862 | eval_mean_length=20.1875
update=1866 | train_mean_reward=-22.8648 | train_mean_length=16.1836 | policy_loss=0.3153 | entropy=7.1599 | ratio=0.9950 | approx_kl=0.0120 | optimizer_steps=8
update=1867 | train_mean_reward=-22.2081 | train_mean_length=15.6953 | policy_loss=0.2863 | entropy=7.1590 | ratio=0.9990 | approx_kl=0.0037 | optimizer_steps=4
update=1868 | train_mean_reward=-22.3085 | train_mean_length=15.6055 | policy_loss=0.2837 | entropy=7.1585 | ratio=0.9994 | approx_kl=0.0039 | optimizer_steps=4
update=1869 | train_mean_reward=-21.4224 | train_mean_length=15.5000 | policy_loss=0.2291 | entropy=7.1579 | ratio=0.9994 | approx_kl=0.0034 | optimizer_steps=4
update=1870 | train_mean_reward=-22.4074 | train_mean_length=15.8945 | policy_loss=0.2762 | entropy=7.1573 | ratio=0.9980 | approx_kl=0.0050 | optimizer_steps=4 | eval_mean_reward=-4.5596 | eval_mean_length=26.2500
update=1871 | train_mean_reward=-21.6891 | train_mean_length=16.0820 | policy_loss=0.1901 | entropy=7.1563 | ratio=0.9987 | approx_kl=0.0169 | optimizer_steps=7 | early_stop=1 | early_stop_kl=0.0676
update=1872 | train_mean_reward=-21.9786 | train_mean_length=15.7422 | policy_loss=0.2969 | entropy=7.1554 | ratio=1.0011 | approx_kl=0.0003 | optimizer_steps=4
update=1873 | train_mean_reward=-20.2213 | train_mean_length=14.6445 | policy_loss=0.2662 | entropy=7.1549 | ratio=0.9972 | approx_kl=0.0056 | optimizer_steps=4
update=1874 | train_mean_reward=-20.7924 | train_mean_length=14.7266 | policy_loss=0.2764 | entropy=7.1543 | ratio=0.9998 | approx_kl=0.0028 | optimizer_steps=4
update=1875 | train_mean_reward=-20.1082 | train_mean_length=14.2031 | policy_loss=0.2516 | entropy=7.1538 | ratio=0.9969 | approx_kl=0.0067 | optimizer_steps=4 | eval_mean_reward=2.5641 | eval_mean_length=25.8750
update=1876 | train_mean_reward=-19.3593 | train_mean_length=13.4766 | policy_loss=0.2148 | entropy=7.1533 | ratio=0.9988 | approx_kl=0.0038 | optimizer_steps=4
update=1877 | train_mean_reward=-20.6488 | train_mean_length=14.3242 | policy_loss=0.2545 | entropy=7.1527 | ratio=0.9997 | approx_kl=0.0034 | optimizer_steps=4
update=1878 | train_mean_reward=-18.9945 | train_mean_length=13.7266 | policy_loss=0.2466 | entropy=7.1519 | ratio=1.0010 | approx_kl=0.0024 | optimizer_steps=4
update=1879 | train_mean_reward=-20.5523 | train_mean_length=14.6758 | policy_loss=0.2785 | entropy=7.1509 | ratio=0.9995 | approx_kl=0.0024 | optimizer_steps=4
update=1880 | train_mean_reward=-20.3895 | train_mean_length=14.8711 | policy_loss=0.2744 | entropy=7.1499 | ratio=0.9988 | approx_kl=0.0039 | optimizer_steps=4 | eval_mean_reward=3.3697 | eval_mean_length=28.3750
update=1881 | train_mean_reward=-21.4963 | train_mean_length=15.5781 | policy_loss=0.2366 | entropy=7.1488 | ratio=0.9989 | approx_kl=0.0046 | optimizer_steps=4
update=1882 | train_mean_reward=-22.5846 | train_mean_length=16.0898 | policy_loss=0.2912 | entropy=7.1474 | ratio=1.0045 | approx_kl=0.0036 | optimizer_steps=8
update=1883 | train_mean_reward=-21.1674 | train_mean_length=15.7383 | policy_loss=0.2857 | entropy=7.1463 | ratio=0.9985 | approx_kl=0.0044 | optimizer_steps=4
update=1884 | train_mean_reward=-21.1125 | train_mean_length=15.1562 | policy_loss=0.2401 | entropy=7.1455 | ratio=1.0001 | approx_kl=0.0026 | optimizer_steps=4
update=1885 | train_mean_reward=-21.8569 | train_mean_length=16.0391 | policy_loss=0.2851 | entropy=7.1445 | ratio=0.9918 | approx_kl=0.0157 | optimizer_steps=8 | eval_mean_reward=3.7836 | eval_mean_length=21.9375
update=1886 | train_mean_reward=-21.6016 | train_mean_length=14.6367 | policy_loss=0.2490 | entropy=7.1437 | ratio=1.0001 | approx_kl=0.0012 | optimizer_steps=4
update=1887 | train_mean_reward=-20.6131 | train_mean_length=14.9844 | policy_loss=0.2231 | entropy=7.1431 | ratio=0.9993 | approx_kl=0.0036 | optimizer_steps=4
update=1888 | train_mean_reward=-21.0038 | train_mean_length=14.7930 | policy_loss=0.2405 | entropy=7.1425 | ratio=0.9991 | approx_kl=0.0032 | optimizer_steps=4
update=1889 | train_mean_reward=-22.5480 | train_mean_length=15.7148 | policy_loss=0.2947 | entropy=7.1417 | ratio=0.9983 | approx_kl=0.0043 | optimizer_steps=4
update=1890 | train_mean_reward=-22.1671 | train_mean_length=15.8945 | policy_loss=0.2994 | entropy=7.1408 | ratio=0.9992 | approx_kl=0.0045 | optimizer_steps=4 | eval_mean_reward=6.9525 | eval_mean_length=35.7500
update=1891 | train_mean_reward=-22.5417 | train_mean_length=16.1328 | policy_loss=0.3244 | entropy=7.1396 | ratio=0.9946 | approx_kl=0.0120 | optimizer_steps=8
update=1892 | train_mean_reward=-22.7205 | train_mean_length=16.5742 | policy_loss=0.2958 | entropy=7.1386 | ratio=0.9907 | approx_kl=0.0174 | optimizer_steps=8
update=1893 | train_mean_reward=-23.7558 | train_mean_length=16.9062 | policy_loss=0.2960 | entropy=7.1378 | ratio=0.9998 | approx_kl=0.0069 | optimizer_steps=8
update=1894 | train_mean_reward=-22.6842 | train_mean_length=16.8359 | policy_loss=0.2859 | entropy=7.1371 | ratio=0.9940 | approx_kl=0.0131 | optimizer_steps=8
update=1895 | train_mean_reward=-22.2519 | train_mean_length=16.9375 | policy_loss=0.2532 | entropy=7.1361 | ratio=1.0017 | approx_kl=0.0041 | optimizer_steps=8 | eval_mean_reward=3.8571 | eval_mean_length=32.6875
update=1896 | train_mean_reward=-22.5259 | train_mean_length=16.4883 | policy_loss=0.2941 | entropy=7.1353 | ratio=0.9956 | approx_kl=0.0126 | optimizer_steps=8
update=1897 | train_mean_reward=-21.8888 | train_mean_length=15.9570 | policy_loss=0.2780 | entropy=7.1350 | ratio=0.9996 | approx_kl=0.0023 | optimizer_steps=4
update=1898 | train_mean_reward=-20.7345 | train_mean_length=16.2773 | policy_loss=0.2708 | entropy=7.1349 | ratio=1.0010 | approx_kl=0.0141 | optimizer_steps=5 | early_stop=1 | early_stop_kl=0.0593
update=1899 | train_mean_reward=-22.8734 | train_mean_length=17.1133 | policy_loss=0.2602 | entropy=7.1344 | ratio=0.9985 | approx_kl=0.0063 | optimizer_steps=8
update=1900 | train_mean_reward=-22.5738 | train_mean_length=17.2188 | policy_loss=0.2583 | entropy=7.1333 | ratio=0.9960 | approx_kl=0.0096 | optimizer_steps=8 | eval_mean_reward=4.6211 | eval_mean_length=31.9375
update=1901 | train_mean_reward=-22.5027 | train_mean_length=16.7266 | policy_loss=0.2938 | entropy=7.1322 | ratio=0.9998 | approx_kl=0.0050 | optimizer_steps=8
update=1902 | train_mean_reward=-21.9619 | train_mean_length=16.7383 | policy_loss=0.3095 | entropy=7.1310 | ratio=0.9992 | approx_kl=0.0053 | optimizer_steps=8
update=1903 | train_mean_reward=-21.2334 | train_mean_length=15.2109 | policy_loss=0.2848 | entropy=7.1302 | ratio=0.9981 | approx_kl=0.0036 | optimizer_steps=4
update=1904 | train_mean_reward=-21.9103 | train_mean_length=16.1758 | policy_loss=0.2709 | entropy=7.1295 | ratio=1.0007 | approx_kl=0.0096 | optimizer_steps=8
update=1905 | train_mean_reward=-20.7741 | train_mean_length=15.3203 | policy_loss=0.2665 | entropy=7.1290 | ratio=0.9993 | approx_kl=0.0025 | optimizer_steps=4 | eval_mean_reward=19.4805 | eval_mean_length=39.3750
update=1906 | train_mean_reward=-21.8810 | train_mean_length=15.7930 | policy_loss=0.2859 | entropy=7.1285 | ratio=0.9985 | approx_kl=0.0041 | optimizer_steps=4
update=1907 | train_mean_reward=-21.7586 | train_mean_length=15.7031 | policy_loss=0.2901 | entropy=7.1281 | ratio=0.9989 | approx_kl=0.0030 | optimizer_steps=4
update=1908 | train_mean_reward=-20.3282 | train_mean_length=14.7812 | policy_loss=0.2386 | entropy=7.1275 | ratio=0.9991 | approx_kl=0.0041 | optimizer_steps=4
update=1909 | train_mean_reward=-21.6660 | train_mean_length=15.5820 | policy_loss=0.3156 | entropy=7.1267 | ratio=0.9993 | approx_kl=0.0030 | optimizer_steps=4
update=1910 | train_mean_reward=-20.9268 | train_mean_length=15.5273 | policy_loss=0.3244 | entropy=7.1258 | ratio=0.9985 | approx_kl=0.0043 | optimizer_steps=4 | eval_mean_reward=3.9025 | eval_mean_length=19.3125
update=1911 | train_mean_reward=-22.0796 | train_mean_length=15.9805 | policy_loss=0.2872 | entropy=7.1249 | ratio=0.9999 | approx_kl=0.0028 | optimizer_steps=4
update=1912 | train_mean_reward=-21.2291 | train_mean_length=15.2500 | policy_loss=0.2776 | entropy=7.1242 | ratio=0.9997 | approx_kl=0.0027 | optimizer_steps=4
update=1913 | train_mean_reward=-21.5165 | train_mean_length=15.7344 | policy_loss=0.2556 | entropy=7.1233 | ratio=0.9988 | approx_kl=0.0038 | optimizer_steps=4
update=1914 | train_mean_reward=-21.3163 | train_mean_length=14.9688 | policy_loss=0.2870 | entropy=7.1226 | ratio=0.9988 | approx_kl=0.0044 | optimizer_steps=4
update=1915 | train_mean_reward=-21.2705 | train_mean_length=15.2852 | policy_loss=0.2442 | entropy=7.1219 | ratio=0.9992 | approx_kl=0.0034 | optimizer_steps=4 | eval_mean_reward=3.2392 | eval_mean_length=21.6875
update=1916 | train_mean_reward=-22.8133 | train_mean_length=16.8984 | policy_loss=0.2908 | entropy=7.1210 | ratio=0.9945 | approx_kl=0.0123 | optimizer_steps=8
update=1917 | train_mean_reward=-20.8098 | train_mean_length=15.4648 | policy_loss=0.2655 | entropy=7.1202 | ratio=0.9992 | approx_kl=0.0029 | optimizer_steps=4
update=1918 | train_mean_reward=-20.7986 | train_mean_length=15.3125 | policy_loss=0.2547 | entropy=7.1195 | ratio=0.9997 | approx_kl=0.0034 | optimizer_steps=4
update=1919 | train_mean_reward=-21.5743 | train_mean_length=14.9492 | policy_loss=0.2672 | entropy=7.1188 | ratio=0.9990 | approx_kl=0.0030 | optimizer_steps=4
update=1920 | train_mean_reward=-19.9524 | train_mean_length=14.5547 | policy_loss=0.2883 | entropy=7.1181 | ratio=0.9995 | approx_kl=0.0038 | optimizer_steps=4 | eval_mean_reward=8.5398 | eval_mean_length=24.5000
update=1921 | train_mean_reward=-21.7961 | train_mean_length=15.1016 | policy_loss=0.2696 | entropy=7.1172 | ratio=0.9991 | approx_kl=0.0033 | optimizer_steps=4
update=1922 | train_mean_reward=-21.4082 | train_mean_length=15.7500 | policy_loss=0.2317 | entropy=7.1165 | ratio=0.9990 | approx_kl=0.0038 | optimizer_steps=4
update=1923 | train_mean_reward=-21.6020 | train_mean_length=15.3516 | policy_loss=0.2960 | entropy=7.1157 | ratio=1.0003 | approx_kl=0.0031 | optimizer_steps=4
update=1924 | train_mean_reward=-21.4397 | train_mean_length=15.1523 | policy_loss=0.2753 | entropy=7.1150 | ratio=0.9984 | approx_kl=0.0041 | optimizer_steps=4
update=1925 | train_mean_reward=-20.4518 | train_mean_length=14.8750 | policy_loss=0.2463 | entropy=7.1140 | ratio=1.0006 | approx_kl=0.0032 | optimizer_steps=4 | eval_mean_reward=4.4876 | eval_mean_length=24.4375
update=1926 | train_mean_reward=-21.6590 | train_mean_length=15.6602 | policy_loss=0.2627 | entropy=7.1131 | ratio=0.9984 | approx_kl=0.0045 | optimizer_steps=4
update=1927 | train_mean_reward=-21.4951 | train_mean_length=15.6016 | policy_loss=0.2953 | entropy=7.1122 | ratio=1.0005 | approx_kl=0.0022 | optimizer_steps=4
update=1928 | train_mean_reward=-22.7691 | train_mean_length=15.8789 | policy_loss=0.2603 | entropy=7.1115 | ratio=0.9987 | approx_kl=0.0039 | optimizer_steps=4
update=1929 | train_mean_reward=-21.0440 | train_mean_length=15.0664 | policy_loss=0.2647 | entropy=7.1106 | ratio=0.9996 | approx_kl=0.0034 | optimizer_steps=4
update=1930 | train_mean_reward=-22.2956 | train_mean_length=16.1680 | policy_loss=0.2447 | entropy=7.1092 | ratio=1.0028 | approx_kl=0.0045 | optimizer_steps=8 | eval_mean_reward=0.3042 | eval_mean_length=24.8750
update=1931 | train_mean_reward=-21.8597 | train_mean_length=15.6250 | policy_loss=0.2647 | entropy=7.1079 | ratio=0.9992 | approx_kl=0.0019 | optimizer_steps=4
update=1932 | train_mean_reward=-20.4759 | train_mean_length=14.5859 | policy_loss=0.2669 | entropy=7.1068 | ratio=0.9978 | approx_kl=0.0053 | optimizer_steps=4
update=1933 | train_mean_reward=-22.0320 | train_mean_length=15.3594 | policy_loss=0.2440 | entropy=7.1056 | ratio=0.9991 | approx_kl=0.0032 | optimizer_steps=4
update=1934 | train_mean_reward=-20.6845 | train_mean_length=14.8359 | policy_loss=0.2554 | entropy=7.1046 | ratio=0.9968 | approx_kl=0.0060 | optimizer_steps=4
update=1935 | train_mean_reward=-20.9649 | train_mean_length=15.2852 | policy_loss=0.2795 | entropy=7.1035 | ratio=0.9997 | approx_kl=0.0028 | optimizer_steps=4 | eval_mean_reward=2.7652 | eval_mean_length=28.5625
update=1936 | train_mean_reward=-21.1193 | train_mean_length=15.3789 | policy_loss=0.3087 | entropy=7.1026 | ratio=0.9997 | approx_kl=0.0037 | optimizer_steps=4
update=1937 | train_mean_reward=-20.7911 | train_mean_length=15.2227 | policy_loss=0.2564 | entropy=7.1018 | ratio=0.9988 | approx_kl=0.0038 | optimizer_steps=4
update=1938 | train_mean_reward=-21.1307 | train_mean_length=15.3164 | policy_loss=0.3045 | entropy=7.1010 | ratio=0.9976 | approx_kl=0.0052 | optimizer_steps=4
update=1939 | train_mean_reward=-21.5098 | train_mean_length=15.9844 | policy_loss=0.2978 | entropy=7.1002 | ratio=0.9995 | approx_kl=0.0024 | optimizer_steps=4
update=1940 | train_mean_reward=-20.2405 | train_mean_length=14.4219 | policy_loss=0.2460 | entropy=7.0996 | ratio=0.9996 | approx_kl=0.0036 | optimizer_steps=4 | eval_mean_reward=4.2957 | eval_mean_length=21.8125
update=1941 | train_mean_reward=-21.1524 | train_mean_length=15.7070 | policy_loss=0.2830 | entropy=7.0990 | ratio=0.9993 | approx_kl=0.0038 | optimizer_steps=4
update=1942 | train_mean_reward=-21.8314 | train_mean_length=16.1953 | policy_loss=0.3496 | entropy=7.0979 | ratio=0.9957 | approx_kl=0.0125 | optimizer_steps=8
update=1943 | train_mean_reward=-23.7875 | train_mean_length=17.8633 | policy_loss=0.3114 | entropy=7.0970 | ratio=0.9978 | approx_kl=0.0094 | optimizer_steps=8
update=1944 | train_mean_reward=-22.2484 | train_mean_length=16.4570 | policy_loss=0.2875 | entropy=7.0963 | ratio=0.9980 | approx_kl=0.0086 | optimizer_steps=8
update=1945 | train_mean_reward=-22.3800 | train_mean_length=16.3750 | policy_loss=0.3257 | entropy=7.0959 | ratio=0.9942 | approx_kl=0.0129 | optimizer_steps=8 | eval_mean_reward=3.2215 | eval_mean_length=29.5625
update=1946 | train_mean_reward=-20.7280 | train_mean_length=15.0508 | policy_loss=0.2706 | entropy=7.0957 | ratio=0.9987 | approx_kl=0.0031 | optimizer_steps=4
update=1947 | train_mean_reward=-22.5983 | train_mean_length=16.3789 | policy_loss=0.3458 | entropy=7.0955 | ratio=0.9972 | approx_kl=0.0134 | optimizer_steps=8
update=1948 | train_mean_reward=-22.6621 | train_mean_length=16.0703 | policy_loss=0.3679 | entropy=7.0950 | ratio=1.0067 | approx_kl=-0.0017 | optimizer_steps=8
update=1949 | train_mean_reward=-20.0647 | train_mean_length=14.9375 | policy_loss=0.2682 | entropy=7.0944 | ratio=0.9991 | approx_kl=0.0037 | optimizer_steps=4
update=1950 | train_mean_reward=-23.3815 | train_mean_length=16.4922 | policy_loss=0.3759 | entropy=7.0941 | ratio=1.0012 | approx_kl=0.0086 | optimizer_steps=8 | eval_mean_reward=3.9767 | eval_mean_length=33.2500
update=1951 | train_mean_reward=-22.7792 | train_mean_length=16.4375 | policy_loss=0.3420 | entropy=7.0939 | ratio=0.9971 | approx_kl=0.0127 | optimizer_steps=8
update=1952 | train_mean_reward=-20.5703 | train_mean_length=15.3203 | policy_loss=0.3225 | entropy=7.0939 | ratio=0.9998 | approx_kl=0.0026 | optimizer_steps=4
update=1953 | train_mean_reward=-20.9250 | train_mean_length=15.1172 | policy_loss=0.3129 | entropy=7.0936 | ratio=0.9994 | approx_kl=0.0049 | optimizer_steps=4
update=1954 | train_mean_reward=-22.3505 | train_mean_length=15.7852 | policy_loss=0.3220 | entropy=7.0932 | ratio=0.9995 | approx_kl=0.0028 | optimizer_steps=4
update=1955 | train_mean_reward=-19.8499 | train_mean_length=14.3555 | policy_loss=0.2930 | entropy=7.0927 | ratio=0.9973 | approx_kl=0.0063 | optimizer_steps=4 | eval_mean_reward=3.5779 | eval_mean_length=16.1250
update=1956 | train_mean_reward=-19.4528 | train_mean_length=13.5977 | policy_loss=0.2480 | entropy=7.0922 | ratio=0.9986 | approx_kl=0.0048 | optimizer_steps=4
update=1957 | train_mean_reward=-20.3539 | train_mean_length=14.2031 | policy_loss=0.3144 | entropy=7.0915 | ratio=0.9987 | approx_kl=0.0034 | optimizer_steps=4
update=1958 | train_mean_reward=-19.0651 | train_mean_length=13.4336 | policy_loss=0.2946 | entropy=7.0907 | ratio=0.9985 | approx_kl=0.0044 | optimizer_steps=4
update=1959 | train_mean_reward=-19.1774 | train_mean_length=13.1094 | policy_loss=0.2787 | entropy=7.0898 | ratio=0.9985 | approx_kl=0.0042 | optimizer_steps=4
update=1960 | train_mean_reward=-20.8008 | train_mean_length=14.1914 | policy_loss=0.3281 | entropy=7.0889 | ratio=0.9981 | approx_kl=0.0044 | optimizer_steps=4 | eval_mean_reward=4.0857 | eval_mean_length=22.0625
update=1961 | train_mean_reward=-20.0243 | train_mean_length=14.0352 | policy_loss=0.3384 | entropy=7.0881 | ratio=0.9989 | approx_kl=0.0046 | optimizer_steps=4
update=1962 | train_mean_reward=-19.4757 | train_mean_length=13.5859 | policy_loss=0.3028 | entropy=7.0873 | ratio=0.9991 | approx_kl=0.0030 | optimizer_steps=4
update=1963 | train_mean_reward=-19.8957 | train_mean_length=13.7070 | policy_loss=0.3048 | entropy=7.0865 | ratio=0.9992 | approx_kl=0.0032 | optimizer_steps=4
update=1964 | train_mean_reward=-20.0888 | train_mean_length=13.3047 | policy_loss=0.2956 | entropy=7.0857 | ratio=0.9980 | approx_kl=0.0053 | optimizer_steps=4
update=1965 | train_mean_reward=-20.7180 | train_mean_length=14.3555 | policy_loss=0.3083 | entropy=7.0851 | ratio=0.9987 | approx_kl=0.0045 | optimizer_steps=4 | eval_mean_reward=2.9250 | eval_mean_length=24.5000
update=1966 | train_mean_reward=-21.8638 | train_mean_length=14.7305 | policy_loss=0.3262 | entropy=7.0844 | ratio=0.9977 | approx_kl=0.0065 | optimizer_steps=4
update=1967 | train_mean_reward=-21.4128 | train_mean_length=14.6719 | policy_loss=0.3678 | entropy=7.0837 | ratio=0.9984 | approx_kl=0.0047 | optimizer_steps=4
update=1968 | train_mean_reward=-21.0819 | train_mean_length=14.3164 | policy_loss=0.3451 | entropy=7.0830 | ratio=0.9987 | approx_kl=0.0045 | optimizer_steps=4
update=1969 | train_mean_reward=-23.2578 | train_mean_length=15.5000 | policy_loss=0.4005 | entropy=7.0821 | ratio=0.9985 | approx_kl=0.0035 | optimizer_steps=4
update=1970 | train_mean_reward=-19.4402 | train_mean_length=13.3438 | policy_loss=0.3029 | entropy=7.0814 | ratio=0.9993 | approx_kl=0.0030 | optimizer_steps=4 | eval_mean_reward=-1.3368 | eval_mean_length=12.7500
update=1971 | train_mean_reward=-19.9407 | train_mean_length=13.6250 | policy_loss=0.3116 | entropy=7.0808 | ratio=0.9977 | approx_kl=0.0054 | optimizer_steps=4
update=1972 | train_mean_reward=-19.8264 | train_mean_length=13.5273 | policy_loss=0.2751 | entropy=7.0803 | ratio=0.9995 | approx_kl=0.0033 | optimizer_steps=4
update=1973 | train_mean_reward=-21.3177 | train_mean_length=14.4844 | policy_loss=0.3211 | entropy=7.0797 | ratio=0.9984 | approx_kl=0.0043 | optimizer_steps=4
update=1974 | train_mean_reward=-21.0948 | train_mean_length=14.6992 | policy_loss=0.3123 | entropy=7.0788 | ratio=0.9971 | approx_kl=0.0061 | optimizer_steps=4
update=1975 | train_mean_reward=-20.3125 | train_mean_length=13.9492 | policy_loss=0.2972 | entropy=7.0780 | ratio=0.9999 | approx_kl=0.0024 | optimizer_steps=4 | eval_mean_reward=-1.2993 | eval_mean_length=14.0000
update=1976 | train_mean_reward=-19.7228 | train_mean_length=13.7930 | policy_loss=0.2652 | entropy=7.0770 | ratio=0.9991 | approx_kl=0.0033 | optimizer_steps=4
update=1977 | train_mean_reward=-21.2562 | train_mean_length=14.9766 | policy_loss=0.2873 | entropy=7.0758 | ratio=0.9974 | approx_kl=0.0061 | optimizer_steps=4
update=1978 | train_mean_reward=-19.9597 | train_mean_length=14.5508 | policy_loss=0.2789 | entropy=7.0748 | ratio=0.9981 | approx_kl=0.0041 | optimizer_steps=4
update=1979 | train_mean_reward=-20.5239 | train_mean_length=14.5391 | policy_loss=0.2982 | entropy=7.0738 | ratio=0.9987 | approx_kl=0.0057 | optimizer_steps=4
update=1980 | train_mean_reward=-22.0275 | train_mean_length=15.3242 | policy_loss=0.3361 | entropy=7.0728 | ratio=0.9990 | approx_kl=0.0033 | optimizer_steps=4 | eval_mean_reward=4.1906 | eval_mean_length=26.3750
update=1981 | train_mean_reward=-22.6736 | train_mean_length=16.3125 | policy_loss=0.3981 | entropy=7.0719 | ratio=1.0071 | approx_kl=0.0005 | optimizer_steps=8
update=1982 | train_mean_reward=-21.2717 | train_mean_length=14.8789 | policy_loss=0.3114 | entropy=7.0715 | ratio=0.9989 | approx_kl=0.0034 | optimizer_steps=4
update=1983 | train_mean_reward=-21.3824 | train_mean_length=15.6797 | policy_loss=0.2982 | entropy=7.0710 | ratio=0.9990 | approx_kl=0.0046 | optimizer_steps=4
update=1984 | train_mean_reward=-20.2591 | train_mean_length=14.8164 | policy_loss=0.2577 | entropy=7.0706 | ratio=0.9974 | approx_kl=0.0070 | optimizer_steps=4
update=1985 | train_mean_reward=-21.2745 | train_mean_length=14.8086 | policy_loss=0.3165 | entropy=7.0701 | ratio=0.9990 | approx_kl=0.0028 | optimizer_steps=4 | eval_mean_reward=3.8217 | eval_mean_length=23.0625
update=1986 | train_mean_reward=-20.2775 | train_mean_length=15.0508 | policy_loss=0.2836 | entropy=7.0695 | ratio=0.9999 | approx_kl=0.0026 | optimizer_steps=4
update=1987 | train_mean_reward=-20.3331 | train_mean_length=14.5547 | policy_loss=0.3000 | entropy=7.0688 | ratio=0.9983 | approx_kl=0.0046 | optimizer_steps=4
update=1988 | train_mean_reward=-20.3577 | train_mean_length=14.8086 | policy_loss=0.3054 | entropy=7.0681 | ratio=0.9993 | approx_kl=0.0034 | optimizer_steps=4
update=1989 | train_mean_reward=-19.5103 | train_mean_length=14.4453 | policy_loss=0.3049 | entropy=7.0674 | ratio=0.9988 | approx_kl=0.0037 | optimizer_steps=4
update=1990 | train_mean_reward=-21.1116 | train_mean_length=15.3516 | policy_loss=0.2924 | entropy=7.0670 | ratio=0.9992 | approx_kl=0.0037 | optimizer_steps=4 | eval_mean_reward=5.7224 | eval_mean_length=35.4375
update=1991 | train_mean_reward=-21.1131 | train_mean_length=14.4727 | policy_loss=0.3086 | entropy=7.0665 | ratio=0.9981 | approx_kl=0.0049 | optimizer_steps=4
update=1992 | train_mean_reward=-20.5121 | train_mean_length=14.8672 | policy_loss=0.2922 | entropy=7.0658 | ratio=0.9987 | approx_kl=0.0045 | optimizer_steps=4
update=1993 | train_mean_reward=-21.7875 | train_mean_length=15.6289 | policy_loss=0.3022 | entropy=7.0649 | ratio=0.9997 | approx_kl=0.0025 | optimizer_steps=4
update=1994 | train_mean_reward=-19.9329 | train_mean_length=14.6797 | policy_loss=0.2851 | entropy=7.0638 | ratio=0.9995 | approx_kl=0.0029 | optimizer_steps=4
update=1995 | train_mean_reward=-19.8311 | train_mean_length=14.3125 | policy_loss=0.2979 | entropy=7.0627 | ratio=0.9977 | approx_kl=0.0057 | optimizer_steps=4 | eval_mean_reward=4.7726 | eval_mean_length=30.7500
update=1996 | train_mean_reward=-20.1558 | train_mean_length=14.6289 | policy_loss=0.2735 | entropy=7.0617 | ratio=0.9979 | approx_kl=0.0060 | optimizer_steps=4
update=1997 | train_mean_reward=-20.5739 | train_mean_length=14.2969 | policy_loss=0.2906 | entropy=7.0609 | ratio=0.9989 | approx_kl=0.0033 | optimizer_steps=4
update=1998 | train_mean_reward=-19.9055 | train_mean_length=13.9219 | policy_loss=0.2744 | entropy=7.0601 | ratio=0.9981 | approx_kl=0.0059 | optimizer_steps=4
update=1999 | train_mean_reward=-20.4961 | train_mean_length=14.7969 | policy_loss=0.3158 | entropy=7.0595 | ratio=0.9996 | approx_kl=0.0034 | optimizer_steps=4
update=2000 | train_mean_reward=-21.5994 | train_mean_length=15.3906 | policy_loss=0.3110 | entropy=7.0590 | ratio=1.0006 | approx_kl=0.0023 | optimizer_steps=4 | eval_mean_reward=-0.3126 | eval_mean_length=26.5000
update=2001 | train_mean_reward=-21.8909 | train_mean_length=15.8320 | policy_loss=0.2876 | entropy=7.0587 | ratio=0.9989 | approx_kl=0.0051 | optimizer_steps=4
update=2002 | train_mean_reward=-22.6762 | train_mean_length=16.4375 | policy_loss=0.3326 | entropy=7.0584 | ratio=1.0002 | approx_kl=0.0114 | optimizer_steps=7 | early_stop=1 | early_stop_kl=0.0530
update=2003 | train_mean_reward=-23.4996 | train_mean_length=16.9102 | policy_loss=0.2836 | entropy=7.0579 | ratio=1.0016 | approx_kl=0.0057 | optimizer_steps=8
update=2004 | train_mean_reward=-21.5605 | train_mean_length=16.1289 | policy_loss=0.3553 | entropy=7.0570 | ratio=0.9958 | approx_kl=0.0101 | optimizer_steps=8
update=2005 | train_mean_reward=-22.8636 | train_mean_length=16.6094 | policy_loss=0.3107 | entropy=7.0559 | ratio=0.9978 | approx_kl=0.0094 | optimizer_steps=8 | eval_mean_reward=0.1203 | eval_mean_length=25.3750
update=2006 | train_mean_reward=-23.2581 | train_mean_length=17.2266 | policy_loss=0.2791 | entropy=7.0545 | ratio=0.9990 | approx_kl=0.0080 | optimizer_steps=8
update=2007 | train_mean_reward=-24.2143 | train_mean_length=17.1562 | policy_loss=0.3551 | entropy=7.0532 | ratio=0.9961 | approx_kl=0.0098 | optimizer_steps=8
update=2008 | train_mean_reward=-25.2819 | train_mean_length=17.9492 | policy_loss=0.2957 | entropy=7.0528 | ratio=0.9963 | approx_kl=0.0103 | optimizer_steps=8
update=2009 | train_mean_reward=-22.6989 | train_mean_length=15.6719 | policy_loss=0.2677 | entropy=7.0524 | ratio=0.9992 | approx_kl=0.0031 | optimizer_steps=4
update=2010 | train_mean_reward=-21.7127 | train_mean_length=15.4688 | policy_loss=0.2850 | entropy=7.0518 | ratio=0.9991 | approx_kl=0.0036 | optimizer_steps=4 | eval_mean_reward=2.0552 | eval_mean_length=28.0625
update=2011 | train_mean_reward=-21.7672 | train_mean_length=15.3789 | policy_loss=0.2470 | entropy=7.0510 | ratio=0.9978 | approx_kl=0.0050 | optimizer_steps=4
update=2012 | train_mean_reward=-21.2649 | train_mean_length=15.6250 | policy_loss=0.2757 | entropy=7.0501 | ratio=0.9999 | approx_kl=0.0025 | optimizer_steps=4
update=2013 | train_mean_reward=-20.5614 | train_mean_length=14.9297 | policy_loss=0.2479 | entropy=7.0491 | ratio=0.9985 | approx_kl=0.0042 | optimizer_steps=4
update=2014 | train_mean_reward=-21.5017 | train_mean_length=14.9375 | policy_loss=0.3075 | entropy=7.0480 | ratio=0.9996 | approx_kl=0.0031 | optimizer_steps=4
update=2015 | train_mean_reward=-22.4492 | train_mean_length=15.6211 | policy_loss=0.2634 | entropy=7.0466 | ratio=0.9979 | approx_kl=0.0049 | optimizer_steps=4 | eval_mean_reward=1.1785 | eval_mean_length=25.2500
update=2016 | train_mean_reward=-21.5297 | train_mean_length=15.0625 | policy_loss=0.2915 | entropy=7.0453 | ratio=0.9999 | approx_kl=0.0028 | optimizer_steps=4
update=2017 | train_mean_reward=-20.0847 | train_mean_length=14.3477 | policy_loss=0.2508 | entropy=7.0443 | ratio=1.0011 | approx_kl=0.0011 | optimizer_steps=4
update=2018 | train_mean_reward=-20.0886 | train_mean_length=14.2031 | policy_loss=0.2713 | entropy=7.0435 | ratio=0.9964 | approx_kl=0.0074 | optimizer_steps=4
update=2019 | train_mean_reward=-20.4166 | train_mean_length=14.7383 | policy_loss=0.3115 | entropy=7.0429 | ratio=0.9992 | approx_kl=0.0033 | optimizer_steps=4
update=2020 | train_mean_reward=-19.6795 | train_mean_length=14.0859 | policy_loss=0.2491 | entropy=7.0426 | ratio=0.9986 | approx_kl=0.0037 | optimizer_steps=4 | eval_mean_reward=2.3116 | eval_mean_length=23.0000
update=2021 | train_mean_reward=-19.5684 | train_mean_length=14.0859 | policy_loss=0.2382 | entropy=7.0425 | ratio=0.9999 | approx_kl=0.0035 | optimizer_steps=4
update=2022 | train_mean_reward=-20.0442 | train_mean_length=13.9570 | policy_loss=0.2888 | entropy=7.0421 | ratio=0.9987 | approx_kl=0.0053 | optimizer_steps=4
update=2023 | train_mean_reward=-20.1040 | train_mean_length=14.2773 | policy_loss=0.2931 | entropy=7.0415 | ratio=0.9999 | approx_kl=0.0021 | optimizer_steps=4
update=2024 | train_mean_reward=-19.7571 | train_mean_length=13.8750 | policy_loss=0.2506 | entropy=7.0407 | ratio=0.9996 | approx_kl=0.0026 | optimizer_steps=4
update=2025 | train_mean_reward=-19.1465 | train_mean_length=13.5469 | policy_loss=0.2598 | entropy=7.0397 | ratio=0.9984 | approx_kl=0.0038 | optimizer_steps=4 | eval_mean_reward=5.8906 | eval_mean_length=15.3125
update=2026 | train_mean_reward=-17.5519 | train_mean_length=12.5234 | policy_loss=0.2677 | entropy=7.0387 | ratio=0.9982 | approx_kl=0.0055 | optimizer_steps=4
update=2027 | train_mean_reward=-20.4294 | train_mean_length=14.1484 | policy_loss=0.3196 | entropy=7.0378 | ratio=0.9990 | approx_kl=0.0039 | optimizer_steps=4
update=2028 | train_mean_reward=-20.6591 | train_mean_length=14.4648 | policy_loss=0.2623 | entropy=7.0369 | ratio=0.9989 | approx_kl=0.0035 | optimizer_steps=4
update=2029 | train_mean_reward=-20.7309 | train_mean_length=14.2891 | policy_loss=0.2860 | entropy=7.0357 | ratio=0.9993 | approx_kl=0.0029 | optimizer_steps=4
update=2030 | train_mean_reward=-19.6512 | train_mean_length=13.8594 | policy_loss=0.2722 | entropy=7.0346 | ratio=0.9980 | approx_kl=0.0044 | optimizer_steps=4 | eval_mean_reward=5.4249 | eval_mean_length=21.9375
update=2031 | train_mean_reward=-20.0366 | train_mean_length=14.1797 | policy_loss=0.3207 | entropy=7.0335 | ratio=0.9989 | approx_kl=0.0048 | optimizer_steps=4
update=2032 | train_mean_reward=-20.8291 | train_mean_length=14.6211 | policy_loss=0.2471 | entropy=7.0324 | ratio=0.9992 | approx_kl=0.0031 | optimizer_steps=4
update=2033 | train_mean_reward=-20.7528 | train_mean_length=14.6914 | policy_loss=0.3429 | entropy=7.0314 | ratio=0.9988 | approx_kl=0.0030 | optimizer_steps=4
update=2034 | train_mean_reward=-20.4670 | train_mean_length=14.6992 | policy_loss=0.2782 | entropy=7.0303 | ratio=0.9990 | approx_kl=0.0042 | optimizer_steps=4
update=2035 | train_mean_reward=-20.8879 | train_mean_length=15.3828 | policy_loss=0.3010 | entropy=7.0294 | ratio=0.9997 | approx_kl=0.0032 | optimizer_steps=4 | eval_mean_reward=14.4889 | eval_mean_length=42.5000
update=2036 | train_mean_reward=-21.9269 | train_mean_length=15.5312 | policy_loss=0.3396 | entropy=7.0287 | ratio=0.9994 | approx_kl=0.0031 | optimizer_steps=4
update=2037 | train_mean_reward=-22.0610 | train_mean_length=15.9414 | policy_loss=0.2843 | entropy=7.0281 | ratio=1.0002 | approx_kl=0.0026 | optimizer_steps=4
update=2038 | train_mean_reward=-21.1825 | train_mean_length=15.1133 | policy_loss=0.3100 | entropy=7.0274 | ratio=0.9982 | approx_kl=0.0040 | optimizer_steps=4
update=2039 | train_mean_reward=-21.2015 | train_mean_length=14.8789 | policy_loss=0.2972 | entropy=7.0265 | ratio=0.9971 | approx_kl=0.0056 | optimizer_steps=4
update=2040 | train_mean_reward=-19.7029 | train_mean_length=13.7539 | policy_loss=0.2541 | entropy=7.0255 | ratio=0.9984 | approx_kl=0.0043 | optimizer_steps=4 | eval_mean_reward=5.8536 | eval_mean_length=24.7500
update=2041 | train_mean_reward=-19.9942 | train_mean_length=14.3516 | policy_loss=0.2513 | entropy=7.0244 | ratio=0.9986 | approx_kl=0.0028 | optimizer_steps=4
update=2042 | train_mean_reward=-21.2279 | train_mean_length=14.8828 | policy_loss=0.2812 | entropy=7.0233 | ratio=0.9983 | approx_kl=0.0047 | optimizer_steps=4
update=2043 | train_mean_reward=-20.7839 | train_mean_length=14.8008 | policy_loss=0.2707 | entropy=7.0225 | ratio=0.9982 | approx_kl=0.0051 | optimizer_steps=4
update=2044 | train_mean_reward=-19.2911 | train_mean_length=14.4648 | policy_loss=0.2434 | entropy=7.0216 | ratio=0.9998 | approx_kl=0.0027 | optimizer_steps=4
update=2045 | train_mean_reward=-20.7561 | train_mean_length=15.3516 | policy_loss=0.2597 | entropy=7.0205 | ratio=0.9987 | approx_kl=0.0038 | optimizer_steps=4 | eval_mean_reward=0.6197 | eval_mean_length=19.0000
update=2046 | train_mean_reward=-22.0859 | train_mean_length=15.7500 | policy_loss=0.2959 | entropy=7.0196 | ratio=0.9992 | approx_kl=0.0030 | optimizer_steps=4
update=2047 | train_mean_reward=-21.0875 | train_mean_length=14.9453 | policy_loss=0.2621 | entropy=7.0186 | ratio=1.0005 | approx_kl=0.0031 | optimizer_steps=4
update=2048 | train_mean_reward=-22.3477 | train_mean_length=16.0039 | policy_loss=0.4497 | entropy=7.0175 | ratio=1.0022 | approx_kl=0.0301 | optimizer_steps=5 | early_stop=1 | early_stop_kl=0.1716
update=2049 | train_mean_reward=-21.4737 | train_mean_length=15.1797 | policy_loss=0.2794 | entropy=7.0167 | ratio=0.9976 | approx_kl=0.0045 | optimizer_steps=4
update=2050 | train_mean_reward=-21.4155 | train_mean_length=15.8555 | policy_loss=0.2859 | entropy=7.0161 | ratio=0.9997 | approx_kl=0.0048 | optimizer_steps=4 | eval_mean_reward=1.6950 | eval_mean_length=17.0625
update=2051 | train_mean_reward=-21.8475 | train_mean_length=16.0820 | policy_loss=0.3062 | entropy=7.0155 | ratio=1.0025 | approx_kl=0.0035 | optimizer_steps=8
update=2052 | train_mean_reward=-21.1336 | train_mean_length=15.0781 | policy_loss=0.2711 | entropy=7.0148 | ratio=1.0000 | approx_kl=0.0026 | optimizer_steps=4
update=2053 | train_mean_reward=-22.4559 | train_mean_length=16.4844 | policy_loss=0.3626 | entropy=7.0138 | ratio=0.9996 | approx_kl=0.0107 | optimizer_steps=8
update=2054 | train_mean_reward=-22.1907 | train_mean_length=16.0586 | policy_loss=0.3651 | entropy=7.0130 | ratio=1.0019 | approx_kl=0.0098 | optimizer_steps=5 | early_stop=1 | early_stop_kl=0.0618
update=2055 | train_mean_reward=-20.5537 | train_mean_length=15.0430 | policy_loss=0.2438 | entropy=7.0124 | ratio=0.9994 | approx_kl=0.0032 | optimizer_steps=4 | eval_mean_reward=1.8342 | eval_mean_length=17.8750
update=2056 | train_mean_reward=-20.4179 | train_mean_length=14.6055 | policy_loss=0.2121 | entropy=7.0116 | ratio=0.9986 | approx_kl=0.0040 | optimizer_steps=4
update=2057 | train_mean_reward=-21.8784 | train_mean_length=16.1094 | policy_loss=0.3340 | entropy=7.0102 | ratio=0.9946 | approx_kl=0.0117 | optimizer_steps=8
update=2058 | train_mean_reward=-23.6257 | train_mean_length=16.9922 | policy_loss=0.2758 | entropy=7.0088 | ratio=0.9978 | approx_kl=0.0098 | optimizer_steps=8
update=2059 | train_mean_reward=-21.4742 | train_mean_length=15.9492 | policy_loss=0.2692 | entropy=7.0081 | ratio=0.9985 | approx_kl=0.0031 | optimizer_steps=4
update=2060 | train_mean_reward=-22.9139 | train_mean_length=16.5312 | policy_loss=0.3008 | entropy=7.0074 | ratio=0.9985 | approx_kl=0.0101 | optimizer_steps=8 | eval_mean_reward=3.8798 | eval_mean_length=39.2500
update=2061 | train_mean_reward=-21.3113 | train_mean_length=15.6758 | policy_loss=0.2983 | entropy=7.0067 | ratio=0.9987 | approx_kl=0.0031 | optimizer_steps=4
update=2062 | train_mean_reward=-22.9521 | train_mean_length=16.7539 | policy_loss=0.3521 | entropy=7.0059 | ratio=0.9979 | approx_kl=0.0127 | optimizer_steps=8
update=2063 | train_mean_reward=-21.8939 | train_mean_length=16.5156 | policy_loss=0.3127 | entropy=7.0050 | ratio=0.9979 | approx_kl=0.0083 | optimizer_steps=8
update=2064 | train_mean_reward=-21.8348 | train_mean_length=16.3320 | policy_loss=0.2722 | entropy=7.0043 | ratio=1.0001 | approx_kl=0.0061 | optimizer_steps=8
update=2065 | train_mean_reward=-20.8284 | train_mean_length=16.0625 | policy_loss=0.3560 | entropy=7.0039 | ratio=1.0079 | approx_kl=0.0060 | optimizer_steps=7 | early_stop=1 | early_stop_kl=0.0625 | eval_mean_reward=1.7119 | eval_mean_length=33.4375
update=2066 | train_mean_reward=-21.5573 | train_mean_length=15.7344 | policy_loss=0.3337 | entropy=7.0036 | ratio=0.9975 | approx_kl=0.0043 | optimizer_steps=4
update=2067 | train_mean_reward=-21.1585 | train_mean_length=14.9805 | policy_loss=0.3082 | entropy=7.0033 | ratio=1.0005 | approx_kl=0.0038 | optimizer_steps=4
update=2068 | train_mean_reward=-20.4275 | train_mean_length=14.1445 | policy_loss=0.2821 | entropy=7.0024 | ratio=0.9999 | approx_kl=0.0026 | optimizer_steps=4
update=2069 | train_mean_reward=-19.8223 | train_mean_length=13.7969 | policy_loss=0.3151 | entropy=7.0014 | ratio=0.9997 | approx_kl=0.0022 | optimizer_steps=4
update=2070 | train_mean_reward=-18.8630 | train_mean_length=13.8359 | policy_loss=0.2585 | entropy=7.0004 | ratio=0.9994 | approx_kl=0.0035 | optimizer_steps=4 | eval_mean_reward=2.1592 | eval_mean_length=30.2500
update=2071 | train_mean_reward=-19.8046 | train_mean_length=14.4414 | policy_loss=0.3160 | entropy=6.9996 | ratio=0.9978 | approx_kl=0.0050 | optimizer_steps=4
update=2072 | train_mean_reward=-19.3287 | train_mean_length=14.1484 | policy_loss=0.3050 | entropy=6.9991 | ratio=0.9997 | approx_kl=0.0024 | optimizer_steps=4
update=2073 | train_mean_reward=-19.9937 | train_mean_length=14.0703 | policy_loss=0.2626 | entropy=6.9986 | ratio=0.9978 | approx_kl=0.0059 | optimizer_steps=4
update=2074 | train_mean_reward=-20.0481 | train_mean_length=14.0859 | policy_loss=0.2884 | entropy=6.9980 | ratio=0.9991 | approx_kl=0.0038 | optimizer_steps=4
update=2075 | train_mean_reward=-19.3888 | train_mean_length=14.3203 | policy_loss=0.2813 | entropy=6.9974 | ratio=1.0002 | approx_kl=0.0018 | optimizer_steps=4 | eval_mean_reward=0.9459 | eval_mean_length=28.3125
update=2076 | train_mean_reward=-20.1942 | train_mean_length=14.5430 | policy_loss=0.2872 | entropy=6.9965 | ratio=0.9989 | approx_kl=0.0034 | optimizer_steps=4
update=2077 | train_mean_reward=-21.7469 | train_mean_length=15.0508 | policy_loss=0.3544 | entropy=6.9957 | ratio=0.9987 | approx_kl=0.0039 | optimizer_steps=4
update=2078 | train_mean_reward=-20.7784 | train_mean_length=14.8984 | policy_loss=0.3009 | entropy=6.9949 | ratio=0.9996 | approx_kl=0.0025 | optimizer_steps=4
update=2079 | train_mean_reward=-20.1954 | train_mean_length=14.0273 | policy_loss=0.2991 | entropy=6.9941 | ratio=0.9997 | approx_kl=0.0018 | optimizer_steps=4
update=2080 | train_mean_reward=-21.5346 | train_mean_length=15.1367 | policy_loss=0.3305 | entropy=6.9934 | ratio=0.9999 | approx_kl=0.0027 | optimizer_steps=4 | eval_mean_reward=3.3347 | eval_mean_length=18.8125
update=2081 | train_mean_reward=-18.6130 | train_mean_length=13.9297 | policy_loss=0.2409 | entropy=6.9927 | ratio=0.9980 | approx_kl=0.0052 | optimizer_steps=4
update=2082 | train_mean_reward=-20.9637 | train_mean_length=15.4844 | policy_loss=0.3033 | entropy=6.9921 | ratio=0.9984 | approx_kl=0.0044 | optimizer_steps=4
update=2083 | train_mean_reward=-20.2468 | train_mean_length=14.9805 | policy_loss=0.2954 | entropy=6.9914 | ratio=0.9978 | approx_kl=0.0047 | optimizer_steps=4
update=2084 | train_mean_reward=-21.2007 | train_mean_length=15.5938 | policy_loss=0.2960 | entropy=6.9907 | ratio=1.0009 | approx_kl=0.0014 | optimizer_steps=4
update=2085 | train_mean_reward=-22.3238 | train_mean_length=16.3047 | policy_loss=0.3223 | entropy=6.9894 | ratio=0.9992 | approx_kl=0.0073 | optimizer_steps=8 | eval_mean_reward=2.7699 | eval_mean_length=20.3750
update=2086 | train_mean_reward=-22.1081 | train_mean_length=16.1562 | policy_loss=0.3108 | entropy=6.9883 | ratio=1.0008 | approx_kl=0.0142 | optimizer_steps=5 | early_stop=1 | early_stop_kl=0.0776
update=2087 | train_mean_reward=-22.3894 | train_mean_length=16.5508 | policy_loss=0.2999 | entropy=6.9873 | ratio=0.9969 | approx_kl=0.0089 | optimizer_steps=8
update=2088 | train_mean_reward=-22.5378 | train_mean_length=15.7852 | policy_loss=0.3414 | entropy=6.9865 | ratio=0.9987 | approx_kl=0.0028 | optimizer_steps=4
update=2089 | train_mean_reward=-20.6190 | train_mean_length=15.0898 | policy_loss=0.2580 | entropy=6.9860 | ratio=1.0005 | approx_kl=0.0024 | optimizer_steps=4
update=2090 | train_mean_reward=-20.1221 | train_mean_length=15.1211 | policy_loss=0.3272 | entropy=6.9854 | ratio=0.9983 | approx_kl=0.0045 | optimizer_steps=4 | eval_mean_reward=6.1996 | eval_mean_length=32.6875
update=2091 | train_mean_reward=-21.3143 | train_mean_length=15.3828 | policy_loss=0.3052 | entropy=6.9847 | ratio=0.9999 | approx_kl=0.0020 | optimizer_steps=4
update=2092 | train_mean_reward=-23.0854 | train_mean_length=16.5977 | policy_loss=0.3405 | entropy=6.9841 | ratio=0.9949 | approx_kl=0.0141 | optimizer_steps=8
update=2093 | train_mean_reward=-20.8636 | train_mean_length=15.2773 | policy_loss=0.3023 | entropy=6.9834 | ratio=0.9994 | approx_kl=0.0022 | optimizer_steps=4
update=2094 | train_mean_reward=-20.9744 | train_mean_length=15.0312 | policy_loss=0.2872 | entropy=6.9827 | ratio=0.9990 | approx_kl=0.0037 | optimizer_steps=4
update=2095 | train_mean_reward=-22.4666 | train_mean_length=15.5586 | policy_loss=0.3294 | entropy=6.9818 | ratio=0.9983 | approx_kl=0.0048 | optimizer_steps=4 | eval_mean_reward=5.3111 | eval_mean_length=32.0000
update=2096 | train_mean_reward=-20.6118 | train_mean_length=15.2617 | policy_loss=0.3161 | entropy=6.9809 | ratio=0.9992 | approx_kl=0.0035 | optimizer_steps=4
update=2097 | train_mean_reward=-22.7831 | train_mean_length=16.1719 | policy_loss=0.2491 | entropy=6.9798 | ratio=1.0017 | approx_kl=0.0064 | optimizer_steps=8
update=2098 | train_mean_reward=-20.6340 | train_mean_length=15.3359 | policy_loss=0.3121 | entropy=6.9789 | ratio=0.9988 | approx_kl=0.0027 | optimizer_steps=4
update=2099 | train_mean_reward=-21.8117 | train_mean_length=15.9688 | policy_loss=0.2839 | entropy=6.9782 | ratio=0.9979 | approx_kl=0.0055 | optimizer_steps=4
update=2100 | train_mean_reward=-21.5546 | train_mean_length=16.0000 | policy_loss=0.2939 | entropy=6.9773 | ratio=0.9992 | approx_kl=0.0055 | optimizer_steps=4 | eval_mean_reward=0.9453 | eval_mean_length=33.8125
update=2101 | train_mean_reward=-22.1192 | train_mean_length=15.8945 | policy_loss=0.3034 | entropy=6.9763 | ratio=0.9995 | approx_kl=0.0028 | optimizer_steps=4
update=2102 | train_mean_reward=-22.6240 | train_mean_length=17.2227 | policy_loss=0.2867 | entropy=6.9748 | ratio=0.9982 | approx_kl=0.0123 | optimizer_steps=8
update=2103 | train_mean_reward=-21.0080 | train_mean_length=15.4570 | policy_loss=0.3001 | entropy=6.9735 | ratio=1.0000 | approx_kl=0.0019 | optimizer_steps=4
update=2104 | train_mean_reward=-21.9320 | train_mean_length=15.9258 | policy_loss=0.3310 | entropy=6.9727 | ratio=0.9993 | approx_kl=0.0037 | optimizer_steps=4
update=2105 | train_mean_reward=-22.6278 | train_mean_length=15.8398 | policy_loss=0.3485 | entropy=6.9721 | ratio=0.9984 | approx_kl=0.0052 | optimizer_steps=4 | eval_mean_reward=-1.6705 | eval_mean_length=14.9375
update=2106 | train_mean_reward=-20.0768 | train_mean_length=14.5430 | policy_loss=0.2934 | entropy=6.9714 | ratio=0.9973 | approx_kl=0.0071 | optimizer_steps=4
update=2107 | train_mean_reward=-19.9231 | train_mean_length=14.4336 | policy_loss=0.3186 | entropy=6.9706 | ratio=0.9996 | approx_kl=0.0033 | optimizer_steps=4
update=2108 | train_mean_reward=-19.3046 | train_mean_length=14.1758 | policy_loss=0.3078 | entropy=6.9699 | ratio=0.9994 | approx_kl=0.0036 | optimizer_steps=4
update=2109 | train_mean_reward=-20.7579 | train_mean_length=14.7539 | policy_loss=0.2852 | entropy=6.9689 | ratio=0.9989 | approx_kl=0.0044 | optimizer_steps=4
update=2110 | train_mean_reward=-19.8052 | train_mean_length=13.8633 | policy_loss=0.3071 | entropy=6.9678 | ratio=0.9991 | approx_kl=0.0036 | optimizer_steps=4 | eval_mean_reward=0.2420 | eval_mean_length=12.1875
update=2111 | train_mean_reward=-21.1672 | train_mean_length=15.0078 | policy_loss=0.3230 | entropy=6.9669 | ratio=0.9999 | approx_kl=0.0016 | optimizer_steps=4
update=2112 | train_mean_reward=-19.9547 | train_mean_length=14.3203 | policy_loss=0.3105 | entropy=6.9663 | ratio=0.9998 | approx_kl=0.0027 | optimizer_steps=4
update=2113 | train_mean_reward=-19.6473 | train_mean_length=13.4844 | policy_loss=0.2729 | entropy=6.9657 | ratio=0.9977 | approx_kl=0.0054 | optimizer_steps=4
update=2114 | train_mean_reward=-19.1055 | train_mean_length=13.8555 | policy_loss=0.3109 | entropy=6.9650 | ratio=0.9960 | approx_kl=0.0071 | optimizer_steps=4
update=2115 | train_mean_reward=-19.5158 | train_mean_length=14.2461 | policy_loss=0.3232 | entropy=6.9642 | ratio=1.0003 | approx_kl=0.0018 | optimizer_steps=4 | eval_mean_reward=-1.3445 | eval_mean_length=11.0625
update=2116 | train_mean_reward=-20.1998 | train_mean_length=13.9492 | policy_loss=0.3009 | entropy=6.9634 | ratio=1.0007 | approx_kl=0.0026 | optimizer_steps=4
update=2117 | train_mean_reward=-18.8767 | train_mean_length=13.1133 | policy_loss=0.2237 | entropy=6.9626 | ratio=0.9993 | approx_kl=0.0038 | optimizer_steps=4
update=2118 | train_mean_reward=-18.4371 | train_mean_length=13.1094 | policy_loss=0.2117 | entropy=6.9619 | ratio=0.9977 | approx_kl=0.0055 | optimizer_steps=4
update=2119 | train_mean_reward=-18.7281 | train_mean_length=13.0977 | policy_loss=0.2302 | entropy=6.9611 | ratio=0.9988 | approx_kl=0.0045 | optimizer_steps=4
update=2120 | train_mean_reward=-19.0738 | train_mean_length=13.5273 | policy_loss=0.2730 | entropy=6.9604 | ratio=0.9970 | approx_kl=0.0051 | optimizer_steps=4 | eval_mean_reward=4.0297 | eval_mean_length=24.5625
update=2121 | train_mean_reward=-19.4712 | train_mean_length=13.7656 | policy_loss=0.2412 | entropy=6.9596 | ratio=0.9988 | approx_kl=0.0046 | optimizer_steps=4
update=2122 | train_mean_reward=-18.8787 | train_mean_length=13.1758 | policy_loss=0.2465 | entropy=6.9588 | ratio=0.9978 | approx_kl=0.0049 | optimizer_steps=4
update=2123 | train_mean_reward=-19.1344 | train_mean_length=13.8906 | policy_loss=0.2352 | entropy=6.9581 | ratio=0.9984 | approx_kl=0.0045 | optimizer_steps=4
update=2124 | train_mean_reward=-19.9363 | train_mean_length=14.1094 | policy_loss=0.2848 | entropy=6.9572 | ratio=0.9988 | approx_kl=0.0035 | optimizer_steps=4
update=2125 | train_mean_reward=-20.6194 | train_mean_length=15.3203 | policy_loss=0.3093 | entropy=6.9562 | ratio=0.9997 | approx_kl=0.0031 | optimizer_steps=4 | eval_mean_reward=6.3106 | eval_mean_length=31.6250
update=2126 | train_mean_reward=-19.7972 | train_mean_length=14.5039 | policy_loss=0.2709 | entropy=6.9549 | ratio=0.9979 | approx_kl=0.0044 | optimizer_steps=4
update=2127 | train_mean_reward=-20.1434 | train_mean_length=14.5352 | policy_loss=0.2932 | entropy=6.9536 | ratio=0.9994 | approx_kl=0.0047 | optimizer_steps=4
update=2128 | train_mean_reward=-20.2865 | train_mean_length=15.0195 | policy_loss=0.3059 | entropy=6.9524 | ratio=0.9991 | approx_kl=0.0033 | optimizer_steps=4
update=2129 | train_mean_reward=-20.0733 | train_mean_length=14.8008 | policy_loss=0.3131 | entropy=6.9513 | ratio=0.9981 | approx_kl=0.0043 | optimizer_steps=4
update=2130 | train_mean_reward=-18.9980 | train_mean_length=14.0547 | policy_loss=0.2992 | entropy=6.9500 | ratio=0.9990 | approx_kl=0.0029 | optimizer_steps=4 | eval_mean_reward=3.1038 | eval_mean_length=33.0000
update=2131 | train_mean_reward=-19.5641 | train_mean_length=14.6406 | policy_loss=0.2819 | entropy=6.9488 | ratio=0.9999 | approx_kl=0.0026 | optimizer_steps=4
update=2132 | train_mean_reward=-20.1845 | train_mean_length=14.0352 | policy_loss=0.2761 | entropy=6.9479 | ratio=0.9992 | approx_kl=0.0029 | optimizer_steps=4
update=2133 | train_mean_reward=-20.0887 | train_mean_length=14.5352 | policy_loss=0.2984 | entropy=6.9470 | ratio=0.9990 | approx_kl=0.0027 | optimizer_steps=4
update=2134 | train_mean_reward=-19.9997 | train_mean_length=14.4297 | policy_loss=0.2629 | entropy=6.9462 | ratio=0.9994 | approx_kl=0.0038 | optimizer_steps=4
update=2135 | train_mean_reward=-19.8691 | train_mean_length=14.3594 | policy_loss=0.2676 | entropy=6.9455 | ratio=0.9990 | approx_kl=0.0028 | optimizer_steps=4 | eval_mean_reward=2.3621 | eval_mean_length=32.0625
update=2136 | train_mean_reward=-20.9269 | train_mean_length=15.2266 | policy_loss=0.3034 | entropy=6.9447 | ratio=0.9993 | approx_kl=0.0026 | optimizer_steps=4
update=2137 | train_mean_reward=-21.6976 | train_mean_length=15.5547 | policy_loss=0.3427 | entropy=6.9439 | ratio=0.9979 | approx_kl=0.0047 | optimizer_steps=4
update=2138 | train_mean_reward=-20.0731 | train_mean_length=14.4922 | policy_loss=0.3063 | entropy=6.9430 | ratio=0.9985 | approx_kl=0.0044 | optimizer_steps=4
update=2139 | train_mean_reward=-18.5091 | train_mean_length=13.2148 | policy_loss=0.2906 | entropy=6.9423 | ratio=0.9985 | approx_kl=0.0038 | optimizer_steps=4
update=2140 | train_mean_reward=-19.5725 | train_mean_length=13.8711 | policy_loss=0.3129 | entropy=6.9415 | ratio=0.9996 | approx_kl=0.0034 | optimizer_steps=4 | eval_mean_reward=-3.3850 | eval_mean_length=9.6250
update=2141 | train_mean_reward=-19.2873 | train_mean_length=13.8906 | policy_loss=0.2533 | entropy=6.9410 | ratio=0.9992 | approx_kl=0.0036 | optimizer_steps=4
update=2142 | train_mean_reward=-19.3965 | train_mean_length=13.5156 | policy_loss=0.2303 | entropy=6.9403 | ratio=1.0002 | approx_kl=0.0030 | optimizer_steps=4
update=2143 | train_mean_reward=-19.3200 | train_mean_length=14.7266 | policy_loss=0.2730 | entropy=6.9393 | ratio=0.9986 | approx_kl=0.0037 | optimizer_steps=4
update=2144 | train_mean_reward=-21.0184 | train_mean_length=15.4062 | policy_loss=0.2933 | entropy=6.9383 | ratio=1.0000 | approx_kl=0.0026 | optimizer_steps=4
update=2145 | train_mean_reward=-20.5614 | train_mean_length=14.8438 | policy_loss=0.2492 | entropy=6.9373 | ratio=0.9980 | approx_kl=0.0061 | optimizer_steps=4 | eval_mean_reward=0.7275 | eval_mean_length=28.0000
update=2146 | train_mean_reward=-19.9602 | train_mean_length=14.5430 | policy_loss=0.2709 | entropy=6.9363 | ratio=1.0010 | approx_kl=0.0010 | optimizer_steps=4
update=2147 | train_mean_reward=-20.4395 | train_mean_length=14.9023 | policy_loss=0.3038 | entropy=6.9355 | ratio=0.9975 | approx_kl=0.0061 | optimizer_steps=4
update=2148 | train_mean_reward=-20.1475 | train_mean_length=14.3789 | policy_loss=0.2781 | entropy=6.9346 | ratio=0.9997 | approx_kl=0.0041 | optimizer_steps=4
update=2149 | train_mean_reward=-19.7960 | train_mean_length=14.0039 | policy_loss=0.3034 | entropy=6.9334 | ratio=1.0001 | approx_kl=0.0033 | optimizer_steps=4
update=2150 | train_mean_reward=-19.8356 | train_mean_length=14.7070 | policy_loss=0.2427 | entropy=6.9322 | ratio=0.9987 | approx_kl=0.0044 | optimizer_steps=4 | eval_mean_reward=6.3357 | eval_mean_length=32.1250
update=2151 | train_mean_reward=-20.6556 | train_mean_length=14.8320 | policy_loss=0.3379 | entropy=6.9310 | ratio=0.9969 | approx_kl=0.0067 | optimizer_steps=4
update=2152 | train_mean_reward=-20.0818 | train_mean_length=14.9180 | policy_loss=0.3130 | entropy=6.9300 | ratio=1.0006 | approx_kl=0.0020 | optimizer_steps=4
update=2153 | train_mean_reward=-19.6467 | train_mean_length=14.3555 | policy_loss=0.3093 | entropy=6.9291 | ratio=0.9989 | approx_kl=0.0028 | optimizer_steps=4
update=2154 | train_mean_reward=-19.5304 | train_mean_length=13.8203 | policy_loss=0.2964 | entropy=6.9281 | ratio=1.0008 | approx_kl=0.0010 | optimizer_steps=4
update=2155 | train_mean_reward=-19.0124 | train_mean_length=13.5977 | policy_loss=0.3027 | entropy=6.9274 | ratio=1.0002 | approx_kl=0.0024 | optimizer_steps=4 | eval_mean_reward=6.3919 | eval_mean_length=35.5000
update=2156 | train_mean_reward=-20.4987 | train_mean_length=14.3906 | policy_loss=0.3456 | entropy=6.9266 | ratio=0.9978 | approx_kl=0.0054 | optimizer_steps=4
update=2157 | train_mean_reward=-19.4270 | train_mean_length=13.5039 | policy_loss=0.2763 | entropy=6.9259 | ratio=0.9987 | approx_kl=0.0057 | optimizer_steps=4
update=2158 | train_mean_reward=-19.9479 | train_mean_length=13.7188 | policy_loss=0.3107 | entropy=6.9253 | ratio=0.9989 | approx_kl=0.0034 | optimizer_steps=4
update=2159 | train_mean_reward=-19.5820 | train_mean_length=13.5703 | policy_loss=0.3272 | entropy=6.9246 | ratio=0.9991 | approx_kl=0.0028 | optimizer_steps=4
update=2160 | train_mean_reward=-20.3299 | train_mean_length=14.0938 | policy_loss=0.3681 | entropy=6.9241 | ratio=0.9980 | approx_kl=0.0049 | optimizer_steps=4 | eval_mean_reward=4.9158 | eval_mean_length=35.6250
update=2161 | train_mean_reward=-20.0607 | train_mean_length=13.9219 | policy_loss=0.3196 | entropy=6.9234 | ratio=0.9984 | approx_kl=0.0031 | optimizer_steps=4
update=2162 | train_mean_reward=-19.0105 | train_mean_length=12.9219 | policy_loss=0.2795 | entropy=6.9228 | ratio=1.0017 | approx_kl=0.0007 | optimizer_steps=4
update=2163 | train_mean_reward=-18.9309 | train_mean_length=13.3555 | policy_loss=0.2939 | entropy=6.9222 | ratio=0.9970 | approx_kl=0.0061 | optimizer_steps=4
update=2164 | train_mean_reward=-19.3684 | train_mean_length=12.9766 | policy_loss=0.3220 | entropy=6.9216 | ratio=1.0010 | approx_kl=0.0019 | optimizer_steps=4
update=2165 | train_mean_reward=-18.3375 | train_mean_length=12.9180 | policy_loss=0.3007 | entropy=6.9207 | ratio=0.9989 | approx_kl=0.0045 | optimizer_steps=4 | eval_mean_reward=4.0091 | eval_mean_length=34.1875
update=2166 | train_mean_reward=-19.5265 | train_mean_length=13.8047 | policy_loss=0.2991 | entropy=6.9197 | ratio=0.9986 | approx_kl=0.0041 | optimizer_steps=4
update=2167 | train_mean_reward=-20.6644 | train_mean_length=14.6289 | policy_loss=0.3228 | entropy=6.9185 | ratio=0.9998 | approx_kl=0.0019 | optimizer_steps=4
update=2168 | train_mean_reward=-19.8170 | train_mean_length=14.8203 | policy_loss=0.3084 | entropy=6.9172 | ratio=0.9998 | approx_kl=0.0032 | optimizer_steps=4
update=2169 | train_mean_reward=-20.4221 | train_mean_length=15.6680 | policy_loss=0.3435 | entropy=6.9162 | ratio=0.9995 | approx_kl=0.0026 | optimizer_steps=4
update=2170 | train_mean_reward=-20.3721 | train_mean_length=14.6016 | policy_loss=0.3093 | entropy=6.9153 | ratio=0.9973 | approx_kl=0.0058 | optimizer_steps=4 | eval_mean_reward=1.4161 | eval_mean_length=27.0000
update=2171 | train_mean_reward=-19.2687 | train_mean_length=14.1172 | policy_loss=0.3154 | entropy=6.9147 | ratio=0.9983 | approx_kl=0.0046 | optimizer_steps=4
update=2172 | train_mean_reward=-20.7659 | train_mean_length=15.3477 | policy_loss=0.3384 | entropy=6.9143 | ratio=0.9981 | approx_kl=0.0057 | optimizer_steps=4
update=2173 | train_mean_reward=-18.9937 | train_mean_length=13.7266 | policy_loss=0.2854 | entropy=6.9140 | ratio=0.9987 | approx_kl=0.0040 | optimizer_steps=4
update=2174 | train_mean_reward=-18.9188 | train_mean_length=13.4805 | policy_loss=0.3091 | entropy=6.9136 | ratio=1.0006 | approx_kl=0.0020 | optimizer_steps=4
update=2175 | train_mean_reward=-19.9974 | train_mean_length=14.4336 | policy_loss=0.2938 | entropy=6.9130 | ratio=0.9993 | approx_kl=0.0034 | optimizer_steps=4 | eval_mean_reward=-2.7387 | eval_mean_length=25.8750
update=2176 | train_mean_reward=-20.7845 | train_mean_length=14.7305 | policy_loss=0.3111 | entropy=6.9125 | ratio=0.9987 | approx_kl=0.0047 | optimizer_steps=4
update=2177 | train_mean_reward=-20.3981 | train_mean_length=15.0898 | policy_loss=0.3412 | entropy=6.9120 | ratio=0.9992 | approx_kl=0.0037 | optimizer_steps=4
update=2178 | train_mean_reward=-20.9221 | train_mean_length=15.4805 | policy_loss=0.3496 | entropy=6.9116 | ratio=0.9985 | approx_kl=0.0051 | optimizer_steps=4
update=2179 | train_mean_reward=-20.6402 | train_mean_length=15.2773 | policy_loss=0.3634 | entropy=6.9111 | ratio=0.9996 | approx_kl=0.0033 | optimizer_steps=4
update=2180 | train_mean_reward=-19.7938 | train_mean_length=14.5742 | policy_loss=0.3269 | entropy=6.9104 | ratio=0.9985 | approx_kl=0.0037 | optimizer_steps=4 | eval_mean_reward=4.6092 | eval_mean_length=30.5000
update=2181 | train_mean_reward=-18.7339 | train_mean_length=13.6562 | policy_loss=0.2685 | entropy=6.9098 | ratio=0.9974 | approx_kl=0.0056 | optimizer_steps=4
update=2182 | train_mean_reward=-19.7857 | train_mean_length=14.0938 | policy_loss=0.3221 | entropy=6.9090 | ratio=1.0003 | approx_kl=0.0029 | optimizer_steps=4
update=2183 | train_mean_reward=-18.1227 | train_mean_length=13.5156 | policy_loss=0.2950 | entropy=6.9081 | ratio=0.9985 | approx_kl=0.0037 | optimizer_steps=4
update=2184 | train_mean_reward=-20.8148 | train_mean_length=14.4531 | policy_loss=0.3502 | entropy=6.9070 | ratio=0.9991 | approx_kl=0.0040 | optimizer_steps=4
update=2185 | train_mean_reward=-19.5210 | train_mean_length=13.8516 | policy_loss=0.2582 | entropy=6.9060 | ratio=1.0005 | approx_kl=0.0034 | optimizer_steps=4 | eval_mean_reward=11.0283 | eval_mean_length=43.3750
update=2186 | train_mean_reward=-20.4768 | train_mean_length=14.2656 | policy_loss=0.2956 | entropy=6.9050 | ratio=0.9983 | approx_kl=0.0058 | optimizer_steps=4
update=2187 | train_mean_reward=-18.8262 | train_mean_length=13.8555 | policy_loss=0.2732 | entropy=6.9043 | ratio=0.9991 | approx_kl=0.0044 | optimizer_steps=4
update=2188 | train_mean_reward=-18.6584 | train_mean_length=13.4961 | policy_loss=0.2567 | entropy=6.9037 | ratio=1.0004 | approx_kl=0.0020 | optimizer_steps=4
update=2189 | train_mean_reward=-19.9811 | train_mean_length=14.4688 | policy_loss=0.3427 | entropy=6.9028 | ratio=0.9992 | approx_kl=0.0029 | optimizer_steps=4
update=2190 | train_mean_reward=-19.4048 | train_mean_length=13.6250 | policy_loss=0.2869 | entropy=6.9018 | ratio=0.9986 | approx_kl=0.0049 | optimizer_steps=4 | eval_mean_reward=10.1809 | eval_mean_length=39.5625
update=2191 | train_mean_reward=-19.2986 | train_mean_length=13.4375 | policy_loss=0.2763 | entropy=6.9007 | ratio=0.9976 | approx_kl=0.0057 | optimizer_steps=4
update=2192 | train_mean_reward=-18.2587 | train_mean_length=13.2383 | policy_loss=0.2471 | entropy=6.8993 | ratio=0.9992 | approx_kl=0.0044 | optimizer_steps=4
update=2193 | train_mean_reward=-19.9180 | train_mean_length=14.2617 | policy_loss=0.3206 | entropy=6.8978 | ratio=0.9975 | approx_kl=0.0051 | optimizer_steps=4
update=2194 | train_mean_reward=-20.2138 | train_mean_length=14.8242 | policy_loss=0.3174 | entropy=6.8966 | ratio=1.0008 | approx_kl=0.0024 | optimizer_steps=4
update=2195 | train_mean_reward=-19.9256 | train_mean_length=14.0547 | policy_loss=0.3080 | entropy=6.8955 | ratio=0.9991 | approx_kl=0.0035 | optimizer_steps=4 | eval_mean_reward=2.7699 | eval_mean_length=28.6875
update=2196 | train_mean_reward=-19.2971 | train_mean_length=14.0859 | policy_loss=0.3375 | entropy=6.8944 | ratio=0.9965 | approx_kl=0.0076 | optimizer_steps=4
update=2197 | train_mean_reward=-21.4972 | train_mean_length=16.2891 | policy_loss=0.3250 | entropy=6.8932 | ratio=0.9899 | approx_kl=0.0217 | optimizer_steps=7 | early_stop=1 | early_stop_kl=0.0579
update=2198 | train_mean_reward=-19.5319 | train_mean_length=15.7227 | policy_loss=0.3095 | entropy=6.8923 | ratio=0.9993 | approx_kl=0.0030 | optimizer_steps=4
update=2199 | train_mean_reward=-21.8848 | train_mean_length=16.4219 | policy_loss=0.4158 | entropy=6.8914 | ratio=1.0026 | approx_kl=0.0052 | optimizer_steps=8
update=2200 | train_mean_reward=-21.7679 | train_mean_length=16.2930 | policy_loss=0.3067 | entropy=6.8905 | ratio=0.9973 | approx_kl=0.0098 | optimizer_steps=8 | eval_mean_reward=3.2336 | eval_mean_length=30.8750
update=2201 | train_mean_reward=-22.5721 | train_mean_length=16.8398 | policy_loss=0.3294 | entropy=6.8898 | ratio=0.9983 | approx_kl=0.0074 | optimizer_steps=8
update=2202 | train_mean_reward=-21.0217 | train_mean_length=15.5664 | policy_loss=0.3585 | entropy=6.8891 | ratio=0.9998 | approx_kl=0.0014 | optimizer_steps=4
update=2203 | train_mean_reward=-20.7755 | train_mean_length=15.8672 | policy_loss=0.3005 | entropy=6.8886 | ratio=0.9994 | approx_kl=0.0047 | optimizer_steps=4
update=2204 | train_mean_reward=-22.8665 | train_mean_length=16.8633 | policy_loss=0.3780 | entropy=6.8878 | ratio=0.9988 | approx_kl=0.0096 | optimizer_steps=8
update=2205 | train_mean_reward=-21.6802 | train_mean_length=16.1719 | policy_loss=0.3775 | entropy=6.8872 | ratio=1.0092 | approx_kl=-0.0031 | optimizer_steps=8 | eval_mean_reward=0.8065 | eval_mean_length=26.6875
update=2206 | train_mean_reward=-21.3421 | train_mean_length=15.8047 | policy_loss=0.2820 | entropy=6.8871 | ratio=0.9992 | approx_kl=0.0024 | optimizer_steps=4
update=2207 | train_mean_reward=-19.7298 | train_mean_length=14.1992 | policy_loss=0.2615 | entropy=6.8865 | ratio=0.9984 | approx_kl=0.0048 | optimizer_steps=4
update=2208 | train_mean_reward=-19.8403 | train_mean_length=15.1406 | policy_loss=0.2841 | entropy=6.8854 | ratio=0.9988 | approx_kl=0.0043 | optimizer_steps=4
update=2209 | train_mean_reward=-22.4280 | train_mean_length=16.7773 | policy_loss=0.3144 | entropy=6.8839 | ratio=0.9967 | approx_kl=0.0101 | optimizer_steps=8
update=2210 | train_mean_reward=-20.5131 | train_mean_length=15.3633 | policy_loss=0.3068 | entropy=6.8829 | ratio=0.9983 | approx_kl=0.0038 | optimizer_steps=4 | eval_mean_reward=2.4865 | eval_mean_length=32.6250
update=2211 | train_mean_reward=-20.5379 | train_mean_length=15.0195 | policy_loss=0.3085 | entropy=6.8823 | ratio=0.9980 | approx_kl=0.0044 | optimizer_steps=4
update=2212 | train_mean_reward=-19.3078 | train_mean_length=14.5156 | policy_loss=0.2878 | entropy=6.8815 | ratio=0.9990 | approx_kl=0.0038 | optimizer_steps=4
update=2213 | train_mean_reward=-19.1897 | train_mean_length=13.9141 | policy_loss=0.2789 | entropy=6.8808 | ratio=0.9984 | approx_kl=0.0042 | optimizer_steps=4
update=2214 | train_mean_reward=-19.3463 | train_mean_length=14.1836 | policy_loss=0.2610 | entropy=6.8800 | ratio=0.9990 | approx_kl=0.0031 | optimizer_steps=4
update=2215 | train_mean_reward=-19.9156 | train_mean_length=13.9453 | policy_loss=0.2331 | entropy=6.8791 | ratio=1.0004 | approx_kl=0.0032 | optimizer_steps=4 | eval_mean_reward=20.5961 | eval_mean_length=54.3750
update=2216 | train_mean_reward=-19.3832 | train_mean_length=14.3359 | policy_loss=0.2613 | entropy=6.8783 | ratio=0.9983 | approx_kl=0.0050 | optimizer_steps=4
update=2217 | train_mean_reward=-19.3834 | train_mean_length=14.2188 | policy_loss=0.2982 | entropy=6.8776 | ratio=0.9963 | approx_kl=0.0074 | optimizer_steps=4
update=2218 | train_mean_reward=-20.2411 | train_mean_length=14.5156 | policy_loss=0.3020 | entropy=6.8769 | ratio=0.9989 | approx_kl=0.0038 | optimizer_steps=4
update=2219 | train_mean_reward=-19.2071 | train_mean_length=14.8984 | policy_loss=0.2924 | entropy=6.8763 | ratio=0.9986 | approx_kl=0.0036 | optimizer_steps=4
update=2220 | train_mean_reward=-21.9962 | train_mean_length=16.1836 | policy_loss=0.2991 | entropy=6.8754 | ratio=0.9970 | approx_kl=0.0123 | optimizer_steps=8 | eval_mean_reward=1.1646 | eval_mean_length=29.1250
update=2221 | train_mean_reward=-21.0828 | train_mean_length=15.6172 | policy_loss=0.2968 | entropy=6.8746 | ratio=0.9985 | approx_kl=0.0033 | optimizer_steps=4
update=2222 | train_mean_reward=-20.0060 | train_mean_length=15.0820 | policy_loss=0.2740 | entropy=6.8742 | ratio=0.9991 | approx_kl=0.0030 | optimizer_steps=4
update=2223 | train_mean_reward=-21.8563 | train_mean_length=16.6133 | policy_loss=0.3177 | entropy=6.8736 | ratio=1.0002 | approx_kl=0.0089 | optimizer_steps=8
update=2224 | train_mean_reward=-21.0095 | train_mean_length=15.7109 | policy_loss=0.3319 | entropy=6.8733 | ratio=0.9988 | approx_kl=0.0024 | optimizer_steps=4
update=2225 | train_mean_reward=-20.7430 | train_mean_length=15.3008 | policy_loss=0.3223 | entropy=6.8731 | ratio=0.9994 | approx_kl=0.0039 | optimizer_steps=4 | eval_mean_reward=2.1645 | eval_mean_length=29.6875
update=2226 | train_mean_reward=-21.5817 | train_mean_length=16.2266 | policy_loss=0.2776 | entropy=6.8726 | ratio=0.9998 | approx_kl=0.0089 | optimizer_steps=8
update=2227 | train_mean_reward=-19.6127 | train_mean_length=14.7578 | policy_loss=0.2805 | entropy=6.8721 | ratio=0.9990 | approx_kl=0.0026 | optimizer_steps=4
update=2228 | train_mean_reward=-20.9274 | train_mean_length=15.7539 | policy_loss=0.2983 | entropy=6.8714 | ratio=0.9990 | approx_kl=0.0047 | optimizer_steps=4
update=2229 | train_mean_reward=-22.4670 | train_mean_length=16.3203 | policy_loss=0.2924 | entropy=6.8705 | ratio=0.9974 | approx_kl=0.0118 | optimizer_steps=8
update=2230 | train_mean_reward=-23.3766 | train_mean_length=17.1250 | policy_loss=0.2900 | entropy=6.8693 | ratio=0.9973 | approx_kl=0.0109 | optimizer_steps=8 | eval_mean_reward=3.4457 | eval_mean_length=31.4375
update=2231 | train_mean_reward=-21.9474 | train_mean_length=17.1836 | policy_loss=0.3134 | entropy=6.8683 | ratio=1.0005 | approx_kl=0.0055 | optimizer_steps=8
update=2232 | train_mean_reward=-21.0716 | train_mean_length=15.6445 | policy_loss=0.2673 | entropy=6.8674 | ratio=0.9996 | approx_kl=0.0019 | optimizer_steps=4
update=2233 | train_mean_reward=-20.9805 | train_mean_length=15.5547 | policy_loss=0.2998 | entropy=6.8668 | ratio=0.9999 | approx_kl=0.0025 | optimizer_steps=4
update=2234 | train_mean_reward=-21.8804 | train_mean_length=16.2227 | policy_loss=0.3000 | entropy=6.8658 | ratio=0.9998 | approx_kl=0.0109 | optimizer_steps=8
update=2235 | train_mean_reward=-22.0379 | train_mean_length=16.6562 | policy_loss=0.3410 | entropy=6.8647 | ratio=0.9926 | approx_kl=0.0149 | optimizer_steps=8 | eval_mean_reward=4.9967 | eval_mean_length=30.3125
update=2236 | train_mean_reward=-20.6282 | train_mean_length=15.2852 | policy_loss=0.3063 | entropy=6.8639 | ratio=0.9992 | approx_kl=0.0021 | optimizer_steps=4
update=2237 | train_mean_reward=-21.0756 | train_mean_length=16.5000 | policy_loss=0.3254 | entropy=6.8630 | ratio=0.9975 | approx_kl=0.0096 | optimizer_steps=8
update=2238 | train_mean_reward=-20.6114 | train_mean_length=15.3750 | policy_loss=0.3013 | entropy=6.8620 | ratio=0.9987 | approx_kl=0.0033 | optimizer_steps=4
update=2239 | train_mean_reward=-21.5454 | train_mean_length=16.2031 | policy_loss=0.3526 | entropy=6.8613 | ratio=1.0036 | approx_kl=0.0042 | optimizer_steps=8
update=2240 | train_mean_reward=-22.1862 | train_mean_length=16.7891 | policy_loss=0.3359 | entropy=6.8606 | ratio=0.9971 | approx_kl=0.0098 | optimizer_steps=8 | eval_mean_reward=5.1238 | eval_mean_length=29.6875
update=2241 | train_mean_reward=-22.0922 | train_mean_length=16.2578 | policy_loss=0.3517 | entropy=6.8599 | ratio=0.9955 | approx_kl=0.0090 | optimizer_steps=8
update=2242 | train_mean_reward=-20.9385 | train_mean_length=15.7148 | policy_loss=0.2936 | entropy=6.8592 | ratio=0.9996 | approx_kl=0.0032 | optimizer_steps=4
update=2243 | train_mean_reward=-20.3258 | train_mean_length=15.7031 | policy_loss=0.3195 | entropy=6.8587 | ratio=0.9991 | approx_kl=0.0029 | optimizer_steps=4
update=2244 | train_mean_reward=-21.2211 | train_mean_length=15.9414 | policy_loss=0.2877 | entropy=6.8581 | ratio=0.9999 | approx_kl=0.0026 | optimizer_steps=4
update=2245 | train_mean_reward=-22.5785 | train_mean_length=17.2930 | policy_loss=0.3328 | entropy=6.8572 | ratio=0.9967 | approx_kl=0.0108 | optimizer_steps=8 | eval_mean_reward=6.2464 | eval_mean_length=33.3750
update=2246 | train_mean_reward=-22.0537 | train_mean_length=17.0234 | policy_loss=0.3557 | entropy=6.8559 | ratio=0.9958 | approx_kl=0.0123 | optimizer_steps=8
update=2247 | train_mean_reward=-19.9347 | train_mean_length=14.9688 | policy_loss=0.2564 | entropy=6.8549 | ratio=0.9996 | approx_kl=0.0024 | optimizer_steps=4
update=2248 | train_mean_reward=-21.4768 | train_mean_length=16.2695 | policy_loss=0.2633 | entropy=6.8539 | ratio=1.0018 | approx_kl=0.0054 | optimizer_steps=8
update=2249 | train_mean_reward=-21.9054 | train_mean_length=16.8711 | policy_loss=0.2854 | entropy=6.8527 | ratio=0.9962 | approx_kl=0.0104 | optimizer_steps=8
update=2250 | train_mean_reward=-22.3155 | train_mean_length=16.9062 | policy_loss=0.3172 | entropy=6.8520 | ratio=0.9984 | approx_kl=0.0067 | optimizer_steps=8 | eval_mean_reward=2.6985 | eval_mean_length=28.0000
update=2251 | train_mean_reward=-23.7228 | train_mean_length=18.2461 | policy_loss=0.3147 | entropy=6.8516 | ratio=0.9957 | approx_kl=0.0109 | optimizer_steps=8
update=2252 | train_mean_reward=-23.3013 | train_mean_length=17.5039 | policy_loss=0.2976 | entropy=6.8513 | ratio=0.9946 | approx_kl=0.0116 | optimizer_steps=8
update=2253 | train_mean_reward=-23.0418 | train_mean_length=17.2578 | policy_loss=0.2655 | entropy=6.8505 | ratio=0.9985 | approx_kl=0.0072 | optimizer_steps=8
update=2254 | train_mean_reward=-21.8400 | train_mean_length=16.3555 | policy_loss=0.2634 | entropy=6.8494 | ratio=0.9980 | approx_kl=0.0142 | optimizer_steps=7 | early_stop=1 | early_stop_kl=0.0698
update=2255 | train_mean_reward=-21.5873 | train_mean_length=16.6992 | policy_loss=0.3072 | entropy=6.8481 | ratio=0.9958 | approx_kl=0.0099 | optimizer_steps=8 | eval_mean_reward=7.3613 | eval_mean_length=31.6875
update=2256 | train_mean_reward=-22.1089 | train_mean_length=16.9062 | policy_loss=0.2796 | entropy=6.8469 | ratio=0.9967 | approx_kl=0.0086 | optimizer_steps=8
update=2257 | train_mean_reward=-21.2099 | train_mean_length=16.6406 | policy_loss=0.3271 | entropy=6.8460 | ratio=1.0003 | approx_kl=0.0058 | optimizer_steps=8
update=2258 | train_mean_reward=-19.8758 | train_mean_length=15.8320 | policy_loss=0.3349 | entropy=6.8454 | ratio=0.9988 | approx_kl=0.0023 | optimizer_steps=4
update=2259 | train_mean_reward=-20.7567 | train_mean_length=15.3438 | policy_loss=0.2924 | entropy=6.8449 | ratio=0.9979 | approx_kl=0.0047 | optimizer_steps=4
update=2260 | train_mean_reward=-20.3574 | train_mean_length=15.1914 | policy_loss=0.3104 | entropy=6.8443 | ratio=0.9984 | approx_kl=0.0044 | optimizer_steps=4 | eval_mean_reward=6.4646 | eval_mean_length=31.5625
update=2261 | train_mean_reward=-20.7117 | train_mean_length=15.9648 | policy_loss=0.2773 | entropy=6.8433 | ratio=1.0014 | approx_kl=0.0013 | optimizer_steps=4
update=2262 | train_mean_reward=-21.5406 | train_mean_length=15.9688 | policy_loss=0.2993 | entropy=6.8423 | ratio=0.9985 | approx_kl=0.0044 | optimizer_steps=4
update=2263 | train_mean_reward=-22.1998 | train_mean_length=17.0547 | policy_loss=0.3085 | entropy=6.8412 | ratio=0.9972 | approx_kl=0.0126 | optimizer_steps=8
update=2264 | train_mean_reward=-20.8377 | train_mean_length=16.0547 | policy_loss=0.2356 | entropy=6.8401 | ratio=1.0024 | approx_kl=0.0052 | optimizer_steps=8
update=2265 | train_mean_reward=-21.3476 | train_mean_length=15.9766 | policy_loss=0.2962 | entropy=6.8395 | ratio=0.9990 | approx_kl=0.0026 | optimizer_steps=4 | eval_mean_reward=6.5673 | eval_mean_length=31.1875
update=2266 | train_mean_reward=-21.1936 | train_mean_length=16.2461 | policy_loss=0.3118 | entropy=6.8387 | ratio=1.0039 | approx_kl=0.0075 | optimizer_steps=8
update=2267 | train_mean_reward=-20.7779 | train_mean_length=15.9258 | policy_loss=0.2833 | entropy=6.8379 | ratio=0.9979 | approx_kl=0.0039 | optimizer_steps=4
update=2268 | train_mean_reward=-20.0636 | train_mean_length=15.4883 | policy_loss=0.2960 | entropy=6.8374 | ratio=1.0000 | approx_kl=0.0039 | optimizer_steps=4
update=2269 | train_mean_reward=-20.0967 | train_mean_length=15.4414 | policy_loss=0.2629 | entropy=6.8367 | ratio=0.9980 | approx_kl=0.0049 | optimizer_steps=4
update=2270 | train_mean_reward=-20.0616 | train_mean_length=15.0117 | policy_loss=0.2588 | entropy=6.8359 | ratio=0.9978 | approx_kl=0.0055 | optimizer_steps=4 | eval_mean_reward=12.1190 | eval_mean_length=37.3750
update=2271 | train_mean_reward=-20.3652 | train_mean_length=15.3750 | policy_loss=0.2913 | entropy=6.8350 | ratio=0.9993 | approx_kl=0.0035 | optimizer_steps=4
update=2272 | train_mean_reward=-19.4737 | train_mean_length=14.4414 | policy_loss=0.2668 | entropy=6.8340 | ratio=0.9999 | approx_kl=0.0028 | optimizer_steps=4
update=2273 | train_mean_reward=-18.8026 | train_mean_length=14.1641 | policy_loss=0.2562 | entropy=6.8329 | ratio=0.9988 | approx_kl=0.0039 | optimizer_steps=4
update=2274 | train_mean_reward=-19.7748 | train_mean_length=15.4609 | policy_loss=0.3246 | entropy=6.8317 | ratio=0.9983 | approx_kl=0.0044 | optimizer_steps=4
update=2275 | train_mean_reward=-19.8993 | train_mean_length=15.7383 | policy_loss=0.3310 | entropy=6.8307 | ratio=0.9988 | approx_kl=0.0041 | optimizer_steps=4 | eval_mean_reward=6.6095 | eval_mean_length=29.8750
update=2276 | train_mean_reward=-21.9246 | train_mean_length=17.1367 | policy_loss=0.2755 | entropy=6.8294 | ratio=1.0031 | approx_kl=0.0074 | optimizer_steps=8
update=2277 | train_mean_reward=-21.4271 | train_mean_length=16.1953 | policy_loss=0.3083 | entropy=6.8282 | ratio=1.0004 | approx_kl=0.0063 | optimizer_steps=8
update=2278 | train_mean_reward=-21.3861 | train_mean_length=15.9727 | policy_loss=0.3134 | entropy=6.8275 | ratio=0.9981 | approx_kl=0.0053 | optimizer_steps=4
update=2279 | train_mean_reward=-20.8096 | train_mean_length=15.6328 | policy_loss=0.3084 | entropy=6.8269 | ratio=1.0002 | approx_kl=0.0016 | optimizer_steps=4
update=2280 | train_mean_reward=-21.4884 | train_mean_length=16.3477 | policy_loss=0.2914 | entropy=6.8259 | ratio=1.0050 | approx_kl=0.0018 | optimizer_steps=8 | eval_mean_reward=10.1457 | eval_mean_length=36.4375
update=2281 | train_mean_reward=-21.1007 | train_mean_length=16.0508 | policy_loss=0.1751 | entropy=6.8244 | ratio=1.0003 | approx_kl=0.0152 | optimizer_steps=7 | early_stop=1 | early_stop_kl=0.0797
update=2282 | train_mean_reward=-20.8120 | train_mean_length=15.4453 | policy_loss=0.3202 | entropy=6.8232 | ratio=1.0000 | approx_kl=0.0014 | optimizer_steps=4
update=2283 | train_mean_reward=-21.0195 | train_mean_length=15.7461 | policy_loss=0.3186 | entropy=6.8219 | ratio=1.0001 | approx_kl=0.0036 | optimizer_steps=4
update=2284 | train_mean_reward=-20.1483 | train_mean_length=15.5273 | policy_loss=0.2975 | entropy=6.8207 | ratio=0.9995 | approx_kl=0.0028 | optimizer_steps=4
update=2285 | train_mean_reward=-19.5944 | train_mean_length=14.9102 | policy_loss=0.2200 | entropy=6.8195 | ratio=0.9979 | approx_kl=0.0056 | optimizer_steps=4 | eval_mean_reward=8.8927 | eval_mean_length=25.5000
update=2286 | train_mean_reward=-20.0276 | train_mean_length=15.6523 | policy_loss=0.2312 | entropy=6.8185 | ratio=1.0000 | approx_kl=0.0040 | optimizer_steps=4
update=2287 | train_mean_reward=-21.2935 | train_mean_length=15.9102 | policy_loss=0.2418 | entropy=6.8174 | ratio=1.0001 | approx_kl=0.0033 | optimizer_steps=4
update=2288 | train_mean_reward=-21.7334 | train_mean_length=16.7305 | policy_loss=0.2744 | entropy=6.8160 | ratio=0.9989 | approx_kl=0.0099 | optimizer_steps=8
update=2289 | train_mean_reward=-22.1690 | train_mean_length=17.1680 | policy_loss=0.2659 | entropy=6.8142 | ratio=0.9949 | approx_kl=0.0122 | optimizer_steps=8
update=2290 | train_mean_reward=-22.5199 | train_mean_length=17.5312 | policy_loss=0.3225 | entropy=6.8129 | ratio=0.9972 | approx_kl=0.0098 | optimizer_steps=8 | eval_mean_reward=7.6800 | eval_mean_length=22.5000
update=2291 | train_mean_reward=-20.9714 | train_mean_length=16.1367 | policy_loss=0.2962 | entropy=6.8118 | ratio=0.9988 | approx_kl=0.0069 | optimizer_steps=8
update=2292 | train_mean_reward=-20.8329 | train_mean_length=16.1484 | policy_loss=0.2215 | entropy=6.8106 | ratio=0.9985 | approx_kl=0.0079 | optimizer_steps=8
update=2293 | train_mean_reward=-21.3141 | train_mean_length=16.4414 | policy_loss=0.2971 | entropy=6.8094 | ratio=1.0034 | approx_kl=0.0029 | optimizer_steps=8
update=2294 | train_mean_reward=-19.7406 | train_mean_length=15.2852 | policy_loss=0.2629 | entropy=6.8085 | ratio=0.9981 | approx_kl=0.0038 | optimizer_steps=4
update=2295 | train_mean_reward=-20.0470 | train_mean_length=14.9453 | policy_loss=0.2496 | entropy=6.8076 | ratio=0.9994 | approx_kl=0.0029 | optimizer_steps=4 | eval_mean_reward=6.2303 | eval_mean_length=20.5625
update=2296 | train_mean_reward=-20.2092 | train_mean_length=15.2500 | policy_loss=0.2695 | entropy=6.8069 | ratio=0.9983 | approx_kl=0.0036 | optimizer_steps=4
update=2297 | train_mean_reward=-18.1653 | train_mean_length=14.1484 | policy_loss=0.2060 | entropy=6.8063 | ratio=1.0017 | approx_kl=0.0010 | optimizer_steps=4
update=2298 | train_mean_reward=-19.9312 | train_mean_length=15.2422 | policy_loss=0.2450 | entropy=6.8057 | ratio=1.0003 | approx_kl=0.0027 | optimizer_steps=4
update=2299 | train_mean_reward=-19.8130 | train_mean_length=14.7578 | policy_loss=0.2124 | entropy=6.8049 | ratio=0.9992 | approx_kl=0.0032 | optimizer_steps=4
update=2300 | train_mean_reward=-20.3424 | train_mean_length=15.7227 | policy_loss=0.2472 | entropy=6.8043 | ratio=0.9988 | approx_kl=0.0037 | optimizer_steps=4 | eval_mean_reward=4.1022 | eval_mean_length=18.0000
update=2301 | train_mean_reward=-21.3364 | train_mean_length=16.0195 | policy_loss=0.0582 | entropy=6.8035 | ratio=0.9922 | approx_kl=0.0519 | optimizer_steps=5 | early_stop=1 | early_stop_kl=0.2480
update=2302 | train_mean_reward=-20.0196 | train_mean_length=15.5703 | policy_loss=0.2323 | entropy=6.8027 | ratio=0.9999 | approx_kl=0.0022 | optimizer_steps=4
update=2303 | train_mean_reward=-19.6408 | train_mean_length=15.2578 | policy_loss=0.2053 | entropy=6.8020 | ratio=0.9998 | approx_kl=0.0025 | optimizer_steps=4
update=2304 | train_mean_reward=-20.0133 | train_mean_length=15.4141 | policy_loss=0.2047 | entropy=6.8011 | ratio=0.9988 | approx_kl=0.0040 | optimizer_steps=4
update=2305 | train_mean_reward=-19.6706 | train_mean_length=15.1484 | policy_loss=0.2532 | entropy=6.8001 | ratio=0.9999 | approx_kl=0.0018 | optimizer_steps=4 | eval_mean_reward=2.9819 | eval_mean_length=17.5000
update=2306 | train_mean_reward=-20.0870 | train_mean_length=15.3047 | policy_loss=0.2311 | entropy=6.7992 | ratio=1.0010 | approx_kl=0.0021 | optimizer_steps=4
update=2307 | train_mean_reward=-19.0667 | train_mean_length=14.5234 | policy_loss=0.1915 | entropy=6.7982 | ratio=1.0009 | approx_kl=0.0014 | optimizer_steps=4
update=2308 | train_mean_reward=-18.2200 | train_mean_length=13.8906 | policy_loss=0.2025 | entropy=6.7972 | ratio=1.0006 | approx_kl=0.0023 | optimizer_steps=4
update=2309 | train_mean_reward=-18.2258 | train_mean_length=14.4453 | policy_loss=0.2030 | entropy=6.7962 | ratio=0.9993 | approx_kl=0.0038 | optimizer_steps=4
update=2310 | train_mean_reward=-20.1396 | train_mean_length=14.7305 | policy_loss=0.2452 | entropy=6.7951 | ratio=0.9990 | approx_kl=0.0038 | optimizer_steps=4 | eval_mean_reward=4.9137 | eval_mean_length=18.8750
update=2311 | train_mean_reward=-20.0293 | train_mean_length=15.1406 | policy_loss=0.2720 | entropy=6.7938 | ratio=0.9997 | approx_kl=0.0032 | optimizer_steps=4
update=2312 | train_mean_reward=-20.8501 | train_mean_length=16.5195 | policy_loss=0.3140 | entropy=6.7923 | ratio=1.0011 | approx_kl=0.0058 | optimizer_steps=8
update=2313 | train_mean_reward=-20.0890 | train_mean_length=15.6406 | policy_loss=0.2287 | entropy=6.7910 | ratio=0.9988 | approx_kl=0.0030 | optimizer_steps=4
update=2314 | train_mean_reward=-18.9164 | train_mean_length=14.6641 | policy_loss=0.2294 | entropy=6.7902 | ratio=0.9982 | approx_kl=0.0043 | optimizer_steps=4
update=2315 | train_mean_reward=-19.1900 | train_mean_length=14.5117 | policy_loss=0.2221 | entropy=6.7895 | ratio=0.9979 | approx_kl=0.0049 | optimizer_steps=4 | eval_mean_reward=4.8668 | eval_mean_length=18.9375
update=2316 | train_mean_reward=-19.0663 | train_mean_length=15.0742 | policy_loss=0.2226 | entropy=6.7886 | ratio=0.9992 | approx_kl=0.0047 | optimizer_steps=4
update=2317 | train_mean_reward=-20.2035 | train_mean_length=15.8828 | policy_loss=0.2060 | entropy=6.7878 | ratio=0.9992 | approx_kl=0.0032 | optimizer_steps=4
update=2318 | train_mean_reward=-19.7816 | train_mean_length=15.1406 | policy_loss=0.2164 | entropy=6.7871 | ratio=0.9979 | approx_kl=0.0043 | optimizer_steps=4
update=2319 | train_mean_reward=-19.7722 | train_mean_length=15.2773 | policy_loss=0.2185 | entropy=6.7863 | ratio=0.9986 | approx_kl=0.0030 | optimizer_steps=4
update=2320 | train_mean_reward=-21.3748 | train_mean_length=16.3164 | policy_loss=0.2291 | entropy=6.7853 | ratio=1.0014 | approx_kl=0.0112 | optimizer_steps=8 | eval_mean_reward=4.6036 | eval_mean_length=20.8125
update=2321 | train_mean_reward=-22.1758 | train_mean_length=17.5156 | policy_loss=0.2429 | entropy=6.7843 | ratio=0.9981 | approx_kl=0.0089 | optimizer_steps=8
update=2322 | train_mean_reward=-22.4250 | train_mean_length=17.2500 | policy_loss=0.2665 | entropy=6.7830 | ratio=0.9979 | approx_kl=0.0096 | optimizer_steps=8
update=2323 | train_mean_reward=-20.6820 | train_mean_length=16.5273 | policy_loss=0.2183 | entropy=6.7817 | ratio=0.9951 | approx_kl=0.0116 | optimizer_steps=8
update=2324 | train_mean_reward=-20.5988 | train_mean_length=15.9023 | policy_loss=0.2230 | entropy=6.7810 | ratio=0.9989 | approx_kl=0.0027 | optimizer_steps=4
update=2325 | train_mean_reward=-19.6384 | train_mean_length=15.4453 | policy_loss=0.2232 | entropy=6.7804 | ratio=0.9998 | approx_kl=0.0024 | optimizer_steps=4 | eval_mean_reward=4.2759 | eval_mean_length=19.5000
update=2326 | train_mean_reward=-21.3901 | train_mean_length=16.7812 | policy_loss=0.2454 | entropy=6.7792 | ratio=1.0036 | approx_kl=0.0056 | optimizer_steps=8
update=2327 | train_mean_reward=-21.6932 | train_mean_length=16.5508 | policy_loss=0.2606 | entropy=6.7776 | ratio=0.9942 | approx_kl=0.0114 | optimizer_steps=8
update=2328 | train_mean_reward=-21.1064 | train_mean_length=16.8047 | policy_loss=0.2329 | entropy=6.7761 | ratio=1.0005 | approx_kl=0.0067 | optimizer_steps=8
update=2329 | train_mean_reward=-21.4647 | train_mean_length=16.5352 | policy_loss=0.2418 | entropy=6.7749 | ratio=1.0003 | approx_kl=0.0062 | optimizer_steps=8
update=2330 | train_mean_reward=-19.5042 | train_mean_length=15.4219 | policy_loss=0.2432 | entropy=6.7741 | ratio=0.9997 | approx_kl=0.0024 | optimizer_steps=4 | eval_mean_reward=14.4680 | eval_mean_length=33.0000
update=2331 | train_mean_reward=-22.5188 | train_mean_length=17.1719 | policy_loss=0.2689 | entropy=6.7734 | ratio=0.9944 | approx_kl=0.0144 | optimizer_steps=8
update=2332 | train_mean_reward=-21.5602 | train_mean_length=17.1172 | policy_loss=0.2332 | entropy=6.7727 | ratio=0.9978 | approx_kl=0.0078 | optimizer_steps=8
update=2333 | train_mean_reward=-23.6925 | train_mean_length=18.4648 | policy_loss=0.2727 | entropy=6.7723 | ratio=1.0012 | approx_kl=0.0034 | optimizer_steps=8
update=2334 | train_mean_reward=-22.2915 | train_mean_length=17.5625 | policy_loss=0.2948 | entropy=6.7720 | ratio=0.9971 | approx_kl=0.0090 | optimizer_steps=8
update=2335 | train_mean_reward=-22.1393 | train_mean_length=17.4141 | policy_loss=0.2992 | entropy=6.7720 | ratio=0.9985 | approx_kl=0.0074 | optimizer_steps=8 | eval_mean_reward=8.9778 | eval_mean_length=26.0625
update=2336 | train_mean_reward=-19.9554 | train_mean_length=15.5508 | policy_loss=0.2174 | entropy=6.7718 | ratio=0.9981 | approx_kl=0.0039 | optimizer_steps=4
update=2337 | train_mean_reward=-20.3806 | train_mean_length=16.1328 | policy_loss=0.3260 | entropy=6.7710 | ratio=1.0010 | approx_kl=0.0074 | optimizer_steps=8
update=2338 | train_mean_reward=-20.6132 | train_mean_length=15.4492 | policy_loss=0.2193 | entropy=6.7701 | ratio=0.9993 | approx_kl=0.0026 | optimizer_steps=4
update=2339 | train_mean_reward=-20.2529 | train_mean_length=15.9492 | policy_loss=0.2463 | entropy=6.7695 | ratio=0.9989 | approx_kl=0.0035 | optimizer_steps=4
update=2340 | train_mean_reward=-20.8698 | train_mean_length=15.8438 | policy_loss=0.2753 | entropy=6.7686 | ratio=0.9999 | approx_kl=0.0022 | optimizer_steps=4 | eval_mean_reward=9.4408 | eval_mean_length=23.8750
update=2341 | train_mean_reward=-21.0057 | train_mean_length=15.8359 | policy_loss=0.2506 | entropy=6.7674 | ratio=0.9974 | approx_kl=0.0059 | optimizer_steps=4
update=2342 | train_mean_reward=-19.4179 | train_mean_length=15.4844 | policy_loss=0.2577 | entropy=6.7663 | ratio=0.9970 | approx_kl=0.0064 | optimizer_steps=4
update=2343 | train_mean_reward=-20.0140 | train_mean_length=15.1562 | policy_loss=0.2657 | entropy=6.7653 | ratio=1.0000 | approx_kl=0.0030 | optimizer_steps=4
update=2344 | train_mean_reward=-20.0134 | train_mean_length=14.6797 | policy_loss=0.3115 | entropy=6.7643 | ratio=0.9961 | approx_kl=0.0075 | optimizer_steps=4
update=2345 | train_mean_reward=-19.6257 | train_mean_length=14.9531 | policy_loss=0.2707 | entropy=6.7636 | ratio=0.9986 | approx_kl=0.0051 | optimizer_steps=4 | eval_mean_reward=16.1513 | eval_mean_length=36.3125
update=2346 | train_mean_reward=-18.6166 | train_mean_length=13.7227 | policy_loss=0.2305 | entropy=6.7629 | ratio=0.9976 | approx_kl=0.0053 | optimizer_steps=4
update=2347 | train_mean_reward=-19.4464 | train_mean_length=14.5195 | policy_loss=0.2563 | entropy=6.7620 | ratio=0.9994 | approx_kl=0.0042 | optimizer_steps=4
update=2348 | train_mean_reward=-18.5558 | train_mean_length=13.8750 | policy_loss=0.2388 | entropy=6.7612 | ratio=1.0005 | approx_kl=0.0030 | optimizer_steps=4
update=2349 | train_mean_reward=-19.8480 | train_mean_length=14.7930 | policy_loss=0.2967 | entropy=6.7604 | ratio=0.9997 | approx_kl=0.0030 | optimizer_steps=4
update=2350 | train_mean_reward=-19.7342 | train_mean_length=14.7891 | policy_loss=0.2858 | entropy=6.7599 | ratio=0.9988 | approx_kl=0.0037 | optimizer_steps=4 | eval_mean_reward=17.3767 | eval_mean_length=40.0625
update=2351 | train_mean_reward=-20.9375 | train_mean_length=15.4453 | policy_loss=0.2780 | entropy=6.7595 | ratio=1.0001 | approx_kl=0.0033 | optimizer_steps=4
update=2352 | train_mean_reward=-19.2782 | train_mean_length=14.8828 | policy_loss=0.2961 | entropy=6.7591 | ratio=0.9999 | approx_kl=0.0024 | optimizer_steps=4
update=2353 | train_mean_reward=-19.4238 | train_mean_length=14.5469 | policy_loss=0.2403 | entropy=6.7586 | ratio=1.0000 | approx_kl=0.0031 | optimizer_steps=4
update=2354 | train_mean_reward=-18.7895 | train_mean_length=14.4570 | policy_loss=0.2897 | entropy=6.7578 | ratio=0.9981 | approx_kl=0.0041 | optimizer_steps=4
update=2355 | train_mean_reward=-19.3120 | train_mean_length=14.2344 | policy_loss=0.2804 | entropy=6.7568 | ratio=1.0005 | approx_kl=0.0021 | optimizer_steps=4 | eval_mean_reward=20.9972 | eval_mean_length=41.5625
update=2356 | train_mean_reward=-19.0913 | train_mean_length=14.1445 | policy_loss=0.2515 | entropy=6.7557 | ratio=0.9976 | approx_kl=0.0052 | optimizer_steps=4
update=2357 | train_mean_reward=-19.3105 | train_mean_length=14.6055 | policy_loss=0.2543 | entropy=6.7547 | ratio=0.9994 | approx_kl=0.0035 | optimizer_steps=4
update=2358 | train_mean_reward=-18.3263 | train_mean_length=13.7500 | policy_loss=0.2388 | entropy=6.7537 | ratio=1.0002 | approx_kl=0.0024 | optimizer_steps=4
update=2359 | train_mean_reward=-20.8226 | train_mean_length=15.8555 | policy_loss=0.2935 | entropy=6.7525 | ratio=0.9987 | approx_kl=0.0039 | optimizer_steps=4
update=2360 | train_mean_reward=-21.2290 | train_mean_length=16.3008 | policy_loss=0.3404 | entropy=6.7512 | ratio=1.0020 | approx_kl=0.0045 | optimizer_steps=8 | eval_mean_reward=6.7260 | eval_mean_length=34.2500
update=2361 | train_mean_reward=-20.9914 | train_mean_length=15.8242 | policy_loss=0.3152 | entropy=6.7501 | ratio=0.9991 | approx_kl=0.0031 | optimizer_steps=4
update=2362 | train_mean_reward=-20.8201 | train_mean_length=15.6289 | policy_loss=0.3010 | entropy=6.7491 | ratio=0.9994 | approx_kl=0.0031 | optimizer_steps=4
update=2363 | train_mean_reward=-21.0505 | train_mean_length=15.3086 | policy_loss=0.2632 | entropy=6.7481 | ratio=1.0000 | approx_kl=0.0024 | optimizer_steps=4
update=2364 | train_mean_reward=-20.6745 | train_mean_length=15.4727 | policy_loss=0.3094 | entropy=6.7471 | ratio=0.9996 | approx_kl=0.0041 | optimizer_steps=4
update=2365 | train_mean_reward=-20.3187 | train_mean_length=14.8203 | policy_loss=0.3246 | entropy=6.7463 | ratio=0.9993 | approx_kl=0.0025 | optimizer_steps=4 | eval_mean_reward=8.3610 | eval_mean_length=34.1250
update=2366 | train_mean_reward=-20.6918 | train_mean_length=15.2422 | policy_loss=0.3003 | entropy=6.7457 | ratio=0.9988 | approx_kl=0.0050 | optimizer_steps=4
update=2367 | train_mean_reward=-19.9689 | train_mean_length=15.2227 | policy_loss=0.3381 | entropy=6.7451 | ratio=1.0000 | approx_kl=0.0021 | optimizer_steps=4
update=2368 | train_mean_reward=-20.5501 | train_mean_length=15.4922 | policy_loss=0.3009 | entropy=6.7447 | ratio=1.0001 | approx_kl=0.0028 | optimizer_steps=4
update=2369 | train_mean_reward=-21.3256 | train_mean_length=15.9336 | policy_loss=0.3267 | entropy=6.7443 | ratio=0.9979 | approx_kl=0.0042 | optimizer_steps=4
update=2370 | train_mean_reward=-20.2406 | train_mean_length=15.1992 | policy_loss=0.2780 | entropy=6.7438 | ratio=0.9982 | approx_kl=0.0053 | optimizer_steps=4 | eval_mean_reward=23.8619 | eval_mean_length=47.5000
update=2371 | train_mean_reward=-20.8619 | train_mean_length=16.0352 | policy_loss=0.2383 | entropy=6.7429 | ratio=1.0079 | approx_kl=0.0010 | optimizer_steps=8
update=2372 | train_mean_reward=-19.1215 | train_mean_length=15.0781 | policy_loss=0.3031 | entropy=6.7424 | ratio=0.9982 | approx_kl=0.0033 | optimizer_steps=4
update=2373 | train_mean_reward=-19.9022 | train_mean_length=15.4062 | policy_loss=0.2485 | entropy=6.7422 | ratio=0.9990 | approx_kl=0.0040 | optimizer_steps=4
update=2374 | train_mean_reward=-19.8390 | train_mean_length=15.1641 | policy_loss=0.2879 | entropy=6.7417 | ratio=0.9996 | approx_kl=0.0026 | optimizer_steps=4
update=2375 | train_mean_reward=-19.9545 | train_mean_length=15.2812 | policy_loss=0.2898 | entropy=6.7412 | ratio=0.9983 | approx_kl=0.0042 | optimizer_steps=4 | eval_mean_reward=6.6391 | eval_mean_length=32.1250
update=2376 | train_mean_reward=-20.5884 | train_mean_length=15.6445 | policy_loss=0.2502 | entropy=6.7407 | ratio=1.0001 | approx_kl=0.0024 | optimizer_steps=4
update=2377 | train_mean_reward=-20.3348 | train_mean_length=15.7305 | policy_loss=0.2789 | entropy=6.7399 | ratio=0.9987 | approx_kl=0.0038 | optimizer_steps=4
update=2378 | train_mean_reward=-22.0828 | train_mean_length=16.8867 | policy_loss=0.2333 | entropy=6.7389 | ratio=0.9951 | approx_kl=0.0144 | optimizer_steps=8
update=2379 | train_mean_reward=-21.9427 | train_mean_length=16.7852 | policy_loss=0.2588 | entropy=6.7377 | ratio=0.9980 | approx_kl=0.0091 | optimizer_steps=8
update=2380 | train_mean_reward=-20.9611 | train_mean_length=16.5430 | policy_loss=0.2133 | entropy=6.7367 | ratio=0.9985 | approx_kl=0.0092 | optimizer_steps=8 | eval_mean_reward=16.7743 | eval_mean_length=34.1875
update=2381 | train_mean_reward=-22.0065 | train_mean_length=16.9336 | policy_loss=0.2688 | entropy=6.7362 | ratio=0.9960 | approx_kl=0.0104 | optimizer_steps=8
update=2382 | train_mean_reward=-20.7589 | train_mean_length=15.6211 | policy_loss=0.2680 | entropy=6.7359 | ratio=0.9998 | approx_kl=0.0016 | optimizer_steps=4
update=2383 | train_mean_reward=-19.9288 | train_mean_length=15.9648 | policy_loss=0.2385 | entropy=6.7354 | ratio=0.9971 | approx_kl=0.0069 | optimizer_steps=4
update=2384 | train_mean_reward=-20.7766 | train_mean_length=16.1250 | policy_loss=0.2154 | entropy=6.7341 | ratio=0.9971 | approx_kl=0.0095 | optimizer_steps=8
update=2385 | train_mean_reward=-20.7975 | train_mean_length=15.4805 | policy_loss=0.2602 | entropy=6.7327 | ratio=1.0002 | approx_kl=0.0023 | optimizer_steps=4 | eval_mean_reward=8.6154 | eval_mean_length=25.8750
update=2386 | train_mean_reward=-20.7057 | train_mean_length=15.6250 | policy_loss=0.2552 | entropy=6.7319 | ratio=0.9975 | approx_kl=0.0055 | optimizer_steps=4
update=2387 | train_mean_reward=-20.0621 | train_mean_length=14.9688 | policy_loss=0.2454 | entropy=6.7311 | ratio=1.0006 | approx_kl=0.0022 | optimizer_steps=4
update=2388 | train_mean_reward=-20.2569 | train_mean_length=15.1602 | policy_loss=0.2054 | entropy=6.7300 | ratio=0.9992 | approx_kl=0.0024 | optimizer_steps=4
update=2389 | train_mean_reward=-20.9034 | train_mean_length=15.7500 | policy_loss=0.2458 | entropy=6.7288 | ratio=0.9998 | approx_kl=0.0027 | optimizer_steps=4
update=2390 | train_mean_reward=-20.9474 | train_mean_length=16.0938 | policy_loss=0.1835 | entropy=6.7273 | ratio=1.0050 | approx_kl=0.0045 | optimizer_steps=8 | eval_mean_reward=6.5174 | eval_mean_length=31.4375
update=2391 | train_mean_reward=-21.6668 | train_mean_length=16.7969 | policy_loss=0.2339 | entropy=6.7256 | ratio=1.0025 | approx_kl=0.0017 | optimizer_steps=8
update=2392 | train_mean_reward=-20.5972 | train_mean_length=15.6875 | policy_loss=0.2210 | entropy=6.7244 | ratio=0.9991 | approx_kl=0.0020 | optimizer_steps=4
update=2393 | train_mean_reward=-21.9237 | train_mean_length=15.8555 | policy_loss=0.2586 | entropy=6.7237 | ratio=0.9984 | approx_kl=0.0047 | optimizer_steps=4
update=2394 | train_mean_reward=-22.8734 | train_mean_length=17.0234 | policy_loss=0.2753 | entropy=6.7225 | ratio=0.9981 | approx_kl=0.0096 | optimizer_steps=8
update=2395 | train_mean_reward=-21.7981 | train_mean_length=16.5664 | policy_loss=0.2427 | entropy=6.7207 | ratio=0.9997 | approx_kl=0.0056 | optimizer_steps=8 | eval_mean_reward=8.1752 | eval_mean_length=36.9375
update=2396 | train_mean_reward=-21.3370 | train_mean_length=16.2773 | policy_loss=0.2461 | entropy=6.7194 | ratio=1.0003 | approx_kl=0.0060 | optimizer_steps=8
update=2397 | train_mean_reward=-21.7706 | train_mean_length=16.8438 | policy_loss=0.2289 | entropy=6.7191 | ratio=1.0004 | approx_kl=0.0061 | optimizer_steps=8
update=2398 | train_mean_reward=-21.9453 | train_mean_length=16.7812 | policy_loss=0.2602 | entropy=6.7188 | ratio=0.9987 | approx_kl=0.0078 | optimizer_steps=8
update=2399 | train_mean_reward=-22.7668 | train_mean_length=17.7070 | policy_loss=0.2231 | entropy=6.7184 | ratio=0.9980 | approx_kl=0.0094 | optimizer_steps=8
update=2400 | train_mean_reward=-22.1202 | train_mean_length=16.5977 | policy_loss=0.2538 | entropy=6.7179 | ratio=1.0030 | approx_kl=0.0038 | optimizer_steps=8 | eval_mean_reward=8.1740 | eval_mean_length=33.1875
update=2401 | train_mean_reward=-21.1439 | train_mean_length=16.3555 | policy_loss=0.2523 | entropy=6.7172 | ratio=0.9983 | approx_kl=0.0061 | optimizer_steps=8
update=2402 | train_mean_reward=-22.4220 | train_mean_length=17.5625 | policy_loss=0.2249 | entropy=6.7163 | ratio=0.9989 | approx_kl=0.0073 | optimizer_steps=8
update=2403 | train_mean_reward=-22.4756 | train_mean_length=17.3555 | policy_loss=0.2749 | entropy=6.7156 | ratio=0.9979 | approx_kl=0.0094 | optimizer_steps=8
update=2404 | train_mean_reward=-20.6113 | train_mean_length=15.6914 | policy_loss=0.2296 | entropy=6.7151 | ratio=1.0004 | approx_kl=0.0006 | optimizer_steps=4
update=2405 | train_mean_reward=-22.7353 | train_mean_length=17.0078 | policy_loss=0.2287 | entropy=6.7143 | ratio=0.9960 | approx_kl=0.0099 | optimizer_steps=8 | eval_mean_reward=8.7333 | eval_mean_length=32.5000
update=2406 | train_mean_reward=-22.0882 | train_mean_length=17.5508 | policy_loss=0.2802 | entropy=6.7136 | ratio=0.9977 | approx_kl=0.0099 | optimizer_steps=8
update=2407 | train_mean_reward=-20.7217 | train_mean_length=16.3359 | policy_loss=0.2556 | entropy=6.7128 | ratio=0.9933 | approx_kl=0.0131 | optimizer_steps=8
update=2408 | train_mean_reward=-21.7436 | train_mean_length=17.0078 | policy_loss=0.2350 | entropy=6.7120 | ratio=0.9992 | approx_kl=0.0078 | optimizer_steps=8
update=2409 | train_mean_reward=-21.4849 | train_mean_length=16.5898 | policy_loss=0.3030 | entropy=6.7114 | ratio=0.9929 | approx_kl=0.0145 | optimizer_steps=8
update=2410 | train_mean_reward=-20.8628 | train_mean_length=16.6641 | policy_loss=0.2407 | entropy=6.7111 | ratio=1.0018 | approx_kl=0.0042 | optimizer_steps=8 | eval_mean_reward=4.2252 | eval_mean_length=33.5000
update=2411 | train_mean_reward=-21.8115 | train_mean_length=17.3516 | policy_loss=0.2483 | entropy=6.7108 | ratio=0.9986 | approx_kl=0.0083 | optimizer_steps=8
update=2412 | train_mean_reward=-20.8460 | train_mean_length=16.4062 | policy_loss=0.2700 | entropy=6.7104 | ratio=1.0060 | approx_kl=0.0008 | optimizer_steps=8
update=2413 | train_mean_reward=-20.3697 | train_mean_length=16.3477 | policy_loss=0.2374 | entropy=6.7096 | ratio=0.9973 | approx_kl=0.0075 | optimizer_steps=8
update=2414 | train_mean_reward=-22.0402 | train_mean_length=17.0195 | policy_loss=0.2885 | entropy=6.7085 | ratio=0.9980 | approx_kl=0.0070 | optimizer_steps=8
update=2415 | train_mean_reward=-20.5915 | train_mean_length=17.0742 | policy_loss=0.2715 | entropy=6.7078 | ratio=1.0013 | approx_kl=0.0030 | optimizer_steps=8 | eval_mean_reward=7.0194 | eval_mean_length=36.1250
update=2416 | train_mean_reward=-20.4191 | train_mean_length=16.4688 | policy_loss=0.2818 | entropy=6.7076 | ratio=0.9960 | approx_kl=0.0092 | optimizer_steps=8
update=2417 | train_mean_reward=-20.6197 | train_mean_length=16.2227 | policy_loss=0.3204 | entropy=6.7071 | ratio=1.0032 | approx_kl=0.0036 | optimizer_steps=8
update=2418 | train_mean_reward=-18.8407 | train_mean_length=14.7383 | policy_loss=0.2239 | entropy=6.7064 | ratio=0.9992 | approx_kl=0.0028 | optimizer_steps=4
update=2419 | train_mean_reward=-20.7063 | train_mean_length=15.5586 | policy_loss=0.2596 | entropy=6.7057 | ratio=0.9988 | approx_kl=0.0043 | optimizer_steps=4
update=2420 | train_mean_reward=-21.0085 | train_mean_length=15.9219 | policy_loss=0.3025 | entropy=6.7048 | ratio=1.0001 | approx_kl=0.0030 | optimizer_steps=4 | eval_mean_reward=9.8840 | eval_mean_length=40.8750
update=2421 | train_mean_reward=-20.1006 | train_mean_length=15.3945 | policy_loss=0.3052 | entropy=6.7039 | ratio=0.9988 | approx_kl=0.0056 | optimizer_steps=4
update=2422 | train_mean_reward=-21.5554 | train_mean_length=16.3281 | policy_loss=0.2847 | entropy=6.7024 | ratio=1.0072 | approx_kl=0.0018 | optimizer_steps=8
update=2423 | train_mean_reward=-20.6808 | train_mean_length=15.2852 | policy_loss=0.2954 | entropy=6.7012 | ratio=0.9998 | approx_kl=0.0014 | optimizer_steps=4
update=2424 | train_mean_reward=-20.2450 | train_mean_length=14.7617 | policy_loss=0.3233 | entropy=6.7006 | ratio=0.9983 | approx_kl=0.0042 | optimizer_steps=4
update=2425 | train_mean_reward=-19.3254 | train_mean_length=14.3359 | policy_loss=0.3045 | entropy=6.6995 | ratio=0.9981 | approx_kl=0.0048 | optimizer_steps=4 | eval_mean_reward=2.3751 | eval_mean_length=31.0000
update=2426 | train_mean_reward=-18.9110 | train_mean_length=15.3086 | policy_loss=0.2473 | entropy=6.6981 | ratio=1.0003 | approx_kl=0.0019 | optimizer_steps=4
update=2427 | train_mean_reward=-21.2332 | train_mean_length=16.1641 | policy_loss=0.2801 | entropy=6.6958 | ratio=0.9955 | approx_kl=0.0122 | optimizer_steps=8
update=2428 | train_mean_reward=-20.3591 | train_mean_length=15.1055 | policy_loss=0.2789 | entropy=6.6943 | ratio=0.9988 | approx_kl=0.0034 | optimizer_steps=4
update=2429 | train_mean_reward=-19.3384 | train_mean_length=15.7070 | policy_loss=0.2250 | entropy=6.6935 | ratio=1.0000 | approx_kl=0.0026 | optimizer_steps=4
update=2430 | train_mean_reward=-20.3106 | train_mean_length=14.9414 | policy_loss=0.2541 | entropy=6.6924 | ratio=0.9989 | approx_kl=0.0041 | optimizer_steps=4 | eval_mean_reward=8.9228 | eval_mean_length=37.5000
update=2431 | train_mean_reward=-19.1400 | train_mean_length=14.3906 | policy_loss=0.1775 | entropy=6.6912 | ratio=1.0008 | approx_kl=0.0010 | optimizer_steps=4
update=2432 | train_mean_reward=-20.1240 | train_mean_length=15.0781 | policy_loss=0.2529 | entropy=6.6900 | ratio=0.9981 | approx_kl=0.0047 | optimizer_steps=4
update=2433 | train_mean_reward=-20.4898 | train_mean_length=15.5898 | policy_loss=0.2548 | entropy=6.6887 | ratio=0.9984 | approx_kl=0.0042 | optimizer_steps=4
update=2434 | train_mean_reward=-18.7125 | train_mean_length=13.8789 | policy_loss=0.2375 | entropy=6.6875 | ratio=1.0010 | approx_kl=0.0031 | optimizer_steps=4
update=2435 | train_mean_reward=-19.0266 | train_mean_length=14.3203 | policy_loss=0.2220 | entropy=6.6863 | ratio=0.9986 | approx_kl=0.0033 | optimizer_steps=4 | eval_mean_reward=4.8444 | eval_mean_length=34.6875
update=2436 | train_mean_reward=-18.2524 | train_mean_length=13.9297 | policy_loss=0.2354 | entropy=6.6849 | ratio=0.9976 | approx_kl=0.0053 | optimizer_steps=4
update=2437 | train_mean_reward=-19.2837 | train_mean_length=14.4883 | policy_loss=0.3040 | entropy=6.6837 | ratio=0.9992 | approx_kl=0.0034 | optimizer_steps=4
update=2438 | train_mean_reward=-19.0718 | train_mean_length=14.9492 | policy_loss=0.2289 | entropy=6.6827 | ratio=0.9996 | approx_kl=0.0030 | optimizer_steps=4
update=2439 | train_mean_reward=-18.5100 | train_mean_length=14.2461 | policy_loss=0.2544 | entropy=6.6818 | ratio=0.9979 | approx_kl=0.0053 | optimizer_steps=4
update=2440 | train_mean_reward=-18.7593 | train_mean_length=13.9023 | policy_loss=0.2417 | entropy=6.6808 | ratio=0.9996 | approx_kl=0.0021 | optimizer_steps=4 | eval_mean_reward=7.0049 | eval_mean_length=27.9375
update=2441 | train_mean_reward=-19.4935 | train_mean_length=14.6016 | policy_loss=0.2086 | entropy=6.6800 | ratio=0.9996 | approx_kl=0.0033 | optimizer_steps=4
update=2442 | train_mean_reward=-18.5567 | train_mean_length=14.0469 | policy_loss=0.2145 | entropy=6.6791 | ratio=0.9981 | approx_kl=0.0049 | optimizer_steps=4
update=2443 | train_mean_reward=-19.1886 | train_mean_length=14.4766 | policy_loss=0.2344 | entropy=6.6782 | ratio=0.9985 | approx_kl=0.0043 | optimizer_steps=4
update=2444 | train_mean_reward=-18.0341 | train_mean_length=14.2227 | policy_loss=0.2288 | entropy=6.6772 | ratio=0.9991 | approx_kl=0.0039 | optimizer_steps=4
update=2445 | train_mean_reward=-20.2070 | train_mean_length=15.1406 | policy_loss=0.2498 | entropy=6.6764 | ratio=0.9969 | approx_kl=0.0061 | optimizer_steps=4 | eval_mean_reward=0.4433 | eval_mean_length=25.4375
update=2446 | train_mean_reward=-19.4273 | train_mean_length=14.8672 | policy_loss=0.2360 | entropy=6.6755 | ratio=1.0005 | approx_kl=0.0018 | optimizer_steps=4
update=2447 | train_mean_reward=-18.9966 | train_mean_length=14.5469 | policy_loss=0.3486 | entropy=6.6746 | ratio=1.0004 | approx_kl=0.0027 | optimizer_steps=4
update=2448 | train_mean_reward=-19.6857 | train_mean_length=14.6211 | policy_loss=0.2495 | entropy=6.6737 | ratio=1.0001 | approx_kl=0.0021 | optimizer_steps=4
update=2449 | train_mean_reward=-18.6289 | train_mean_length=14.4922 | policy_loss=0.2619 | entropy=6.6727 | ratio=1.0008 | approx_kl=0.0022 | optimizer_steps=4
update=2450 | train_mean_reward=-19.4731 | train_mean_length=14.9492 | policy_loss=0.2568 | entropy=6.6718 | ratio=0.9997 | approx_kl=0.0029 | optimizer_steps=4 | eval_mean_reward=-1.1943 | eval_mean_length=25.0000
update=2451 | train_mean_reward=-19.2601 | train_mean_length=15.3164 | policy_loss=0.2258 | entropy=6.6707 | ratio=0.9994 | approx_kl=0.0030 | optimizer_steps=4
update=2452 | train_mean_reward=-18.7190 | train_mean_length=14.7617 | policy_loss=0.2258 | entropy=6.6696 | ratio=0.9997 | approx_kl=0.0028 | optimizer_steps=4
update=2453 | train_mean_reward=-19.9987 | train_mean_length=14.9414 | policy_loss=0.2592 | entropy=6.6684 | ratio=0.9996 | approx_kl=0.0030 | optimizer_steps=4
update=2454 | train_mean_reward=-20.1350 | train_mean_length=15.4570 | policy_loss=0.2522 | entropy=6.6672 | ratio=0.9994 | approx_kl=0.0037 | optimizer_steps=4
update=2455 | train_mean_reward=-19.5712 | train_mean_length=14.8164 | policy_loss=0.2245 | entropy=6.6661 | ratio=0.9958 | approx_kl=0.0082 | optimizer_steps=4 | eval_mean_reward=3.7809 | eval_mean_length=32.3750
update=2456 | train_mean_reward=-18.8923 | train_mean_length=14.3398 | policy_loss=0.1987 | entropy=6.6650 | ratio=0.9984 | approx_kl=0.0040 | optimizer_steps=4
update=2457 | train_mean_reward=-20.3829 | train_mean_length=15.4961 | policy_loss=0.2341 | entropy=6.6640 | ratio=0.9965 | approx_kl=0.0068 | optimizer_steps=4
update=2458 | train_mean_reward=-19.9842 | train_mean_length=15.4648 | policy_loss=0.2543 | entropy=6.6630 | ratio=0.9992 | approx_kl=0.0035 | optimizer_steps=4
update=2459 | train_mean_reward=-19.4503 | train_mean_length=15.3789 | policy_loss=0.2534 | entropy=6.6618 | ratio=0.9983 | approx_kl=0.0044 | optimizer_steps=4
update=2460 | train_mean_reward=-19.2470 | train_mean_length=14.8594 | policy_loss=0.2573 | entropy=6.6606 | ratio=1.0000 | approx_kl=0.0028 | optimizer_steps=4 | eval_mean_reward=5.7433 | eval_mean_length=32.8125
update=2461 | train_mean_reward=-19.6202 | train_mean_length=15.1875 | policy_loss=0.2357 | entropy=6.6596 | ratio=0.9986 | approx_kl=0.0040 | optimizer_steps=4
update=2462 | train_mean_reward=-19.1007 | train_mean_length=14.5234 | policy_loss=0.2405 | entropy=6.6588 | ratio=0.9992 | approx_kl=0.0046 | optimizer_steps=4
update=2463 | train_mean_reward=-19.6987 | train_mean_length=14.8359 | policy_loss=0.2714 | entropy=6.6581 | ratio=0.9979 | approx_kl=0.0042 | optimizer_steps=4
update=2464 | train_mean_reward=-21.5066 | train_mean_length=15.9023 | policy_loss=0.2690 | entropy=6.6573 | ratio=0.9987 | approx_kl=0.0041 | optimizer_steps=4
update=2465 | train_mean_reward=-21.5884 | train_mean_length=16.1172 | policy_loss=0.2549 | entropy=6.6564 | ratio=0.9955 | approx_kl=0.0119 | optimizer_steps=8 | eval_mean_reward=3.7285 | eval_mean_length=30.6250
update=2466 | train_mean_reward=-21.3168 | train_mean_length=16.8359 | policy_loss=0.2839 | entropy=6.6553 | ratio=0.9998 | approx_kl=0.0040 | optimizer_steps=8
update=2467 | train_mean_reward=-20.1859 | train_mean_length=15.8047 | policy_loss=0.2939 | entropy=6.6547 | ratio=0.9992 | approx_kl=0.0025 | optimizer_steps=4
update=2468 | train_mean_reward=-20.5365 | train_mean_length=15.2305 | policy_loss=0.2492 | entropy=6.6543 | ratio=0.9999 | approx_kl=0.0028 | optimizer_steps=4
update=2469 | train_mean_reward=-20.2611 | train_mean_length=15.8438 | policy_loss=0.2547 | entropy=6.6540 | ratio=1.0000 | approx_kl=0.0023 | optimizer_steps=4
update=2470 | train_mean_reward=-20.8168 | train_mean_length=16.2773 | policy_loss=0.3564 | entropy=6.6534 | ratio=0.9962 | approx_kl=0.0116 | optimizer_steps=8 | eval_mean_reward=1.3257 | eval_mean_length=29.9375
update=2471 | train_mean_reward=-20.9206 | train_mean_length=16.2109 | policy_loss=0.2615 | entropy=6.6529 | ratio=1.0031 | approx_kl=0.0125 | optimizer_steps=3 | early_stop=1 | early_stop_kl=0.0562
update=2472 | train_mean_reward=-21.0170 | train_mean_length=16.2031 | policy_loss=0.2766 | entropy=6.6522 | ratio=0.9937 | approx_kl=0.0136 | optimizer_steps=8
update=2473 | train_mean_reward=-20.9981 | train_mean_length=15.8711 | policy_loss=0.3642 | entropy=6.6519 | ratio=0.9999 | approx_kl=0.0025 | optimizer_steps=4
update=2474 | train_mean_reward=-20.3640 | train_mean_length=15.7305 | policy_loss=0.2543 | entropy=6.6516 | ratio=0.9992 | approx_kl=0.0042 | optimizer_steps=4
update=2475 | train_mean_reward=-21.2073 | train_mean_length=16.5586 | policy_loss=0.2722 | entropy=6.6510 | ratio=0.9959 | approx_kl=0.0121 | optimizer_steps=8 | eval_mean_reward=0.7015 | eval_mean_length=27.1250
update=2476 | train_mean_reward=-20.9657 | train_mean_length=15.8164 | policy_loss=0.3082 | entropy=6.6502 | ratio=0.9990 | approx_kl=0.0027 | optimizer_steps=4
update=2477 | train_mean_reward=-22.0605 | train_mean_length=16.5586 | policy_loss=0.3267 | entropy=6.6493 | ratio=1.0028 | approx_kl=0.0095 | optimizer_steps=8
update=2478 | train_mean_reward=-19.7646 | train_mean_length=14.6602 | policy_loss=0.3015 | entropy=6.6483 | ratio=0.9985 | approx_kl=0.0042 | optimizer_steps=4
update=2479 | train_mean_reward=-21.4971 | train_mean_length=15.5781 | policy_loss=0.3193 | entropy=6.6474 | ratio=0.9981 | approx_kl=0.0055 | optimizer_steps=4
update=2480 | train_mean_reward=-20.9540 | train_mean_length=16.5781 | policy_loss=0.2991 | entropy=6.6460 | ratio=0.9961 | approx_kl=0.0110 | optimizer_steps=8 | eval_mean_reward=0.0503 | eval_mean_length=29.2500
update=2481 | train_mean_reward=-20.5496 | train_mean_length=16.5156 | policy_loss=0.2990 | entropy=6.6447 | ratio=0.9946 | approx_kl=0.0130 | optimizer_steps=8
update=2482 | train_mean_reward=-19.2265 | train_mean_length=14.5469 | policy_loss=0.2668 | entropy=6.6440 | ratio=0.9993 | approx_kl=0.0020 | optimizer_steps=4
update=2483 | train_mean_reward=-20.3692 | train_mean_length=15.0195 | policy_loss=0.2774 | entropy=6.6433 | ratio=0.9989 | approx_kl=0.0040 | optimizer_steps=4
update=2484 | train_mean_reward=-20.5274 | train_mean_length=16.1719 | policy_loss=0.2890 | entropy=6.6422 | ratio=0.9952 | approx_kl=0.0113 | optimizer_steps=8
update=2485 | train_mean_reward=-18.4556 | train_mean_length=14.3164 | policy_loss=0.2058 | entropy=6.6411 | ratio=1.0004 | approx_kl=0.0017 | optimizer_steps=4 | eval_mean_reward=1.2296 | eval_mean_length=30.0000
update=2486 | train_mean_reward=-21.5831 | train_mean_length=15.9805 | policy_loss=0.3044 | entropy=6.6403 | ratio=0.9986 | approx_kl=0.0044 | optimizer_steps=4
update=2487 | train_mean_reward=-20.7132 | train_mean_length=15.2734 | policy_loss=0.3153 | entropy=6.6396 | ratio=1.0003 | approx_kl=0.0013 | optimizer_steps=4
update=2488 | train_mean_reward=-18.3385 | train_mean_length=14.0430 | policy_loss=0.2494 | entropy=6.6389 | ratio=0.9997 | approx_kl=0.0034 | optimizer_steps=4
update=2489 | train_mean_reward=-18.1693 | train_mean_length=13.3594 | policy_loss=0.2693 | entropy=6.6378 | ratio=0.9996 | approx_kl=0.0027 | optimizer_steps=4
update=2490 | train_mean_reward=-18.1862 | train_mean_length=13.5859 | policy_loss=0.1765 | entropy=6.6368 | ratio=0.9975 | approx_kl=0.0050 | optimizer_steps=4 | eval_mean_reward=2.7732 | eval_mean_length=31.5000
update=2491 | train_mean_reward=-19.1369 | train_mean_length=14.3242 | policy_loss=0.2607 | entropy=6.6358 | ratio=0.9989 | approx_kl=0.0041 | optimizer_steps=4
update=2492 | train_mean_reward=-19.3541 | train_mean_length=14.0938 | policy_loss=0.2144 | entropy=6.6347 | ratio=0.9997 | approx_kl=0.0029 | optimizer_steps=4
update=2493 | train_mean_reward=-18.7652 | train_mean_length=14.2227 | policy_loss=0.2350 | entropy=6.6333 | ratio=0.9999 | approx_kl=0.0034 | optimizer_steps=4
update=2494 | train_mean_reward=-21.0021 | train_mean_length=16.0938 | policy_loss=0.2958 | entropy=6.6312 | ratio=0.9915 | approx_kl=0.0165 | optimizer_steps=8
update=2495 | train_mean_reward=-20.7473 | train_mean_length=15.9570 | policy_loss=0.2616 | entropy=6.6295 | ratio=0.9993 | approx_kl=0.0031 | optimizer_steps=4 | eval_mean_reward=4.8500 | eval_mean_length=30.5625
update=2496 | train_mean_reward=-19.3053 | train_mean_length=14.7031 | policy_loss=0.2165 | entropy=6.6284 | ratio=0.9976 | approx_kl=0.0051 | optimizer_steps=4
update=2497 | train_mean_reward=-20.2916 | train_mean_length=15.2031 | policy_loss=0.2633 | entropy=6.6276 | ratio=0.9981 | approx_kl=0.0042 | optimizer_steps=4
update=2498 | train_mean_reward=-20.1294 | train_mean_length=15.0430 | policy_loss=0.2509 | entropy=6.6268 | ratio=0.9983 | approx_kl=0.0050 | optimizer_steps=4
update=2499 | train_mean_reward=-19.5092 | train_mean_length=15.3242 | policy_loss=0.2616 | entropy=6.6261 | ratio=1.0018 | approx_kl=0.0009 | optimizer_steps=4
update=2500 | train_mean_reward=-19.3007 | train_mean_length=14.9492 | policy_loss=0.2381 | entropy=6.6255 | ratio=0.9995 | approx_kl=0.0031 | optimizer_steps=4 | eval_mean_reward=13.2582 | eval_mean_length=39.2500
update=2501 | train_mean_reward=-18.9326 | train_mean_length=15.2852 | policy_loss=0.2326 | entropy=6.6248 | ratio=1.0006 | approx_kl=0.0032 | optimizer_steps=4
update=2502 | train_mean_reward=-20.1465 | train_mean_length=15.1875 | policy_loss=0.3055 | entropy=6.6242 | ratio=0.9992 | approx_kl=0.0038 | optimizer_steps=4
update=2503 | train_mean_reward=-20.1529 | train_mean_length=15.9961 | policy_loss=0.2942 | entropy=6.6238 | ratio=0.9995 | approx_kl=0.0042 | optimizer_steps=4
update=2504 | train_mean_reward=-20.1606 | train_mean_length=16.0898 | policy_loss=0.3079 | entropy=6.6236 | ratio=0.9988 | approx_kl=0.0158 | optimizer_steps=5 | early_stop=1 | early_stop_kl=0.0618
update=2505 | train_mean_reward=-20.6077 | train_mean_length=16.4805 | policy_loss=0.2789 | entropy=6.6230 | ratio=0.9960 | approx_kl=0.0106 | optimizer_steps=8 | eval_mean_reward=1.4988 | eval_mean_length=23.8750
update=2506 | train_mean_reward=-22.2994 | train_mean_length=17.9844 | policy_loss=0.3056 | entropy=6.6217 | ratio=0.9978 | approx_kl=0.0079 | optimizer_steps=8
update=2507 | train_mean_reward=-20.7079 | train_mean_length=16.3359 | policy_loss=0.2842 | entropy=6.6203 | ratio=1.0021 | approx_kl=0.0036 | optimizer_steps=8
update=2508 | train_mean_reward=-21.5587 | train_mean_length=16.5430 | policy_loss=0.2467 | entropy=6.6190 | ratio=0.9965 | approx_kl=0.0103 | optimizer_steps=8
update=2509 | train_mean_reward=-20.9381 | train_mean_length=16.4023 | policy_loss=0.3072 | entropy=6.6184 | ratio=0.9963 | approx_kl=0.0107 | optimizer_steps=8
update=2510 | train_mean_reward=-20.2926 | train_mean_length=15.9062 | policy_loss=0.2940 | entropy=6.6179 | ratio=0.9983 | approx_kl=0.0032 | optimizer_steps=4 | eval_mean_reward=1.8161 | eval_mean_length=24.6875
update=2511 | train_mean_reward=-21.1801 | train_mean_length=16.9609 | policy_loss=0.3000 | entropy=6.6169 | ratio=0.9979 | approx_kl=0.0133 | optimizer_steps=8
update=2512 | train_mean_reward=-23.8709 | train_mean_length=18.5586 | policy_loss=0.2980 | entropy=6.6158 | ratio=0.9967 | approx_kl=0.0079 | optimizer_steps=8
update=2513 | train_mean_reward=-24.3552 | train_mean_length=19.2734 | policy_loss=0.3132 | entropy=6.6147 | ratio=0.9994 | approx_kl=0.0072 | optimizer_steps=8
update=2514 | train_mean_reward=-21.3498 | train_mean_length=17.3086 | policy_loss=0.2948 | entropy=6.6137 | ratio=0.9976 | approx_kl=0.0092 | optimizer_steps=8
update=2515 | train_mean_reward=-21.6401 | train_mean_length=17.4609 | policy_loss=0.2891 | entropy=6.6129 | ratio=1.0000 | approx_kl=0.0073 | optimizer_steps=8 | eval_mean_reward=2.0324 | eval_mean_length=27.3125
update=2516 | train_mean_reward=-21.7064 | train_mean_length=17.3594 | policy_loss=0.3104 | entropy=6.6119 | ratio=0.9986 | approx_kl=0.0083 | optimizer_steps=8
update=2517 | train_mean_reward=-22.7810 | train_mean_length=18.0977 | policy_loss=0.3350 | entropy=6.6113 | ratio=0.9987 | approx_kl=0.0066 | optimizer_steps=8
update=2518 | train_mean_reward=-22.7512 | train_mean_length=16.8516 | policy_loss=0.3650 | entropy=6.6111 | ratio=0.9959 | approx_kl=0.0082 | optimizer_steps=8
update=2519 | train_mean_reward=-21.2460 | train_mean_length=16.9922 | policy_loss=0.2975 | entropy=6.6105 | ratio=0.9947 | approx_kl=0.0124 | optimizer_steps=8
update=2520 | train_mean_reward=-21.2744 | train_mean_length=16.7812 | policy_loss=0.2844 | entropy=6.6098 | ratio=0.9984 | approx_kl=0.0096 | optimizer_steps=8 | eval_mean_reward=3.5819 | eval_mean_length=30.5000
update=2521 | train_mean_reward=-21.5139 | train_mean_length=16.6797 | policy_loss=0.2985 | entropy=6.6094 | ratio=0.9980 | approx_kl=0.0075 | optimizer_steps=8
update=2522 | train_mean_reward=-20.7654 | train_mean_length=16.1719 | policy_loss=0.2687 | entropy=6.6089 | ratio=0.9986 | approx_kl=0.0099 | optimizer_steps=8
update=2523 | train_mean_reward=-20.1408 | train_mean_length=16.0586 | policy_loss=0.0255 | entropy=6.6083 | ratio=0.9921 | approx_kl=0.0219 | optimizer_steps=7 | early_stop=1 | early_stop_kl=0.0952
update=2524 | train_mean_reward=-19.1527 | train_mean_length=14.8594 | policy_loss=0.2545 | entropy=6.6080 | ratio=0.9987 | approx_kl=0.0026 | optimizer_steps=4
update=2525 | train_mean_reward=-17.6313 | train_mean_length=14.6367 | policy_loss=0.2156 | entropy=6.6075 | ratio=0.9997 | approx_kl=0.0038 | optimizer_steps=4 | eval_mean_reward=1.8399 | eval_mean_length=30.1250
update=2526 | train_mean_reward=-19.8248 | train_mean_length=15.1914 | policy_loss=0.2945 | entropy=6.6068 | ratio=0.9987 | approx_kl=0.0035 | optimizer_steps=4
update=2527 | train_mean_reward=-19.6263 | train_mean_length=15.2227 | policy_loss=0.3022 | entropy=6.6060 | ratio=0.9990 | approx_kl=0.0031 | optimizer_steps=4
update=2528 | train_mean_reward=-21.0767 | train_mean_length=16.0859 | policy_loss=0.3261 | entropy=6.6049 | ratio=0.9969 | approx_kl=0.0102 | optimizer_steps=8
update=2529 | train_mean_reward=-19.6041 | train_mean_length=15.3867 | policy_loss=0.3141 | entropy=6.6041 | ratio=0.9990 | approx_kl=0.0026 | optimizer_steps=4
update=2530 | train_mean_reward=-19.8368 | train_mean_length=15.5898 | policy_loss=0.2974 | entropy=6.6037 | ratio=0.9988 | approx_kl=0.0047 | optimizer_steps=4 | eval_mean_reward=0.8789 | eval_mean_length=29.3125
update=2531 | train_mean_reward=-19.1031 | train_mean_length=15.0195 | policy_loss=0.2987 | entropy=6.6031 | ratio=0.9997 | approx_kl=0.0020 | optimizer_steps=4
update=2532 | train_mean_reward=-20.8494 | train_mean_length=16.1016 | policy_loss=0.3157 | entropy=6.6028 | ratio=1.0023 | approx_kl=0.0124 | optimizer_steps=3 | early_stop=1 | early_stop_kl=0.0533
update=2533 | train_mean_reward=-18.6719 | train_mean_length=14.4258 | policy_loss=0.3090 | entropy=6.6025 | ratio=0.9986 | approx_kl=0.0047 | optimizer_steps=4
update=2534 | train_mean_reward=-19.3222 | train_mean_length=14.9570 | policy_loss=0.2733 | entropy=6.6021 | ratio=0.9998 | approx_kl=0.0024 | optimizer_steps=4
update=2535 | train_mean_reward=-21.9131 | train_mean_length=16.4453 | policy_loss=0.2634 | entropy=6.6013 | ratio=0.9992 | approx_kl=0.0075 | optimizer_steps=8 | eval_mean_reward=-0.9455 | eval_mean_length=25.7500
update=2536 | train_mean_reward=-20.1836 | train_mean_length=14.8320 | policy_loss=0.2931 | entropy=6.6008 | ratio=0.9977 | approx_kl=0.0046 | optimizer_steps=4
update=2537 | train_mean_reward=-21.1217 | train_mean_length=16.1797 | policy_loss=0.3865 | entropy=6.6004 | ratio=0.9971 | approx_kl=0.0122 | optimizer_steps=8
update=2538 | train_mean_reward=-20.3734 | train_mean_length=15.4609 | policy_loss=0.3337 | entropy=6.6005 | ratio=0.9998 | approx_kl=0.0021 | optimizer_steps=4
update=2539 | train_mean_reward=-20.8042 | train_mean_length=15.4102 | policy_loss=0.3580 | entropy=6.6003 | ratio=1.0005 | approx_kl=0.0032 | optimizer_steps=4
update=2540 | train_mean_reward=-20.2699 | train_mean_length=15.0547 | policy_loss=0.3135 | entropy=6.6002 | ratio=0.9998 | approx_kl=0.0028 | optimizer_steps=4 | eval_mean_reward=-0.1826 | eval_mean_length=24.8125
update=2541 | train_mean_reward=-19.7432 | train_mean_length=14.4688 | policy_loss=0.3119 | entropy=6.6001 | ratio=0.9988 | approx_kl=0.0033 | optimizer_steps=4
update=2542 | train_mean_reward=-20.9597 | train_mean_length=15.9258 | policy_loss=0.3687 | entropy=6.5998 | ratio=0.9989 | approx_kl=0.0033 | optimizer_steps=4
update=2543 | train_mean_reward=-20.5598 | train_mean_length=15.0508 | policy_loss=0.3101 | entropy=6.5995 | ratio=0.9991 | approx_kl=0.0045 | optimizer_steps=4
update=2544 | train_mean_reward=-18.5700 | train_mean_length=13.9414 | policy_loss=0.2864 | entropy=6.5993 | ratio=0.9972 | approx_kl=0.0059 | optimizer_steps=4
update=2545 | train_mean_reward=-18.5860 | train_mean_length=14.2461 | policy_loss=0.2544 | entropy=6.5990 | ratio=0.9988 | approx_kl=0.0043 | optimizer_steps=4 | eval_mean_reward=0.1132 | eval_mean_length=24.8750
update=2546 | train_mean_reward=-19.7630 | train_mean_length=15.0352 | policy_loss=0.2536 | entropy=6.5986 | ratio=0.9994 | approx_kl=0.0033 | optimizer_steps=4
update=2547 | train_mean_reward=-21.8329 | train_mean_length=16.1289 | policy_loss=0.4261 | entropy=6.5982 | ratio=1.0014 | approx_kl=0.0099 | optimizer_steps=5 | early_stop=1 | early_stop_kl=0.0531
update=2548 | train_mean_reward=-20.6578 | train_mean_length=15.6211 | policy_loss=0.3452 | entropy=6.5977 | ratio=1.0000 | approx_kl=0.0020 | optimizer_steps=4
update=2549 | train_mean_reward=-19.9679 | train_mean_length=15.4141 | policy_loss=0.3135 | entropy=6.5970 | ratio=0.9981 | approx_kl=0.0052 | optimizer_steps=4
update=2550 | train_mean_reward=-20.7269 | train_mean_length=14.8594 | policy_loss=0.3215 | entropy=6.5963 | ratio=0.9990 | approx_kl=0.0029 | optimizer_steps=4 | eval_mean_reward=3.3924 | eval_mean_length=28.9375
update=2551 | train_mean_reward=-20.1099 | train_mean_length=14.3398 | policy_loss=0.2948 | entropy=6.5955 | ratio=0.9988 | approx_kl=0.0052 | optimizer_steps=4
update=2552 | train_mean_reward=-20.0561 | train_mean_length=15.0312 | policy_loss=0.3238 | entropy=6.5948 | ratio=0.9982 | approx_kl=0.0038 | optimizer_steps=4
update=2553 | train_mean_reward=-19.1407 | train_mean_length=14.8828 | policy_loss=0.2909 | entropy=6.5939 | ratio=1.0012 | approx_kl=0.0025 | optimizer_steps=4
update=2554 | train_mean_reward=-19.7007 | train_mean_length=14.5938 | policy_loss=0.2928 | entropy=6.5932 | ratio=0.9987 | approx_kl=0.0037 | optimizer_steps=4
update=2555 | train_mean_reward=-20.6449 | train_mean_length=15.9688 | policy_loss=0.3420 | entropy=6.5923 | ratio=0.9989 | approx_kl=0.0037 | optimizer_steps=4 | eval_mean_reward=5.1278 | eval_mean_length=32.3750
update=2556 | train_mean_reward=-21.4368 | train_mean_length=16.6289 | policy_loss=0.3129 | entropy=6.5912 | ratio=0.9954 | approx_kl=0.0192 | optimizer_steps=7 | early_stop=1 | early_stop_kl=0.0539
update=2557 | train_mean_reward=-20.5155 | train_mean_length=15.7578 | policy_loss=0.3114 | entropy=6.5902 | ratio=0.9993 | approx_kl=0.0023 | optimizer_steps=4
update=2558 | train_mean_reward=-21.4302 | train_mean_length=16.4883 | policy_loss=0.3520 | entropy=6.5895 | ratio=0.9952 | approx_kl=0.0146 | optimizer_steps=8
update=2559 | train_mean_reward=-22.4400 | train_mean_length=16.5820 | policy_loss=0.3906 | entropy=6.5887 | ratio=0.9986 | approx_kl=0.0090 | optimizer_steps=8
update=2560 | train_mean_reward=-19.5482 | train_mean_length=15.6992 | policy_loss=0.3033 | entropy=6.5884 | ratio=0.9990 | approx_kl=0.0028 | optimizer_steps=4 | eval_mean_reward=4.5862 | eval_mean_length=32.2500
update=2561 | train_mean_reward=-20.5916 | train_mean_length=16.8672 | policy_loss=0.3181 | entropy=6.5876 | ratio=0.9985 | approx_kl=0.0099 | optimizer_steps=8
update=2562 | train_mean_reward=-21.0616 | train_mean_length=16.5547 | policy_loss=0.3048 | entropy=6.5865 | ratio=1.0023 | approx_kl=0.0035 | optimizer_steps=8
update=2563 | train_mean_reward=-19.3706 | train_mean_length=15.7266 | policy_loss=0.2915 | entropy=6.5858 | ratio=0.9989 | approx_kl=0.0033 | optimizer_steps=4
update=2564 | train_mean_reward=-20.5362 | train_mean_length=16.1484 | policy_loss=0.3106 | entropy=6.5852 | ratio=1.0012 | approx_kl=0.0124 | optimizer_steps=5 | early_stop=1 | early_stop_kl=0.0609
update=2565 | train_mean_reward=-20.2466 | train_mean_length=15.4375 | policy_loss=0.2922 | entropy=6.5847 | ratio=0.9974 | approx_kl=0.0053 | optimizer_steps=4 | eval_mean_reward=6.0023 | eval_mean_length=35.0625
update=2566 | train_mean_reward=-19.5911 | train_mean_length=15.0430 | policy_loss=0.2582 | entropy=6.5841 | ratio=0.9987 | approx_kl=0.0038 | optimizer_steps=4
update=2567 | train_mean_reward=-20.9696 | train_mean_length=16.0039 | policy_loss=-0.0451 | entropy=6.5829 | ratio=1.0914 | approx_kl=-0.0751 | optimizer_steps=8
update=2568 | train_mean_reward=-19.9010 | train_mean_length=15.6250 | policy_loss=0.3283 | entropy=6.5820 | ratio=0.9983 | approx_kl=0.0038 | optimizer_steps=4
update=2569 | train_mean_reward=-19.3032 | train_mean_length=15.0742 | policy_loss=0.2887 | entropy=6.5814 | ratio=0.9982 | approx_kl=0.0049 | optimizer_steps=4
update=2570 | train_mean_reward=-20.0337 | train_mean_length=15.8672 | policy_loss=0.3288 | entropy=6.5809 | ratio=1.0002 | approx_kl=0.0026 | optimizer_steps=4 | eval_mean_reward=4.1790 | eval_mean_length=33.6875
update=2571 | train_mean_reward=-18.7849 | train_mean_length=14.3164 | policy_loss=0.2630 | entropy=6.5806 | ratio=0.9992 | approx_kl=0.0043 | optimizer_steps=4
update=2572 | train_mean_reward=-19.4670 | train_mean_length=14.7734 | policy_loss=0.3427 | entropy=6.5803 | ratio=0.9982 | approx_kl=0.0053 | optimizer_steps=4
update=2573 | train_mean_reward=-21.3875 | train_mean_length=16.2852 | policy_loss=0.3285 | entropy=6.5797 | ratio=1.0052 | approx_kl=0.0052 | optimizer_steps=8
update=2574 | train_mean_reward=-20.7966 | train_mean_length=15.6836 | policy_loss=0.3419 | entropy=6.5789 | ratio=0.9992 | approx_kl=0.0022 | optimizer_steps=4
update=2575 | train_mean_reward=-19.3958 | train_mean_length=16.0195 | policy_loss=0.2787 | entropy=6.5781 | ratio=1.0413 | approx_kl=-0.0309 | optimizer_steps=8 | eval_mean_reward=1.3224 | eval_mean_length=28.5625
update=2576 | train_mean_reward=-20.4431 | train_mean_length=16.0586 | policy_loss=0.4109 | entropy=6.5774 | ratio=0.9900 | approx_kl=0.0204 | optimizer_steps=5 | early_stop=1 | early_stop_kl=0.0566
update=2577 | train_mean_reward=-20.5220 | train_mean_length=15.4688 | policy_loss=0.2684 | entropy=6.5771 | ratio=0.9989 | approx_kl=0.0037 | optimizer_steps=4
update=2578 | train_mean_reward=-22.3270 | train_mean_length=17.0156 | policy_loss=0.3379 | entropy=6.5762 | ratio=0.9948 | approx_kl=0.0139 | optimizer_steps=8
update=2579 | train_mean_reward=-21.0069 | train_mean_length=15.8945 | policy_loss=0.3222 | entropy=6.5753 | ratio=0.9988 | approx_kl=0.0033 | optimizer_steps=4
update=2580 | train_mean_reward=-19.5666 | train_mean_length=14.8789 | policy_loss=0.3008 | entropy=6.5746 | ratio=1.0004 | approx_kl=0.0032 | optimizer_steps=4 | eval_mean_reward=3.6262 | eval_mean_length=32.2500
update=2581 | train_mean_reward=-18.4266 | train_mean_length=13.8125 | policy_loss=0.3044 | entropy=6.5742 | ratio=0.9981 | approx_kl=0.0055 | optimizer_steps=4
update=2582 | train_mean_reward=-17.8185 | train_mean_length=13.1953 | policy_loss=0.2545 | entropy=6.5736 | ratio=0.9991 | approx_kl=0.0056 | optimizer_steps=4
update=2583 | train_mean_reward=-16.9027 | train_mean_length=12.7188 | policy_loss=0.2096 | entropy=6.5729 | ratio=0.9997 | approx_kl=0.0027 | optimizer_steps=4
update=2584 | train_mean_reward=-17.0740 | train_mean_length=12.0625 | policy_loss=0.1839 | entropy=6.5721 | ratio=0.9980 | approx_kl=0.0041 | optimizer_steps=4
update=2585 | train_mean_reward=-18.1617 | train_mean_length=13.4844 | policy_loss=0.2400 | entropy=6.5711 | ratio=0.9980 | approx_kl=0.0050 | optimizer_steps=4 | eval_mean_reward=5.4267 | eval_mean_length=30.2500
update=2586 | train_mean_reward=-19.1751 | train_mean_length=14.0703 | policy_loss=0.2700 | entropy=6.5701 | ratio=1.0005 | approx_kl=0.0023 | optimizer_steps=4
update=2587 | train_mean_reward=-19.5999 | train_mean_length=13.9297 | policy_loss=0.3119 | entropy=6.5691 | ratio=0.9998 | approx_kl=0.0033 | optimizer_steps=4
update=2588 | train_mean_reward=-19.3392 | train_mean_length=15.0273 | policy_loss=0.2884 | entropy=6.5681 | ratio=0.9993 | approx_kl=0.0039 | optimizer_steps=4
update=2589 | train_mean_reward=-17.5638 | train_mean_length=13.8828 | policy_loss=0.2335 | entropy=6.5671 | ratio=0.9996 | approx_kl=0.0028 | optimizer_steps=4
update=2590 | train_mean_reward=-20.2069 | train_mean_length=15.1328 | policy_loss=0.3067 | entropy=6.5662 | ratio=0.9994 | approx_kl=0.0035 | optimizer_steps=4 | eval_mean_reward=4.8931 | eval_mean_length=37.1875
update=2591 | train_mean_reward=-19.6633 | train_mean_length=15.0820 | policy_loss=0.3254 | entropy=6.5651 | ratio=0.9993 | approx_kl=0.0042 | optimizer_steps=4
update=2592 | train_mean_reward=-19.6647 | train_mean_length=14.7812 | policy_loss=0.2464 | entropy=6.5644 | ratio=0.9978 | approx_kl=0.0061 | optimizer_steps=4
update=2593 | train_mean_reward=-18.7310 | train_mean_length=14.5078 | policy_loss=0.2985 | entropy=6.5638 | ratio=0.9988 | approx_kl=0.0050 | optimizer_steps=4
update=2594 | train_mean_reward=-20.7248 | train_mean_length=15.7617 | policy_loss=0.3066 | entropy=6.5632 | ratio=0.9989 | approx_kl=0.0039 | optimizer_steps=4
update=2595 | train_mean_reward=-21.0991 | train_mean_length=16.1523 | policy_loss=0.3705 | entropy=6.5623 | ratio=0.9995 | approx_kl=0.0136 | optimizer_steps=5 | early_stop=1 | early_stop_kl=0.0568 | eval_mean_reward=11.1298 | eval_mean_length=45.3125
update=2596 | train_mean_reward=-22.4112 | train_mean_length=17.4023 | policy_loss=0.3287 | entropy=6.5612 | ratio=1.0003 | approx_kl=0.0051 | optimizer_steps=8
update=2597 | train_mean_reward=-19.8097 | train_mean_length=15.1289 | policy_loss=0.3571 | entropy=6.5604 | ratio=0.9991 | approx_kl=0.0032 | optimizer_steps=4
update=2598 | train_mean_reward=-19.8223 | train_mean_length=14.9844 | policy_loss=0.3169 | entropy=6.5600 | ratio=0.9990 | approx_kl=0.0043 | optimizer_steps=4
update=2599 | train_mean_reward=-19.4914 | train_mean_length=15.3945 | policy_loss=0.2764 | entropy=6.5595 | ratio=0.9994 | approx_kl=0.0033 | optimizer_steps=4
update=2600 | train_mean_reward=-21.1556 | train_mean_length=16.1172 | policy_loss=0.2373 | entropy=6.5590 | ratio=0.9991 | approx_kl=0.0161 | optimizer_steps=5 | early_stop=1 | early_stop_kl=0.0737 | eval_mean_reward=2.0637 | eval_mean_length=29.2500
update=2601 | train_mean_reward=-20.6385 | train_mean_length=16.1719 | policy_loss=0.3514 | entropy=6.5582 | ratio=1.0097 | approx_kl=-0.0028 | optimizer_steps=8
update=2602 | train_mean_reward=-21.0143 | train_mean_length=16.8867 | policy_loss=0.3279 | entropy=6.5573 | ratio=0.9991 | approx_kl=0.0093 | optimizer_steps=8
update=2603 | train_mean_reward=-21.3672 | train_mean_length=16.6367 | policy_loss=0.3414 | entropy=6.5571 | ratio=0.9977 | approx_kl=0.0096 | optimizer_steps=8
update=2604 | train_mean_reward=-19.9177 | train_mean_length=15.6445 | policy_loss=0.3203 | entropy=6.5571 | ratio=0.9994 | approx_kl=0.0024 | optimizer_steps=4
update=2605 | train_mean_reward=-19.7961 | train_mean_length=15.8750 | policy_loss=0.3352 | entropy=6.5569 | ratio=0.9986 | approx_kl=0.0052 | optimizer_steps=4 | eval_mean_reward=3.3608 | eval_mean_length=32.6250
update=2606 | train_mean_reward=-19.9287 | train_mean_length=15.6680 | policy_loss=0.2918 | entropy=6.5565 | ratio=0.9977 | approx_kl=0.0051 | optimizer_steps=4
update=2607 | train_mean_reward=-19.4120 | train_mean_length=15.0781 | policy_loss=0.3070 | entropy=6.5560 | ratio=0.9995 | approx_kl=0.0034 | optimizer_steps=4
update=2608 | train_mean_reward=-19.3346 | train_mean_length=14.9883 | policy_loss=0.2787 | entropy=6.5553 | ratio=0.9992 | approx_kl=0.0033 | optimizer_steps=4
update=2609 | train_mean_reward=-18.8875 | train_mean_length=13.8359 | policy_loss=0.3055 | entropy=6.5547 | ratio=0.9982 | approx_kl=0.0050 | optimizer_steps=4
update=2610 | train_mean_reward=-17.7216 | train_mean_length=13.6562 | policy_loss=0.3009 | entropy=6.5540 | ratio=0.9989 | approx_kl=0.0040 | optimizer_steps=4 | eval_mean_reward=7.5259 | eval_mean_length=36.5000
update=2611 | train_mean_reward=-20.1626 | train_mean_length=15.3008 | policy_loss=0.3431 | entropy=6.5533 | ratio=0.9993 | approx_kl=0.0029 | optimizer_steps=4
update=2612 | train_mean_reward=-19.6708 | train_mean_length=14.4648 | policy_loss=0.3324 | entropy=6.5526 | ratio=0.9992 | approx_kl=0.0039 | optimizer_steps=4
update=2613 | train_mean_reward=-17.8871 | train_mean_length=14.8203 | policy_loss=0.3131 | entropy=6.5516 | ratio=0.9982 | approx_kl=0.0034 | optimizer_steps=4
update=2614 | train_mean_reward=-17.8498 | train_mean_length=14.5508 | policy_loss=0.3384 | entropy=6.5507 | ratio=0.9990 | approx_kl=0.0030 | optimizer_steps=4
update=2615 | train_mean_reward=-18.6638 | train_mean_length=14.5508 | policy_loss=0.2425 | entropy=6.5498 | ratio=0.9991 | approx_kl=0.0044 | optimizer_steps=4 | eval_mean_reward=2.6573 | eval_mean_length=28.8750
update=2616 | train_mean_reward=-18.9228 | train_mean_length=15.0469 | policy_loss=0.3071 | entropy=6.5488 | ratio=0.9984 | approx_kl=0.0054 | optimizer_steps=4
update=2617 | train_mean_reward=-19.3075 | train_mean_length=14.7500 | policy_loss=0.3052 | entropy=6.5478 | ratio=0.9967 | approx_kl=0.0064 | optimizer_steps=4
update=2618 | train_mean_reward=-19.0709 | train_mean_length=15.2891 | policy_loss=0.2844 | entropy=6.5469 | ratio=0.9998 | approx_kl=0.0026 | optimizer_steps=4
update=2619 | train_mean_reward=-20.2222 | train_mean_length=16.1250 | policy_loss=0.2819 | entropy=6.5460 | ratio=1.0028 | approx_kl=0.0121 | optimizer_steps=5 | early_stop=1 | early_stop_kl=0.0648
update=2620 | train_mean_reward=-21.1349 | train_mean_length=16.5078 | policy_loss=0.3130 | entropy=6.5449 | ratio=0.9916 | approx_kl=0.0138 | optimizer_steps=8 | eval_mean_reward=2.5114 | eval_mean_length=27.5625
update=2621 | train_mean_reward=-19.9372 | train_mean_length=14.4023 | policy_loss=0.3126 | entropy=6.5441 | ratio=1.0005 | approx_kl=0.0006 | optimizer_steps=4
update=2622 | train_mean_reward=-20.3428 | train_mean_length=15.9531 | policy_loss=0.3268 | entropy=6.5435 | ratio=0.9982 | approx_kl=0.0049 | optimizer_steps=4
update=2623 | train_mean_reward=-18.7510 | train_mean_length=15.0039 | policy_loss=0.2761 | entropy=6.5429 | ratio=0.9986 | approx_kl=0.0046 | optimizer_steps=4
update=2624 | train_mean_reward=-19.6429 | train_mean_length=15.3867 | policy_loss=0.3247 | entropy=6.5425 | ratio=0.9989 | approx_kl=0.0033 | optimizer_steps=4
update=2625 | train_mean_reward=-19.8595 | train_mean_length=15.6445 | policy_loss=0.2846 | entropy=6.5421 | ratio=0.9980 | approx_kl=0.0039 | optimizer_steps=4 | eval_mean_reward=3.4947 | eval_mean_length=29.2500
update=2626 | train_mean_reward=-19.4601 | train_mean_length=15.1445 | policy_loss=0.2767 | entropy=6.5416 | ratio=0.9998 | approx_kl=0.0034 | optimizer_steps=4
update=2627 | train_mean_reward=-19.7529 | train_mean_length=15.3086 | policy_loss=0.2833 | entropy=6.5410 | ratio=1.0004 | approx_kl=0.0017 | optimizer_steps=4
update=2628 | train_mean_reward=-19.3892 | train_mean_length=14.7734 | policy_loss=0.2886 | entropy=6.5403 | ratio=0.9983 | approx_kl=0.0048 | optimizer_steps=4
update=2629 | train_mean_reward=-18.8493 | train_mean_length=14.9961 | policy_loss=0.3400 | entropy=6.5393 | ratio=0.9980 | approx_kl=0.0044 | optimizer_steps=4
update=2630 | train_mean_reward=-18.2371 | train_mean_length=14.3359 | policy_loss=0.2585 | entropy=6.5384 | ratio=0.9991 | approx_kl=0.0042 | optimizer_steps=4 | eval_mean_reward=6.3169 | eval_mean_length=31.0625
update=2631 | train_mean_reward=-20.1139 | train_mean_length=16.3125 | policy_loss=0.2657 | entropy=6.5371 | ratio=0.9994 | approx_kl=0.0071 | optimizer_steps=8
update=2632 | train_mean_reward=-18.4143 | train_mean_length=14.9805 | policy_loss=0.2708 | entropy=6.5363 | ratio=0.9991 | approx_kl=0.0029 | optimizer_steps=4
update=2633 | train_mean_reward=-19.6597 | train_mean_length=14.7773 | policy_loss=0.3131 | entropy=6.5356 | ratio=0.9996 | approx_kl=0.0036 | optimizer_steps=4
update=2634 | train_mean_reward=-20.0131 | train_mean_length=15.3516 | policy_loss=0.3218 | entropy=6.5349 | ratio=0.9984 | approx_kl=0.0041 | optimizer_steps=4
update=2635 | train_mean_reward=-18.6858 | train_mean_length=15.2852 | policy_loss=0.3180 | entropy=6.5342 | ratio=1.0003 | approx_kl=0.0023 | optimizer_steps=4 | eval_mean_reward=2.4487 | eval_mean_length=28.1250
update=2636 | train_mean_reward=-20.9017 | train_mean_length=16.4219 | policy_loss=0.4035 | entropy=6.5332 | ratio=0.9980 | approx_kl=0.0100 | optimizer_steps=8
update=2637 | train_mean_reward=-21.1460 | train_mean_length=16.0430 | policy_loss=0.4282 | entropy=6.5321 | ratio=1.0035 | approx_kl=0.0048 | optimizer_steps=8
update=2638 | train_mean_reward=-19.7630 | train_mean_length=14.8281 | policy_loss=0.3272 | entropy=6.5314 | ratio=0.9997 | approx_kl=0.0023 | optimizer_steps=4
update=2639 | train_mean_reward=-19.8665 | train_mean_length=15.6289 | policy_loss=0.3384 | entropy=6.5309 | ratio=0.9996 | approx_kl=0.0031 | optimizer_steps=4
update=2640 | train_mean_reward=-19.4889 | train_mean_length=15.2422 | policy_loss=0.3042 | entropy=6.5303 | ratio=0.9987 | approx_kl=0.0038 | optimizer_steps=4 | eval_mean_reward=8.4344 | eval_mean_length=32.1250
update=2641 | train_mean_reward=-19.8905 | train_mean_length=15.4531 | policy_loss=0.2643 | entropy=6.5297 | ratio=0.9990 | approx_kl=0.0054 | optimizer_steps=4
update=2642 | train_mean_reward=-19.6864 | train_mean_length=15.8203 | policy_loss=0.3175 | entropy=6.5291 | ratio=0.9984 | approx_kl=0.0049 | optimizer_steps=4
update=2643 | train_mean_reward=-19.7638 | train_mean_length=15.0508 | policy_loss=0.3230 | entropy=6.5283 | ratio=0.9996 | approx_kl=0.0044 | optimizer_steps=4
update=2644 | train_mean_reward=-19.4680 | train_mean_length=14.5625 | policy_loss=0.2597 | entropy=6.5272 | ratio=0.9981 | approx_kl=0.0046 | optimizer_steps=4
update=2645 | train_mean_reward=-19.5414 | train_mean_length=15.6250 | policy_loss=0.3083 | entropy=6.5263 | ratio=0.9988 | approx_kl=0.0037 | optimizer_steps=4 | eval_mean_reward=3.9670 | eval_mean_length=32.3125
update=2646 | train_mean_reward=-19.3107 | train_mean_length=15.2070 | policy_loss=0.2757 | entropy=6.5254 | ratio=0.9995 | approx_kl=0.0041 | optimizer_steps=4
update=2647 | train_mean_reward=-18.4325 | train_mean_length=15.2344 | policy_loss=0.2907 | entropy=6.5242 | ratio=0.9971 | approx_kl=0.0056 | optimizer_steps=4
update=2648 | train_mean_reward=-19.7157 | train_mean_length=15.5820 | policy_loss=0.3004 | entropy=6.5231 | ratio=0.9976 | approx_kl=0.0055 | optimizer_steps=4
update=2649 | train_mean_reward=-18.7213 | train_mean_length=14.8945 | policy_loss=0.2543 | entropy=6.5220 | ratio=0.9991 | approx_kl=0.0036 | optimizer_steps=4
update=2650 | train_mean_reward=-19.4437 | train_mean_length=15.9023 | policy_loss=0.3128 | entropy=6.5206 | ratio=0.9996 | approx_kl=0.0031 | optimizer_steps=4 | eval_mean_reward=7.7671 | eval_mean_length=36.1875
update=2651 | train_mean_reward=-19.1477 | train_mean_length=14.3633 | policy_loss=0.3043 | entropy=6.5193 | ratio=0.9993 | approx_kl=0.0032 | optimizer_steps=4
update=2652 | train_mean_reward=-18.9229 | train_mean_length=14.7500 | policy_loss=0.2930 | entropy=6.5183 | ratio=0.9981 | approx_kl=0.0053 | optimizer_steps=4
update=2653 | train_mean_reward=-19.7030 | train_mean_length=15.3867 | policy_loss=0.2980 | entropy=6.5175 | ratio=0.9981 | approx_kl=0.0053 | optimizer_steps=4
update=2654 | train_mean_reward=-19.2600 | train_mean_length=15.3945 | policy_loss=0.2659 | entropy=6.5166 | ratio=0.9995 | approx_kl=0.0016 | optimizer_steps=4
update=2655 | train_mean_reward=-19.1897 | train_mean_length=14.8516 | policy_loss=0.2857 | entropy=6.5153 | ratio=0.9988 | approx_kl=0.0029 | optimizer_steps=4 | eval_mean_reward=2.2751 | eval_mean_length=29.1875
update=2656 | train_mean_reward=-19.4855 | train_mean_length=15.1523 | policy_loss=0.2886 | entropy=6.5141 | ratio=0.9981 | approx_kl=0.0041 | optimizer_steps=4
update=2657 | train_mean_reward=-19.9653 | train_mean_length=15.6953 | policy_loss=0.3188 | entropy=6.5130 | ratio=0.9979 | approx_kl=0.0049 | optimizer_steps=4
update=2658 | train_mean_reward=-18.3059 | train_mean_length=14.5117 | policy_loss=0.3391 | entropy=6.5121 | ratio=0.9994 | approx_kl=0.0041 | optimizer_steps=4
update=2659 | train_mean_reward=-18.8079 | train_mean_length=15.0742 | policy_loss=0.2765 | entropy=6.5110 | ratio=0.9980 | approx_kl=0.0047 | optimizer_steps=4
update=2660 | train_mean_reward=-18.1738 | train_mean_length=14.7461 | policy_loss=0.2966 | entropy=6.5100 | ratio=1.0008 | approx_kl=0.0020 | optimizer_steps=4 | eval_mean_reward=11.5679 | eval_mean_length=35.2500
update=2661 | train_mean_reward=-19.7763 | train_mean_length=15.2344 | policy_loss=0.3045 | entropy=6.5090 | ratio=0.9991 | approx_kl=0.0035 | optimizer_steps=4
update=2662 | train_mean_reward=-18.5728 | train_mean_length=14.7305 | policy_loss=0.2911 | entropy=6.5081 | ratio=0.9991 | approx_kl=0.0037 | optimizer_steps=4
update=2663 | train_mean_reward=-19.6393 | train_mean_length=15.3789 | policy_loss=0.3080 | entropy=6.5073 | ratio=0.9994 | approx_kl=0.0038 | optimizer_steps=4
update=2664 | train_mean_reward=-18.7432 | train_mean_length=15.2461 | policy_loss=0.3119 | entropy=6.5066 | ratio=0.9988 | approx_kl=0.0034 | optimizer_steps=4
update=2665 | train_mean_reward=-18.7696 | train_mean_length=14.1797 | policy_loss=0.3191 | entropy=6.5059 | ratio=0.9984 | approx_kl=0.0042 | optimizer_steps=4 | eval_mean_reward=11.8999 | eval_mean_length=39.5625
update=2666 | train_mean_reward=-20.0848 | train_mean_length=15.8438 | policy_loss=0.3094 | entropy=6.5052 | ratio=0.9972 | approx_kl=0.0053 | optimizer_steps=4
update=2667 | train_mean_reward=-20.9728 | train_mean_length=15.9219 | policy_loss=0.3666 | entropy=6.5045 | ratio=0.9998 | approx_kl=0.0029 | optimizer_steps=4
update=2668 | train_mean_reward=-19.1989 | train_mean_length=14.9844 | policy_loss=0.3673 | entropy=6.5038 | ratio=0.9982 | approx_kl=0.0047 | optimizer_steps=4
update=2669 | train_mean_reward=-19.0848 | train_mean_length=15.3398 | policy_loss=0.3240 | entropy=6.5032 | ratio=1.0004 | approx_kl=0.0034 | optimizer_steps=4
update=2670 | train_mean_reward=-20.4160 | train_mean_length=15.7695 | policy_loss=0.3285 | entropy=6.5027 | ratio=0.9988 | approx_kl=0.0034 | optimizer_steps=4 | eval_mean_reward=10.8791 | eval_mean_length=30.9375
update=2671 | train_mean_reward=-20.6770 | train_mean_length=16.1172 | policy_loss=0.3614 | entropy=6.5024 | ratio=0.9952 | approx_kl=0.0240 | optimizer_steps=5 | early_stop=1 | early_stop_kl=0.0991
update=2672 | train_mean_reward=-20.9658 | train_mean_length=16.1133 | policy_loss=0.3285 | entropy=6.5018 | ratio=0.9977 | approx_kl=0.0101 | optimizer_steps=8
update=2673 | train_mean_reward=-19.0132 | train_mean_length=14.6445 | policy_loss=0.2623 | entropy=6.5010 | ratio=0.9993 | approx_kl=0.0020 | optimizer_steps=4
update=2674 | train_mean_reward=-19.6296 | train_mean_length=15.7461 | policy_loss=0.3314 | entropy=6.5005 | ratio=0.9986 | approx_kl=0.0046 | optimizer_steps=4
update=2675 | train_mean_reward=-20.4845 | train_mean_length=16.1719 | policy_loss=0.2906 | entropy=6.4994 | ratio=0.9994 | approx_kl=0.0149 | optimizer_steps=7 | early_stop=1 | early_stop_kl=0.0734 | eval_mean_reward=3.0980 | eval_mean_length=32.1875
update=2676 | train_mean_reward=-21.9471 | train_mean_length=17.0586 | policy_loss=0.3693 | entropy=6.4984 | ratio=0.9974 | approx_kl=0.0111 | optimizer_steps=8
update=2677 | train_mean_reward=-18.2061 | train_mean_length=13.6836 | policy_loss=0.2948 | entropy=6.4979 | ratio=0.9998 | approx_kl=0.0018 | optimizer_steps=4
update=2678 | train_mean_reward=-19.4871 | train_mean_length=15.4844 | policy_loss=0.3115 | entropy=6.4973 | ratio=0.9995 | approx_kl=0.0036 | optimizer_steps=4
update=2679 | train_mean_reward=-19.1651 | train_mean_length=15.2734 | policy_loss=0.2845 | entropy=6.4965 | ratio=1.0000 | approx_kl=0.0015 | optimizer_steps=4
update=2680 | train_mean_reward=-20.1240 | train_mean_length=15.6289 | policy_loss=0.3394 | entropy=6.4958 | ratio=0.9992 | approx_kl=0.0043 | optimizer_steps=4 | eval_mean_reward=7.1345 | eval_mean_length=24.1875
update=2681 | train_mean_reward=-18.9382 | train_mean_length=15.2227 | policy_loss=0.3176 | entropy=6.4950 | ratio=0.9981 | approx_kl=0.0048 | optimizer_steps=4
update=2682 | train_mean_reward=-18.6211 | train_mean_length=14.1836 | policy_loss=0.2962 | entropy=6.4940 | ratio=0.9994 | approx_kl=0.0033 | optimizer_steps=4
update=2683 | train_mean_reward=-18.0931 | train_mean_length=14.0352 | policy_loss=0.2869 | entropy=6.4929 | ratio=1.0006 | approx_kl=0.0019 | optimizer_steps=4
update=2684 | train_mean_reward=-18.4007 | train_mean_length=14.3633 | policy_loss=0.3002 | entropy=6.4917 | ratio=0.9999 | approx_kl=0.0019 | optimizer_steps=4
update=2685 | train_mean_reward=-18.2518 | train_mean_length=14.0430 | policy_loss=0.2795 | entropy=6.4905 | ratio=0.9991 | approx_kl=0.0036 | optimizer_steps=4 | eval_mean_reward=11.7252 | eval_mean_length=35.3750
update=2686 | train_mean_reward=-18.2647 | train_mean_length=14.5195 | policy_loss=0.2989 | entropy=6.4894 | ratio=0.9998 | approx_kl=0.0033 | optimizer_steps=4
update=2687 | train_mean_reward=-19.0327 | train_mean_length=13.9023 | policy_loss=0.3094 | entropy=6.4883 | ratio=0.9982 | approx_kl=0.0047 | optimizer_steps=4
update=2688 | train_mean_reward=-18.0829 | train_mean_length=14.3633 | policy_loss=0.2884 | entropy=6.4871 | ratio=1.0005 | approx_kl=0.0011 | optimizer_steps=4
update=2689 | train_mean_reward=-18.9953 | train_mean_length=14.8672 | policy_loss=0.3114 | entropy=6.4861 | ratio=0.9985 | approx_kl=0.0042 | optimizer_steps=4
update=2690 | train_mean_reward=-17.4232 | train_mean_length=13.7148 | policy_loss=0.2762 | entropy=6.4851 | ratio=0.9994 | approx_kl=0.0032 | optimizer_steps=4 | eval_mean_reward=10.3572 | eval_mean_length=29.0625
update=2691 | train_mean_reward=-18.9540 | train_mean_length=14.5352 | policy_loss=0.3204 | entropy=6.4842 | ratio=0.9990 | approx_kl=0.0033 | optimizer_steps=4
update=2692 | train_mean_reward=-20.1163 | train_mean_length=14.9805 | policy_loss=0.3339 | entropy=6.4832 | ratio=0.9990 | approx_kl=0.0036 | optimizer_steps=4
update=2693 | train_mean_reward=-19.1487 | train_mean_length=14.7227 | policy_loss=0.2509 | entropy=6.4823 | ratio=1.0008 | approx_kl=0.0011 | optimizer_steps=4
update=2694 | train_mean_reward=-18.1209 | train_mean_length=14.2109 | policy_loss=0.2739 | entropy=6.4813 | ratio=0.9975 | approx_kl=0.0059 | optimizer_steps=4
update=2695 | train_mean_reward=-19.6691 | train_mean_length=15.0039 | policy_loss=0.2713 | entropy=6.4806 | ratio=0.9997 | approx_kl=0.0036 | optimizer_steps=4 | eval_mean_reward=7.7672 | eval_mean_length=25.8125
update=2696 | train_mean_reward=-18.4234 | train_mean_length=14.7227 | policy_loss=0.2608 | entropy=6.4800 | ratio=1.0007 | approx_kl=0.0012 | optimizer_steps=4
update=2697 | train_mean_reward=-19.8272 | train_mean_length=15.2969 | policy_loss=0.3356 | entropy=6.4793 | ratio=0.9982 | approx_kl=0.0046 | optimizer_steps=4
update=2698 | train_mean_reward=-19.3871 | train_mean_length=14.5117 | policy_loss=0.3079 | entropy=6.4785 | ratio=0.9982 | approx_kl=0.0042 | optimizer_steps=4
update=2699 | train_mean_reward=-17.8678 | train_mean_length=14.0352 | policy_loss=0.2508 | entropy=6.4775 | ratio=0.9996 | approx_kl=0.0035 | optimizer_steps=4
update=2700 | train_mean_reward=-18.2959 | train_mean_length=14.5469 | policy_loss=0.3175 | entropy=6.4762 | ratio=0.9989 | approx_kl=0.0044 | optimizer_steps=4 | eval_mean_reward=3.1409 | eval_mean_length=20.6875
update=2701 | train_mean_reward=-18.7016 | train_mean_length=15.0312 | policy_loss=0.2744 | entropy=6.4752 | ratio=0.9992 | approx_kl=0.0020 | optimizer_steps=4
update=2702 | train_mean_reward=-20.0842 | train_mean_length=15.3828 | policy_loss=0.3263 | entropy=6.4743 | ratio=1.0005 | approx_kl=0.0024 | optimizer_steps=4
update=2703 | train_mean_reward=-18.2950 | train_mean_length=14.4375 | policy_loss=0.2790 | entropy=6.4736 | ratio=0.9994 | approx_kl=0.0034 | optimizer_steps=4
update=2704 | train_mean_reward=-18.4825 | train_mean_length=14.8867 | policy_loss=0.2813 | entropy=6.4731 | ratio=0.9985 | approx_kl=0.0045 | optimizer_steps=4
update=2705 | train_mean_reward=-19.2258 | train_mean_length=14.7422 | policy_loss=0.3048 | entropy=6.4728 | ratio=0.9988 | approx_kl=0.0036 | optimizer_steps=4 | eval_mean_reward=3.6684 | eval_mean_length=18.4375
update=2706 | train_mean_reward=-18.2182 | train_mean_length=14.0664 | policy_loss=0.2737 | entropy=6.4724 | ratio=0.9990 | approx_kl=0.0037 | optimizer_steps=4
update=2707 | train_mean_reward=-18.5702 | train_mean_length=14.5703 | policy_loss=0.2729 | entropy=6.4719 | ratio=0.9987 | approx_kl=0.0039 | optimizer_steps=4
update=2708 | train_mean_reward=-19.8850 | train_mean_length=15.4531 | policy_loss=0.2381 | entropy=6.4714 | ratio=0.9996 | approx_kl=0.0024 | optimizer_steps=4
update=2709 | train_mean_reward=-19.2709 | train_mean_length=15.0547 | policy_loss=0.2653 | entropy=6.4707 | ratio=0.9981 | approx_kl=0.0048 | optimizer_steps=4
update=2710 | train_mean_reward=-18.8713 | train_mean_length=15.5352 | policy_loss=0.2928 | entropy=6.4699 | ratio=0.9996 | approx_kl=0.0033 | optimizer_steps=4 | eval_mean_reward=-6.5032 | eval_mean_length=29.8750
update=2711 | train_mean_reward=-19.3457 | train_mean_length=15.7891 | policy_loss=0.2949 | entropy=6.4690 | ratio=0.9994 | approx_kl=0.0027 | optimizer_steps=4
update=2712 | train_mean_reward=-20.4233 | train_mean_length=16.1992 | policy_loss=0.3167 | entropy=6.4677 | ratio=1.0009 | approx_kl=0.0066 | optimizer_steps=8
update=2713 | train_mean_reward=-21.5750 | train_mean_length=16.0703 | policy_loss=0.2654 | entropy=6.4664 | ratio=1.0027 | approx_kl=0.0081 | optimizer_steps=7 | early_stop=1 | early_stop_kl=0.0549
update=2714 | train_mean_reward=-20.2052 | train_mean_length=16.2578 | policy_loss=0.3041 | entropy=6.4653 | ratio=0.9977 | approx_kl=0.0093 | optimizer_steps=8
update=2715 | train_mean_reward=-20.4370 | train_mean_length=16.1680 | policy_loss=0.2796 | entropy=6.4643 | ratio=0.9942 | approx_kl=0.0119 | optimizer_steps=8 | eval_mean_reward=0.8947 | eval_mean_length=30.5000
update=2716 | train_mean_reward=-19.7477 | train_mean_length=16.1875 | policy_loss=0.3046 | entropy=6.4633 | ratio=0.9938 | approx_kl=0.0114 | optimizer_steps=8
update=2717 | train_mean_reward=-20.7620 | train_mean_length=16.8750 | policy_loss=0.3109 | entropy=6.4627 | ratio=0.9990 | approx_kl=0.0072 | optimizer_steps=8
update=2718 | train_mean_reward=-20.4259 | train_mean_length=16.2148 | policy_loss=0.2572 | entropy=6.4623 | ratio=1.0018 | approx_kl=0.0044 | optimizer_steps=8
update=2719 | train_mean_reward=-21.3078 | train_mean_length=16.9375 | policy_loss=0.2961 | entropy=6.4619 | ratio=0.9974 | approx_kl=0.0086 | optimizer_steps=8
update=2720 | train_mean_reward=-20.4623 | train_mean_length=16.0625 | policy_loss=0.2341 | entropy=6.4612 | ratio=1.0012 | approx_kl=0.0038 | optimizer_steps=8 | eval_mean_reward=2.9299 | eval_mean_length=19.6250
update=2721 | train_mean_reward=-18.4825 | train_mean_length=14.7539 | policy_loss=0.2840 | entropy=6.4604 | ratio=0.9997 | approx_kl=0.0017 | optimizer_steps=4
update=2722 | train_mean_reward=-19.6529 | train_mean_length=15.7344 | policy_loss=0.2788 | entropy=6.4597 | ratio=0.9988 | approx_kl=0.0043 | optimizer_steps=4
update=2723 | train_mean_reward=-17.9285 | train_mean_length=14.6562 | policy_loss=0.2223 | entropy=6.4587 | ratio=0.9992 | approx_kl=0.0039 | optimizer_steps=4
update=2724 | train_mean_reward=-19.0411 | train_mean_length=15.3438 | policy_loss=0.2596 | entropy=6.4575 | ratio=0.9991 | approx_kl=0.0042 | optimizer_steps=4
update=2725 | train_mean_reward=-20.4347 | train_mean_length=16.1758 | policy_loss=0.3013 | entropy=6.4557 | ratio=0.9901 | approx_kl=0.0177 | optimizer_steps=8 | eval_mean_reward=10.4018 | eval_mean_length=34.8125
update=2726 | train_mean_reward=-19.3178 | train_mean_length=15.6016 | policy_loss=0.2787 | entropy=6.4543 | ratio=0.9997 | approx_kl=0.0020 | optimizer_steps=4
update=2727 | train_mean_reward=-19.0120 | train_mean_length=15.7539 | policy_loss=0.2952 | entropy=6.4536 | ratio=0.9973 | approx_kl=0.0054 | optimizer_steps=4
update=2728 | train_mean_reward=-18.9805 | train_mean_length=15.5820 | policy_loss=0.2597 | entropy=6.4526 | ratio=0.9992 | approx_kl=0.0032 | optimizer_steps=4
update=2729 | train_mean_reward=-19.3403 | train_mean_length=15.8672 | policy_loss=0.2798 | entropy=6.4517 | ratio=0.9976 | approx_kl=0.0062 | optimizer_steps=4
update=2730 | train_mean_reward=-20.1462 | train_mean_length=16.2852 | policy_loss=0.2630 | entropy=6.4505 | ratio=0.9935 | approx_kl=0.0134 | optimizer_steps=8 | eval_mean_reward=11.3202 | eval_mean_length=30.7500
update=2731 | train_mean_reward=-21.3426 | train_mean_length=16.6562 | policy_loss=0.3454 | entropy=6.4492 | ratio=0.9985 | approx_kl=0.0078 | optimizer_steps=8
update=2732 | train_mean_reward=-19.1880 | train_mean_length=15.0391 | policy_loss=0.2535 | entropy=6.4485 | ratio=0.9994 | approx_kl=0.0019 | optimizer_steps=4
update=2733 | train_mean_reward=-19.8817 | train_mean_length=15.7695 | policy_loss=0.2708 | entropy=6.4479 | ratio=0.9981 | approx_kl=0.0053 | optimizer_steps=4
update=2734 | train_mean_reward=-19.0425 | train_mean_length=15.5938 | policy_loss=0.2834 | entropy=6.4473 | ratio=1.0000 | approx_kl=0.0023 | optimizer_steps=4
update=2735 | train_mean_reward=-20.0835 | train_mean_length=15.7539 | policy_loss=0.3020 | entropy=6.4467 | ratio=0.9999 | approx_kl=0.0032 | optimizer_steps=4 | eval_mean_reward=14.3558 | eval_mean_length=45.1250
update=2736 | train_mean_reward=-19.1770 | train_mean_length=15.7734 | policy_loss=0.3069 | entropy=6.4459 | ratio=0.9998 | approx_kl=0.0026 | optimizer_steps=4
update=2737 | train_mean_reward=-20.4232 | train_mean_length=16.2695 | policy_loss=0.3798 | entropy=6.4448 | ratio=1.0006 | approx_kl=0.0086 | optimizer_steps=8
update=2738 | train_mean_reward=-18.2081 | train_mean_length=14.0781 | policy_loss=0.2921 | entropy=6.4441 | ratio=0.9991 | approx_kl=0.0026 | optimizer_steps=4
update=2739 | train_mean_reward=-19.7238 | train_mean_length=15.5977 | policy_loss=0.2661 | entropy=6.4434 | ratio=0.9996 | approx_kl=0.0043 | optimizer_steps=4
update=2740 | train_mean_reward=-17.4822 | train_mean_length=14.4883 | policy_loss=0.2517 | entropy=6.4427 | ratio=0.9986 | approx_kl=0.0048 | optimizer_steps=4 | eval_mean_reward=13.5784 | eval_mean_length=39.1875
update=2741 | train_mean_reward=-18.0728 | train_mean_length=15.0156 | policy_loss=0.2213 | entropy=6.4418 | ratio=0.9998 | approx_kl=0.0032 | optimizer_steps=4
update=2742 | train_mean_reward=-19.5230 | train_mean_length=15.2734 | policy_loss=0.2383 | entropy=6.4411 | ratio=0.9980 | approx_kl=0.0054 | optimizer_steps=4
update=2743 | train_mean_reward=-20.9756 | train_mean_length=16.1992 | policy_loss=0.3420 | entropy=6.4401 | ratio=1.0030 | approx_kl=0.0069 | optimizer_steps=8
update=2744 | train_mean_reward=-22.4962 | train_mean_length=18.0742 | policy_loss=0.3074 | entropy=6.4391 | ratio=0.9966 | approx_kl=0.0082 | optimizer_steps=8
update=2745 | train_mean_reward=-20.7094 | train_mean_length=17.2852 | policy_loss=0.3086 | entropy=6.4383 | ratio=1.0001 | approx_kl=0.0060 | optimizer_steps=8 | eval_mean_reward=5.6978 | eval_mean_length=31.5625
update=2746 | train_mean_reward=-21.6145 | train_mean_length=17.7109 | policy_loss=0.3077 | entropy=6.4373 | ratio=0.9972 | approx_kl=0.0114 | optimizer_steps=8
update=2747 | train_mean_reward=-20.6586 | train_mean_length=17.0430 | policy_loss=0.2921 | entropy=6.4365 | ratio=0.9958 | approx_kl=0.0101 | optimizer_steps=8
update=2748 | train_mean_reward=-19.8481 | train_mean_length=16.6562 | policy_loss=0.2478 | entropy=6.4357 | ratio=0.9978 | approx_kl=0.0087 | optimizer_steps=8
update=2749 | train_mean_reward=-20.5702 | train_mean_length=17.6250 | policy_loss=0.3376 | entropy=6.4348 | ratio=0.9973 | approx_kl=0.0088 | optimizer_steps=8
update=2750 | train_mean_reward=-21.2543 | train_mean_length=16.8594 | policy_loss=0.3220 | entropy=6.4338 | ratio=1.0003 | approx_kl=0.0041 | optimizer_steps=8 | eval_mean_reward=9.2926 | eval_mean_length=34.5000
update=2751 | train_mean_reward=-20.2993 | train_mean_length=16.7539 | policy_loss=0.3075 | entropy=6.4332 | ratio=0.9992 | approx_kl=0.0060 | optimizer_steps=8
update=2752 | train_mean_reward=-21.6415 | train_mean_length=17.2266 | policy_loss=0.3020 | entropy=6.4330 | ratio=0.9954 | approx_kl=0.0100 | optimizer_steps=8
update=2753 | train_mean_reward=-20.0883 | train_mean_length=16.7266 | policy_loss=0.2793 | entropy=6.4326 | ratio=0.9948 | approx_kl=0.0121 | optimizer_steps=8
update=2754 | train_mean_reward=-20.8679 | train_mean_length=17.0938 | policy_loss=0.2849 | entropy=6.4320 | ratio=0.9939 | approx_kl=0.0120 | optimizer_steps=8
update=2755 | train_mean_reward=-20.8862 | train_mean_length=16.8320 | policy_loss=0.3034 | entropy=6.4314 | ratio=0.9974 | approx_kl=0.0076 | optimizer_steps=8 | eval_mean_reward=9.2288 | eval_mean_length=38.2500
update=2756 | train_mean_reward=-21.1911 | train_mean_length=17.3594 | policy_loss=0.3050 | entropy=6.4309 | ratio=0.9962 | approx_kl=0.0083 | optimizer_steps=8
update=2757 | train_mean_reward=-21.0774 | train_mean_length=17.0938 | policy_loss=0.2350 | entropy=6.4306 | ratio=0.9972 | approx_kl=0.0079 | optimizer_steps=8
update=2758 | train_mean_reward=-20.5354 | train_mean_length=16.4609 | policy_loss=0.2796 | entropy=6.4304 | ratio=1.0007 | approx_kl=0.0060 | optimizer_steps=8
update=2759 | train_mean_reward=-20.1646 | train_mean_length=16.5273 | policy_loss=0.2702 | entropy=6.4300 | ratio=1.0017 | approx_kl=0.0033 | optimizer_steps=8
update=2760 | train_mean_reward=-21.3033 | train_mean_length=17.3789 | policy_loss=0.2457 | entropy=6.4293 | ratio=0.9993 | approx_kl=0.0058 | optimizer_steps=8 | eval_mean_reward=9.5029 | eval_mean_length=27.7500
update=2761 | train_mean_reward=-20.6810 | train_mean_length=16.5156 | policy_loss=0.2583 | entropy=6.4284 | ratio=1.0026 | approx_kl=0.0042 | optimizer_steps=8
update=2762 | train_mean_reward=-20.0071 | train_mean_length=16.6367 | policy_loss=0.2578 | entropy=6.4274 | ratio=0.9965 | approx_kl=0.0087 | optimizer_steps=8
update=2763 | train_mean_reward=-21.7748 | train_mean_length=17.1914 | policy_loss=0.2754 | entropy=6.4263 | ratio=0.9998 | approx_kl=0.0054 | optimizer_steps=8
update=2764 | train_mean_reward=-20.7441 | train_mean_length=16.4688 | policy_loss=0.2729 | entropy=6.4252 | ratio=0.9954 | approx_kl=0.0100 | optimizer_steps=8
update=2765 | train_mean_reward=-20.0232 | train_mean_length=16.8398 | policy_loss=0.2772 | entropy=6.4246 | ratio=0.9969 | approx_kl=0.0101 | optimizer_steps=8 | eval_mean_reward=7.1789 | eval_mean_length=23.7500
update=2766 | train_mean_reward=-19.3877 | train_mean_length=16.2930 | policy_loss=0.2768 | entropy=6.4237 | ratio=1.0023 | approx_kl=0.0044 | optimizer_steps=8
update=2767 | train_mean_reward=-20.0363 | train_mean_length=16.3008 | policy_loss=0.2374 | entropy=6.4233 | ratio=0.9981 | approx_kl=0.0089 | optimizer_steps=8
update=2768 | train_mean_reward=-20.4620 | train_mean_length=16.8125 | policy_loss=0.2548 | entropy=6.4226 | ratio=0.9996 | approx_kl=0.0071 | optimizer_steps=8
update=2769 | train_mean_reward=-19.9873 | train_mean_length=16.8125 | policy_loss=0.2178 | entropy=6.4220 | ratio=0.9989 | approx_kl=0.0085 | optimizer_steps=8
update=2770 | train_mean_reward=-19.8494 | train_mean_length=16.2852 | policy_loss=0.3061 | entropy=6.4214 | ratio=1.0075 | approx_kl=-0.0015 | optimizer_steps=8 | eval_mean_reward=5.0684 | eval_mean_length=23.1875
update=2771 | train_mean_reward=-20.0370 | train_mean_length=16.1836 | policy_loss=0.2504 | entropy=6.4208 | ratio=1.0033 | approx_kl=0.0077 | optimizer_steps=5 | early_stop=1 | early_stop_kl=0.0532
update=2772 | train_mean_reward=-19.2321 | train_mean_length=15.7969 | policy_loss=0.2132 | entropy=6.4204 | ratio=0.9992 | approx_kl=0.0019 | optimizer_steps=4
update=2773 | train_mean_reward=-20.7676 | train_mean_length=16.7852 | policy_loss=0.3146 | entropy=6.4197 | ratio=0.9998 | approx_kl=0.0082 | optimizer_steps=8
update=2774 | train_mean_reward=-20.5469 | train_mean_length=16.6484 | policy_loss=0.2539 | entropy=6.4192 | ratio=1.0015 | approx_kl=0.0040 | optimizer_steps=8
update=2775 | train_mean_reward=-18.3321 | train_mean_length=15.6133 | policy_loss=0.2348 | entropy=6.4187 | ratio=0.9990 | approx_kl=0.0021 | optimizer_steps=4 | eval_mean_reward=0.5299 | eval_mean_length=28.5000
update=2776 | train_mean_reward=-20.5941 | train_mean_length=16.4844 | policy_loss=0.2452 | entropy=6.4178 | ratio=0.9989 | approx_kl=0.0088 | optimizer_steps=8
update=2777 | train_mean_reward=-19.1353 | train_mean_length=16.3672 | policy_loss=0.2698 | entropy=6.4165 | ratio=0.9965 | approx_kl=0.0100 | optimizer_steps=8
update=2778 | train_mean_reward=-19.6660 | train_mean_length=16.6953 | policy_loss=0.2661 | entropy=6.4156 | ratio=1.0007 | approx_kl=0.0052 | optimizer_steps=8
update=2779 | train_mean_reward=-20.6771 | train_mean_length=16.6445 | policy_loss=0.2336 | entropy=6.4147 | ratio=0.9922 | approx_kl=0.0163 | optimizer_steps=8
update=2780 | train_mean_reward=-20.0757 | train_mean_length=16.6133 | policy_loss=0.2256 | entropy=6.4138 | ratio=0.9978 | approx_kl=0.0078 | optimizer_steps=8 | eval_mean_reward=3.1171 | eval_mean_length=30.3125
update=2781 | train_mean_reward=-20.0175 | train_mean_length=16.9727 | policy_loss=0.2465 | entropy=6.4129 | ratio=0.9962 | approx_kl=0.0105 | optimizer_steps=8
update=2782 | train_mean_reward=-19.1964 | train_mean_length=15.8945 | policy_loss=0.2105 | entropy=6.4123 | ratio=0.9992 | approx_kl=0.0022 | optimizer_steps=4
update=2783 | train_mean_reward=-19.8492 | train_mean_length=16.7422 | policy_loss=0.2830 | entropy=6.4113 | ratio=0.9985 | approx_kl=0.0129 | optimizer_steps=8
update=2784 | train_mean_reward=-19.0363 | train_mean_length=16.5078 | policy_loss=0.2652 | entropy=6.4102 | ratio=0.9952 | approx_kl=0.0117 | optimizer_steps=8
update=2785 | train_mean_reward=-20.5956 | train_mean_length=17.3633 | policy_loss=0.2755 | entropy=6.4089 | ratio=0.9970 | approx_kl=0.0100 | optimizer_steps=8 | eval_mean_reward=3.0765 | eval_mean_length=28.5625
update=2786 | train_mean_reward=-20.5688 | train_mean_length=16.7539 | policy_loss=0.2686 | entropy=6.4076 | ratio=0.9970 | approx_kl=0.0091 | optimizer_steps=8
update=2787 | train_mean_reward=-20.4582 | train_mean_length=16.2188 | policy_loss=0.2391 | entropy=6.4063 | ratio=0.9981 | approx_kl=0.0064 | optimizer_steps=8
update=2788 | train_mean_reward=-18.9546 | train_mean_length=15.9609 | policy_loss=0.2569 | entropy=6.4053 | ratio=1.0002 | approx_kl=0.0020 | optimizer_steps=4
update=2789 | train_mean_reward=-19.6792 | train_mean_length=15.5156 | policy_loss=0.2799 | entropy=6.4046 | ratio=0.9993 | approx_kl=0.0040 | optimizer_steps=4
update=2790 | train_mean_reward=-19.5842 | train_mean_length=15.8203 | policy_loss=0.3363 | entropy=6.4040 | ratio=0.9979 | approx_kl=0.0053 | optimizer_steps=4 | eval_mean_reward=4.9770 | eval_mean_length=30.0000
update=2791 | train_mean_reward=-19.6902 | train_mean_length=16.4531 | policy_loss=0.2479 | entropy=6.4032 | ratio=0.9949 | approx_kl=0.0149 | optimizer_steps=8
update=2792 | train_mean_reward=-19.8869 | train_mean_length=15.9336 | policy_loss=0.2866 | entropy=6.4022 | ratio=0.9994 | approx_kl=0.0023 | optimizer_steps=4
update=2793 | train_mean_reward=-19.6581 | train_mean_length=15.7344 | policy_loss=0.2652 | entropy=6.4014 | ratio=0.9987 | approx_kl=0.0046 | optimizer_steps=4
update=2794 | train_mean_reward=-19.4425 | train_mean_length=15.8906 | policy_loss=0.2618 | entropy=6.4004 | ratio=0.9983 | approx_kl=0.0042 | optimizer_steps=4
update=2795 | train_mean_reward=-18.3422 | train_mean_length=15.4570 | policy_loss=0.2388 | entropy=6.3991 | ratio=1.0019 | approx_kl=0.0014 | optimizer_steps=4 | eval_mean_reward=7.3435 | eval_mean_length=21.1250
update=2796 | train_mean_reward=-19.9093 | train_mean_length=15.9414 | policy_loss=0.2567 | entropy=6.3980 | ratio=0.9995 | approx_kl=0.0033 | optimizer_steps=4
update=2797 | train_mean_reward=-18.7316 | train_mean_length=15.7578 | policy_loss=0.2109 | entropy=6.3969 | ratio=0.9985 | approx_kl=0.0032 | optimizer_steps=4
update=2798 | train_mean_reward=-17.8575 | train_mean_length=14.8242 | policy_loss=0.2099 | entropy=6.3957 | ratio=0.9999 | approx_kl=0.0026 | optimizer_steps=4
update=2799 | train_mean_reward=-18.3742 | train_mean_length=15.2148 | policy_loss=0.1787 | entropy=6.3947 | ratio=0.9994 | approx_kl=0.0042 | optimizer_steps=4
update=2800 | train_mean_reward=-19.3140 | train_mean_length=15.8711 | policy_loss=0.2448 | entropy=6.3936 | ratio=0.9969 | approx_kl=0.0060 | optimizer_steps=4 | eval_mean_reward=5.2973 | eval_mean_length=22.4375
update=2801 | train_mean_reward=-18.9734 | train_mean_length=15.6367 | policy_loss=0.2529 | entropy=6.3924 | ratio=1.0009 | approx_kl=0.0015 | optimizer_steps=4
update=2802 | train_mean_reward=-19.6160 | train_mean_length=16.2930 | policy_loss=0.3522 | entropy=6.3910 | ratio=0.9964 | approx_kl=0.0121 | optimizer_steps=8
update=2803 | train_mean_reward=-21.5508 | train_mean_length=17.1719 | policy_loss=0.2753 | entropy=6.3896 | ratio=0.9968 | approx_kl=0.0090 | optimizer_steps=8
update=2804 | train_mean_reward=-19.3806 | train_mean_length=15.3984 | policy_loss=0.2760 | entropy=6.3887 | ratio=0.9992 | approx_kl=0.0026 | optimizer_steps=4
update=2805 | train_mean_reward=-21.3473 | train_mean_length=16.9570 | policy_loss=0.2828 | entropy=6.3878 | ratio=0.9967 | approx_kl=0.0126 | optimizer_steps=8 | eval_mean_reward=4.1007 | eval_mean_length=28.0000
update=2806 | train_mean_reward=-18.6164 | train_mean_length=15.7383 | policy_loss=0.2553 | entropy=6.3871 | ratio=0.9996 | approx_kl=0.0022 | optimizer_steps=4
update=2807 | train_mean_reward=-20.4608 | train_mean_length=16.0977 | policy_loss=0.4044 | entropy=6.3864 | ratio=0.9999 | approx_kl=0.0092 | optimizer_steps=8
update=2808 | train_mean_reward=-18.5992 | train_mean_length=15.8672 | policy_loss=0.2703 | entropy=6.3857 | ratio=0.9995 | approx_kl=0.0026 | optimizer_steps=4
update=2809 | train_mean_reward=-20.1758 | train_mean_length=15.6953 | policy_loss=0.2658 | entropy=6.3854 | ratio=0.9998 | approx_kl=0.0029 | optimizer_steps=4
update=2810 | train_mean_reward=-18.5049 | train_mean_length=15.1172 | policy_loss=0.2355 | entropy=6.3848 | ratio=0.9992 | approx_kl=0.0030 | optimizer_steps=4 | eval_mean_reward=3.9915 | eval_mean_length=25.2500
update=2811 | train_mean_reward=-19.6725 | train_mean_length=15.6523 | policy_loss=0.2694 | entropy=6.3842 | ratio=0.9995 | approx_kl=0.0039 | optimizer_steps=4
update=2812 | train_mean_reward=-20.2398 | train_mean_length=16.5586 | policy_loss=0.2893 | entropy=6.3832 | ratio=0.9963 | approx_kl=0.0114 | optimizer_steps=8
update=2813 | train_mean_reward=-20.0428 | train_mean_length=16.2031 | policy_loss=0.2871 | entropy=6.3825 | ratio=0.9979 | approx_kl=0.0079 | optimizer_steps=8
update=2814 | train_mean_reward=-19.0855 | train_mean_length=15.3711 | policy_loss=0.2171 | entropy=6.3819 | ratio=1.0005 | approx_kl=0.0013 | optimizer_steps=4
update=2815 | train_mean_reward=-19.1125 | train_mean_length=16.1562 | policy_loss=0.2232 | entropy=6.3813 | ratio=1.0002 | approx_kl=0.0209 | optimizer_steps=7 | early_stop=1 | early_stop_kl=0.1074 | eval_mean_reward=3.0690 | eval_mean_length=25.7500
update=2816 | train_mean_reward=-19.5094 | train_mean_length=16.1602 | policy_loss=0.2115 | entropy=6.3807 | ratio=0.9969 | approx_kl=0.0079 | optimizer_steps=8
update=2817 | train_mean_reward=-19.9452 | train_mean_length=16.3750 | policy_loss=0.1944 | entropy=6.3803 | ratio=1.0001 | approx_kl=0.0077 | optimizer_steps=8
update=2818 | train_mean_reward=-19.4936 | train_mean_length=16.2734 | policy_loss=0.3278 | entropy=6.3798 | ratio=0.9994 | approx_kl=0.0065 | optimizer_steps=8
update=2819 | train_mean_reward=-19.9395 | train_mean_length=16.7500 | policy_loss=0.2304 | entropy=6.3785 | ratio=0.9982 | approx_kl=0.0070 | optimizer_steps=8
update=2820 | train_mean_reward=-19.6878 | train_mean_length=16.4141 | policy_loss=0.2148 | entropy=6.3774 | ratio=0.9961 | approx_kl=0.0099 | optimizer_steps=8 | eval_mean_reward=4.0814 | eval_mean_length=32.6250
update=2821 | train_mean_reward=-22.4864 | train_mean_length=18.5664 | policy_loss=0.2711 | entropy=6.3763 | ratio=0.9975 | approx_kl=0.0097 | optimizer_steps=8
update=2822 | train_mean_reward=-21.5646 | train_mean_length=17.7930 | policy_loss=0.2945 | entropy=6.3752 | ratio=0.9978 | approx_kl=0.0095 | optimizer_steps=8
update=2823 | train_mean_reward=-20.2018 | train_mean_length=16.8281 | policy_loss=0.2390 | entropy=6.3743 | ratio=1.0018 | approx_kl=0.0061 | optimizer_steps=8
update=2824 | train_mean_reward=-22.3817 | train_mean_length=17.7773 | policy_loss=0.3119 | entropy=6.3730 | ratio=0.9999 | approx_kl=0.0066 | optimizer_steps=8
update=2825 | train_mean_reward=-19.8697 | train_mean_length=16.9531 | policy_loss=0.2515 | entropy=6.3719 | ratio=0.9955 | approx_kl=0.0095 | optimizer_steps=8 | eval_mean_reward=9.2805 | eval_mean_length=32.5000
update=2826 | train_mean_reward=-22.9528 | train_mean_length=18.5078 | policy_loss=0.3099 | entropy=6.3710 | ratio=0.9989 | approx_kl=0.0079 | optimizer_steps=8
update=2827 | train_mean_reward=-21.3194 | train_mean_length=17.2344 | policy_loss=0.2381 | entropy=6.3704 | ratio=1.0004 | approx_kl=0.0045 | optimizer_steps=8
update=2828 | train_mean_reward=-20.2284 | train_mean_length=16.6367 | policy_loss=0.2656 | entropy=6.3697 | ratio=0.9980 | approx_kl=0.0066 | optimizer_steps=8
update=2829 | train_mean_reward=-19.8791 | train_mean_length=16.0625 | policy_loss=0.3096 | entropy=6.3687 | ratio=0.9918 | approx_kl=0.0131 | optimizer_steps=8
update=2830 | train_mean_reward=-20.1906 | train_mean_length=16.5508 | policy_loss=0.2851 | entropy=6.3675 | ratio=0.9974 | approx_kl=0.0077 | optimizer_steps=8 | eval_mean_reward=7.1635 | eval_mean_length=29.0625
update=2831 | train_mean_reward=-20.2014 | train_mean_length=16.4414 | policy_loss=0.2450 | entropy=6.3663 | ratio=0.9996 | approx_kl=0.0054 | optimizer_steps=8
update=2832 | train_mean_reward=-20.5373 | train_mean_length=17.0898 | policy_loss=0.3023 | entropy=6.3655 | ratio=0.9993 | approx_kl=0.0064 | optimizer_steps=8
update=2833 | train_mean_reward=-19.6068 | train_mean_length=16.7695 | policy_loss=0.2557 | entropy=6.3648 | ratio=0.9982 | approx_kl=0.0076 | optimizer_steps=8
update=2834 | train_mean_reward=-20.6614 | train_mean_length=16.7852 | policy_loss=0.2783 | entropy=6.3640 | ratio=0.9963 | approx_kl=0.0083 | optimizer_steps=8
update=2835 | train_mean_reward=-20.2986 | train_mean_length=16.8516 | policy_loss=0.2633 | entropy=6.3630 | ratio=1.0020 | approx_kl=0.0049 | optimizer_steps=8 | eval_mean_reward=4.8003 | eval_mean_length=32.1250
update=2836 | train_mean_reward=-20.4843 | train_mean_length=17.2500 | policy_loss=0.2409 | entropy=6.3624 | ratio=0.9991 | approx_kl=0.0070 | optimizer_steps=8
update=2837 | train_mean_reward=-20.8282 | train_mean_length=17.7070 | policy_loss=0.2102 | entropy=6.3616 | ratio=0.9968 | approx_kl=0.0096 | optimizer_steps=8
update=2838 | train_mean_reward=-20.9022 | train_mean_length=17.0742 | policy_loss=0.2776 | entropy=6.3605 | ratio=0.9966 | approx_kl=0.0078 | optimizer_steps=8
update=2839 | train_mean_reward=-20.9515 | train_mean_length=18.0195 | policy_loss=0.2425 | entropy=6.3595 | ratio=1.0001 | approx_kl=0.0053 | optimizer_steps=8
update=2840 | train_mean_reward=-21.7132 | train_mean_length=17.6875 | policy_loss=0.2140 | entropy=6.3584 | ratio=0.9989 | approx_kl=0.0068 | optimizer_steps=8 | eval_mean_reward=3.4518 | eval_mean_length=29.9375
update=2841 | train_mean_reward=-21.3599 | train_mean_length=17.8164 | policy_loss=0.2613 | entropy=6.3575 | ratio=0.9944 | approx_kl=0.0118 | optimizer_steps=8
update=2842 | train_mean_reward=-19.8255 | train_mean_length=16.7656 | policy_loss=0.2454 | entropy=6.3568 | ratio=1.0005 | approx_kl=0.0064 | optimizer_steps=8
update=2843 | train_mean_reward=-20.5820 | train_mean_length=17.6562 | policy_loss=0.3259 | entropy=6.3566 | ratio=0.9992 | approx_kl=0.0075 | optimizer_steps=8
update=2844 | train_mean_reward=-21.9389 | train_mean_length=18.6367 | policy_loss=0.2945 | entropy=6.3560 | ratio=0.9991 | approx_kl=0.0074 | optimizer_steps=8
update=2845 | train_mean_reward=-21.8822 | train_mean_length=18.2461 | policy_loss=0.3133 | entropy=6.3549 | ratio=0.9958 | approx_kl=0.0105 | optimizer_steps=8 | eval_mean_reward=4.8801 | eval_mean_length=30.0625
update=2846 | train_mean_reward=-21.5291 | train_mean_length=18.4883 | policy_loss=0.3040 | entropy=6.3541 | ratio=0.9970 | approx_kl=0.0080 | optimizer_steps=8
update=2847 | train_mean_reward=-21.2825 | train_mean_length=17.5742 | policy_loss=0.2973 | entropy=6.3536 | ratio=0.9982 | approx_kl=0.0091 | optimizer_steps=8
update=2848 | train_mean_reward=-21.6938 | train_mean_length=18.9492 | policy_loss=0.2813 | entropy=6.3533 | ratio=0.9984 | approx_kl=0.0075 | optimizer_steps=8
update=2849 | train_mean_reward=-21.6080 | train_mean_length=17.9570 | policy_loss=0.2674 | entropy=6.3529 | ratio=0.9986 | approx_kl=0.0068 | optimizer_steps=8
update=2850 | train_mean_reward=-20.2917 | train_mean_length=16.7852 | policy_loss=0.2717 | entropy=6.3520 | ratio=1.0000 | approx_kl=0.0044 | optimizer_steps=8 | eval_mean_reward=4.6244 | eval_mean_length=32.0000
update=2851 | train_mean_reward=-20.2668 | train_mean_length=16.2500 | policy_loss=0.2769 | entropy=6.3515 | ratio=1.0006 | approx_kl=0.0112 | optimizer_steps=5 | early_stop=1 | early_stop_kl=0.0549
update=2852 | train_mean_reward=-21.2067 | train_mean_length=17.3086 | policy_loss=0.2767 | entropy=6.3507 | ratio=0.9984 | approx_kl=0.0096 | optimizer_steps=8
update=2853 | train_mean_reward=-20.6684 | train_mean_length=16.6133 | policy_loss=0.3005 | entropy=6.3495 | ratio=1.0005 | approx_kl=0.0046 | optimizer_steps=8
update=2854 | train_mean_reward=-19.8158 | train_mean_length=16.4062 | policy_loss=0.2375 | entropy=6.3486 | ratio=0.9998 | approx_kl=0.0068 | optimizer_steps=8
update=2855 | train_mean_reward=-19.9036 | train_mean_length=16.8594 | policy_loss=0.2828 | entropy=6.3472 | ratio=0.9957 | approx_kl=0.0116 | optimizer_steps=8 | eval_mean_reward=11.2040 | eval_mean_length=28.0625
update=2856 | train_mean_reward=-19.9233 | train_mean_length=15.7695 | policy_loss=0.3068 | entropy=6.3462 | ratio=0.9997 | approx_kl=0.0021 | optimizer_steps=4
update=2857 | train_mean_reward=-19.4166 | train_mean_length=15.8125 | policy_loss=0.2439 | entropy=6.3457 | ratio=0.9978 | approx_kl=0.0054 | optimizer_steps=4
update=2858 | train_mean_reward=-19.8432 | train_mean_length=15.8594 | policy_loss=0.2563 | entropy=6.3450 | ratio=0.9991 | approx_kl=0.0028 | optimizer_steps=4
update=2859 | train_mean_reward=-18.5024 | train_mean_length=15.3789 | policy_loss=0.2439 | entropy=6.3441 | ratio=1.0002 | approx_kl=0.0027 | optimizer_steps=4
update=2860 | train_mean_reward=-19.5233 | train_mean_length=15.3555 | policy_loss=0.2521 | entropy=6.3431 | ratio=0.9997 | approx_kl=0.0023 | optimizer_steps=4 | eval_mean_reward=6.9926 | eval_mean_length=24.1875
update=2861 | train_mean_reward=-18.8351 | train_mean_length=15.5586 | policy_loss=0.2407 | entropy=6.3420 | ratio=0.9983 | approx_kl=0.0038 | optimizer_steps=4
update=2862 | train_mean_reward=-19.4502 | train_mean_length=15.1836 | policy_loss=0.2146 | entropy=6.3410 | ratio=0.9991 | approx_kl=0.0047 | optimizer_steps=4
update=2863 | train_mean_reward=-19.1486 | train_mean_length=15.5039 | policy_loss=0.2594 | entropy=6.3402 | ratio=0.9973 | approx_kl=0.0067 | optimizer_steps=4
update=2864 | train_mean_reward=-18.5352 | train_mean_length=14.9023 | policy_loss=0.2422 | entropy=6.3393 | ratio=0.9989 | approx_kl=0.0047 | optimizer_steps=4
update=2865 | train_mean_reward=-19.8232 | train_mean_length=16.2109 | policy_loss=0.2951 | entropy=6.3381 | ratio=0.9966 | approx_kl=0.0139 | optimizer_steps=8 | eval_mean_reward=3.0101 | eval_mean_length=22.1875
update=2866 | train_mean_reward=-19.2731 | train_mean_length=15.6211 | policy_loss=0.2399 | entropy=6.3373 | ratio=0.9988 | approx_kl=0.0029 | optimizer_steps=4
update=2867 | train_mean_reward=-18.6133 | train_mean_length=15.1992 | policy_loss=0.2246 | entropy=6.3369 | ratio=0.9991 | approx_kl=0.0042 | optimizer_steps=4
update=2868 | train_mean_reward=-18.9063 | train_mean_length=15.3867 | policy_loss=0.2686 | entropy=6.3362 | ratio=0.9983 | approx_kl=0.0046 | optimizer_steps=4
update=2869 | train_mean_reward=-17.9998 | train_mean_length=14.5703 | policy_loss=0.2027 | entropy=6.3354 | ratio=0.9986 | approx_kl=0.0036 | optimizer_steps=4
update=2870 | train_mean_reward=-19.5588 | train_mean_length=14.7617 | policy_loss=0.2762 | entropy=6.3345 | ratio=0.9982 | approx_kl=0.0042 | optimizer_steps=4 | eval_mean_reward=2.1141 | eval_mean_length=26.7500
update=2871 | train_mean_reward=-18.5259 | train_mean_length=14.8125 | policy_loss=0.2398 | entropy=6.3338 | ratio=0.9982 | approx_kl=0.0051 | optimizer_steps=4
update=2872 | train_mean_reward=-19.4166 | train_mean_length=15.1094 | policy_loss=0.2261 | entropy=6.3329 | ratio=0.9998 | approx_kl=0.0019 | optimizer_steps=4
update=2873 | train_mean_reward=-19.1946 | train_mean_length=15.4766 | policy_loss=0.2434 | entropy=6.3320 | ratio=0.9996 | approx_kl=0.0028 | optimizer_steps=4
update=2874 | train_mean_reward=-18.8812 | train_mean_length=15.1719 | policy_loss=0.2648 | entropy=6.3309 | ratio=0.9986 | approx_kl=0.0034 | optimizer_steps=4
update=2875 | train_mean_reward=-19.9314 | train_mean_length=15.5977 | policy_loss=0.2976 | entropy=6.3301 | ratio=0.9987 | approx_kl=0.0040 | optimizer_steps=4 | eval_mean_reward=4.5282 | eval_mean_length=28.0000
update=2876 | train_mean_reward=-20.1180 | train_mean_length=16.1719 | policy_loss=0.2692 | entropy=6.3292 | ratio=0.9958 | approx_kl=0.0176 | optimizer_steps=7 | early_stop=1 | early_stop_kl=0.0554
update=2877 | train_mean_reward=-20.4787 | train_mean_length=16.3164 | policy_loss=0.2572 | entropy=6.3282 | ratio=0.9910 | approx_kl=0.0134 | optimizer_steps=8
update=2878 | train_mean_reward=-20.5474 | train_mean_length=16.6953 | policy_loss=0.2440 | entropy=6.3273 | ratio=0.9957 | approx_kl=0.0095 | optimizer_steps=8
update=2879 | train_mean_reward=-19.2339 | train_mean_length=15.6211 | policy_loss=0.2503 | entropy=6.3267 | ratio=0.9996 | approx_kl=0.0016 | optimizer_steps=4
update=2880 | train_mean_reward=-20.2501 | train_mean_length=16.2109 | policy_loss=0.2317 | entropy=6.3260 | ratio=1.0098 | approx_kl=-0.0011 | optimizer_steps=8 | eval_mean_reward=4.0575 | eval_mean_length=31.7500
update=2881 | train_mean_reward=-20.1872 | train_mean_length=16.9062 | policy_loss=0.2898 | entropy=6.3253 | ratio=0.9975 | approx_kl=0.0080 | optimizer_steps=8
update=2882 | train_mean_reward=-21.9462 | train_mean_length=17.5508 | policy_loss=0.2484 | entropy=6.3250 | ratio=0.9965 | approx_kl=0.0114 | optimizer_steps=8
update=2883 | train_mean_reward=-19.7790 | train_mean_length=16.5039 | policy_loss=0.2932 | entropy=6.3244 | ratio=0.9987 | approx_kl=0.0072 | optimizer_steps=8
update=2884 | train_mean_reward=-22.2081 | train_mean_length=17.9766 | policy_loss=0.3117 | entropy=6.3241 | ratio=0.9968 | approx_kl=0.0098 | optimizer_steps=8
update=2885 | train_mean_reward=-21.3616 | train_mean_length=17.0742 | policy_loss=0.2873 | entropy=6.3236 | ratio=1.0008 | approx_kl=0.0060 | optimizer_steps=8 | eval_mean_reward=2.2154 | eval_mean_length=17.7500
update=2886 | train_mean_reward=-20.1380 | train_mean_length=16.1328 | policy_loss=0.2726 | entropy=6.3231 | ratio=0.9982 | approx_kl=0.0103 | optimizer_steps=8
update=2887 | train_mean_reward=-21.1890 | train_mean_length=16.6953 | policy_loss=0.3007 | entropy=6.3224 | ratio=0.9968 | approx_kl=0.0100 | optimizer_steps=8
update=2888 | train_mean_reward=-19.7775 | train_mean_length=15.7852 | policy_loss=0.2376 | entropy=6.3218 | ratio=0.9999 | approx_kl=0.0018 | optimizer_steps=4
update=2889 | train_mean_reward=-19.4684 | train_mean_length=15.8281 | policy_loss=0.2308 | entropy=6.3213 | ratio=1.0002 | approx_kl=0.0031 | optimizer_steps=4
update=2890 | train_mean_reward=-19.5940 | train_mean_length=16.2773 | policy_loss=0.2617 | entropy=6.3204 | ratio=0.9903 | approx_kl=0.0183 | optimizer_steps=8 | eval_mean_reward=1.5157 | eval_mean_length=16.6250
update=2891 | train_mean_reward=-20.9865 | train_mean_length=16.7812 | policy_loss=0.2952 | entropy=6.3192 | ratio=0.9991 | approx_kl=0.0057 | optimizer_steps=8
update=2892 | train_mean_reward=-19.7986 | train_mean_length=16.4258 | policy_loss=0.2421 | entropy=6.3182 | ratio=0.9963 | approx_kl=0.0099 | optimizer_steps=8
update=2893 | train_mean_reward=-20.6855 | train_mean_length=16.7070 | policy_loss=0.2908 | entropy=6.3172 | ratio=0.9955 | approx_kl=0.0114 | optimizer_steps=8
update=2894 | train_mean_reward=-21.0833 | train_mean_length=17.8125 | policy_loss=0.2784 | entropy=6.3163 | ratio=0.9972 | approx_kl=0.0083 | optimizer_steps=8
update=2895 | train_mean_reward=-21.4574 | train_mean_length=17.9688 | policy_loss=0.2888 | entropy=6.3152 | ratio=0.9960 | approx_kl=0.0114 | optimizer_steps=8 | eval_mean_reward=2.4879 | eval_mean_length=22.9375
update=2896 | train_mean_reward=-20.1561 | train_mean_length=17.3984 | policy_loss=0.2396 | entropy=6.3142 | ratio=0.9995 | approx_kl=0.0059 | optimizer_steps=8
update=2897 | train_mean_reward=-22.0838 | train_mean_length=17.8906 | policy_loss=0.2413 | entropy=6.3127 | ratio=0.9966 | approx_kl=0.0099 | optimizer_steps=8
update=2898 | train_mean_reward=-22.6425 | train_mean_length=18.9414 | policy_loss=0.2568 | entropy=6.3111 | ratio=0.9984 | approx_kl=0.0083 | optimizer_steps=8
update=2899 | train_mean_reward=-22.9361 | train_mean_length=18.6055 | policy_loss=0.2975 | entropy=6.3101 | ratio=0.9957 | approx_kl=0.0095 | optimizer_steps=8
update=2900 | train_mean_reward=-20.7994 | train_mean_length=17.9922 | policy_loss=0.2747 | entropy=6.3092 | ratio=0.9989 | approx_kl=0.0074 | optimizer_steps=8 | eval_mean_reward=0.5949 | eval_mean_length=16.1875
update=2901 | train_mean_reward=-20.6425 | train_mean_length=18.1172 | policy_loss=0.2901 | entropy=6.3085 | ratio=0.9987 | approx_kl=0.0071 | optimizer_steps=8
update=2902 | train_mean_reward=-21.2775 | train_mean_length=17.2617 | policy_loss=0.2870 | entropy=6.3078 | ratio=0.9980 | approx_kl=0.0103 | optimizer_steps=8
update=2903 | train_mean_reward=-20.1943 | train_mean_length=17.2383 | policy_loss=0.2996 | entropy=6.3070 | ratio=0.9986 | approx_kl=0.0072 | optimizer_steps=8
update=2904 | train_mean_reward=-20.2691 | train_mean_length=17.6328 | policy_loss=0.2959 | entropy=6.3064 | ratio=0.9995 | approx_kl=0.0073 | optimizer_steps=8
update=2905 | train_mean_reward=-20.5656 | train_mean_length=17.0664 | policy_loss=0.2726 | entropy=6.3061 | ratio=0.9984 | approx_kl=0.0092 | optimizer_steps=8 | eval_mean_reward=2.1861 | eval_mean_length=20.7500
update=2906 | train_mean_reward=-19.6710 | train_mean_length=16.6875 | policy_loss=0.2742 | entropy=6.3053 | ratio=0.9958 | approx_kl=0.0122 | optimizer_steps=8
update=2907 | train_mean_reward=-21.0376 | train_mean_length=17.4023 | policy_loss=0.2586 | entropy=6.3041 | ratio=0.9965 | approx_kl=0.0100 | optimizer_steps=8
update=2908 | train_mean_reward=-19.1609 | train_mean_length=16.2227 | policy_loss=0.2865 | entropy=6.3026 | ratio=0.9953 | approx_kl=0.0107 | optimizer_steps=8
update=2909 | train_mean_reward=-18.5786 | train_mean_length=16.1797 | policy_loss=0.3127 | entropy=6.3014 | ratio=1.0064 | approx_kl=0.0009 | optimizer_steps=8
update=2910 | train_mean_reward=-19.8550 | train_mean_length=16.8125 | policy_loss=0.2933 | entropy=6.3006 | ratio=0.9982 | approx_kl=0.0075 | optimizer_steps=8 | eval_mean_reward=0.5143 | eval_mean_length=16.0625
update=2911 | train_mean_reward=-20.9035 | train_mean_length=17.3164 | policy_loss=0.3198 | entropy=6.3004 | ratio=0.9961 | approx_kl=0.0088 | optimizer_steps=8
update=2912 | train_mean_reward=-19.5687 | train_mean_length=16.3633 | policy_loss=0.3043 | entropy=6.3002 | ratio=1.0010 | approx_kl=0.0035 | optimizer_steps=8
update=2913 | train_mean_reward=-19.0490 | train_mean_length=15.9922 | policy_loss=0.2531 | entropy=6.2998 | ratio=0.9995 | approx_kl=0.0020 | optimizer_steps=4
update=2914 | train_mean_reward=-19.4720 | train_mean_length=15.8047 | policy_loss=0.2528 | entropy=6.2994 | ratio=1.0003 | approx_kl=0.0026 | optimizer_steps=4
update=2915 | train_mean_reward=-20.9443 | train_mean_length=17.4570 | policy_loss=0.3211 | entropy=6.2985 | ratio=0.9970 | approx_kl=0.0105 | optimizer_steps=8 | eval_mean_reward=1.8527 | eval_mean_length=15.8750
update=2916 | train_mean_reward=-18.3589 | train_mean_length=15.2656 | policy_loss=0.3065 | entropy=6.2977 | ratio=0.9993 | approx_kl=0.0030 | optimizer_steps=4
update=2917 | train_mean_reward=-19.8790 | train_mean_length=16.6602 | policy_loss=0.2997 | entropy=6.2972 | ratio=1.0080 | approx_kl=0.0021 | optimizer_steps=8
update=2918 | train_mean_reward=-17.8751 | train_mean_length=15.4492 | policy_loss=0.2760 | entropy=6.2968 | ratio=0.9985 | approx_kl=0.0046 | optimizer_steps=4
update=2919 | train_mean_reward=-18.5117 | train_mean_length=15.5039 | policy_loss=0.3070 | entropy=6.2964 | ratio=0.9981 | approx_kl=0.0062 | optimizer_steps=4
update=2920 | train_mean_reward=-17.6940 | train_mean_length=15.1914 | policy_loss=0.2943 | entropy=6.2961 | ratio=0.9987 | approx_kl=0.0048 | optimizer_steps=4 | eval_mean_reward=1.9276 | eval_mean_length=15.1875
update=2921 | train_mean_reward=-19.9101 | train_mean_length=16.4727 | policy_loss=0.3087 | entropy=6.2953 | ratio=1.0038 | approx_kl=0.0066 | optimizer_steps=8
update=2922 | train_mean_reward=-19.0617 | train_mean_length=15.6914 | policy_loss=0.2962 | entropy=6.2946 | ratio=0.9985 | approx_kl=0.0034 | optimizer_steps=4
update=2923 | train_mean_reward=-19.0756 | train_mean_length=15.9648 | policy_loss=0.2681 | entropy=6.2939 | ratio=0.9976 | approx_kl=0.0055 | optimizer_steps=4
update=2924 | train_mean_reward=-18.6039 | train_mean_length=15.4766 | policy_loss=0.2947 | entropy=6.2931 | ratio=0.9990 | approx_kl=0.0028 | optimizer_steps=4
update=2925 | train_mean_reward=-19.1732 | train_mean_length=16.0391 | policy_loss=0.3774 | entropy=6.2920 | ratio=1.0055 | approx_kl=0.0023 | optimizer_steps=8 | eval_mean_reward=4.8014 | eval_mean_length=23.6875
update=2926 | train_mean_reward=-18.1922 | train_mean_length=15.0312 | policy_loss=0.2808 | entropy=6.2913 | ratio=0.9991 | approx_kl=0.0028 | optimizer_steps=4
update=2927 | train_mean_reward=-19.0212 | train_mean_length=15.3750 | policy_loss=0.2727 | entropy=6.2908 | ratio=1.0004 | approx_kl=0.0034 | optimizer_steps=4
update=2928 | train_mean_reward=-19.6702 | train_mean_length=16.3984 | policy_loss=0.2977 | entropy=6.2900 | ratio=1.0004 | approx_kl=0.0116 | optimizer_steps=7 | early_stop=1 | early_stop_kl=0.0515
update=2929 | train_mean_reward=-19.1620 | train_mean_length=15.4062 | policy_loss=0.3118 | entropy=6.2896 | ratio=1.0000 | approx_kl=0.0013 | optimizer_steps=4
update=2930 | train_mean_reward=-18.6284 | train_mean_length=15.2031 | policy_loss=0.2845 | entropy=6.2894 | ratio=0.9983 | approx_kl=0.0032 | optimizer_steps=4 | eval_mean_reward=7.5254 | eval_mean_length=20.5000
update=2931 | train_mean_reward=-18.8358 | train_mean_length=15.6523 | policy_loss=0.3014 | entropy=6.2890 | ratio=0.9995 | approx_kl=0.0025 | optimizer_steps=4
update=2932 | train_mean_reward=-18.9523 | train_mean_length=15.2070 | policy_loss=0.2925 | entropy=6.2882 | ratio=0.9993 | approx_kl=0.0032 | optimizer_steps=4
update=2933 | train_mean_reward=-18.7119 | train_mean_length=15.6133 | policy_loss=0.2802 | entropy=6.2872 | ratio=1.0004 | approx_kl=0.0031 | optimizer_steps=4
update=2934 | train_mean_reward=-19.3547 | train_mean_length=15.6758 | policy_loss=0.2964 | entropy=6.2863 | ratio=0.9994 | approx_kl=0.0036 | optimizer_steps=4
update=2935 | train_mean_reward=-18.8471 | train_mean_length=16.3125 | policy_loss=0.2497 | entropy=6.2852 | ratio=1.0063 | approx_kl=0.0008 | optimizer_steps=8 | eval_mean_reward=4.0289 | eval_mean_length=23.1250
update=2936 | train_mean_reward=-20.1918 | train_mean_length=16.4023 | policy_loss=0.3518 | entropy=6.2840 | ratio=0.9962 | approx_kl=0.0092 | optimizer_steps=8
update=2937 | train_mean_reward=-18.8111 | train_mean_length=15.5898 | policy_loss=0.3166 | entropy=6.2830 | ratio=0.9985 | approx_kl=0.0037 | optimizer_steps=4
update=2938 | train_mean_reward=-21.5123 | train_mean_length=17.0039 | policy_loss=0.3600 | entropy=6.2822 | ratio=0.9960 | approx_kl=0.0132 | optimizer_steps=8
update=2939 | train_mean_reward=-21.1426 | train_mean_length=17.6641 | policy_loss=0.3375 | entropy=6.2811 | ratio=0.9955 | approx_kl=0.0121 | optimizer_steps=8
update=2940 | train_mean_reward=-19.5811 | train_mean_length=16.1172 | policy_loss=0.3787 | entropy=6.2804 | ratio=0.9935 | approx_kl=0.0124 | optimizer_steps=8 | eval_mean_reward=7.4207 | eval_mean_length=25.7500
update=2941 | train_mean_reward=-20.6056 | train_mean_length=17.3203 | policy_loss=0.3037 | entropy=6.2797 | ratio=0.9959 | approx_kl=0.0113 | optimizer_steps=8
update=2942 | train_mean_reward=-20.3433 | train_mean_length=16.6523 | policy_loss=0.3274 | entropy=6.2790 | ratio=0.9971 | approx_kl=0.0102 | optimizer_steps=8
update=2943 | train_mean_reward=-20.3376 | train_mean_length=16.1484 | policy_loss=0.4505 | entropy=6.2785 | ratio=0.9982 | approx_kl=0.0082 | optimizer_steps=8
update=2944 | train_mean_reward=-18.5692 | train_mean_length=15.9531 | policy_loss=0.3210 | entropy=6.2783 | ratio=0.9985 | approx_kl=0.0036 | optimizer_steps=4
update=2945 | train_mean_reward=-22.3538 | train_mean_length=18.7695 | policy_loss=0.3220 | entropy=6.2776 | ratio=1.0001 | approx_kl=0.0051 | optimizer_steps=8 | eval_mean_reward=5.5714 | eval_mean_length=29.7500
update=2946 | train_mean_reward=-19.9092 | train_mean_length=16.7188 | policy_loss=0.3204 | entropy=6.2768 | ratio=1.0016 | approx_kl=0.0033 | optimizer_steps=8
update=2947 | train_mean_reward=-19.4596 | train_mean_length=16.9062 | policy_loss=0.3372 | entropy=6.2762 | ratio=0.9899 | approx_kl=0.0201 | optimizer_steps=8
update=2948 | train_mean_reward=-20.0042 | train_mean_length=17.2383 | policy_loss=0.3485 | entropy=6.2755 | ratio=0.9961 | approx_kl=0.0102 | optimizer_steps=8
update=2949 | train_mean_reward=-19.3531 | train_mean_length=16.6484 | policy_loss=0.2548 | entropy=6.2746 | ratio=1.0000 | approx_kl=0.0068 | optimizer_steps=8
update=2950 | train_mean_reward=-21.2372 | train_mean_length=17.8477 | policy_loss=0.3269 | entropy=6.2736 | ratio=1.0007 | approx_kl=0.0039 | optimizer_steps=8 | eval_mean_reward=3.5000 | eval_mean_length=28.6250
update=2951 | train_mean_reward=-22.6694 | train_mean_length=18.6094 | policy_loss=0.3162 | entropy=6.2726 | ratio=0.9963 | approx_kl=0.0098 | optimizer_steps=8
update=2952 | train_mean_reward=-20.4028 | train_mean_length=17.0469 | policy_loss=0.2773 | entropy=6.2714 | ratio=0.9995 | approx_kl=0.0063 | optimizer_steps=8
update=2953 | train_mean_reward=-21.7984 | train_mean_length=18.6953 | policy_loss=0.2809 | entropy=6.2701 | ratio=1.0012 | approx_kl=0.0061 | optimizer_steps=8
update=2954 | train_mean_reward=-20.8239 | train_mean_length=17.3008 | policy_loss=0.2662 | entropy=6.2689 | ratio=1.0005 | approx_kl=0.0045 | optimizer_steps=8
update=2955 | train_mean_reward=-19.9276 | train_mean_length=17.2422 | policy_loss=0.3135 | entropy=6.2677 | ratio=1.0009 | approx_kl=0.0036 | optimizer_steps=8 | eval_mean_reward=3.1258 | eval_mean_length=28.6875
update=2956 | train_mean_reward=-20.3236 | train_mean_length=17.7891 | policy_loss=0.3000 | entropy=6.2668 | ratio=0.9966 | approx_kl=0.0101 | optimizer_steps=8
update=2957 | train_mean_reward=-20.2862 | train_mean_length=17.3711 | policy_loss=0.2430 | entropy=6.2657 | ratio=0.9969 | approx_kl=0.0092 | optimizer_steps=8
update=2958 | train_mean_reward=-19.6430 | train_mean_length=17.2617 | policy_loss=0.3161 | entropy=6.2645 | ratio=0.9963 | approx_kl=0.0113 | optimizer_steps=8
update=2959 | train_mean_reward=-21.6711 | train_mean_length=17.9492 | policy_loss=0.3356 | entropy=6.2634 | ratio=0.9987 | approx_kl=0.0100 | optimizer_steps=8
update=2960 | train_mean_reward=-20.4805 | train_mean_length=17.9648 | policy_loss=0.3094 | entropy=6.2628 | ratio=0.9976 | approx_kl=0.0082 | optimizer_steps=8 | eval_mean_reward=2.8002 | eval_mean_length=18.3750
update=2961 | train_mean_reward=-20.5335 | train_mean_length=17.7773 | policy_loss=0.2790 | entropy=6.2619 | ratio=0.9980 | approx_kl=0.0091 | optimizer_steps=8
update=2962 | train_mean_reward=-20.4509 | train_mean_length=17.6016 | policy_loss=0.2563 | entropy=6.2607 | ratio=1.0008 | approx_kl=0.0051 | optimizer_steps=8
update=2963 | train_mean_reward=-18.8252 | train_mean_length=16.1680 | policy_loss=0.2256 | entropy=6.2595 | ratio=0.9937 | approx_kl=0.0144 | optimizer_steps=8
update=2964 | train_mean_reward=-19.7161 | train_mean_length=17.2070 | policy_loss=0.2758 | entropy=6.2588 | ratio=0.9990 | approx_kl=0.0059 | optimizer_steps=8
update=2965 | train_mean_reward=-19.9918 | train_mean_length=17.2617 | policy_loss=0.2597 | entropy=6.2582 | ratio=0.9989 | approx_kl=0.0076 | optimizer_steps=8 | eval_mean_reward=3.3963 | eval_mean_length=16.6875
update=2966 | train_mean_reward=-20.8027 | train_mean_length=17.7031 | policy_loss=0.2787 | entropy=6.2576 | ratio=0.9986 | approx_kl=0.0076 | optimizer_steps=8
update=2967 | train_mean_reward=-21.2593 | train_mean_length=18.0859 | policy_loss=0.2727 | entropy=6.2570 | ratio=0.9981 | approx_kl=0.0066 | optimizer_steps=8
update=2968 | train_mean_reward=-20.6775 | train_mean_length=17.4883 | policy_loss=0.2953 | entropy=6.2563 | ratio=1.0020 | approx_kl=0.0049 | optimizer_steps=8
update=2969 | train_mean_reward=-18.7619 | train_mean_length=15.8594 | policy_loss=0.2521 | entropy=6.2559 | ratio=0.9988 | approx_kl=0.0030 | optimizer_steps=4
update=2970 | train_mean_reward=-20.0107 | train_mean_length=16.7930 | policy_loss=0.2780 | entropy=6.2557 | ratio=0.9965 | approx_kl=0.0122 | optimizer_steps=8 | eval_mean_reward=-1.5251 | eval_mean_length=15.7500
update=2971 | train_mean_reward=-20.2122 | train_mean_length=16.7227 | policy_loss=0.3225 | entropy=6.2552 | ratio=0.9982 | approx_kl=0.0088 | optimizer_steps=8
update=2972 | train_mean_reward=-20.2628 | train_mean_length=17.1523 | policy_loss=0.3018 | entropy=6.2545 | ratio=0.9988 | approx_kl=0.0056 | optimizer_steps=8
update=2973 | train_mean_reward=-20.4813 | train_mean_length=17.4961 | policy_loss=0.2961 | entropy=6.2535 | ratio=0.9954 | approx_kl=0.0102 | optimizer_steps=8
update=2974 | train_mean_reward=-19.9847 | train_mean_length=17.1172 | policy_loss=0.2891 | entropy=6.2524 | ratio=1.0024 | approx_kl=0.0049 | optimizer_steps=8
update=2975 | train_mean_reward=-19.3649 | train_mean_length=16.5117 | policy_loss=0.3194 | entropy=6.2515 | ratio=0.9974 | approx_kl=0.0089 | optimizer_steps=8 | eval_mean_reward=5.6051 | eval_mean_length=19.7500
update=2976 | train_mean_reward=-18.1958 | train_mean_length=15.7578 | policy_loss=0.2971 | entropy=6.2510 | ratio=0.9972 | approx_kl=0.0049 | optimizer_steps=4
update=2977 | train_mean_reward=-19.8914 | train_mean_length=16.5000 | policy_loss=0.3147 | entropy=6.2505 | ratio=0.9973 | approx_kl=0.0101 | optimizer_steps=8
update=2978 | train_mean_reward=-20.2331 | train_mean_length=16.4922 | policy_loss=0.3068 | entropy=6.2497 | ratio=0.9938 | approx_kl=0.0130 | optimizer_steps=8
update=2979 | train_mean_reward=-18.7042 | train_mean_length=15.7656 | policy_loss=0.2643 | entropy=6.2494 | ratio=0.9988 | approx_kl=0.0031 | optimizer_steps=4
update=2980 | train_mean_reward=-19.9099 | train_mean_length=16.3477 | policy_loss=0.3279 | entropy=6.2490 | ratio=0.9991 | approx_kl=0.0081 | optimizer_steps=8 | eval_mean_reward=9.9045 | eval_mean_length=34.2500
update=2981 | train_mean_reward=-18.8192 | train_mean_length=15.3359 | policy_loss=0.2562 | entropy=6.2483 | ratio=0.9988 | approx_kl=0.0038 | optimizer_steps=4
update=2982 | train_mean_reward=-18.3295 | train_mean_length=15.0977 | policy_loss=0.2042 | entropy=6.2476 | ratio=0.9982 | approx_kl=0.0053 | optimizer_steps=4
update=2983 | train_mean_reward=-18.4200 | train_mean_length=15.0156 | policy_loss=0.2776 | entropy=6.2466 | ratio=0.9985 | approx_kl=0.0042 | optimizer_steps=4
update=2984 | train_mean_reward=-17.8573 | train_mean_length=14.2500 | policy_loss=0.2573 | entropy=6.2454 | ratio=0.9985 | approx_kl=0.0042 | optimizer_steps=4
update=2985 | train_mean_reward=-19.8101 | train_mean_length=15.4688 | policy_loss=0.3105 | entropy=6.2443 | ratio=0.9986 | approx_kl=0.0043 | optimizer_steps=4 | eval_mean_reward=6.4445 | eval_mean_length=32.1250
update=2986 | train_mean_reward=-19.3319 | train_mean_length=15.9219 | policy_loss=0.3111 | entropy=6.2433 | ratio=0.9967 | approx_kl=0.0068 | optimizer_steps=4
update=2987 | train_mean_reward=-20.0098 | train_mean_length=16.4141 | policy_loss=0.2788 | entropy=6.2422 | ratio=0.9953 | approx_kl=0.0146 | optimizer_steps=8
update=2988 | train_mean_reward=-19.9591 | train_mean_length=16.3242 | policy_loss=0.1992 | entropy=6.2411 | ratio=0.9952 | approx_kl=0.0099 | optimizer_steps=8
update=2989 | train_mean_reward=-20.2244 | train_mean_length=17.2734 | policy_loss=0.2725 | entropy=6.2402 | ratio=0.9978 | approx_kl=0.0085 | optimizer_steps=8
update=2990 | train_mean_reward=-21.0815 | train_mean_length=17.5742 | policy_loss=0.2815 | entropy=6.2391 | ratio=0.9971 | approx_kl=0.0088 | optimizer_steps=8 | eval_mean_reward=2.9906 | eval_mean_length=27.3750
update=2991 | train_mean_reward=-20.2272 | train_mean_length=17.1289 | policy_loss=0.2773 | entropy=6.2380 | ratio=0.9983 | approx_kl=0.0087 | optimizer_steps=8
update=2992 | train_mean_reward=-19.0684 | train_mean_length=15.8047 | policy_loss=0.2390 | entropy=6.2371 | ratio=0.9976 | approx_kl=0.0043 | optimizer_steps=4
update=2993 | train_mean_reward=-18.7207 | train_mean_length=15.8555 | policy_loss=0.2270 | entropy=6.2367 | ratio=0.9982 | approx_kl=0.0057 | optimizer_steps=4
update=2994 | train_mean_reward=-18.6733 | train_mean_length=16.3477 | policy_loss=0.2405 | entropy=6.2360 | ratio=1.0001 | approx_kl=0.0066 | optimizer_steps=8
update=2995 | train_mean_reward=-18.6784 | train_mean_length=15.9805 | policy_loss=0.2103 | entropy=6.2356 | ratio=0.9998 | approx_kl=0.0017 | optimizer_steps=4 | eval_mean_reward=8.6802 | eval_mean_length=23.1250
update=2996 | train_mean_reward=-19.4810 | train_mean_length=16.8867 | policy_loss=0.3041 | entropy=6.2350 | ratio=0.9964 | approx_kl=0.0129 | optimizer_steps=8
update=2997 | train_mean_reward=-20.3068 | train_mean_length=16.7500 | policy_loss=0.2688 | entropy=6.2342 | ratio=0.9982 | approx_kl=0.0078 | optimizer_steps=8
update=2998 | train_mean_reward=-17.7947 | train_mean_length=15.6953 | policy_loss=0.1856 | entropy=6.2330 | ratio=1.0005 | approx_kl=0.0008 | optimizer_steps=4
update=2999 | train_mean_reward=-19.7652 | train_mean_length=16.3320 | policy_loss=0.2585 | entropy=6.2316 | ratio=0.9946 | approx_kl=0.0151 | optimizer_steps=8
update=3000 | train_mean_reward=-18.6735 | train_mean_length=15.9531 | policy_loss=0.2293 | entropy=6.2305 | ratio=0.9986 | approx_kl=0.0031 | optimizer_steps=4 | eval_mean_reward=10.2700 | eval_mean_length=22.2500
update=3001 | train_mean_reward=-19.3603 | train_mean_length=16.0859 | policy_loss=0.3039 | entropy=6.2293 | ratio=1.0005 | approx_kl=0.0120 | optimizer_steps=7 | early_stop=1 | early_stop_kl=0.0613
update=3002 | train_mean_reward=-18.2470 | train_mean_length=15.3828 | policy_loss=0.2313 | entropy=6.2279 | ratio=0.9984 | approx_kl=0.0031 | optimizer_steps=4
update=3003 | train_mean_reward=-18.7131 | train_mean_length=15.6133 | policy_loss=0.2447 | entropy=6.2270 | ratio=1.0006 | approx_kl=0.0030 | optimizer_steps=4
update=3004 | train_mean_reward=-18.9342 | train_mean_length=15.8086 | policy_loss=0.2299 | entropy=6.2261 | ratio=0.9978 | approx_kl=0.0052 | optimizer_steps=4
update=3005 | train_mean_reward=-19.5666 | train_mean_length=16.1875 | policy_loss=0.2571 | entropy=6.2248 | ratio=1.0027 | approx_kl=0.0081 | optimizer_steps=8 | eval_mean_reward=2.1174 | eval_mean_length=29.1875
update=3006 | train_mean_reward=-19.8038 | train_mean_length=16.9688 | policy_loss=0.2575 | entropy=6.2238 | ratio=0.9973 | approx_kl=0.0082 | optimizer_steps=8
update=3007 | train_mean_reward=-19.7638 | train_mean_length=17.1836 | policy_loss=0.2556 | entropy=6.2231 | ratio=1.0004 | approx_kl=0.0053 | optimizer_steps=8
update=3008 | train_mean_reward=-20.8272 | train_mean_length=18.3906 | policy_loss=0.2711 | entropy=6.2220 | ratio=0.9974 | approx_kl=0.0081 | optimizer_steps=8
update=3009 | train_mean_reward=-18.1045 | train_mean_length=16.5234 | policy_loss=0.2011 | entropy=6.2205 | ratio=1.0003 | approx_kl=0.0056 | optimizer_steps=8
update=3010 | train_mean_reward=-20.9283 | train_mean_length=17.4336 | policy_loss=0.2678 | entropy=6.2190 | ratio=0.9998 | approx_kl=0.0059 | optimizer_steps=8 | eval_mean_reward=5.5583 | eval_mean_length=29.3125
update=3011 | train_mean_reward=-19.7898 | train_mean_length=16.8281 | policy_loss=0.2797 | entropy=6.2178 | ratio=0.9982 | approx_kl=0.0070 | optimizer_steps=8
update=3012 | train_mean_reward=-21.1812 | train_mean_length=18.5898 | policy_loss=0.2516 | entropy=6.2169 | ratio=0.9988 | approx_kl=0.0068 | optimizer_steps=8
update=3013 | train_mean_reward=-20.5981 | train_mean_length=17.5820 | policy_loss=0.2907 | entropy=6.2154 | ratio=0.9978 | approx_kl=0.0069 | optimizer_steps=8
update=3014 | train_mean_reward=-22.1200 | train_mean_length=18.6875 | policy_loss=0.3112 | entropy=6.2140 | ratio=0.9980 | approx_kl=0.0075 | optimizer_steps=8
update=3015 | train_mean_reward=-20.5107 | train_mean_length=17.7812 | policy_loss=0.3020 | entropy=6.2130 | ratio=0.9954 | approx_kl=0.0108 | optimizer_steps=8 | eval_mean_reward=8.2527 | eval_mean_length=33.6875
update=3016 | train_mean_reward=-20.9542 | train_mean_length=17.8125 | policy_loss=0.2537 | entropy=6.2122 | ratio=1.0028 | approx_kl=0.0041 | optimizer_steps=8
update=3017 | train_mean_reward=-19.5299 | train_mean_length=17.3516 | policy_loss=0.2492 | entropy=6.2113 | ratio=1.0008 | approx_kl=0.0065 | optimizer_steps=8
update=3018 | train_mean_reward=-20.3210 | train_mean_length=17.7188 | policy_loss=0.2976 | entropy=6.2106 | ratio=0.9979 | approx_kl=0.0085 | optimizer_steps=8
update=3019 | train_mean_reward=-21.2747 | train_mean_length=17.7227 | policy_loss=0.2717 | entropy=6.2096 | ratio=0.9986 | approx_kl=0.0080 | optimizer_steps=8
update=3020 | train_mean_reward=-20.5926 | train_mean_length=17.5664 | policy_loss=0.2626 | entropy=6.2082 | ratio=0.9998 | approx_kl=0.0056 | optimizer_steps=8 | eval_mean_reward=6.5510 | eval_mean_length=32.0000
update=3021 | train_mean_reward=-20.1640 | train_mean_length=17.3789 | policy_loss=0.2504 | entropy=6.2069 | ratio=0.9978 | approx_kl=0.0088 | optimizer_steps=8
update=3022 | train_mean_reward=-19.8545 | train_mean_length=16.9375 | policy_loss=0.2259 | entropy=6.2057 | ratio=0.9992 | approx_kl=0.0061 | optimizer_steps=8
update=3023 | train_mean_reward=-20.2685 | train_mean_length=17.1211 | policy_loss=0.2830 | entropy=6.2046 | ratio=0.9968 | approx_kl=0.0099 | optimizer_steps=8
update=3024 | train_mean_reward=-20.4666 | train_mean_length=16.8516 | policy_loss=0.2786 | entropy=6.2036 | ratio=1.0015 | approx_kl=0.0048 | optimizer_steps=8
update=3025 | train_mean_reward=-20.8256 | train_mean_length=17.6602 | policy_loss=0.2808 | entropy=6.2023 | ratio=0.9995 | approx_kl=0.0070 | optimizer_steps=8 | eval_mean_reward=11.9088 | eval_mean_length=36.7500
update=3026 | train_mean_reward=-20.2941 | train_mean_length=17.1914 | policy_loss=0.3037 | entropy=6.2012 | ratio=0.9937 | approx_kl=0.0123 | optimizer_steps=8
update=3027 | train_mean_reward=-20.3338 | train_mean_length=17.2070 | policy_loss=0.2809 | entropy=6.2002 | ratio=0.9987 | approx_kl=0.0060 | optimizer_steps=8
update=3028 | train_mean_reward=-20.2638 | train_mean_length=16.8711 | policy_loss=0.2737 | entropy=6.1991 | ratio=0.9975 | approx_kl=0.0078 | optimizer_steps=8
update=3029 | train_mean_reward=-20.1489 | train_mean_length=16.8008 | policy_loss=0.2415 | entropy=6.1979 | ratio=0.9984 | approx_kl=0.0073 | optimizer_steps=8
update=3030 | train_mean_reward=-19.4707 | train_mean_length=16.5234 | policy_loss=0.2132 | entropy=6.1971 | ratio=1.0008 | approx_kl=0.0064 | optimizer_steps=8 | eval_mean_reward=13.8003 | eval_mean_length=38.4375
update=3031 | train_mean_reward=-19.3230 | train_mean_length=16.7695 | policy_loss=0.2503 | entropy=6.1962 | ratio=0.9973 | approx_kl=0.0094 | optimizer_steps=8
update=3032 | train_mean_reward=-20.6228 | train_mean_length=17.8203 | policy_loss=0.2900 | entropy=6.1953 | ratio=0.9986 | approx_kl=0.0108 | optimizer_steps=8
update=3033 | train_mean_reward=-20.1518 | train_mean_length=17.4219 | policy_loss=0.2542 | entropy=6.1943 | ratio=0.9989 | approx_kl=0.0075 | optimizer_steps=8
update=3034 | train_mean_reward=-20.2878 | train_mean_length=17.8594 | policy_loss=0.2594 | entropy=6.1928 | ratio=0.9980 | approx_kl=0.0091 | optimizer_steps=8
update=3035 | train_mean_reward=-20.5129 | train_mean_length=17.4883 | policy_loss=0.2959 | entropy=6.1915 | ratio=0.9982 | approx_kl=0.0104 | optimizer_steps=8 | eval_mean_reward=25.9053 | eval_mean_length=51.5625
update=3036 | train_mean_reward=-21.0227 | train_mean_length=17.7148 | policy_loss=0.2611 | entropy=6.1906 | ratio=0.9968 | approx_kl=0.0083 | optimizer_steps=8
update=3037 | train_mean_reward=-20.4874 | train_mean_length=17.3320 | policy_loss=0.2725 | entropy=6.1895 | ratio=0.9993 | approx_kl=0.0057 | optimizer_steps=8
update=3038 | train_mean_reward=-22.0141 | train_mean_length=18.1602 | policy_loss=0.2495 | entropy=6.1881 | ratio=1.0003 | approx_kl=0.0072 | optimizer_steps=8
update=3039 | train_mean_reward=-19.6017 | train_mean_length=17.7734 | policy_loss=0.2579 | entropy=6.1868 | ratio=0.9954 | approx_kl=0.0102 | optimizer_steps=8
update=3040 | train_mean_reward=-20.4506 | train_mean_length=17.7344 | policy_loss=0.2516 | entropy=6.1856 | ratio=0.9981 | approx_kl=0.0074 | optimizer_steps=8 | eval_mean_reward=23.8497 | eval_mean_length=46.8125
update=3041 | train_mean_reward=-20.4904 | train_mean_length=17.8477 | policy_loss=0.2577 | entropy=6.1846 | ratio=0.9973 | approx_kl=0.0091 | optimizer_steps=8
update=3042 | train_mean_reward=-20.1736 | train_mean_length=17.7656 | policy_loss=0.2573 | entropy=6.1836 | ratio=0.9988 | approx_kl=0.0057 | optimizer_steps=8
update=3043 | train_mean_reward=-20.0656 | train_mean_length=16.9375 | policy_loss=0.1824 | entropy=6.1829 | ratio=0.9997 | approx_kl=0.0064 | optimizer_steps=8
update=3044 | train_mean_reward=-19.6456 | train_mean_length=17.5859 | policy_loss=0.2533 | entropy=6.1822 | ratio=0.9989 | approx_kl=0.0068 | optimizer_steps=8
update=3045 | train_mean_reward=-19.9632 | train_mean_length=16.6133 | policy_loss=0.2631 | entropy=6.1812 | ratio=1.0022 | approx_kl=0.0033 | optimizer_steps=8 | eval_mean_reward=19.1469 | eval_mean_length=38.0625
update=3046 | train_mean_reward=-19.8723 | train_mean_length=17.1094 | policy_loss=0.1915 | entropy=6.1800 | ratio=0.9996 | approx_kl=0.0069 | optimizer_steps=8
update=3047 | train_mean_reward=-19.2764 | train_mean_length=17.2344 | policy_loss=0.2662 | entropy=6.1783 | ratio=0.9992 | approx_kl=0.0071 | optimizer_steps=8
update=3048 | train_mean_reward=-20.1827 | train_mean_length=17.0430 | policy_loss=0.2411 | entropy=6.1768 | ratio=1.0001 | approx_kl=0.0047 | optimizer_steps=8
update=3049 | train_mean_reward=-18.6894 | train_mean_length=16.4805 | policy_loss=0.1861 | entropy=6.1755 | ratio=1.0030 | approx_kl=0.0020 | optimizer_steps=8
update=3050 | train_mean_reward=-19.7066 | train_mean_length=16.9883 | policy_loss=0.2699 | entropy=6.1741 | ratio=0.9990 | approx_kl=0.0060 | optimizer_steps=8 | eval_mean_reward=24.3833 | eval_mean_length=49.4375
update=3051 | train_mean_reward=-21.1597 | train_mean_length=17.8945 | policy_loss=0.2833 | entropy=6.1732 | ratio=1.0017 | approx_kl=0.0060 | optimizer_steps=8
update=3052 | train_mean_reward=-21.0443 | train_mean_length=17.6992 | policy_loss=0.2559 | entropy=6.1726 | ratio=1.0014 | approx_kl=0.0050 | optimizer_steps=8
update=3053 | train_mean_reward=-20.2897 | train_mean_length=17.7383 | policy_loss=0.2544 | entropy=6.1719 | ratio=0.9996 | approx_kl=0.0077 | optimizer_steps=8
update=3054 | train_mean_reward=-19.9848 | train_mean_length=17.7422 | policy_loss=0.2459 | entropy=6.1711 | ratio=0.9974 | approx_kl=0.0087 | optimizer_steps=8
update=3055 | train_mean_reward=-20.0104 | train_mean_length=17.9766 | policy_loss=0.2410 | entropy=6.1699 | ratio=0.9985 | approx_kl=0.0066 | optimizer_steps=8 | eval_mean_reward=8.7958 | eval_mean_length=31.9375
update=3056 | train_mean_reward=-19.7098 | train_mean_length=17.3359 | policy_loss=0.2517 | entropy=6.1685 | ratio=0.9987 | approx_kl=0.0063 | optimizer_steps=8
update=3057 | train_mean_reward=-21.9477 | train_mean_length=18.9492 | policy_loss=0.2469 | entropy=6.1670 | ratio=0.9955 | approx_kl=0.0098 | optimizer_steps=8
update=3058 | train_mean_reward=-20.4801 | train_mean_length=18.1641 | policy_loss=0.2257 | entropy=6.1656 | ratio=0.9966 | approx_kl=0.0090 | optimizer_steps=8
update=3059 | train_mean_reward=-19.6106 | train_mean_length=17.2578 | policy_loss=0.2444 | entropy=6.1648 | ratio=0.9992 | approx_kl=0.0079 | optimizer_steps=8
update=3060 | train_mean_reward=-20.2966 | train_mean_length=17.8320 | policy_loss=0.2916 | entropy=6.1636 | ratio=0.9962 | approx_kl=0.0097 | optimizer_steps=8 | eval_mean_reward=7.9415 | eval_mean_length=31.6250
update=3061 | train_mean_reward=-20.4027 | train_mean_length=17.6367 | policy_loss=0.2423 | entropy=6.1626 | ratio=0.9974 | approx_kl=0.0085 | optimizer_steps=8
update=3062 | train_mean_reward=-21.1437 | train_mean_length=18.7500 | policy_loss=0.2608 | entropy=6.1618 | ratio=0.9972 | approx_kl=0.0090 | optimizer_steps=8
update=3063 | train_mean_reward=-19.6241 | train_mean_length=17.0195 | policy_loss=0.2854 | entropy=6.1614 | ratio=0.9987 | approx_kl=0.0075 | optimizer_steps=8
update=3064 | train_mean_reward=-20.8466 | train_mean_length=18.0234 | policy_loss=0.3157 | entropy=6.1608 | ratio=0.9978 | approx_kl=0.0091 | optimizer_steps=8
update=3065 | train_mean_reward=-20.4912 | train_mean_length=17.7773 | policy_loss=0.2629 | entropy=6.1602 | ratio=0.9974 | approx_kl=0.0076 | optimizer_steps=8 | eval_mean_reward=7.7325 | eval_mean_length=32.5625
update=3066 | train_mean_reward=-19.4932 | train_mean_length=16.8008 | policy_loss=0.2759 | entropy=6.1596 | ratio=0.9980 | approx_kl=0.0074 | optimizer_steps=8
update=3067 | train_mean_reward=-20.7081 | train_mean_length=18.1406 | policy_loss=0.2470 | entropy=6.1589 | ratio=0.9982 | approx_kl=0.0086 | optimizer_steps=8
update=3068 | train_mean_reward=-19.7866 | train_mean_length=16.5195 | policy_loss=0.2028 | entropy=6.1580 | ratio=0.9969 | approx_kl=0.0098 | optimizer_steps=8
update=3069 | train_mean_reward=-19.2348 | train_mean_length=16.8867 | policy_loss=0.2547 | entropy=6.1568 | ratio=1.0019 | approx_kl=0.0043 | optimizer_steps=8
update=3070 | train_mean_reward=-20.0834 | train_mean_length=17.1250 | policy_loss=0.2511 | entropy=6.1559 | ratio=0.9970 | approx_kl=0.0089 | optimizer_steps=8 | eval_mean_reward=8.5030 | eval_mean_length=30.0000
update=3071 | train_mean_reward=-19.9181 | train_mean_length=17.2500 | policy_loss=0.2550 | entropy=6.1550 | ratio=0.9971 | approx_kl=0.0084 | optimizer_steps=8
update=3072 | train_mean_reward=-18.0823 | train_mean_length=16.3438 | policy_loss=0.2823 | entropy=6.1538 | ratio=1.0020 | approx_kl=0.0035 | optimizer_steps=8
update=3073 | train_mean_reward=-19.1339 | train_mean_length=16.7500 | policy_loss=0.2908 | entropy=6.1522 | ratio=0.9959 | approx_kl=0.0096 | optimizer_steps=8
update=3074 | train_mean_reward=-19.0130 | train_mean_length=16.7969 | policy_loss=0.2348 | entropy=6.1506 | ratio=0.9967 | approx_kl=0.0090 | optimizer_steps=8
update=3075 | train_mean_reward=-20.6926 | train_mean_length=17.4922 | policy_loss=0.2423 | entropy=6.1489 | ratio=1.0013 | approx_kl=0.0044 | optimizer_steps=8 | eval_mean_reward=4.8160 | eval_mean_length=27.4375
update=3076 | train_mean_reward=-21.1606 | train_mean_length=17.8164 | policy_loss=0.2282 | entropy=6.1470 | ratio=0.9986 | approx_kl=0.0079 | optimizer_steps=8
update=3077 | train_mean_reward=-18.7652 | train_mean_length=16.8008 | policy_loss=0.2293 | entropy=6.1452 | ratio=0.9957 | approx_kl=0.0125 | optimizer_steps=8
update=3078 | train_mean_reward=-19.7305 | train_mean_length=17.3984 | policy_loss=0.2760 | entropy=6.1443 | ratio=1.0006 | approx_kl=0.0053 | optimizer_steps=8
update=3079 | train_mean_reward=-19.5516 | train_mean_length=17.6016 | policy_loss=0.2801 | entropy=6.1435 | ratio=0.9986 | approx_kl=0.0072 | optimizer_steps=8
update=3080 | train_mean_reward=-19.0577 | train_mean_length=17.0859 | policy_loss=0.2473 | entropy=6.1426 | ratio=0.9956 | approx_kl=0.0116 | optimizer_steps=8 | eval_mean_reward=3.0747 | eval_mean_length=27.6875
update=3081 | train_mean_reward=-19.7789 | train_mean_length=17.9258 | policy_loss=0.2327 | entropy=6.1418 | ratio=1.0004 | approx_kl=0.0058 | optimizer_steps=8
update=3082 | train_mean_reward=-20.4816 | train_mean_length=17.9102 | policy_loss=0.2350 | entropy=6.1406 | ratio=0.9991 | approx_kl=0.0085 | optimizer_steps=8
update=3083 | train_mean_reward=-20.5631 | train_mean_length=17.8945 | policy_loss=0.2958 | entropy=6.1395 | ratio=0.9968 | approx_kl=0.0099 | optimizer_steps=8
update=3084 | train_mean_reward=-18.7420 | train_mean_length=17.0078 | policy_loss=0.2578 | entropy=6.1385 | ratio=1.0015 | approx_kl=0.0051 | optimizer_steps=8
update=3085 | train_mean_reward=-20.2828 | train_mean_length=18.4141 | policy_loss=0.2985 | entropy=6.1373 | ratio=0.9985 | approx_kl=0.0100 | optimizer_steps=8 | eval_mean_reward=2.0171 | eval_mean_length=25.1875
update=3086 | train_mean_reward=-20.6771 | train_mean_length=17.9570 | policy_loss=0.2644 | entropy=6.1362 | ratio=0.9973 | approx_kl=0.0091 | optimizer_steps=8
update=3087 | train_mean_reward=-19.8951 | train_mean_length=17.1172 | policy_loss=0.2629 | entropy=6.1351 | ratio=0.9989 | approx_kl=0.0083 | optimizer_steps=8
update=3088 | train_mean_reward=-19.6826 | train_mean_length=16.8320 | policy_loss=0.2713 | entropy=6.1343 | ratio=0.9977 | approx_kl=0.0089 | optimizer_steps=8
update=3089 | train_mean_reward=-19.8865 | train_mean_length=17.4492 | policy_loss=0.2503 | entropy=6.1335 | ratio=0.9962 | approx_kl=0.0095 | optimizer_steps=8
update=3090 | train_mean_reward=-20.6142 | train_mean_length=17.7383 | policy_loss=0.2758 | entropy=6.1328 | ratio=0.9992 | approx_kl=0.0062 | optimizer_steps=8 | eval_mean_reward=-0.6556 | eval_mean_length=23.6875
update=3091 | train_mean_reward=-20.1652 | train_mean_length=17.8633 | policy_loss=0.2519 | entropy=6.1320 | ratio=0.9986 | approx_kl=0.0087 | optimizer_steps=8
update=3092 | train_mean_reward=-19.5012 | train_mean_length=17.1211 | policy_loss=0.2481 | entropy=6.1307 | ratio=0.9981 | approx_kl=0.0072 | optimizer_steps=8
update=3093 | train_mean_reward=-19.6246 | train_mean_length=16.9375 | policy_loss=0.2393 | entropy=6.1295 | ratio=1.0027 | approx_kl=0.0049 | optimizer_steps=8
update=3094 | train_mean_reward=-20.0270 | train_mean_length=17.1406 | policy_loss=0.2582 | entropy=6.1282 | ratio=1.0003 | approx_kl=0.0051 | optimizer_steps=8
