 update  stage  train_len  eval_len  in_zone    r_rel  vloss_rel       kl  best
-------------------------------------------------------------------------------
   3845      1     155.53    192.25    0.363  +0.0200     0.0178   0.0305  
   3846      1     159.33              0.362  +0.0200     0.0121   0.0516  
   3847      1     152.97              0.378  +0.0210     0.0103   0.0748  
   3848      1     151.85              0.352  +0.0220     0.0088   0.0972  
   3849      1     152.88              0.315  +0.0230     0.0085   0.0559  
   3850      1     157.07    166.88    0.255  +0.0250     0.0081   0.0315  
   3851      1     158.44              0.191  +0.0260     0.0070   0.0286  
   3852      1     165.54              0.155  +0.0270     0.0081   0.0461  
   3853      1     176.26              0.108  +0.0280     0.0059   0.1017  
   3854      1     185.53              0.059  +0.0280     0.0054   0.1700  
   3855      1     184.12    198.31    0.057  +0.0270     0.0052   0.0976  
-------------------------------------------------------------------------------
   3856      2     175.21              0.069  +0.0250     0.0059   0.0409  
   3857      2     166.28              0.087  +0.0250     0.0045   0.0361  
   3858      2     166.67              0.085  +0.0250     0.0040   0.0581  
   3859      2     175.35              0.065  +0.0270     0.0064   0.0999  
   3860      2     181.67    200.00    0.043  +0.0300     0.0047   0.0429  
   3861      2     182.59              0.028  +0.0310     0.0048   0.0302  
   3862      2     182.80              0.034  +0.0310     0.0044   0.0539  
   3863      2     183.72              0.038  +0.0310     0.0039   0.0626  
   3864      2     182.77              0.044  +0.0300     0.0033   0.0405  
   3865      2     182.23    200.00    0.042  +0.0290     0.0034   0.0625  
   3866      2     181.24              0.050  +0.0290     0.0033   0.0790  
   3867      2     177.77              0.051  +0.0290     0.0029   0.0673  
   3868      2     175.10              0.061  +0.0290     0.0029   0.0749  
   3869      2     172.28              0.077  +0.0290     0.0027   0.0573  
   3870      2     173.17    200.00    0.075  +0.0290     0.0027   0.0657  
   3871      2     175.70              0.064  +0.0280     0.0026   0.1227  
   3872      2     177.32              0.066  +0.0260     0.0023   0.1389  
   3873      2     165.77              0.094  +0.0250     0.0024   0.0539  
   3874      2     156.26              0.111  +0.0240     0.0023   0.0318  
   3875      2     159.53    200.00    0.084  +0.0250     0.0021   0.0362  
   3876      2     169.96              0.068  +0.0250     0.0020   0.0736  
   3877      2     180.25              0.036  +0.0270     0.0021   0.0547  
   3878      2     178.38              0.044  +0.0280     0.0024   0.0997  
   3879      2     169.17              0.067  +0.0290     0.0025   0.1025  
   3880      2     157.46    145.38    0.086  +0.0290     0.0028   0.0650  
-------------------------------------------------------------------------------
   3881      1     155.13              0.098  +0.0290     0.0029   0.0756  
   3882      1     159.23              0.091  +0.0300     0.0028   0.1002  
   3883      1     163.29              0.088  +0.0310     0.0031   0.0984  
   3884      1     168.00              0.077  +0.0320     0.0033   0.0783  
   3885      1     176.01    199.06    0.063  +0.0340     0.0034   0.0758  
-------------------------------------------------------------------------------
   3886      2     167.70              0.069  +0.0340     0.0038   0.0585  
   3887      2     158.87              0.078  +0.0320     0.0035   0.0505  
   3888      2     151.00              0.095  +0.0320     0.0034   0.0478  
   3889      2     153.62              0.092  +0.0330     0.0038   0.0555  
   3890      2     158.12    200.00    0.063  +0.0340     0.0034   0.0707  
   3891      2     169.15              0.043  +0.0350     0.0037   0.0568  
   3892      2     173.33              0.028  +0.0350     0.0036   0.0955  
   3893      2     179.13              0.023  +0.0350     0.0035   0.0710  
   3894      2     173.07              0.022  +0.0350     0.0035   0.0513  
   3895      2     174.38    200.00    0.023  +0.0340     0.0034   0.0439  
   3896      2     182.53              0.022  +0.0330     0.0029   0.0426  
   3897      2     184.04              0.021  +0.0320     0.0028   0.0630  
   3898      2     186.45              0.011  +0.0320     0.0027   0.0569  
   3899      2     188.65              0.016  +0.0310     0.0025   0.0519  
   3900      2     187.95    200.00    0.014  +0.0300     0.0025   0.0470  
   3901      2     182.58              0.035  +0.0280     0.0029   0.0603  
   3902      2     171.20              0.058  +0.0260     0.0023   0.0509  
   3903      2     163.82              0.082  +0.0250     0.0025   0.0556  
   3904      2     162.31              0.094  +0.0250     0.0028   0.0723  
   3905      2     164.53    200.00    0.090  +0.0260     0.0023   0.1148  
   3906      2     161.71              0.068  +0.0270     0.0027   0.0511  
   3907      2     155.13              0.073  +0.0280     0.0029   0.0256  
   3908      2     155.93              0.071  +0.0270     0.0034   0.0482  
   3909      2     163.98              0.088  +0.0250     0.0025   0.0698  
   3910      2     164.71    200.00    0.095  +0.0240     0.0025   0.0913  
   3911      2     159.04              0.101  +0.0230     0.0028   0.0735  
   3912      2     153.73              0.112  +0.0220     0.0028   0.0584  
   3913      2     157.76              0.095  +0.0230     0.0024   0.0515  
   3914      2     168.94              0.112  +0.0230     0.0019   0.0674  
   3915      2     176.41    200.00    0.089  +0.0230     0.0017   0.1492  
   3916      2     167.18              0.107  +0.0240     0.0019   0.1101  
   3917      2     137.27              0.154  +0.0240     0.0024   0.0382  
   3918      2     124.14              0.211  +0.0240     0.0026   0.0326  
   3919      2     134.62              0.218  +0.0240     0.0024   0.0743  
   3920      2     157.33    193.69    0.225  +0.0240     0.0021   0.1233  
-------------------------------------------------------------------------------
   3921      1     168.49              0.261  +0.0230     0.0018   0.0932  
   3922      1     163.76              0.291  +0.0210     0.0017   0.1061  
   3923      1     155.10              0.362  +0.0190     0.0017   0.0516  
   3924      1     145.40              0.479  +0.0180     0.0018   0.0278  
   3925      1     135.70    120.38    0.575  +0.0170     0.0017   0.0364  
   3926      1     134.53              0.675  +0.0170     0.0016   0.0432  
   3927      1     139.36              0.667  +0.0170     0.0015   0.0583  
   3928      1     151.54              0.559  +0.0190     0.0015   0.0812  
   3929      1     172.04              0.350  +0.0210     0.0013   0.0432  
   3930      1     177.67    200.00    0.243  +0.0220     0.0013   0.0391  
-------------------------------------------------------------------------------
   3931      2     180.37              0.175  +0.0230     0.0014   0.0402  
   3932      2     179.28              0.133  +0.0250     0.0015   0.0447  
   3933      2     177.49              0.151  +0.0260     0.0017   0.0949  
   3934      2     165.51              0.162  +0.0280     0.0023   0.0640  
   3935      2     162.15    200.00    0.203  +0.0280     0.0024   0.0826  
   3936      2     167.73              0.176  +0.0280     0.0022   0.0775  
   3937      2     169.73              0.157  +0.0280     0.0019   0.0898  
   3938      2     161.63              0.188  +0.0270     0.0020   0.0584  
   3939      2     156.62              0.199  +0.0270     0.0022   0.0461  
   3940      2     168.19    200.00    0.168  +0.0280     0.0020   0.0637  
   3941      2     176.94              0.123  +0.0270     0.0016   0.0807  
   3942      2     181.76              0.125  +0.0260     0.0013   0.1354  
   3943      2     176.76              0.166  +0.0240     0.0012   0.0966  
   3944      2     171.28              0.207  +0.0230     0.0012   0.0509  
   3945      2     170.11    200.00    0.206  +0.0220     0.0012   0.0391  
   3946      2     172.63              0.202  +0.0220     0.0011   0.0643  
   3947      2     176.31              0.199  +0.0220     0.0011   0.0774  
   3948      2     179.46              0.169  +0.0230     0.0012   0.0666  
   3949      2     182.08              0.150  +0.0230     0.0014   0.0727  
   3950      2     179.91    198.25    0.136  +0.0240     0.0015   0.0806  
   3951      2     176.74              0.144  +0.0240     0.0015   0.0496  
   3952      2     176.06              0.169  +0.0240     0.0014   0.0393  
   3953      2     179.13              0.148  +0.0240     0.0013   0.0346  
   3954      2     176.88              0.157  +0.0240     0.0015   0.0443  
   3955      2     172.42    180.56    0.157  +0.0240     0.0015   0.0616  
-------------------------------------------------------------------------------
   3956      1     162.11              0.211  +0.0230     0.0016   0.0395  
   3957      1     153.85              0.221  +0.0230     0.0016   0.0493  
   3958      1     152.91              0.215  +0.0240     0.0019   0.0929  
   3959      1     156.36              0.194  +0.0260     0.0020   0.0858  
   3960      1     152.20    173.12    0.177  +0.0280     0.0026   0.0416  
   3961      1     151.60              0.164  +0.0280     0.0025   0.0565  
   3962      1     163.39              0.147  +0.0290     0.0023   0.0881  
   3963      1     172.03              0.125  +0.0290     0.0021   0.0972  
   3964      1     175.57              0.119  +0.0290     0.0019   0.1304  
   3965      1     169.94    200.00    0.129  +0.0280     0.0017   0.1447  
-------------------------------------------------------------------------------
   3966      2     171.82              0.118  +0.0270     0.0017   0.1279  
   3967      2     162.17              0.120  +0.0250     0.0018   0.0558  
   3968      2     157.37              0.124  +0.0240     0.0017   0.0329  
   3969      2     158.97              0.127  +0.0250     0.0016   0.0571  
   3970      2     163.50    200.00    0.134  +0.0250     0.0014   0.0728  
   3971      2     165.21              0.159  +0.0260     0.0014   0.0824  
   3972      2     163.04              0.180  +0.0260     0.0016   0.0608  
   3973      2     165.52              0.140  +0.0270     0.0018   0.0403  
   3974      2     174.80              0.105  +0.0270     0.0018   0.0831  
   3975      2     178.13    200.00    0.102  +0.0270     0.0016   0.0984  
   3976      2     178.27              0.125  +0.0260     0.0015   0.0763  
   3977      2     180.97              0.130  +0.0250     0.0013   0.0804  
   3978      2     178.14              0.128  +0.0230     0.0013   0.0457  
   3979      2     175.52              0.115  +0.0230     0.0013   0.0528  
   3980      2     170.42    183.81    0.126  +0.0230     0.0014   0.0678  
-------------------------------------------------------------------------------
   3981      1     167.14              0.179  +0.0230     0.0013   0.1187  
   3982      1     161.03              0.245  +0.0240     0.0015   0.1162  
   3983      1     154.17              0.290  +0.0230     0.0015   0.0487  
   3984      1     151.75              0.282  +0.0240     0.0016   0.0548  
   3985      1     151.93    176.19    0.333  +0.0240     0.0015   0.0631  
   3986      1     146.75              0.395  +0.0240     0.0017   0.0502  
   3987      1     141.84              0.451  +0.0230     0.0019   0.0316  
   3988      1     136.67              0.495  +0.0230     0.0019   0.0398  
   3989      1     130.29              0.586  +0.0220     0.0019   0.0472  
   3990      1     128.92    103.88    0.603  +0.0210     0.0017   0.0483  
   3991      1     132.77              0.560  +0.0210     0.0016   0.0558  
   3992      1     141.70              0.413  +0.0210     0.0017   0.0377  
   3993      1     146.66              0.359  +0.0230     0.0018   0.0482  
   3994      1     149.00              0.297  +0.0240     0.0019   0.0766  
   3995      1     157.61    169.25    0.225  +0.0250     0.0018   0.0857  
   3996      1     162.34              0.191  +0.0270     0.0018   0.0536  
   3997      1     160.42              0.171  +0.0270     0.0019   0.0653  
   3998      1     159.75              0.167  +0.0280     0.0019   0.0349  
   3999      1     158.26              0.173  +0.0280     0.0018   0.0334  
   4000      1     158.04    190.94    0.198  +0.0270     0.0017   0.0455  
   4001      1     160.24              0.195  +0.0270     0.0017   0.0641  
   4002      1     163.35              0.162  +0.0270     0.0017   0.1154  
   4003      1     164.64              0.121  +0.0260     0.0019   0.0599  
   4004      1     164.71              0.094  +0.0250     0.0018   0.0291  
   4005      1     167.76    198.94    0.084  +0.0250     0.0018   0.0293  
-------------------------------------------------------------------------------
   4006      2     175.67              0.089  +0.0260     0.0018   0.0476  
   4007      2     178.48              0.102  +0.0280     0.0017   0.0496  
   4008      2     175.37              0.098  +0.0290     0.0019   0.0263  
   4009      2     172.62              0.106  +0.0290     0.0020   0.0323  
   4010      2     170.95    200.00    0.113  +0.0290     0.0018   0.0411  
   4011      2     173.13              0.098  +0.0290     0.0019   0.0398  
   4012      2     173.37              0.100  +0.0280     0.0020   0.0657  
   4013      2     173.22              0.092  +0.0280     0.0022   0.0534  
   4014      2     173.42              0.090  +0.0270     0.0023   0.0488  
   4015      2     172.29    188.12    0.097  +0.0270     0.0020   0.0531  
-------------------------------------------------------------------------------
   4016      1     170.49              0.099  +0.0280     0.0022   0.0527  
   4017      1     165.84              0.099  +0.0300     0.0026   0.0773  
   4018      1     155.81              0.095  +0.0320     0.0033   0.0866  
   4019      1     150.05              0.076  +0.0330     0.0038   0.0712  
   4020      1     150.88    168.25    0.067  +0.0340     0.0039   0.0822  
   4021      1     152.12              0.078  +0.0340     0.0035   0.0537  
   4022      1     151.22              0.085  +0.0340     0.0033   0.0627  
   4023      1     141.96              0.121  +0.0310     0.0027   0.0298  
   4024      1     133.81              0.141  +0.0290     0.0025   0.0344  
   4025      1     138.28    186.12    0.128  +0.0290     0.0028   0.0373  
   4026      1     140.49              0.122  +0.0290     0.0028   0.0950  
   4027      1     140.79              0.106  +0.0280     0.0022   0.1019  
   4028      1     154.99              0.108  +0.0290     0.0023   0.1309  
   4029      1     163.27              0.108  +0.0290     0.0022   0.0858  
   4030      1     168.34    193.12    0.116  +0.0280     0.0021   0.0492  
   4031      1     169.97              0.100  +0.0290     0.0021   0.0474  
   4032      1     172.31              0.083  +0.0300     0.0021   0.1118  
   4033      1     167.93              0.062  +0.0310     0.0024   0.0886  
   4034      1     162.29              0.051  +0.0320     0.0026   0.0682  
   4035      1     161.27    190.31    0.034  +0.0340     0.0027   0.0747  
   4036      1     167.77              0.034  +0.0350     0.0029   0.0954  
   4037      1     167.30              0.029  +0.0350     0.0031   0.1144  
   4038      1     163.35              0.040  +0.0330     0.0031   0.0897  
   4039      1     142.70              0.048  +0.0290     0.0024   0.0675  
   4040      1     127.50    188.12    0.032  +0.0270     0.0020   0.0573  
   4041      1     139.00              0.032  +0.0270     0.0019   0.0461  
   4042      1     164.08              0.034  +0.0290     0.0022   0.0683  
   4043      1     184.30              0.031  +0.0310     0.0023   0.0769  
   4044      1     184.94              0.035  +0.0300     0.0020   0.0735  
   4045      1     181.37    200.00    0.052  +0.0280     0.0018   0.0609  
-------------------------------------------------------------------------------
   4046      2     171.50              0.150  +0.0270     0.0017   0.0525  
   4047      2     167.72              0.282  +0.0240     0.0015   0.0598  
   4048      2     162.64              0.433  +0.0220     0.0014   0.0495  
   4049      2     157.52              0.526  +0.0200     0.0013   0.0617  
   4050      2     159.81    191.31    0.519  +0.0190     0.0013   0.0517  
-------------------------------------------------------------------------------
   4051      1     160.32              0.410  +0.0190     0.0017   0.0418  
   4052      1     156.50              0.326  +0.0200     0.0016   0.0692  
   4053      1     158.80              0.330  +0.0210     0.0016   0.0380  
   4054      1     155.94              0.304  +0.0210     0.0016   0.0412  
   4055      1     158.68    200.00    0.251  +0.0220     0.0016   0.0499  
-------------------------------------------------------------------------------
   4056      2     161.40              0.226  +0.0220     0.0016   0.0358  
   4057      2     164.51              0.293  +0.0230     0.0015   0.0465  
   4058      2     156.66              0.429  +0.0240     0.0015   0.0606  
   4059      2     145.66              0.583  +0.0240     0.0015   0.0505  
   4060      2     131.91    117.50    0.669  +0.0240     0.0017   0.0660  
-------------------------------------------------------------------------------
   4061      1     118.82              0.711  +0.0240     0.0019   0.0532  
   4062      1     108.08              0.763  +0.0230     0.0021   0.0597  
   4063      1     112.24              0.755  +0.0240     0.0019   0.0792  
   4064      1     110.56              0.796  +0.0220     0.0017   0.0759  
   4065      1     104.36              0.865  +0.0210     0.0016   0.0859  
   4066      1     105.06              0.888  +0.0190     0.0016   0.0735  
   4067      1     105.14              0.911  +0.0180     0.0015   0.0741  
   4068      1     106.39              0.911  +0.0170     0.0015   0.1101  
   4069      1     110.69              0.899  +0.0160     0.0015   0.0876  
   4070      1     113.09    108.75    0.873  +0.0160     0.0017   0.1136  
   4071      1     124.85              0.749  +0.0170     0.0015   0.0926  
   4072      1     128.06              0.699  +0.0180     0.0016   0.0871  
   4073      1     133.24              0.602  +0.0190     0.0017   0.0863  
   4074      1     132.85              0.583  +0.0220     0.0016   0.1115  
   4075      1     128.63    176.25    0.585  +0.0230     0.0016   0.0557  
   4076      1     120.36              0.550  +0.0240     0.0016   0.0434  
   4077      1     127.17              0.441  +0.0260     0.0018   0.0441  
   4078      1     132.65              0.398  +0.0270     0.0021   0.0553  
   4079      1     138.26              0.334  +0.0290     0.0024   0.0414  
   4080      1     137.18    149.56    0.291  +0.0300     0.0029   0.0586  
   4081      1     140.08              0.293  +0.0300     0.0028   0.0414  
   4082      1     140.74              0.305  +0.0300     0.0028   0.0332  
   4083      1     143.61              0.283  +0.0300     0.0029   0.0434  
   4084      1     141.93              0.257  +0.0310     0.0031   0.0408  
   4085      1     140.80    166.50    0.197  +0.0320     0.0033   0.0465  
   4086      1     134.88              0.193  +0.0310     0.0031   0.0527  
   4087      1     133.33              0.176  +0.0310     0.0030   0.0725  
   4088      1     130.91              0.196  +0.0310     0.0029   0.0518  
   4089      1     130.37              0.202  +0.0300     0.0029   0.0376  
   4090      1     138.29    194.75    0.235  +0.0310     0.0029   0.0500  
   4091      1     151.22              0.234  +0.0300     0.0026   0.0821  
   4092      1     154.20              0.279  +0.0270     0.0022   0.1417  
   4093      1     152.66              0.287  +0.0230     0.0019   0.1343  
   4094      1     140.45              0.201  +0.0210     0.0018   0.0615  
   4095      1     128.79    169.06    0.137  +0.0220     0.0022   0.0490  
   4096      1     123.24              0.120  +0.0230     0.0021   0.0386  
   4097      1     121.81              0.181  +0.0210     0.0019   0.0750  
   4098      1     128.66              0.379  +0.0190     0.0017   0.1336  
   4099      1     131.79              0.640  +0.0170     0.0016   0.0856  
   4100      1     131.70    164.69    0.722  +0.0190     0.0015   0.0704  
   4101      1     140.44              0.645  +0.0210     0.0015   0.0657  
   4102      1     162.00              0.422  +0.0260     0.0016   0.0820  
   4103      1     179.65              0.201  +0.0290     0.0017   0.1154  
   4104      1     183.84              0.100  +0.0320     0.0022   0.0933  
   4105      1     177.71    200.00    0.063  +0.0330     0.0027   0.0791  
-------------------------------------------------------------------------------
   4106      2     169.32              0.062  +0.0310     0.0030   0.0427  
   4107      2     154.15              0.091  +0.0290     0.0022   0.0359  
   4108      2     150.72              0.098  +0.0300     0.0023   0.0263  
   4109      2     155.39              0.083  +0.0310     0.0023   0.0620  
   4110      2     171.19    200.00    0.055  +0.0330     0.0027   0.0867  
   4111      2     176.43              0.029  +0.0360     0.0029   0.0654  
   4112      2     173.13              0.025  +0.0360     0.0029   0.0504  
   4113      2     168.41              0.021  +0.0360     0.0028   0.0403  
   4114      2     169.29              0.022  +0.0360     0.0025   0.0468  
   4115      2     176.28    200.00    0.013  +0.0350     0.0024   0.0780  
   4116      2     182.49              0.036  +0.0320     0.0023   0.1225  
   4117      2     171.76              0.099  +0.0260     0.0019   0.0496  
   4118      2     163.88              0.118  +0.0240     0.0015   0.0476  
   4119      2     159.67              0.142  +0.0220     0.0013   0.0283  
   4120      2     164.96    181.62    0.204  +0.0220     0.0013   0.0356  
-------------------------------------------------------------------------------
   4121      1     164.62              0.309  +0.0220     0.0013   0.0502  
   4122      1     155.49              0.457  +0.0220     0.0012   0.0407  
   4123      1     150.78              0.497  +0.0210     0.0012   0.0374  
   4124      1     143.86              0.572  +0.0210     0.0012   0.0421  
   4125      1     146.83    187.06    0.515  +0.0220     0.0012   0.0445  
   4126      1     152.73              0.452  +0.0220     0.0013   0.0490  
   4127      1     158.50              0.434  +0.0220     0.0013   0.0404  
   4128      1     159.85              0.440  +0.0220     0.0013   0.0627  
   4129      1     162.86              0.396  +0.0220     0.0018   0.0628  
   4130      1     168.88    181.88    0.364  +0.0230     0.0015   0.0502  
   4131      1     177.19              0.253  +0.0230     0.0015   0.0672  
   4132      1     182.45              0.189  +0.0230     0.0015   0.0474  
   4133      1     185.88              0.109  +0.0230     0.0015   0.0581  
   4134      1     184.81              0.077  +0.0250     0.0018   0.0292  
   4135      1     184.75    200.00    0.070  +0.0260     0.0019   0.0268  
-------------------------------------------------------------------------------
   4136      2     185.85              0.065  +0.0260     0.0018   0.0388  
   4137      2     192.17              0.033  +0.0280     0.0016   0.0366  
   4138      2     194.38              0.024  +0.0290     0.0015   0.0438  
   4139      2     195.08              0.024  +0.0280     0.0014   0.0793  
   4140      2     194.25    200.00    0.036  +0.0270     0.0013   0.0644  
   4141      2     192.03              0.054  +0.0250     0.0013   0.0463  
   4142      2     189.27              0.074  +0.0240     0.0012   0.0553  
   4143      2     182.56              0.187  +0.0230     0.0012   0.0490  
   4144      2     169.58              0.325  +0.0210     0.0011   0.0262  
   4145      2     159.25    165.75    0.439  +0.0200     0.0012   0.0393  
-------------------------------------------------------------------------------
   4146      1     157.31              0.481  +0.0200     0.0011   0.0369  
   4147      1     156.69              0.484  +0.0200     0.0011   0.0399  
   4148      1     155.73              0.460  +0.0190     0.0011   0.0336  
   4149      1     154.50              0.445  +0.0190     0.0012   0.0337  
   4150      1     151.92    152.25    0.499  +0.0190     0.0011   0.0433  
   4151      1     153.08              0.497  +0.0200     0.0011   0.0524  
   4152      1     158.03              0.420  +0.0210     0.0011   0.0395  
   4153      1     169.61              0.281  +0.0220     0.0011   0.0273  
   4154      1     175.88              0.214  +0.0230     0.0013   0.0512  
   4155      1     166.48    200.00    0.205  +0.0210     0.0013   0.0569  
-------------------------------------------------------------------------------
   4156      2     154.78              0.165  +0.0220     0.0014   0.0474  
   4157      2     167.69              0.164  +0.0220     0.0014   0.0455  
   4158      2     177.68              0.168  +0.0230     0.0013   0.0517  
   4159      2     184.90              0.123  +0.0240     0.0013   0.0366  
   4160      2     183.60    200.00    0.123  +0.0260     0.0014   0.0389  
   4161      2     180.84              0.115  +0.0270     0.0015   0.0343  
   4162      2     179.46              0.141  +0.0270     0.0015   0.0437  
   4163      2     174.45              0.167  +0.0280     0.0015   0.0477  
   4164      2     176.33              0.185  +0.0270     0.0014   0.0555  
   4165      2     181.84    200.00    0.147  +0.0260     0.0013   0.0817  
   4166      2     185.70              0.126  +0.0240     0.0014   0.0529  
   4167      2     187.13              0.093  +0.0240     0.0015   0.0908  
   4168      2     177.63              0.131  +0.0230     0.0014   0.0474  
   4169      2     166.05              0.125  +0.0230     0.0015   0.0263  
   4170      2     168.03    200.00    0.109  +0.0230     0.0015   0.0427  
   4171      2     174.77              0.103  +0.0240     0.0013   0.0731  
   4172      2     184.31              0.087  +0.0250     0.0013   0.1382  
   4173      2     184.09              0.072  +0.0270     0.0014   0.1529  
   4174      2     159.68              0.111  +0.0280     0.0018   0.0741  
   4175      2     138.15    200.00    0.149  +0.0290     0.0024   0.0305  
   4176      2     132.50              0.134  +0.0300     0.0025   0.0504  
   4177      2     152.38              0.118  +0.0320     0.0025   0.0938  
   4178      2     169.86              0.103  +0.0330     0.0023   0.1365  
   4179      2     172.54              0.120  +0.0300     0.0020   0.1479  
   4180      2     155.18    200.00    0.188  +0.0240     0.0019   0.0976  
   4181      2     142.92              0.192  +0.0210     0.0016   0.0462  
   4182      2     141.08              0.214  +0.0200     0.0015   0.0258  
   4183      2     144.39              0.334  +0.0180     0.0013   0.0282  
   4184      2     142.11              0.510  +0.0180     0.0013   0.0498  
   4185      2     134.02    123.81    0.650  +0.0180     0.0013   0.0696  
-------------------------------------------------------------------------------
   4186      1     129.56              0.698  +0.0190     0.0013   0.0333  
   4187      1     127.28              0.740  +0.0190     0.0013   0.0561  
   4188      1     123.53              0.751  +0.0180     0.0013   0.0913  
   4189      1     124.24              0.719  +0.0190     0.0013   0.1500  
   4190      1     126.33    141.38    0.670  +0.0210     0.0015   0.0631  
   4191      1     123.81              0.621  +0.0220     0.0016   0.0362  
   4192      1     127.01              0.559  +0.0230     0.0016   0.0265  
   4193      1     133.18              0.494  +0.0230     0.0017   0.0465  
   4194      1     139.39              0.377  +0.0230     0.0016   0.0684  
   4195      1     142.28    186.56    0.233  +0.0230     0.0017   0.0853  
   4196      1     142.08              0.156  +0.0230     0.0017   0.0383  
   4197      1     151.70              0.127  +0.0240     0.0016   0.0507  
   4198      1     163.74              0.089  +0.0250     0.0017   0.0774  
   4199      1     179.98              0.062  +0.0260     0.0019   0.0615  
   4200      1     189.53    200.00    0.040  +0.0270     0.0018   0.0664  
-------------------------------------------------------------------------------
   4201      2     188.59              0.034  +0.0290     0.0019   0.0553  
   4202      2     183.98              0.033  +0.0310     0.0021   0.0634  
   4203      2     183.16              0.026  +0.0320     0.0022   0.0563  
   4204      2     185.50              0.027  +0.0330     0.0021   0.0609  
   4205      2     183.91    200.00    0.029  +0.0330     0.0021   0.0484  
   4206      2     181.41              0.041  +0.0330     0.0023   0.0374  
   4207      2     173.81              0.064  +0.0310     0.0023   0.0346  
   4208      2     173.00              0.062  +0.0320     0.0023   0.0388  
   4209      2     177.80              0.048  +0.0330     0.0025   0.0444  
   4210      2     175.56    200.00    0.059  +0.0330     0.0025   0.0514  
   4211      2     171.92              0.078  +0.0340     0.0028   0.0392  
   4212      2     166.98              0.116  +0.0330     0.0028   0.0402  
   4213      2     165.94              0.165  +0.0330     0.0027   0.0570  
   4214      2     165.08              0.194  +0.0310     0.0025   0.1001  
   4215      2     160.17    200.00    0.229  +0.0260     0.0020   0.0506  
   4216      2     154.57              0.254  +0.0230     0.0018   0.0678  
   4217      2     137.04              0.272  +0.0210     0.0014   0.0354  
   4218      2     135.50              0.289  +0.0200     0.0013   0.0488  
   4219      2     134.96              0.448  +0.0190     0.0013   0.0747  
   4220      2     126.16    182.50    0.645  +0.0200     0.0016   0.1329  
-------------------------------------------------------------------------------
   4221      1     116.60              0.725  +0.0220     0.0018   0.1729  
   4222      1     100.86              0.768  +0.0220     0.0019   0.2093  
   4227      1     101.46              0.560  +0.0260     0.0024   0.1163  
   4228      1     127.51              0.390  +0.0290     0.0024   0.1980  
   4229      1     158.24              0.205  +0.0310     0.0024   0.1514  
   4230      1     160.16    198.56    0.162  +0.0280     0.0021   0.1276  
-------------------------------------------------------------------------------
   4231      2     152.06              0.142  +0.0250     0.0018   0.0506  
   4232      2     144.21              0.122  +0.0240     0.0016   0.0679  
   4233      2     147.05              0.106  +0.0240     0.0015   0.0596  
   4234      2     159.58              0.095  +0.0250     0.0019   0.0585  
   4235      2     172.64    200.00    0.088  +0.0270     0.0021   0.0974  
   4236      2     180.21              0.053  +0.0310     0.0022   0.0937  
   4237      2     176.64              0.038  +0.0330     0.0027   0.0630  
   4238      2     171.51              0.040  +0.0330     0.0028   0.0698  
   4239      2     164.29              0.056  +0.0330     0.0025   0.0640  
   4240      2     165.46    200.00    0.077  +0.0320     0.0023   0.0280  
   4241      2     167.73              0.076  +0.0310     0.0023   0.0633  
   4242      2     174.01              0.099  +0.0290     0.0021   0.0625  
   4243      2     174.12              0.104  +0.0270     0.0021   0.0807  
   4244      2     168.08              0.111  +0.0250     0.0019   0.0299  
   4245      2     165.37    200.00    0.100  +0.0250     0.0018   0.0257  
   4246      2     171.23              0.078  +0.0260     0.0018   0.0560  
   4247      2     177.63              0.066  +0.0280     0.0020   0.1031  
   4248      2     182.15              0.054  +0.0310     0.0021   0.0693  
   4249      2     182.24              0.037  +0.0330     0.0022   0.1147  
   4250      2     180.65    200.00    0.026  +0.0340     0.0023   0.1107  
   4251      2     171.30              0.027  +0.0350     0.0024   0.0890  
   4252      2     167.52              0.034  +0.0350     0.0025   0.0731  
   4253      2     164.31              0.037  +0.0350     0.0024   0.0789  
   4254      2     160.54              0.045  +0.0340     0.0025   0.0663  
   4255      2     162.50    198.50    0.075  +0.0340     0.0024   0.0813  
   4256      2     165.14              0.110  +0.0320     0.0021   0.1126  
   4257      2     159.49              0.153  +0.0290     0.0021   0.1281  
   4258      2     147.23              0.220  +0.0240     0.0018   0.0912  
   4259      2     137.11              0.233  +0.0210     0.0015   0.0626  
   4260      2     129.88    135.25    0.271  +0.0200     0.0017   0.0511  
-------------------------------------------------------------------------------
   4261      1     125.22              0.373  +0.0190     0.0017   0.0715  
   4262      1     116.42              0.557  +0.0170     0.0017   0.0562  
   4263      1     112.35              0.604  +0.0170     0.0017   0.0600  
   4264      1     107.93              0.706  +0.0160     0.0016   0.0805  
   4265      1     107.98    113.00    0.725  +0.0170     0.0016   0.1062  
   4266      1     108.85              0.746  +0.0180     0.0016   0.0929  
   4267      1     112.58              0.723  +0.0190     0.0016   0.1465  
   4268      1     124.34              0.617  +0.0220     0.0016   0.0913  
   4269      1     139.35              0.438  +0.0250     0.0016   0.0780  
   4270      1     145.53    181.75    0.342  +0.0250     0.0017   0.0797  
   4271      1     154.67              0.233  +0.0260     0.0016   0.1011  
   4272      1     158.12              0.146  +0.0270     0.0017   0.1384  
   4273      1     156.03              0.119  +0.0270     0.0019   0.1479  
   4274      1     152.51              0.100  +0.0260     0.0020   0.0952  
   4275      1     147.67    174.56    0.102  +0.0260     0.0020   0.0688  
   4276      1     150.73              0.084  +0.0260     0.0019   0.0445  
   4277      1     162.45              0.073  +0.0270     0.0020   0.0624  
   4278      1     166.52              0.059  +0.0270     0.0019   0.0476  
   4279      1     173.73              0.036  +0.0290     0.0020   0.0644  
   4280      1     179.79    200.00    0.032  +0.0310     0.0023   0.0482  
-------------------------------------------------------------------------------
   4281      2     181.73              0.019  +0.0330     0.0025   0.0481  
   4282      2     178.95              0.016  +0.0340     0.0025   0.0817  
   4283      2     170.43              0.017  +0.0340     0.0024   0.1441  
   4284      2     144.70              0.020  +0.0320     0.0019   0.0603  
   4285      2     129.46    163.12    0.013  +0.0320     0.0016   0.0285  
-------------------------------------------------------------------------------
   4286      1     126.31              0.014  +0.0320     0.0016   0.0331  
   4287      1     137.65              0.018  +0.0340     0.0018   0.0461  
   4288      1     154.47              0.020  +0.0370     0.0026   0.0547  
   4289      1     166.11              0.020  +0.0370     0.0026   0.0824  
   4290      1     171.05    193.00    0.014  +0.0360     0.0026   0.0943  
   4291      1     167.39              0.016  +0.0350     0.0024   0.0812  
   4292      1     166.34              0.026  +0.0330     0.0023   0.0863  
   4293      1     165.37              0.049  +0.0310     0.0021   0.0489  
   4294      1     163.69              0.074  +0.0290     0.0020   0.0841  
   4295      1     159.95    184.12    0.117  +0.0260     0.0019   0.0917  
   4296      1     148.41              0.103  +0.0240     0.0017   0.0654  
   4297      1     141.79              0.061  +0.0240     0.0018   0.0478  
   4298      1     141.20              0.067  +0.0250     0.0016   0.0556  
   4299      1     147.41              0.110  +0.0250     0.0016   0.1048  
   4300      1     147.59    183.44    0.185  +0.0240     0.0016   0.1268  
   4301      1     155.40              0.186  +0.0250     0.0015   0.1057  
   4302      1     164.27              0.119  +0.0260     0.0015   0.0502  
   4303      1     165.01              0.103  +0.0270     0.0015   0.0471  
   4304      1     165.06              0.139  +0.0260     0.0015   0.0365  
   4305      1     161.62    174.25    0.228  +0.0250     0.0014   0.0444  
   4306      1     158.30              0.294  +0.0240     0.0015   0.0448  
   4307      1     162.65              0.225  +0.0230     0.0014   0.0368  
   4308      1     167.86              0.146  +0.0240     0.0016   0.0837  
   4309      1     172.26              0.066  +0.0270     0.0021   0.0968  
   4310      1     166.12    187.00    0.046  +0.0290     0.0021   0.0498  
   4311      1     155.39              0.047  +0.0300     0.0020   0.0470  
   4312      1     148.38              0.043  +0.0290     0.0019   0.0425  
   4313      1     150.03              0.046  +0.0300     0.0019   0.0383  
   4314      1     154.16              0.053  +0.0290     0.0020   0.0397  
   4315      1     161.71    194.25    0.070  +0.0290     0.0022   0.0562  
   4316      1     167.70              0.087  +0.0280     0.0020   0.0508  
   4317      1     169.69              0.095  +0.0280     0.0021   0.0467  
   4318      1     169.52              0.130  +0.0280     0.0020   0.0532  
   4319      1     164.07              0.184  +0.0280     0.0019   0.0353  
   4320      1     160.57    196.12    0.200  +0.0280     0.0020   0.0374  
-------------------------------------------------------------------------------
   4321      2     168.27              0.165  +0.0280     0.0019   0.0326  
   4322      2     176.28              0.114  +0.0290     0.0021   0.0342  
   4323      2     181.63              0.081  +0.0290     0.0022   0.0293  
   4324      2     184.63              0.057  +0.0300     0.0024   0.0374  
   4325      2     186.51    200.00    0.046  +0.0310     0.0023   0.0524  
   4326      2     184.10              0.046  +0.0300     0.0023   0.0612  
   4327      2     180.80              0.053  +0.0300     0.0022   0.0422  
   4328      2     180.65              0.054  +0.0300     0.0020   0.0898  
   4329      2     175.23              0.052  +0.0310     0.0021   0.1267  
   4330      2     169.12    200.00    0.059  +0.0330     0.0023   0.1009  
   4331      2     159.95              0.085  +0.0330     0.0024   0.0886  
   4332      2     150.27              0.094  +0.0340     0.0024   0.0677  
   4333      2     150.65              0.087  +0.0340     0.0024   0.0750  
   4334      2     141.70              0.096  +0.0330     0.0025   0.0581  
   4335      2     137.96    199.19    0.079  +0.0330     0.0025   0.0609  
   4336      2     142.15              0.085  +0.0330     0.0025   0.0902  
   4337      2     145.28              0.090  +0.0320     0.0023   0.1030  
   4338      2     154.13              0.080  +0.0310     0.0022   0.0992  
   4339      2     161.66              0.063  +0.0280     0.0017   0.1036  
   4340      2     163.08    200.00    0.105  +0.0250     0.0014   0.1091  
   4341      2     151.74              0.170  +0.0230     0.0013   0.0673  
   4342      2     142.82              0.319  +0.0210     0.0013   0.0784  
   4343      2     135.22              0.482  +0.0190     0.0013   0.0848  
   4344      2     125.34              0.764  +0.0170     0.0014   0.1145  
   4345      2     109.13              0.911  +0.0160     0.0014   0.1432  
-------------------------------------------------------------------------------
   4349      1     101.80              0.860  +0.0170     0.0016   0.0334  
   4350      1     108.91    155.88    0.833  +0.0170     0.0014   0.0379  
   4351      1     116.47              0.806  +0.0170     0.0012   0.0483  
   4352      1     119.79              0.834  +0.0160     0.0012   0.0869  
   4353      1     120.25              0.821  +0.0150     0.0011   0.0453  
   4354      1     123.47              0.742  +0.0160     0.0011   0.0599  
   4355      1     130.16    159.75    0.615  +0.0160     0.0012   0.0542  
   4356      1     132.88              0.407  +0.0180     0.0014   0.0450  
   4357      1     136.67              0.302  +0.0190     0.0012   0.0720  
   4358      1     145.19              0.194  +0.0200     0.0012   0.0481  
   4359      1     157.13              0.163  +0.0210     0.0013   0.0910  
   4360      1     167.97    200.00    0.134  +0.0230     0.0013   0.1220  
-------------------------------------------------------------------------------
   4361      2     172.68              0.125  +0.0250     0.0012   0.1114  
   4362      2     172.71              0.104  +0.0270     0.0015   0.0740  
   4363      2     164.92              0.127  +0.0280     0.0017   0.0427  
   4364      2     164.85              0.106  +0.0290     0.0018   0.0382  
   4365      2     159.47    167.06    0.137  +0.0280     0.0018   0.0420  
-------------------------------------------------------------------------------
   4366      1     161.68              0.137  +0.0280     0.0018   0.0438  
   4367      1     157.67              0.154  +0.0280     0.0020   0.0437  
   4368      1     152.21              0.179  +0.0280     0.0020   0.0349  
   4369      1     149.43              0.179  +0.0280     0.0020   0.0417  
   4370      1     147.90    168.81    0.160  +0.0280     0.0019   0.0510  
   4371      1     153.98              0.100  +0.0280     0.0018   0.0242  
   4372      1     159.12              0.086  +0.0280     0.0018   0.0396  
   4373      1     165.02              0.065  +0.0300     0.0022   0.0476  
   4374      1     172.60              0.059  +0.0320     0.0024   0.0391  
   4375      1     174.90    200.00    0.061  +0.0320     0.0022   0.0904  
-------------------------------------------------------------------------------
   4376      2     173.25              0.055  +0.0290     0.0018   0.0299  
   4377      2     166.93              0.060  +0.0270     0.0017   0.0365  
   4378      2     171.72              0.050  +0.0280     0.0017   0.0338  
   4379      2     178.33              0.059  +0.0280     0.0017   0.0263  
   4380      2     179.36    200.00    0.046  +0.0280     0.0016   0.0323  
   4381      2     183.22              0.047  +0.0280     0.0017   0.0382  
   4382      2     180.80              0.062  +0.0270     0.0015   0.1057  
   4383      2     173.86              0.116  +0.0250     0.0014   0.0609  
   4384      2     170.84              0.090  +0.0240     0.0014   0.0277  
   4385      2     169.26    200.00    0.064  +0.0250     0.0015   0.0323  
   4386      2     173.02              0.061  +0.0260     0.0016   0.0566  
   4387      2     180.09              0.039  +0.0290     0.0018   0.0644  
   4388      2     183.56              0.030  +0.0320     0.0021   0.0730  
   4389      2     183.53              0.024  +0.0340     0.0023   0.0384  
   4390      2     180.12    163.94    0.032  +0.0340     0.0023   0.0512  
-------------------------------------------------------------------------------
   4391      1     180.47              0.039  +0.0340     0.0023   0.0883  
   4392      1     182.14              0.042  +0.0330     0.0024   0.0886  
   4393      1     177.58              0.035  +0.0320     0.0021   0.1376  
   4394      1     163.30              0.028  +0.0300     0.0019   0.1224  
   4395      1     146.48    190.62    0.029  +0.0280     0.0017   0.0609  
   4396      1     143.16              0.026  +0.0280     0.0016   0.0468  
   4397      1     154.11              0.038  +0.0270     0.0013   0.0687  
   4398      1     170.84              0.087  +0.0250     0.0013   0.1121  
   4399      1     172.77              0.143  +0.0230     0.0013   0.0666  
   4400      1     169.06    192.06    0.256  +0.0220     0.0012   0.0814  
   4401      1     162.78              0.377  +0.0200     0.0012   0.0790  
   4402      1     147.63              0.568  +0.0190     0.0014   0.0920  
   4403      1     129.45              0.755  +0.0180     0.0013   0.0678  
   4404      1     116.56              0.846  +0.0170     0.0013   0.0707  
   4405      1     115.59    103.38    0.853  +0.0160     0.0014   0.0565  
   4406      1     123.30              0.798  +0.0160     0.0014   0.0482  
   4407      1     132.33              0.724  +0.0160     0.0012   0.0258  
   4408      1     139.37              0.623  +0.0170     0.0012   0.0334  
   4409      1     147.54              0.517  +0.0170     0.0012   0.0431  
   4410      1     156.07    179.94    0.448  +0.0180     0.0010   0.0771  
   4411      1     168.32              0.306  +0.0190     0.0010   0.1223  
   4412      1     179.72              0.161  +0.0220     0.0011   0.0630  
   4413      1     185.15              0.082  +0.0240     0.0012   0.1079  
   4414      1     183.23              0.085  +0.0260     0.0013   0.0509  
   4415      1     179.23    196.12    0.079  +0.0270     0.0013   0.0554  
-------------------------------------------------------------------------------
   4416      2     176.88              0.072  +0.0280     0.0016   0.0661  
   4417      2     171.02              0.081  +0.0290     0.0016   0.0525  
   4418      2     166.48              0.067  +0.0300     0.0017   0.0500  
   4419      2     163.75              0.069  +0.0310     0.0019   0.0536  
   4420      2     160.91    200.00    0.067  +0.0320     0.0020   0.0761  
   4421      2     163.75              0.054  +0.0330     0.0022   0.0993  
   4422      2     155.98              0.063  +0.0330     0.0022   0.0409  
   4423      2     146.35              0.083  +0.0330     0.0024   0.0325  
   4424      2     144.81              0.094  +0.0320     0.0026   0.0307  
   4425      2     156.42    200.00    0.106  +0.0320     0.0024   0.0606  
   4426      2     166.35              0.104  +0.0320     0.0021   0.1168  
   4427      2     173.05              0.107  +0.0300     0.0020   0.1593  
   4428      2     165.05              0.102  +0.0280     0.0021   0.0891  
   4429      2     155.78              0.089  +0.0260     0.0019   0.0294  
   4430      2     155.63    200.00    0.080  +0.0250     0.0019   0.0326  
   4431      2     161.58              0.087  +0.0250     0.0018   0.0236  
   4432      2     156.79              0.088  +0.0250     0.0017   0.0424  
   4433      2     165.24              0.131  +0.0250     0.0018   0.1002  
   4434      2     174.41              0.144  +0.0260     0.0015   0.1146  
   4435      2     176.91    200.00    0.124  +0.0280     0.0014   0.1297  
   4436      2     170.85              0.132  +0.0290     0.0017   0.0910  
   4437      2     161.50              0.148  +0.0290     0.0020   0.0337  
   4438      2     154.42              0.152  +0.0290     0.0021   0.0323  
   4439      2     161.63              0.149  +0.0290     0.0019   0.0277  
   4440      2     168.54    200.00    0.109  +0.0300     0.0018   0.0558  
   4441      2     176.39              0.075  +0.0300     0.0016   0.0535  
   4442      2     178.06              0.070  +0.0300     0.0017   0.0596  
   4443      2     177.87              0.074  +0.0300     0.0017   0.1141  
   4444      2     167.89              0.076  +0.0280     0.0020   0.1517  
   4445      2     136.52    193.62    0.058  +0.0270     0.0019   0.0551  
-------------------------------------------------------------------------------
   4446      1     119.35              0.028  +0.0280     0.0018   0.0482  
   4447      1     145.57              0.058  +0.0270     0.0015   0.0346  
   4448      1     171.87              0.093  +0.0240     0.0013   0.0464  
   4449      1     179.83              0.134  +0.0240     0.0013   0.0499  
   4450      1     177.89    200.00    0.161  +0.0240     0.0013   0.0742  
-------------------------------------------------------------------------------
   4451      2     178.50              0.162  +0.0240     0.0013   0.0432  
   4452      2     178.19              0.188  +0.0230     0.0013   0.0372  
   4453      2     178.56              0.217  +0.0230     0.0011   0.0385  
   4454      2     180.22              0.227  +0.0220     0.0010   0.0407  
   4455      2     181.76    200.00    0.213  +0.0220     0.0009   0.0462  
   4456      2     181.74              0.218  +0.0220     0.0008   0.0854  
   4457      2     177.94              0.248  +0.0210     0.0009   0.0488  
   4458      2     176.42              0.256  +0.0200     0.0009   0.0747  
   4459      2     171.34              0.272  +0.0190     0.0010   0.0915  
   4460      2     159.40    191.19    0.209  +0.0190     0.0012   0.0390  
-------------------------------------------------------------------------------
   4461      1     152.58              0.156  +0.0200     0.0012   0.0266  
   4462      1     149.87              0.162  +0.0190     0.0011   0.0359  
   4463      1     156.12              0.214  +0.0190     0.0010   0.0653  
   4464      1     165.73              0.260  +0.0200     0.0009   0.0970  
   4465      1     172.44    196.50    0.230  +0.0200     0.0009   0.0984  
-------------------------------------------------------------------------------
   4466      2     172.59              0.242  +0.0210     0.0010   0.1486  
   4467      2     169.82              0.250  +0.0220     0.0012   0.0685  
   4468      2     166.34              0.273  +0.0230     0.0013   0.0495  
   4469      2     159.63              0.331  +0.0230     0.0013   0.0351  
   4470      2     164.48    181.31    0.334  +0.0230     0.0013   0.0584  
-------------------------------------------------------------------------------
   4471      1     159.18              0.373  +0.0220     0.0010   0.0730  
   4472      1     152.12              0.422  +0.0210     0.0010   0.0964  
   4473      1     134.84              0.541  +0.0180     0.0011   0.0845  
   4474      1     133.94              0.544  +0.0170     0.0011   0.1430  
   4475      1     135.30    190.00    0.431  +0.0170     0.0012   0.1359  
   4476      1     134.06              0.254  +0.0190     0.0015   0.0624  
   4477      1     132.65              0.214  +0.0200     0.0014   0.0333  
   4478      1     138.67              0.254  +0.0200     0.0013   0.0406  
   4479      1     148.22              0.360  +0.0180     0.0012   0.0375  
   4480      1     149.64    161.88    0.414  +0.0180     0.0011   0.0661  
   4481      1     153.24              0.468  +0.0170     0.0011   0.1049  
   4482      1     154.92              0.486  +0.0180     0.0010   0.1194  
   4483      1     156.91              0.447  +0.0200     0.0010   0.1268  
   4484      1     167.15              0.323  +0.0220     0.0010   0.0662  
   4485      1     172.72    200.00    0.279  +0.0230     0.0010   0.0253  
-------------------------------------------------------------------------------
   4486      2     178.13              0.237  +0.0240     0.0010   0.0405  
   4487      2     182.81              0.161  +0.0250     0.0010   0.0709  
   4488      2     183.30              0.154  +0.0260     0.0012   0.0839  
   4489      2     179.60              0.115  +0.0270     0.0016   0.0574  
   4490      2     171.37    200.00    0.110  +0.0280     0.0017   0.0368  
   4491      2     172.20              0.104  +0.0290     0.0017   0.0340  
   4492      2     172.29              0.084  +0.0300     0.0018   0.0452  
   4493      2     167.70              0.104  +0.0300     0.0017   0.0536  
   4494      2     170.82              0.069  +0.0320     0.0018   0.0846  
   4495      2     174.73    200.00    0.033  +0.0340     0.0020   0.0484  
   4496      2     170.04              0.024  +0.0350     0.0022   0.0357  
   4497      2     172.16              0.021  +0.0380     0.0026   0.0698  
   4498      2     169.01              0.011  +0.0390     0.0027   0.0799  
   4499      2     167.46              0.008  +0.0390     0.0028   0.1028  
   4500      2     166.36    200.00    0.016  +0.0390     0.0029   0.1450  
   4501      2     150.70              0.037  +0.0350     0.0025   0.1284  
   4502      2     134.18              0.044  +0.0330     0.0022   0.0535  
   4503      2     129.56              0.038  +0.0330     0.0022   0.0328  
   4504      2     137.73              0.040  +0.0330     0.0021   0.0371  
   4505      2     159.11    200.00    0.054  +0.0330     0.0021   0.0691  
   4506      2     179.02              0.052  +0.0310     0.0020   0.0707  
   4507      2     190.72              0.029  +0.0300     0.0018   0.1075  
   4508      2     193.86              0.022  +0.0300     0.0015   0.1436  
   4509      2     191.10              0.023  +0.0300     0.0015   0.0718  
   4510      2     184.80    200.00    0.038  +0.0290     0.0016   0.0521  
   4511      2     182.02              0.055  +0.0280     0.0015   0.0603  
   4512      2     172.64              0.124  +0.0260     0.0014   0.0330  
   4513      2     169.21              0.180  +0.0250     0.0013   0.0380  
   4514      2     163.36              0.310  +0.0240     0.0012   0.0597  
   4515      2     156.36    176.06    0.402  +0.0230     0.0012   0.0596  
-------------------------------------------------------------------------------
   4516      1     146.47              0.548  +0.0220     0.0013   0.0584  
   4517      1     133.27              0.674  +0.0210     0.0012   0.0659  
   4518      1     141.46              0.585  +0.0210     0.0012   0.0737  
   4519      1     156.68              0.467  +0.0230     0.0011   0.0746  
   4520      1     166.67    200.00    0.333  +0.0240     0.0011   0.0956  
-------------------------------------------------------------------------------
   4521      2     178.73              0.162  +0.0260     0.0014   0.0732  
   4522      2     182.92              0.100  +0.0270     0.0016   0.0661  
   4523      2     178.90              0.088  +0.0280     0.0018   0.0568  
   4524      2     177.17              0.078  +0.0280     0.0019   0.0527  
   4525      2     177.76    200.00    0.060  +0.0290     0.0019   0.0640  
   4526      2     174.60              0.049  +0.0310     0.0021   0.0784  
   4527      2     168.82              0.042  +0.0320     0.0023   0.0481  
   4528      2     164.78              0.035  +0.0330     0.0024   0.0359  
   4529      2     166.38              0.028  +0.0330     0.0023   0.0388  
   4530      2     169.75    199.94    0.039  +0.0340     0.0023   0.0487  
   4531      2     177.38              0.033  +0.0340     0.0023   0.0607  
   4532      2     177.41              0.030  +0.0340     0.0025   0.0666  
   4533      2     175.71              0.034  +0.0350     0.0025   0.0598  
   4534      2     171.64              0.039  +0.0350     0.0025   0.0785  
   4535      2     167.11    200.00    0.058  +0.0340     0.0026   0.0407  
   4536      2     165.89              0.047  +0.0340     0.0024   0.0380  
   4537      2     165.24              0.049  +0.0330     0.0022   0.0378  
   4538      2     161.81              0.068  +0.0330     0.0022   0.0297  
   4539      2     157.57              0.077  +0.0330     0.0021   0.0302  
   4540      2     153.37    192.62    0.112  +0.0320     0.0020   0.0317  
-------------------------------------------------------------------------------
   4541      1     147.45              0.138  +0.0310     0.0021   0.0370  
   4542      1     144.74              0.120  +0.0320     0.0021   0.0230  
   4543      1     136.53              0.145  +0.0310     0.0021   0.0272  
   4544      1     138.22              0.143  +0.0310     0.0023   0.0369  
   4545      1     146.72    200.00    0.161  +0.0310     0.0021   0.0450  
-------------------------------------------------------------------------------
   4546      2     163.30              0.136  +0.0320     0.0022   0.1050  
   4547      2     173.06              0.108  +0.0320     0.0023   0.0383  
   4548      2     177.75              0.074  +0.0320     0.0024   0.0722  
   4549      2     176.11              0.079  +0.0310     0.0024   0.0842  
   4550      2     175.67    198.00    0.065  +0.0310     0.0024   0.0413  
   4551      2     176.00              0.049  +0.0310     0.0023   0.0424  
   4552      2     184.03              0.035  +0.0320     0.0024   0.0361  
   4553      2     188.15              0.029  +0.0330     0.0023   0.0377  
   4554      2     191.33              0.019  +0.0330     0.0021   0.0493  
   4555      2     192.01    200.00    0.014  +0.0330     0.0020   0.0463  
   4556      2     190.69              0.017  +0.0340     0.0020   0.0552  
   4557      2     190.31              0.027  +0.0340     0.0019   0.0386  
   4558      2     193.89              0.011  +0.0330     0.0018   0.0625  
   4559      2     192.95              0.019  +0.0330     0.0019   0.0662  
   4560      2     189.29    200.00    0.032  +0.0320     0.0022   0.0418  
   4561      2     183.11              0.039  +0.0320     0.0022   0.0287  
   4562      2     181.67              0.042  +0.0330     0.0022   0.0514  
   4563      2     179.36              0.040  +0.0340     0.0024   0.0442  
   4564      2     175.03              0.046  +0.0340     0.0023   0.0541  
   4565      2     170.06    173.38    0.058  +0.0350     0.0023   0.0596  
-------------------------------------------------------------------------------
   4566      1     162.53              0.125  +0.0340     0.0023   0.0370  
   4567      1     156.39              0.210  +0.0330     0.0020   0.0378  
   4568      1     154.52              0.302  +0.0310     0.0018   0.0480  
   4569      1     150.45              0.374  +0.0290     0.0017   0.0457  
   4570      1     143.78    122.75    0.455  +0.0270     0.0015   0.0673  
   4571      1     137.41              0.536  +0.0240     0.0016   0.0583  
   4572      1     127.82              0.626  +0.0220     0.0015   0.0718  
   4573      1     129.47              0.628  +0.0240     0.0015   0.0367  
   4574      1     134.47              0.555  +0.0250     0.0015   0.0554  
   4575      1     145.79    157.75    0.462  +0.0270     0.0015   0.0300  
   4576      1     160.93              0.316  +0.0290     0.0016   0.0269  
   4577      1     165.26              0.256  +0.0290     0.0017   0.0387  
   4578      1     175.76              0.175  +0.0290     0.0018   0.0640  
   4579      1     177.78              0.104  +0.0270     0.0019   0.0467  
   4580      1     173.88    189.00    0.102  +0.0260     0.0019   0.0272  
   4581      1     172.04              0.103  +0.0270     0.0019   0.0402  
   4582      1     172.08              0.083  +0.0270     0.0019   0.0545  
   4583      1     174.62              0.073  +0.0280     0.0021   0.0841  
   4584      1     176.76              0.068  +0.0310     0.0022   0.0815  
   4585      1     176.38    200.00    0.069  +0.0320     0.0024   0.1073  
-------------------------------------------------------------------------------
   4586      2     167.50              0.086  +0.0330     0.0023   0.0580  
   4587      2     160.75              0.081  +0.0330     0.0024   0.0801  
   4588      2     145.67              0.122  +0.0320     0.0024   0.0395  
   4589      2     139.06              0.132  +0.0310     0.0024   0.0337  
   4590      2     148.89    182.94    0.096  +0.0330     0.0025   0.0452  
-------------------------------------------------------------------------------
   4591      1     158.85              0.061  +0.0350     0.0027   0.0839  
   4592      1     172.50              0.042  +0.0350     0.0028   0.1371  
   4593      1     178.63              0.035  +0.0340     0.0027   0.1974  
   4594      1     167.52              0.079  +0.0300     0.0023   0.1088  
   4595      1     153.54    196.12    0.088  +0.0280     0.0019   0.0367  
-------------------------------------------------------------------------------
   4596      2     148.96              0.097  +0.0270     0.0016   0.0306  
   4597      2     153.13              0.104  +0.0260     0.0017   0.0376  
   4598      2     168.74              0.094  +0.0270     0.0020   0.0659  
   4599      2     186.49              0.044  +0.0300     0.0022   0.0657  
   4600      2     188.08    200.00    0.032  +0.0310     0.0018   0.0785  
   4601      2     180.43              0.046  +0.0300     0.0017   0.0335  
   4602      2     177.95              0.059  +0.0300     0.0015   0.0430  
   4603      2     178.97              0.060  +0.0290     0.0013   0.0740  
   4604      2     185.66              0.064  +0.0270     0.0013   0.1275  
   4605      2     188.81    200.00    0.066  +0.0250     0.0011   0.1484  
   4606      2     180.62              0.105  +0.0230     0.0013   0.1626  
   4607      2     150.39              0.143  +0.0230     0.0012   0.0732  
   4608      2     127.13              0.076  +0.0250     0.0015   0.0372  
   4609      2     110.87              0.041  +0.0260     0.0016   0.0329  
   4610      2     109.50    176.19    0.060  +0.0250     0.0017   0.0539  
-------------------------------------------------------------------------------
   4611      1     124.79              0.153  +0.0230     0.0015   0.0900  
   4612      1     151.47              0.255  +0.0210     0.0011   0.0891  
   4613      1     175.24              0.213  +0.0220     0.0011   0.1317  
   4614      1     184.55              0.157  +0.0230     0.0011   0.0638  
   4615      1     178.15    200.00    0.177  +0.0230     0.0012   0.0382  
-------------------------------------------------------------------------------
   4616      2     175.21              0.190  +0.0230     0.0012   0.0314  
   4617      2     172.97              0.187  +0.0240     0.0013   0.0288  
   4618      2     173.95              0.203  +0.0240     0.0012   0.0387  
   4619      2     176.32              0.227  +0.0230     0.0011   0.0686  
   4620      2     176.70    192.75    0.279  +0.0220     0.0009   0.0489  
-------------------------------------------------------------------------------
   4621      1     170.09              0.330  +0.0210     0.0009   0.0679  
   4622      1     162.24              0.381  +0.0190     0.0009   0.1051  
   4623      1     147.86              0.411  +0.0170     0.0010   0.1138  
   4624      1     144.99              0.310  +0.0170     0.0012   0.0690  
   4625      1     142.86    172.31    0.298  +0.0170     0.0012   0.0407  
   4626      1     141.80              0.376  +0.0170     0.0012   0.0485  
   4627      1     140.90              0.555  +0.0160     0.0012   0.0599  
   4628      1     137.71              0.682  +0.0150     0.0011   0.0559  
   4629      1     141.03              0.655  +0.0160     0.0010   0.0461  
   4630      1     152.66    190.19    0.616  +0.0180     0.0010   0.0757  
   4631      1     167.70              0.458  +0.0190     0.0008   0.1070  
   4632      1     180.14              0.306  +0.0210     0.0008   0.1456  
   4633      1     186.27              0.168  +0.0220     0.0010   0.1619  
   4634      1     181.92              0.144  +0.0240     0.0013   0.0706  
   4635      1     173.77    200.00    0.176  +0.0240     0.0014   0.0256  
-------------------------------------------------------------------------------
   4636      2     168.28              0.205  +0.0240     0.0014   0.0253  
   4637      2     174.85              0.158  +0.0240     0.0014   0.0437  
   4638      2     182.89              0.140  +0.0240     0.0012   0.0567  
   4639      2     184.82              0.126  +0.0240     0.0011   0.0369  
   4640      2     182.10    199.81    0.142  +0.0240     0.0010   0.0506  
   4641      2     176.19              0.172  +0.0230     0.0011   0.0348  
   4642      2     171.43              0.228  +0.0230     0.0012   0.0498  
   4643      2     169.45              0.225  +0.0240     0.0012   0.0448  
   4644      2     164.07              0.289  +0.0230     0.0012   0.0771  
   4645      2     156.99    183.69    0.361  +0.0230     0.0012   0.0460  
-------------------------------------------------------------------------------
   4646      1     152.06              0.412  +0.0230     0.0013   0.0338  
   4647      1     150.03              0.427  +0.0230     0.0014   0.0421  
   4648      1     149.69              0.418  +0.0230     0.0013   0.0298  
   4649      1     150.22              0.381  +0.0230     0.0014   0.0386  
   4650      1     155.75    199.88    0.329  +0.0230     0.0014   0.0717  
-------------------------------------------------------------------------------
   4651      2     159.75              0.283  +0.0240     0.0013   0.0733  
   4652      2     163.48              0.219  +0.0230     0.0013   0.0498  
   4653      2     165.23              0.178  +0.0240     0.0014   0.0808  
   4654      2     164.66              0.141  +0.0230     0.0014   0.0544  
   4655      2     166.36    200.00    0.129  +0.0230     0.0012   0.0478  
   4656      2     173.91              0.118  +0.0230     0.0012   0.0525  
   4657      2     177.18              0.127  +0.0230     0.0011   0.0815  
   4658      2     179.71              0.127  +0.0230     0.0011   0.1270  
   4659      2     176.45              0.157  +0.0230     0.0011   0.0992  
   4660      2     172.25    197.19    0.206  +0.0230     0.0011   0.1066  
   4661      2     164.74              0.262  +0.0240     0.0012   0.0546  
   4662      2     159.17              0.278  +0.0240     0.0013   0.0310  
   4663      2     162.30              0.269  +0.0250     0.0014   0.0411  
   4664      2     167.11              0.236  +0.0250     0.0014   0.0514  
   4665      2     175.20    200.00    0.156  +0.0260     0.0013   0.0824  
   4666      2     182.45              0.118  +0.0260     0.0013   0.0940  
   4667      2     187.22              0.083  +0.0280     0.0013   0.1200  
   4668      2     189.36              0.045  +0.0290     0.0013   0.1071  
   4669      2     185.94              0.052  +0.0300     0.0015   0.0641  
   4670      2     179.83    200.00    0.058  +0.0300     0.0016   0.0463  
   4671      2     173.87              0.078  +0.0300     0.0016   0.0420  
   4672      2     170.93              0.086  +0.0290     0.0015   0.0510  
   4673      2     171.88              0.081  +0.0290     0.0015   0.0376  
   4674      2     173.04              0.088  +0.0290     0.0014   0.0702  
   4675      2     172.83    200.00    0.105  +0.0290     0.0014   0.0878  
   4676      2     164.96              0.135  +0.0290     0.0014   0.0885  
   4677      2     154.63              0.132  +0.0290     0.0016   0.0619  
   4678      2     145.25              0.132  +0.0280     0.0018   0.0389  
   4679      2     143.54              0.145  +0.0280     0.0018   0.0455  
   4680      2     153.85    200.00    0.146  +0.0280     0.0018   0.0806  
   4681      2     169.65              0.181  +0.0260     0.0013   0.1375  
   4682      2     176.50              0.220  +0.0240     0.0010   0.1228  
   4683      2     176.26              0.221  +0.0220     0.0010   0.1166  
   4684      2     168.92              0.209  +0.0200     0.0011   0.0533  
   4685      2     163.28    182.12    0.221  +0.0200     0.0011   0.0294  
-------------------------------------------------------------------------------
   4686      1     163.45              0.194  +0.0200     0.0010   0.0371  
   4687      1     166.85              0.222  +0.0200     0.0009   0.0739  
   4688      1     171.44              0.209  +0.0210     0.0009   0.1134  
   4689      1     175.61              0.185  +0.0220     0.0009   0.0571  
   4690      1     177.87    192.19    0.175  +0.0220     0.0009   0.0297  
   4691      1     177.91              0.187  +0.0220     0.0009   0.0301  
   4692      1     176.74              0.210  +0.0220     0.0009   0.0290  
   4693      1     178.39              0.224  +0.0220     0.0009   0.0441  
   4694      1     177.80              0.271  +0.0210     0.0008   0.0315  
   4695      1     180.22    184.69    0.249  +0.0210     0.0008   0.0330  
   4696      1     179.32              0.242  +0.0220     0.0007   0.0316  
   4697      1     178.86              0.283  +0.0210     0.0008   0.0356  
   4698      1     174.36              0.326  +0.0210     0.0007   0.0388  
   4699      1     176.56              0.305  +0.0210     0.0008   0.0302  
   4700      1     177.38    175.88    0.281  +0.0210     0.0007   0.0396  
   4701      1     176.55              0.274  +0.0210     0.0007   0.0429  
   4702      1     173.26              0.314  +0.0200     0.0007   0.0531  
   4703      1     176.59              0.275  +0.0200     0.0008   0.0325  
   4704      1     176.42              0.246  +0.0200     0.0008   0.0340  
   4705      1     182.53    184.19    0.189  +0.0210     0.0008   0.0353  
   4706      1     184.58              0.168  +0.0220     0.0008   0.0559  
   4707      1     186.10              0.152  +0.0220     0.0009   0.0710  
   4708      1     183.06              0.158  +0.0220     0.0010   0.0805  
   4709      1     175.49              0.225  +0.0220     0.0010   0.0665  
   4710      1     164.85    191.31    0.294  +0.0210     0.0010   0.0594  
   4711      1     160.40              0.244  +0.0210     0.0012   0.0686  
   4712      1     150.40              0.215  +0.0210     0.0013   0.0310  
   4713      1     151.10              0.188  +0.0210     0.0012   0.0250  
   4714      1     158.05              0.135  +0.0220     0.0013   0.0509  
   4715      1     164.87    200.00    0.169  +0.0210     0.0012   0.0769  
-------------------------------------------------------------------------------
   4716      2     170.57              0.172  +0.0220     0.0011   0.1285  
   4717      2     171.33              0.167  +0.0230     0.0011   0.0620  
   4718      2     169.19              0.142  +0.0240     0.0011   0.0505  
   4719      2     173.66              0.089  +0.0250     0.0011   0.0402  
   4720      2     181.73    200.00    0.076  +0.0250     0.0010   0.0769  
   4721      2     172.83              0.120  +0.0240     0.0010   0.0805  
   4722      2     160.34              0.145  +0.0230     0.0011   0.0983  
   4723      2     148.18              0.140  +0.0230     0.0012   0.0650  
   4724      2     144.84              0.125  +0.0230     0.0012   0.0531  
   4725      2     155.04    200.00    0.129  +0.0230     0.0012   0.0909  
   4726      2     167.56              0.111  +0.0230     0.0011   0.1154  
   4727      2     179.85              0.092  +0.0240     0.0011   0.1651  
   4728      2     185.23              0.073  +0.0260     0.0011   0.1956  
   4729      2     179.49              0.080  +0.0280     0.0013   0.0830  
   4730      2     172.45    200.00    0.083  +0.0300     0.0016   0.0509  
   4731      2     165.46              0.103  +0.0310     0.0018   0.0351  
   4732      2     165.38              0.114  +0.0300     0.0018   0.0459  
   4733      2     170.03              0.128  +0.0290     0.0015   0.0739  
   4734      2     175.32              0.130  +0.0280     0.0014   0.0940  
   4735      2     177.61    197.38    0.143  +0.0250     0.0011   0.0469  
   4736      2     176.35              0.172  +0.0240     0.0011   0.0747  
   4737      2     173.75              0.214  +0.0220     0.0010   0.0423  
   4738      2     169.73              0.296  +0.0210     0.0009   0.0377  
   4739      2     167.72              0.313  +0.0200     0.0009   0.0539  
   4740      2     159.97    194.31    0.395  +0.0190     0.0009   0.0552  
-------------------------------------------------------------------------------
   4741      1     159.85              0.463  +0.0190     0.0008   0.0290  
   4742      1     159.21              0.419  +0.0200     0.0009   0.0317  
   4743      1     164.73              0.360  +0.0210     0.0010   0.0682  
   4744      1     168.99              0.273  +0.0230     0.0010   0.0929  
   4745      1     171.88    191.81    0.208  +0.0240     0.0011   0.0505  
   4746      1     174.30              0.183  +0.0250     0.0011   0.0307  
   4747      1     174.59              0.176  +0.0240     0.0010   0.0313  
   4748      1     178.43              0.164  +0.0240     0.0009   0.0589  
   4749      1     179.14              0.187  +0.0230     0.0008   0.0861  
   4750      1     177.27    200.00    0.221  +0.0220     0.0010   0.0450  
-------------------------------------------------------------------------------
   4751      2     175.86              0.222  +0.0210     0.0009   0.0361  
   4752      2     177.76              0.206  +0.0210     0.0008   0.0487  
   4753      2     177.75              0.196  +0.0220     0.0009   0.0744  
   4754      2     176.40              0.164  +0.0230     0.0009   0.0997  
   4755      2     172.96    190.62    0.180  +0.0250     0.0010   0.0995  
-------------------------------------------------------------------------------
   4756      1     156.74              0.207  +0.0260     0.0012   0.0391  
   4757      1     149.91              0.255  +0.0260     0.0013   0.0339  
   4758      1     158.34              0.214  +0.0260     0.0012   0.0382  
   4759      1     170.55              0.175  +0.0260     0.0012   0.0654  
   4760      1     173.36    200.00    0.158  +0.0260     0.0012   0.0877  
-------------------------------------------------------------------------------
   4761      2     176.56              0.125  +0.0260     0.0014   0.1466  
   4762      2     174.36              0.118  +0.0250     0.0014   0.1989  
   4763      2     163.41              0.098  +0.0240     0.0015   0.1009  
   4764      2     151.71              0.092  +0.0240     0.0013   0.0358  
   4765      2     148.65    200.00    0.095  +0.0240     0.0014   0.0295  
   4766      2     153.04              0.126  +0.0230     0.0013   0.0543  
   4767      2     169.89              0.148  +0.0230     0.0013   0.1089  
   4768      2     179.43              0.148  +0.0250     0.0012   0.1766  
   4769      2     181.20              0.161  +0.0280     0.0013   0.2447  
   4770      2     168.68    195.25    0.249  +0.0290     0.0016   0.1383  
-------------------------------------------------------------------------------
   4771      1     153.13              0.323  +0.0280     0.0017   0.0624  
   4772      1     139.41              0.382  +0.0270     0.0018   0.0449  
   4773      1     144.30              0.384  +0.0270     0.0018   0.0389  
   4774      1     157.23              0.373  +0.0270     0.0017   0.0885  
   4775      1     166.41    174.75    0.328  +0.0260     0.0014   0.1377  
   4776      1     174.54              0.295  +0.0250     0.0010   0.1249  
   4777      1     182.09              0.210  +0.0250     0.0009   0.1527  
   4778      1     184.88              0.147  +0.0240     0.0012   0.1403  
   4779      1     178.03              0.097  +0.0230     0.0018   0.0802  
   4780      1     165.48    200.00    0.058  +0.0240     0.0015   0.0321  
-------------------------------------------------------------------------------
   4781      2     159.96              0.045  +0.0250     0.0015   0.0292  
   4782      2     170.01              0.057  +0.0240     0.0014   0.0576  
   4783      2     181.35              0.081  +0.0230     0.0013   0.0855  
   4784      2     187.71              0.091  +0.0240     0.0013   0.1392  
   4785      2     190.06    200.00    0.052  +0.0270     0.0014   0.1911  
   4786      2     187.95              0.033  +0.0310     0.0018   0.1636  
   4787      2     177.90              0.030  +0.0330     0.0021   0.1266  
   4788      2     157.49              0.053  +0.0340     0.0023   0.0551  
   4789      2     140.92              0.058  +0.0330     0.0023   0.0253  
   4790      2     145.33    195.12    0.072  +0.0330     0.0021   0.0310  
-------------------------------------------------------------------------------
   4791      1     159.94              0.076  +0.0330     0.0020   0.0698  
   4792      1     177.86              0.051  +0.0310     0.0017   0.0874  
   4793      1     185.67              0.042  +0.0290     0.0014   0.1587  
   4794      1     187.21              0.069  +0.0270     0.0013   0.1937  
   4795      1     182.43    200.00    0.122  +0.0230     0.0013   0.1077  
-------------------------------------------------------------------------------
   4796      2     169.22              0.135  +0.0210     0.0011   0.1045  
   4797      2     143.29              0.065  +0.0220     0.0013   0.0344  
   4798      2     135.02              0.050  +0.0240     0.0015   0.0407  
   4799      2     139.93              0.081  +0.0230     0.0013   0.0294  
   4800      2     151.44    200.00    0.153  +0.0210     0.0011   0.0294  
   4801      2     154.89              0.181  +0.0200     0.0010   0.0454  
   4802      2     166.55              0.314  +0.0190     0.0010   0.0401  
   4803      2     166.64              0.376  +0.0200     0.0011   0.0562  
   4804      2     173.07              0.299  +0.0210     0.0010   0.0766  
   4805      2     182.63    200.00    0.188  +0.0230     0.0009   0.0770  
   4806      2     187.88              0.113  +0.0250     0.0009   0.1170  
   4807      2     189.48              0.078  +0.0260     0.0010   0.0965  
   4808      2     187.13              0.071  +0.0270     0.0010   0.0762  
   4809      2     177.74              0.094  +0.0280     0.0011   0.0813  
   4810      2     168.73    197.94    0.084  +0.0290     0.0011   0.0701  
   4811      2     168.55              0.041  +0.0310     0.0014   0.0667  
   4812      2     161.96              0.037  +0.0330     0.0019   0.0854  
   4813      2     153.31              0.053  +0.0330     0.0020   0.0862  
   4814      2     132.26              0.079  +0.0300     0.0019   0.0720  
   4815      2     132.59    190.25    0.090  +0.0300     0.0018   0.0616  
-------------------------------------------------------------------------------
   4816      1     151.83              0.081  +0.0320     0.0022   0.0998  
   4817      1     182.46              0.036  +0.0340     0.0022   0.1003  
   4818      1     189.54              0.025  +0.0320     0.0018   0.0739  
   4819      1     193.34              0.017  +0.0300     0.0013   0.0762  
   4820      1     193.89    200.00    0.033  +0.0270     0.0010   0.0792  
-------------------------------------------------------------------------------
   4821      2     191.14              0.064  +0.0250     0.0010   0.0410  
   4822      2     187.15              0.114  +0.0230     0.0008   0.0424  
   4823      2     186.44              0.125  +0.0230     0.0008   0.0553  
   4824      2     183.23              0.138  +0.0230     0.0009   0.0500  
   4825      2     177.71    200.00    0.137  +0.0240     0.0010   0.0539  
   4826      2     168.80              0.160  +0.0230     0.0010   0.0413  
   4827      2     166.80              0.157  +0.0230     0.0010   0.0593  
   4828      2     171.80              0.127  +0.0240     0.0010   0.0805  
   4829      2     173.72              0.132  +0.0240     0.0010   0.0682  
   4830      2     167.40    200.00    0.174  +0.0220     0.0010   0.0366  
   4831      2     161.15              0.185  +0.0220     0.0009   0.0266  
   4832      2     165.12              0.186  +0.0220     0.0009   0.0396  
   4833      2     170.90              0.189  +0.0220     0.0009   0.0472  
   4834      2     174.18              0.178  +0.0240     0.0009   0.0480  
   4835      2     177.24    200.00    0.146  +0.0260     0.0011   0.0343  
   4836      2     173.87              0.159  +0.0260     0.0012   0.0446  
   4837      2     170.47              0.147  +0.0270     0.0014   0.0429  
   4838      2     168.47              0.166  +0.0260     0.0014   0.0284  
   4839      2     168.96              0.208  +0.0240     0.0012   0.0542  
   4840      2     166.26    183.69    0.294  +0.0220     0.0010   0.0632  
-------------------------------------------------------------------------------
   4841      1     155.98              0.416  +0.0200     0.0009   0.0315  
   4842      1     146.56              0.502  +0.0190     0.0008   0.0500  
   4843      1     137.26              0.578  +0.0180     0.0007   0.0411  
   4844      1     136.81              0.585  +0.0170     0.0007   0.0382  
   4845      1     149.29    192.12    0.469  +0.0180     0.0007   0.0339  
   4846      1     160.50              0.322  +0.0200     0.0008   0.0285  
   4847      1     161.98              0.259  +0.0210     0.0009   0.0273  
   4848      1     163.26              0.222  +0.0200     0.0009   0.0314  
   4849      1     168.75              0.174  +0.0210     0.0009   0.0437  
   4850      1     172.34    200.00    0.137  +0.0220     0.0009   0.0575  
-------------------------------------------------------------------------------
   4851      2     174.75              0.096  +0.0230     0.0010   0.0497  
   4852      2     180.20              0.077  +0.0250     0.0012   0.0680  
   4853      2     183.93              0.047  +0.0280     0.0015   0.1169  
   4854      2     182.89              0.037  +0.0310     0.0017   0.0972  
   4855      2     180.25    194.81    0.026  +0.0330     0.0019   0.0837  
-------------------------------------------------------------------------------
   4856      1     174.18              0.024  +0.0350     0.0021   0.0387  
   4857      1     174.83              0.022  +0.0350     0.0020   0.0293  
   4858      1     180.34              0.023  +0.0350     0.0018   0.0503  
   4859      1     187.95              0.020  +0.0340     0.0018   0.0885  
   4860      1     192.82    200.00    0.016  +0.0320     0.0016   0.0898  
-------------------------------------------------------------------------------
   4861      2     191.54              0.027  +0.0300     0.0016   0.1116  
   4862      2     173.36              0.087  +0.0260     0.0017   0.1375  
   4863      2     131.13              0.128  +0.0240     0.0010   0.0661  
   4864      2     114.35              0.099  +0.0240     0.0010   0.0326  
   4865      2     117.54    200.00    0.112  +0.0230     0.0008   0.0352  
   4866      2     139.14              0.164  +0.0210     0.0008   0.0638  
   4867      2     170.46              0.195  +0.0210     0.0009   0.1081  
   4868      2     184.91              0.162  +0.0220     0.0009   0.1440  
   4869      2     179.71              0.198  +0.0230     0.0010   0.0747  
   4870      2     171.65    197.00    0.261  +0.0230     0.0012   0.0324  
   4871      2     164.70              0.332  +0.0220     0.0013   0.0328  
   4872      2     155.24              0.339  +0.0230     0.0014   0.0432  
   4873      2     152.27              0.384  +0.0220     0.0014   0.0380  
   4874      2     148.61              0.431  +0.0220     0.0014   0.0320  
   4875      2     138.05    184.88    0.461  +0.0220     0.0014   0.0266  
-------------------------------------------------------------------------------
   4876      1     145.87              0.468  +0.0210     0.0013   0.0293  
   4877      1     141.64              0.507  +0.0210     0.0013   0.0268  
   4878      1     151.59              0.446  +0.0210     0.0013   0.0455  
   4879      1     147.51              0.521  +0.0200     0.0011   0.0858  
   4880      1     144.89    190.81    0.586  +0.0180     0.0009   0.1207  
   4881      1     134.61              0.668  +0.0160     0.0009   0.0781  
   4882      1     131.87              0.707  +0.0160     0.0008   0.0653  
   4883      1     137.13              0.680  +0.0160     0.0008   0.0423  
   4884      1     150.45              0.556  +0.0170     0.0008   0.0541  
   4885      1     166.85    200.00    0.337  +0.0190     0.0009   0.0574  
-------------------------------------------------------------------------------
   4886      2     174.49              0.180  +0.0220     0.0009   0.0822  
   4887      2     176.31              0.116  +0.0240     0.0010   0.0349  
   4888      2     177.37              0.084  +0.0250     0.0012   0.0703  
   4889      2     174.03              0.090  +0.0270     0.0012   0.0628  
   4890      2     170.47    199.69    0.096  +0.0270     0.0013   0.0538  
   4891      2     161.93              0.116  +0.0280     0.0013   0.0409  
   4892      2     163.24              0.113  +0.0280     0.0013   0.0512  
   4893      2     167.86              0.093  +0.0290     0.0012   0.0538  
   4894      2     175.02              0.072  +0.0290     0.0012   0.0800  
   4895      2     182.51    200.00    0.059  +0.0280     0.0012   0.0644  
   4896      2     178.74              0.073  +0.0270     0.0014   0.1054  
   4897      2     167.41              0.160  +0.0250     0.0013   0.0906  
   4898      2     142.37              0.305  +0.0210     0.0012   0.0816  
   4899      2     130.26              0.410  +0.0190     0.0010   0.0631  
   4900      2     123.57    158.62    0.457  +0.0180     0.0009   0.0536  
-------------------------------------------------------------------------------
   4901      1     128.41              0.459  +0.0180     0.0008   0.0543  
   4902      1     139.55              0.463  +0.0180     0.0009   0.0656  
   4903      1     151.54              0.453  +0.0190     0.0009   0.0972  
   4904      1     157.71              0.431  +0.0200     0.0008   0.0773  
   4905      1     161.34    168.81    0.397  +0.0200     0.0007   0.0531  
   4906      1     158.20              0.438  +0.0190     0.0007   0.0422  
   4907      1     153.61              0.492  +0.0180     0.0007   0.0524  
   4908      1     150.77              0.513  +0.0170     0.0007   0.0647  
   4909      1     141.68              0.606  +0.0160     0.0008   0.0768  
   4910      1     139.00    132.81    0.551  +0.0160     0.0009   0.0388  
   4911      1     136.53              0.516  +0.0160     0.0009   0.0318  
   4912      1     136.95              0.508  +0.0160     0.0009   0.0330  
   4913      1     135.72              0.597  +0.0160     0.0009   0.0332  
   4914      1     143.19              0.614  +0.0160     0.0008   0.0443  
   4915      1     145.79    134.31    0.651  +0.0160     0.0008   0.0572  
   4916      1     153.99              0.600  +0.0160     0.0007   0.0560  
   4917      1     166.36              0.446  +0.0180     0.0007   0.0713  
   4918      1     183.52              0.207  +0.0210     0.0008   0.0866  
   4919      1     193.88              0.047  +0.0240     0.0010   0.0839  
   4920      1     193.47    200.00    0.024  +0.0270     0.0014   0.0525  
-------------------------------------------------------------------------------
   4921      2     192.61              0.021  +0.0290     0.0014   0.0451  
   4922      2     188.95              0.028  +0.0300     0.0016   0.0561  
   4923      2     183.40              0.039  +0.0300     0.0017   0.0490  
   4924      2     180.79              0.044  +0.0300     0.0016   0.0451  
   4925      2     177.34    200.00    0.042  +0.0300     0.0016   0.0329  
   4926      2     176.52              0.049  +0.0310     0.0017   0.0556  
   4927      2     178.46              0.043  +0.0330     0.0019   0.0536  
   4928      2     179.00              0.029  +0.0340     0.0021   0.0704  
   4929      2     174.04              0.026  +0.0350     0.0023   0.0980  
   4930      2     165.93    183.94    0.021  +0.0370     0.0026   0.0986  
-------------------------------------------------------------------------------
   4931      1     154.82              0.025  +0.0380     0.0028   0.0503  
   4932      1     152.41              0.033  +0.0370     0.0026   0.0460  
   4933      1     153.62              0.036  +0.0370     0.0028   0.0587  
   4934      1     150.37              0.039  +0.0360     0.0025   0.0797  
   4935      1     160.56    200.00    0.040  +0.0360     0.0024   0.0763  
-------------------------------------------------------------------------------
   4936      2     174.24              0.041  +0.0350     0.0024   0.1007  
   4937      2     179.62              0.046  +0.0310     0.0018   0.1407  
   4938      2     174.38              0.065  +0.0270     0.0015   0.0604  
   4939      2     166.60              0.090  +0.0250     0.0012   0.0374  
   4940      2     167.60    200.00    0.101  +0.0240     0.0012   0.0463  
   4941      2     178.41              0.088  +0.0240     0.0012   0.0797  
   4942      2     184.96              0.120  +0.0230     0.0011   0.1034  
   4943      2     186.34              0.109  +0.0240     0.0010   0.0437  
   4944      2     186.90              0.130  +0.0240     0.0010   0.0823  
   4945      2     185.56    200.00    0.146  +0.0250     0.0009   0.1003  
   4946      2     180.80              0.176  +0.0250     0.0010   0.0757  
   4947      2     175.87              0.214  +0.0250     0.0011   0.1052  
   4948      2     161.07              0.249  +0.0250     0.0012   0.0573  
   4949      2     154.79              0.297  +0.0250     0.0014   0.0704  
   4950      2     147.97    191.75    0.350  +0.0250     0.0014   0.0475  
-------------------------------------------------------------------------------
   4951      1     144.55              0.430  +0.0240     0.0015   0.0484  
   4952      1     143.28              0.538  +0.0230     0.0015   0.0710  
   4953      1     134.03              0.680  +0.0210     0.0013   0.0928  
   4954      1     124.25              0.792  +0.0190     0.0012   0.1295  
   4955      1     118.96    127.44    0.849  +0.0170     0.0010   0.0933  
   4956      1     122.56              0.752  +0.0160     0.0011   0.0371  
   4957      1     127.62              0.650  +0.0160     0.0011   0.0331  
   4958      1     129.99              0.604  +0.0160     0.0010   0.0561  
   4959      1     132.44              0.679  +0.0170     0.0010   0.0751  
   4960      1     131.14    109.44    0.738  +0.0180     0.0009   0.0544  
   4961      1     138.37              0.687  +0.0190     0.0009   0.0777  
   4962      1     143.96              0.637  +0.0210     0.0010   0.0577  
   4963      1     152.46              0.485  +0.0230     0.0013   0.0314  
   4964      1     158.45              0.419  +0.0240     0.0014   0.0350  
   4965      1     167.86    200.00    0.325  +0.0250     0.0013   0.0464  
-------------------------------------------------------------------------------
   4966      2     174.56              0.264  +0.0250     0.0013   0.0777  
   4967      2     181.74              0.236  +0.0240     0.0010   0.0418  
   4968      2     181.84              0.208  +0.0240     0.0008   0.0430  
   4969      2     182.00              0.210  +0.0240     0.0008   0.0469  
   4970      2     182.07    200.00    0.212  +0.0240     0.0008   0.0548  
   4971      2     182.62              0.205  +0.0250     0.0009   0.0446  
   4972      2     180.31              0.220  +0.0240     0.0009   0.0536  
   4973      2     179.44              0.238  +0.0250     0.0009   0.0800  
   4974      2     178.73              0.198  +0.0250     0.0011   0.0679  
   4975      2     180.04    200.00    0.175  +0.0250     0.0010   0.0609  
   4976      2     180.38              0.189  +0.0250     0.0008   0.0608  
   4977      2     176.67              0.219  +0.0240     0.0008   0.0754  
   4978      2     168.72              0.322  +0.0220     0.0007   0.0899  
   4979      2     152.62              0.457  +0.0200     0.0008   0.1044  
   4980      2     144.64    200.00    0.463  +0.0190     0.0009   0.0549  
   4981      2     139.54              0.395  +0.0180     0.0010   0.0577  
   4982      2     136.17              0.299  +0.0190     0.0012   0.0251  
   4983      2     139.08              0.331  +0.0190     0.0010   0.0322  
   4984      2     146.65              0.455  +0.0170     0.0009   0.0557  
   4985      2     148.21    180.19    0.609  +0.0170     0.0009   0.1102  
-------------------------------------------------------------------------------
   4986      1     152.34              0.618  +0.0180     0.0009   0.0475  
   4987      1     158.21              0.529  +0.0190     0.0009   0.0605  
   4988      1     167.93              0.384  +0.0200     0.0011   0.0520  
   4989      1     170.58              0.287  +0.0210     0.0012   0.0404  
   4990      1     172.36    200.00    0.204  +0.0220     0.0013   0.0675  
-------------------------------------------------------------------------------
   4991      2     173.85              0.129  +0.0230     0.0014   0.0359  
   4992      2     173.75              0.104  +0.0240     0.0014   0.0318  
   4993      2     181.27              0.082  +0.0240     0.0012   0.0495  
   4994      2     186.73              0.069  +0.0240     0.0011   0.0822  
   4995      2     190.32    200.00    0.084  +0.0230     0.0009   0.1089  
   4996      2     188.08              0.137  +0.0220     0.0008   0.1179  
   4997      2     181.55              0.182  +0.0200     0.0008   0.0667  
   4998      2     175.01              0.206  +0.0190     0.0010   0.0658  
   4999      2     163.38              0.172  +0.0190     0.0010   0.0408  
   5000      2     160.12    200.00    0.216  +0.0190     0.0010   0.0487  
   5001      2     162.02              0.356  +0.0180     0.0009   0.0311  
   5002      2     157.22              0.493  +0.0170     0.0008   0.0530  
   5003      2     153.75              0.592  +0.0170     0.0008   0.0917  
   5004      2     156.38              0.566  +0.0180     0.0008   0.1191  
   5005      2     166.19    196.94    0.410  +0.0190     0.0008   0.0631  
   5006      2     168.48              0.362  +0.0210     0.0009   0.0485  
   5007      2     168.57              0.295  +0.0220     0.0009   0.0476  
   5008      2     171.11              0.297  +0.0220     0.0009   0.0366  
   5009      2     167.80              0.277  +0.0230     0.0009   0.0308  
   5010      2     165.37    200.00    0.278  +0.0230     0.0009   0.0580  
   5011      2     162.27              0.306  +0.0220     0.0009   0.0449  
   5012      2     154.91              0.350  +0.0210     0.0009   0.0516  
   5013      2     143.31              0.384  +0.0210     0.0010   0.0359  
   5014      2     143.18              0.428  +0.0200     0.0010   0.0337  
   5015      2     147.41    192.56    0.424  +0.0200     0.0009   0.0538  
-------------------------------------------------------------------------------
   5016      1     159.58              0.325  +0.0220     0.0009   0.0976  
   5017      1     168.24              0.220  +0.0240     0.0009   0.0505  
   5018      1     173.91              0.166  +0.0250     0.0010   0.0648  
   5019      1     173.00              0.106  +0.0270     0.0012   0.0403  
   5020      1     173.80    200.00    0.091  +0.0270     0.0014   0.0442  
-------------------------------------------------------------------------------
   5021      2     176.56              0.085  +0.0270     0.0013   0.0696  
   5022      2     182.52              0.080  +0.0270     0.0012   0.0904  
   5023      2     183.22              0.120  +0.0250     0.0011   0.0635  
   5024      2     178.47              0.140  +0.0240     0.0011   0.0682  
   5025      2     172.34    200.00    0.187  +0.0230     0.0012   0.0692  
   5026      2     163.82              0.217  +0.0240     0.0011   0.0438  
   5027      2     157.10              0.225  +0.0230     0.0011   0.0416  
   5028      2     153.08              0.196  +0.0240     0.0013   0.0308  
   5029      2     159.03              0.103  +0.0270     0.0015   0.0403  
   5030      2     159.26    200.00    0.042  +0.0300     0.0018   0.0589  
   5031      2     166.72              0.048  +0.0310     0.0022   0.0619  
   5032      2     168.36              0.037  +0.0300     0.0021   0.0857  
   5033      2     181.16              0.036  +0.0280     0.0017   0.0679  
   5034      2     187.59              0.046  +0.0260     0.0015   0.0734  
   5035      2     186.56    200.00    0.096  +0.0240     0.0014   0.1144  
   5036      2     176.10              0.235  +0.0220     0.0012   0.0589  
   5037      2     163.39              0.395  +0.0200     0.0011   0.0478  
   5038      2     162.03              0.416  +0.0210     0.0011   0.0641  
   5039      2     163.79              0.386  +0.0210     0.0011   0.0783  
   5040      2     172.17    200.00    0.288  +0.0230     0.0011   0.0983  
   5041      2     179.93              0.182  +0.0250     0.0011   0.1045  
   5042      2     182.64              0.125  +0.0250     0.0011   0.0989  
   5043      2     177.48              0.192  +0.0240     0.0010   0.1246  
   5044      2     159.24              0.342  +0.0230     0.0010   0.0715  
   5045      2     145.20    182.75    0.564  +0.0210     0.0011   0.0758  
-------------------------------------------------------------------------------
   5046      1     128.48              0.756  +0.0190     0.0010   0.0622  
   5047      1     118.38              0.848  +0.0170     0.0009   0.0885  
   5048      1     104.17              0.928  +0.0150     0.0010   0.0928  
   5049      1     106.78              0.921  +0.0140     0.0010   0.0340  
   5050      1     111.40    132.25    0.889  +0.0140     0.0011   0.0276  
   5051      1     120.17              0.827  +0.0140     0.0009   0.0396  
   5052      1     128.09              0.651  +0.0150     0.0010   0.0600  
   5053      1     136.78              0.453  +0.0160     0.0011   0.0507  
   5054      1     142.27              0.386  +0.0170     0.0011   0.0794  
   5055      1     155.74    200.00    0.298  +0.0180     0.0011   0.1018  
-------------------------------------------------------------------------------
   5056      2     169.42              0.191  +0.0210     0.0011   0.0904  
   5057      2     181.48              0.081  +0.0230     0.0013   0.0999  
   5058      2     178.67              0.053  +0.0270     0.0015   0.0879  
   5059      2     175.57              0.037  +0.0300     0.0018   0.0617  
   5060      2     175.73    200.00    0.034  +0.0310     0.0019   0.0512  
   5061      2     177.59              0.032  +0.0310     0.0021   0.0808  
   5062      2     173.13              0.042  +0.0300     0.0023   0.0485  
   5063      2     165.61              0.054  +0.0300     0.0020   0.0396  
   5064      2     147.94              0.064  +0.0300     0.0020   0.0309  
   5065      2     136.17    200.00    0.057  +0.0300     0.0018   0.0335  
   5066      2     143.66              0.066  +0.0300     0.0019   0.0510  
   5067      2     160.68              0.063  +0.0300     0.0019   0.0809  
   5068      2     175.58              0.048  +0.0310     0.0020   0.0505  
   5069      2     178.46              0.045  +0.0310     0.0020   0.0539  
   5070      2     178.16    200.00    0.038  +0.0310     0.0019   0.0452  
   5071      2     178.00              0.071  +0.0300     0.0016   0.0305  
   5072      2     178.82              0.121  +0.0280     0.0014   0.0472  
   5073      2     172.86              0.197  +0.0260     0.0013   0.0488  
   5074      2     170.80              0.182  +0.0260     0.0016   0.0622  
   5075      2     159.59    200.00    0.190  +0.0260     0.0018   0.0434  
   5076      2     152.67              0.186  +0.0260     0.0017   0.0418  
   5077      2     153.63              0.184  +0.0270     0.0016   0.0599  
   5078      2     162.68              0.175  +0.0280     0.0018   0.0849  
   5079      2     171.07              0.099  +0.0310     0.0019   0.0371  
   5080      2     170.79    200.00    0.066  +0.0320     0.0019   0.0290  
   5081      2     172.29              0.062  +0.0320     0.0019   0.0542  
   5082      2     178.36              0.047  +0.0320     0.0018   0.0739  
   5083      2     183.14              0.042  +0.0320     0.0017   0.1360  
   5084      2     188.03              0.043  +0.0310     0.0016   0.1931  
   5085      2     183.81    198.19    0.048  +0.0290     0.0016   0.1981  
   5086      2     162.97              0.100  +0.0260     0.0015   0.1450  
   5087      2     145.51              0.158  +0.0230     0.0010   0.1649  
   5088      2     134.96              0.208  +0.0210     0.0009   0.1601  
   5089      2     131.57              0.385  +0.0220     0.0010   0.1518  
   5090      2     114.84    108.38    0.580  +0.0230     0.0012   0.0672  
-------------------------------------------------------------------------------
   5091      1     104.75              0.662  +0.0230     0.0015   0.0286  
   5101      1     100.77              0.983  +0.0140     0.0013   0.0393  
   5102      1     103.33              0.975  +0.0140     0.0012   0.0387  
   5103      1     103.90              0.971  +0.0140     0.0012   0.0561  
   5104      1     111.63              0.944  +0.0140     0.0011   0.0616  
   5105      1     124.17    187.06    0.785  +0.0150     0.0011   0.0362  
   5106      1     128.00              0.618  +0.0160     0.0012   0.0397  
   5107      1     132.52              0.677  +0.0150     0.0010   0.0530  
   5108      1     133.06              0.720  +0.0150     0.0009   0.1006  
   5109      1     149.74              0.542  +0.0170     0.0009   0.1395  
   5110      1     180.60    200.00    0.174  +0.0230     0.0010   0.0823  
-------------------------------------------------------------------------------
   5111      2     184.39              0.062  +0.0270     0.0013   0.0423  
   5112      2     179.75              0.059  +0.0290     0.0016   0.0294  
   5113      2     176.33              0.052  +0.0300     0.0014   0.0516  
   5114      2     175.70              0.058  +0.0310     0.0015   0.0542  
   5115      2     169.45    200.00    0.050  +0.0310     0.0016   0.0541  
   5116      2     161.15              0.054  +0.0320     0.0018   0.0585  
   5117      2     155.70              0.049  +0.0320     0.0019   0.0579  
   5118      2     150.85              0.055  +0.0310     0.0018   0.0698  
   5119      2     142.36              0.054  +0.0290     0.0014   0.0476  
   5120      2     138.07    200.00    0.048  +0.0270     0.0012   0.0506  
   5121      2     147.98              0.062  +0.0290     0.0014   0.0693  
   5122      2     162.39              0.055  +0.0300     0.0017   0.1089  
   5123      2     176.14              0.042  +0.0310     0.0017   0.0720  
   5124      2     174.74              0.041  +0.0320     0.0015   0.0330  
   5125      2     172.22    200.00    0.052  +0.0310     0.0014   0.0355  
   5126      2     180.96              0.033  +0.0300     0.0013   0.0447  
   5127      2     183.01              0.051  +0.0290     0.0012   0.0534  
   5128      2     187.15              0.043  +0.0270     0.0010   0.0527  
   5129      2     187.40              0.059  +0.0260     0.0010   0.0553  
   5130      2     186.97    199.06    0.087  +0.0250     0.0009   0.0794  
   5131      2     180.61              0.208  +0.0220     0.0007   0.0841  
   5132      2     166.62              0.419  +0.0200     0.0007   0.0929  
   5133      2     149.75              0.628  +0.0180     0.0007   0.0501  
   5134      2     139.05              0.686  +0.0170     0.0007   0.0283  
   5135      2     132.00    193.81    0.748  +0.0160     0.0007   0.0290  
-------------------------------------------------------------------------------
   5136      1     128.06              0.748  +0.0160     0.0008   0.0264  
   5137      1     131.59              0.733  +0.0150     0.0008   0.0398  
   5138      1     134.12              0.772  +0.0150     0.0007   0.0547  
   5139      1     128.98              0.850  +0.0150     0.0007   0.0863  
   5140      1     133.97    181.19    0.787  +0.0170     0.0007   0.0646  
   5141      1     144.30              0.722  +0.0180     0.0007   0.0698  
   5142      1     159.23              0.540  +0.0200     0.0008   0.0430  
   5143      1     170.21              0.354  +0.0220     0.0009   0.0377  
   5144      1     176.62              0.170  +0.0240     0.0010   0.0351  
   5145      1     180.15    200.00    0.109  +0.0250     0.0011   0.0382  
-------------------------------------------------------------------------------
   5146      2     184.14              0.066  +0.0260     0.0010   0.0542  
   5147      2     180.93              0.072  +0.0260     0.0012   0.0762  
   5148      2     175.18              0.073  +0.0250     0.0014   0.0460  
   5149      2     166.73              0.073  +0.0260     0.0014   0.0447  
   5150      2     158.90    188.44    0.059  +0.0260     0.0013   0.0688  
-------------------------------------------------------------------------------
   5151      1     135.91              0.039  +0.0260     0.0014   0.0315  
   5152      1     132.19              0.029  +0.0270     0.0014   0.0312  
   5153      1     142.14              0.042  +0.0270     0.0013   0.0557  
   5154      1     163.16              0.058  +0.0260     0.0013   0.1033  
   5155      1     181.37    200.00    0.062  +0.0260     0.0011   0.0825  
-------------------------------------------------------------------------------
   5156      2     183.37              0.051  +0.0270     0.0011   0.0530  
   5157      2     182.97              0.058  +0.0270     0.0011   0.0661  
   5158      2     177.49              0.060  +0.0280     0.0013   0.0350  
   5159      2     174.94              0.043  +0.0290     0.0014   0.0363  
   5160      2     179.49    200.00    0.049  +0.0290     0.0013   0.0464  
   5161      2     182.58              0.048  +0.0280     0.0012   0.0372  
   5162      2     180.56              0.059  +0.0270     0.0013   0.0518  
   5163      2     178.83              0.053  +0.0260     0.0013   0.0927  
   5164      2     175.41              0.062  +0.0250     0.0013   0.0628  
   5165      2     171.78    200.00    0.077  +0.0240     0.0012   0.0595  
   5166      2     178.14              0.073  +0.0240     0.0011   0.0530  
   5167      2     179.70              0.091  +0.0240     0.0011   0.0720  
   5168      2     179.33              0.085  +0.0230     0.0010   0.1043  
   5169      2     168.54              0.058  +0.0220     0.0009   0.0487  
   5170      2     164.61    200.00    0.058  +0.0230     0.0009   0.0424  
   5171      2     169.32              0.096  +0.0210     0.0009   0.0514  
   5172      2     171.53              0.151  +0.0220     0.0008   0.0832  
   5173      2     172.50              0.188  +0.0230     0.0009   0.1241  
   5174      2     170.85              0.178  +0.0270     0.0012   0.0696  
   5175      2     161.65    182.56    0.200  +0.0290     0.0015   0.0575  
-------------------------------------------------------------------------------
   5176      1     149.31              0.229  +0.0290     0.0016   0.0382  
   5177      1     145.56              0.237  +0.0290     0.0017   0.0296  
   5178      1     148.69              0.217  +0.0290     0.0016   0.0332  
   5179      1     154.43              0.219  +0.0280     0.0015   0.0618  
   5180      1     166.44    200.00    0.197  +0.0270     0.0013   0.0488  
-------------------------------------------------------------------------------
   5181      2     170.48              0.208  +0.0260     0.0011   0.0661  
   5182      2     169.87              0.244  +0.0230     0.0010   0.0956  
   5183      2     167.57              0.332  +0.0190     0.0009   0.0561  
   5184      2     165.87              0.379  +0.0180     0.0007   0.0476  
   5185      2     167.29    169.06    0.345  +0.0170     0.0007   0.0324  
-------------------------------------------------------------------------------
   5186      1     168.40              0.327  +0.0170     0.0007   0.0446  
   5187      1     177.32              0.249  +0.0180     0.0007   0.0545  
   5188      1     183.44              0.170  +0.0190     0.0007   0.0978  
   5189      1     189.59              0.093  +0.0220     0.0008   0.0837  
   5190      1     190.55    199.19    0.070  +0.0240     0.0008   0.1268  
-------------------------------------------------------------------------------
   5191      2     186.46              0.052  +0.0270     0.0010   0.0417  
   5192      2     182.40              0.062  +0.0290     0.0012   0.0315  
   5193      2     175.94              0.062  +0.0300     0.0013   0.0369  
   5194      2     176.64              0.069  +0.0300     0.0013   0.0287  
   5195      2     177.49    200.00    0.077  +0.0290     0.0013   0.0250  
   5196      2     179.62              0.087  +0.0280     0.0010   0.0338  
   5197      2     183.63              0.072  +0.0270     0.0010   0.0782  
   5198      2     188.27              0.056  +0.0250     0.0010   0.0307  
   5199      2     187.27              0.070  +0.0240     0.0009   0.0332  
   5200      2     190.61    200.00    0.050  +0.0240     0.0009   0.0262  
   5201      2     190.01              0.049  +0.0250     0.0011   0.0215  
   5202      2     187.13              0.060  +0.0250     0.0011   0.0381  
   5203      2     187.67              0.060  +0.0240     0.0010   0.0389  
   5204      2     186.42              0.062  +0.0240     0.0011   0.0350  
   5205      2     189.15    200.00    0.049  +0.0250     0.0012   0.0269  
   5206      2     189.18              0.051  +0.0260     0.0013   0.0521  
   5207      2     188.05              0.042  +0.0280     0.0012   0.0295  
   5208      2     185.18              0.053  +0.0280     0.0014   0.0424  
   5209      2     182.60              0.067  +0.0280     0.0014   0.0738  
   5210      2     178.20    200.00    0.080  +0.0260     0.0012   0.0363  
   5211      2     179.31              0.086  +0.0250     0.0011   0.0424  
   5212      2     174.61              0.095  +0.0250     0.0011   0.0407  
   5213      2     178.04              0.083  +0.0250     0.0011   0.0338  
   5214      2     184.95              0.064  +0.0270     0.0011   0.0333  
   5215      2     186.29    200.00    0.062  +0.0270     0.0010   0.0392  
   5216      2     186.05              0.075  +0.0260     0.0010   0.0457  
   5217      2     187.56              0.066  +0.0250     0.0010   0.0499  
   5218      2     187.46              0.091  +0.0240     0.0010   0.0380  
   5219      2     185.50              0.107  +0.0240     0.0010   0.0454  
   5220      2     179.90    200.00    0.134  +0.0250     0.0012   0.0376  
   5221      2     175.27              0.168  +0.0250     0.0012   0.0573  
   5222      2     175.68              0.126  +0.0260     0.0014   0.0498  
   5223      2     179.82              0.116  +0.0250     0.0012   0.0311  
   5224      2     178.77              0.129  +0.0250     0.0012   0.0289  
   5225      2     180.68    200.00    0.113  +0.0250     0.0012   0.0306  
   5226      2     183.47              0.102  +0.0250     0.0012   0.0437  
   5227      2     184.62              0.088  +0.0240     0.0012   0.0250  
   5228      2     183.22              0.094  +0.0230     0.0012   0.0519  
   5229      2     187.00              0.068  +0.0240     0.0013   0.0498  
   5230      2     188.70    200.00    0.067  +0.0250     0.0014   0.0774  
   5231      2     185.54              0.078  +0.0270     0.0014   0.0303  
   5232      2     184.10              0.082  +0.0280     0.0015   0.0619  
   5233      2     174.37              0.134  +0.0290     0.0017   0.0399  
   5234      2     170.23              0.191  +0.0290     0.0016   0.0399  
   5235      2     167.88    192.19    0.248  +0.0280     0.0016   0.0296  
-------------------------------------------------------------------------------
   5236      1     163.05              0.339  +0.0270     0.0014   0.0321  
   5237      1     171.20              0.280  +0.0270     0.0014   0.0333  
   5238      1     176.47              0.225  +0.0280     0.0014   0.0258  
   5239      1     182.83              0.140  +0.0270     0.0014   0.0700  
   5240      1     189.97    200.00    0.076  +0.0270     0.0014   0.0397  
-------------------------------------------------------------------------------
   5241      2     191.80              0.044  +0.0270     0.0017   0.0393  
   5242      2     191.52              0.045  +0.0270     0.0017   0.0363  
   5243      2     191.22              0.049  +0.0250     0.0016   0.0632  
   5244      2     186.98              0.050  +0.0250     0.0014   0.1169  
   5245      2     175.44    200.00    0.048  +0.0250     0.0014   0.0372  
   5246      2     166.92              0.043  +0.0260     0.0013   0.0344  
   5247      2     167.98              0.043  +0.0260     0.0012   0.0317  
   5248      2     173.18              0.044  +0.0250     0.0013   0.0274  
   5249      2     166.78              0.037  +0.0260     0.0012   0.0236  
   5250      2     167.67    200.00    0.038  +0.0250     0.0011   0.0499  
   5251      2     177.46              0.056  +0.0240     0.0012   0.1141  
   5252      2     186.68              0.058  +0.0240     0.0013   0.1702  
   5253      2     190.19              0.074  +0.0260     0.0015   0.0648  
   5254      2     184.88              0.118  +0.0270     0.0017   0.0402  
   5255      2     179.93    200.00    0.152  +0.0280     0.0017   0.0404  
   5256      2     171.47              0.219  +0.0290     0.0018   0.0759  
   5257      2     159.70              0.321  +0.0290     0.0017   0.0375  
   5258      2     150.44              0.398  +0.0280     0.0017   0.0350  
   5259      2     158.61              0.398  +0.0280     0.0014   0.0322  
   5260      2     165.21    200.00    0.342  +0.0270     0.0013   0.0505  
   5261      2     175.46              0.226  +0.0280     0.0014   0.0251  
   5262      2     182.00              0.157  +0.0270     0.0014   0.0393  
   5263      2     179.30              0.156  +0.0270     0.0015   0.0276  
   5264      2     176.98              0.150  +0.0280     0.0016   0.0704  
   5265      2     166.17    200.00    0.225  +0.0290     0.0017   0.0277  
   5266      2     178.40              0.147  +0.0290     0.0015   0.0327  
   5267      2     177.60              0.139  +0.0280     0.0016   0.0446  
   5268      2     180.97              0.077  +0.0290     0.0017   0.0360  
   5269      2     178.38              0.075  +0.0300     0.0018   0.0279  
   5270      2     176.20    200.00    0.109  +0.0290     0.0016   0.0412  
   5271      2     179.91              0.094  +0.0280     0.0015   0.0333  
   5272      2     177.81              0.107  +0.0290     0.0015   0.0274  
   5273      2     171.84              0.126  +0.0300     0.0017   0.0209  
   5274      2     176.79              0.116  +0.0300     0.0016   0.0346  
   5275      2     173.97    192.12    0.130  +0.0300     0.0016   0.0421  
-------------------------------------------------------------------------------
   5276      1     169.84              0.231  +0.0290     0.0014   0.0327  
   5277      1     175.59              0.200  +0.0270     0.0013   0.0359  
   5278      1     183.61              0.140  +0.0270     0.0013   0.0907  
   5279      1     188.70              0.085  +0.0250     0.0012   0.1283  
   5280      1     189.71    200.00    0.061  +0.0240     0.0012   0.1064  
-------------------------------------------------------------------------------
   5281      2     183.97              0.050  +0.0240     0.0014   0.0410  
   5282      2     179.08              0.032  +0.0250     0.0015   0.0503  
   5283      2     178.16              0.029  +0.0260     0.0016   0.0264  
   5284      2     180.86              0.023  +0.0270     0.0018   0.0515  
   5285      2     189.00    199.31    0.033  +0.0270     0.0020   0.0934  
   5286      2     190.75              0.033  +0.0290     0.0018   0.1117  
   5287      2     188.54              0.036  +0.0330     0.0026   0.0573  
   5288      2     180.31              0.039  +0.0340     0.0030   0.0309  
   5289      2     183.04              0.039  +0.0350     0.0029   0.0353  
   5290      2     186.08    198.31    0.047  +0.0320     0.0027   0.0257  
   5291      2     183.13              0.047  +0.0330     0.0025   0.0260  
   5292      2     181.02              0.060  +0.0330     0.0025   0.0328  
   5293      2     183.02              0.053  +0.0330     0.0023   0.0462  
   5294      2     182.79              0.075  +0.0310     0.0020   0.0520  
   5295      2     182.68    200.00    0.062  +0.0290     0.0017   0.0389  
   5296      2     177.67              0.103  +0.0270     0.0016   0.0350  
   5297      2     170.20              0.154  +0.0260     0.0015   0.0429  
   5298      2     163.32              0.216  +0.0270     0.0017   0.0416  
   5299      2     154.22              0.300  +0.0260     0.0016   0.0654  
   5300      2     145.29    192.81    0.400  +0.0270     0.0018   0.0568  
-------------------------------------------------------------------------------
   5301      1     133.49              0.494  +0.0270     0.0017   0.0279  
   5302      1     134.54              0.504  +0.0260     0.0015   0.0325  
   5303      1     141.69              0.534  +0.0250     0.0013   0.0290  
   5304      1     138.59              0.580  +0.0240     0.0012   0.0333  
   5305      1     140.06    200.00    0.629  +0.0220     0.0011   0.0572  
-------------------------------------------------------------------------------
   5306      2     151.32              0.576  +0.0210     0.0010   0.1135  
   5307      2     154.52              0.546  +0.0190     0.0008   0.0436  
   5308      2     156.23              0.521  +0.0180     0.0008   0.0360  
   5309      2     165.63              0.378  +0.0190     0.0008   0.0348  
   5310      2     160.30    188.19    0.449  +0.0190     0.0008   0.0421  
-------------------------------------------------------------------------------
   5311      1     162.73              0.465  +0.0200     0.0008   0.0801  
   5312      1     165.57              0.419  +0.0220     0.0009   0.0425  
   5313      1     171.37              0.329  +0.0240     0.0011   0.0308  
   5314      1     170.57              0.313  +0.0230     0.0011   0.0719  
   5315      1     167.45    200.00    0.333  +0.0210     0.0010   0.1491  
-------------------------------------------------------------------------------
   5316      2     153.56              0.315  +0.0190     0.0009   0.0776  
   5317      2     139.11              0.214  +0.0210     0.0009   0.0375  
   5318      2     144.68              0.154  +0.0220     0.0010   0.0371  
   5319      2     163.57              0.119  +0.0220     0.0010   0.0465  
   5320      2     175.18    200.00    0.106  +0.0210     0.0011   0.1101  
   5321      2     184.34              0.067  +0.0240     0.0014   0.1721  
   5322      2     187.32              0.034  +0.0290     0.0019   0.0918  
   5323      2     178.15              0.051  +0.0320     0.0023   0.0362  
   5324      2     168.48              0.077  +0.0320     0.0024   0.0356  
   5325      2     166.33    200.00    0.092  +0.0330     0.0023   0.0320  
   5326      2     170.90              0.109  +0.0320     0.0020   0.0339  
   5327      2     179.80              0.098  +0.0310     0.0018   0.0291  
   5328      2     182.91              0.083  +0.0300     0.0016   0.0268  
   5329      2     186.89              0.073  +0.0280     0.0014   0.0633  
   5330      2     189.39    200.00    0.078  +0.0250     0.0012   0.0859  
   5331      2     188.73              0.093  +0.0220     0.0010   0.1283  
   5332      2     181.67              0.100  +0.0200     0.0009   0.0501  
   5333      2     173.20              0.085  +0.0200     0.0008   0.0391  
   5334      2     170.53              0.124  +0.0190     0.0008   0.0408  
   5335      2     176.01    200.00    0.170  +0.0200     0.0008   0.0864  
   5336      2     179.63              0.187  +0.0220     0.0009   0.0605  
   5337      2     172.98              0.265  +0.0230     0.0010   0.0337  
   5338      2     160.89              0.421  +0.0220     0.0009   0.0417  
   5339      2     153.01              0.502  +0.0200     0.0008   0.0679  
   5340      2     150.88    191.94    0.538  +0.0180     0.0008   0.1024  
-------------------------------------------------------------------------------
   5341      1     158.42              0.406  +0.0170     0.0007   0.0835  
   5342      1     163.91              0.209  +0.0180     0.0008   0.0541  
   5343      1     165.30              0.111  +0.0190     0.0008   0.0434  
   5344      1     172.32              0.086  +0.0200     0.0009   0.0701  
   5345      1     179.94    200.00    0.086  +0.0210     0.0010   0.1118  
-------------------------------------------------------------------------------
   5346      2     188.74              0.048  +0.0240     0.0011   0.0787  
   5347      2     191.72              0.034  +0.0260     0.0011   0.0311  
   5348      2     191.03              0.024  +0.0270     0.0012   0.0316  
   5349      2     188.84              0.031  +0.0270     0.0012   0.0432  
   5350      2     189.07    200.00    0.037  +0.0260     0.0012   0.0692  
   5351      2     188.53              0.035  +0.0250     0.0012   0.0480  
   5352      2     185.14              0.048  +0.0240     0.0012   0.0265  
   5353      2     180.60              0.053  +0.0240     0.0013   0.0498  
   5354      2     173.49              0.060  +0.0250     0.0014   0.0558  
   5355      2     166.41    200.00    0.071  +0.0240     0.0013   0.0622  
   5356      2     164.66              0.091  +0.0240     0.0012   0.0524  
   5357      2     162.59              0.110  +0.0250     0.0014   0.0641  
   5358      2     158.53              0.163  +0.0260     0.0017   0.0634  
   5359      2     155.89              0.214  +0.0260     0.0017   0.0521  
   5360      2     152.67    192.50    0.312  +0.0250     0.0015   0.0343  
-------------------------------------------------------------------------------
   5361      1     146.08              0.442  +0.0240     0.0015   0.0386  
   5362      1     144.62              0.503  +0.0240     0.0015   0.0463  
   5363      1     147.25              0.511  +0.0240     0.0013   0.0723  
   5364      1     149.50              0.508  +0.0230     0.0012   0.0816  
   5365      1     160.73    185.31    0.397  +0.0230     0.0010   0.1312  
   5366      1     163.31              0.354  +0.0230     0.0011   0.1130  
   5367      1     148.47              0.345  +0.0230     0.0012   0.0927  
   5368      1     129.72              0.312  +0.0220     0.0011   0.0480  
   5369      1     117.69              0.278  +0.0220     0.0011   0.0414  
   5370      1     113.84    121.75    0.309  +0.0220     0.0010   0.0680  
   5371      1     114.88              0.251  +0.0230     0.0012   0.0331  
   5372      1     117.90              0.205  +0.0240     0.0012   0.0379  
   5373      1     129.20              0.157  +0.0250     0.0014   0.0472  
   5374      1     148.26              0.112  +0.0280     0.0015   0.0470  
   5375      1     155.48    200.00    0.079  +0.0290     0.0014   0.0351  
-------------------------------------------------------------------------------
   5376      2     157.95              0.073  +0.0290     0.0014   0.0500  
   5377      2     174.26              0.043  +0.0310     0.0015   0.0463  
   5378      2     178.46              0.044  +0.0320     0.0016   0.0380  
   5379      2     175.78              0.051  +0.0320     0.0015   0.0823  
   5380      2     164.58    200.00    0.079  +0.0310     0.0016   0.1594  
   5381      2     139.18              0.175  +0.0300     0.0017   0.0710  
   5382      2     125.30              0.282  +0.0280     0.0016   0.0307  
   5383      2     120.48              0.421  +0.0270     0.0017   0.0261  
   5384      2     126.83              0.441  +0.0280     0.0017   0.0560  
   5385      2     140.20    151.25    0.436  +0.0280     0.0016   0.0936  
-------------------------------------------------------------------------------
   5386      1     153.72              0.381  +0.0270     0.0014   0.1358  
   5387      1     160.92              0.262  +0.0250     0.0014   0.0661  
   5388      1     151.35              0.201  +0.0240     0.0014   0.0260  
   5389      1     144.55              0.183  +0.0230     0.0013   0.0411  
   5390      1     151.36    191.56    0.168  +0.0240     0.0013   0.0270  
   5391      1     164.25              0.189  +0.0250     0.0014   0.0316  
   5392      1     166.51              0.254  +0.0260     0.0015   0.0357  
   5393      1     165.77              0.298  +0.0270     0.0015   0.0267  
   5394      1     175.08              0.206  +0.0280     0.0016   0.0303  
   5395      1     171.58    181.00    0.228  +0.0290     0.0016   0.0334  
   5396      1     166.97              0.249  +0.0300     0.0017   0.0377  
   5397      1     163.91              0.221  +0.0320     0.0019   0.0259  
   5398      1     166.02              0.191  +0.0320     0.0021   0.0289  
   5399      1     171.08              0.122  +0.0330     0.0021   0.0445  
   5400      1     177.14    200.00    0.079  +0.0320     0.0022   0.0752  
-------------------------------------------------------------------------------
   5401      2     180.00              0.056  +0.0300     0.0022   0.0662  
   5402      2     182.06              0.049  +0.0290     0.0020   0.0895  
   5403      2     176.80              0.066  +0.0280     0.0019   0.0384  
   5404      2     182.48              0.075  +0.0270     0.0017   0.0359  
   5405      2     184.54    200.00    0.086  +0.0280     0.0018   0.0421  
   5406      2     184.36              0.060  +0.0300     0.0019   0.0331  
   5407      2     180.67              0.045  +0.0320     0.0021   0.0299  
   5408      2     178.69              0.025  +0.0340     0.0023   0.0409  
   5409      2     180.00              0.043  +0.0330     0.0022   0.0410  
   5410      2     185.55    200.00    0.056  +0.0310     0.0018   0.0285  
   5411      2     185.80              0.067  +0.0300     0.0018   0.0440  
   5412      2     180.76              0.115  +0.0270     0.0017   0.0623  
   5413      2     174.46              0.137  +0.0240     0.0013   0.0576  
   5414      2     165.13              0.155  +0.0220     0.0010   0.0348  
   5415      2     160.00    200.00    0.167  +0.0210     0.0009   0.0347  
   5416      2     167.16              0.224  +0.0210     0.0009   0.0756  
   5417      2     173.40              0.281  +0.0230     0.0012   0.0950  
   5418      2     174.93              0.249  +0.0260     0.0015   0.0865  
   5419      2     173.65              0.222  +0.0290     0.0015   0.0342  
   5420      2     175.15    193.12    0.236  +0.0290     0.0014   0.0439  
-------------------------------------------------------------------------------
   5421      1     179.20              0.222  +0.0280     0.0013   0.0395  
   5422      1     181.72              0.218  +0.0260     0.0012   0.0604  
   5423      1     182.51              0.191  +0.0240     0.0011   0.0360  
   5424      1     181.83              0.142  +0.0230     0.0010   0.0262  
   5425      1     184.27    200.00    0.116  +0.0230     0.0011   0.0413  
-------------------------------------------------------------------------------
   5426      2     186.97              0.115  +0.0240     0.0011   0.0816  
   5427      2     185.45              0.127  +0.0260     0.0011   0.0280  
   5428      2     186.00              0.122  +0.0270     0.0012   0.0335  
   5429      2     179.03              0.125  +0.0270     0.0012   0.0385  
   5430      2     181.01    200.00    0.148  +0.0280     0.0011   0.0230  
   5431      2     172.05              0.220  +0.0280     0.0011   0.0436  
   5432      2     165.77              0.269  +0.0280     0.0011   0.0346  
   5433      2     163.19              0.277  +0.0280     0.0012   0.0363  
   5434      2     170.34              0.235  +0.0280     0.0011   0.0251  
   5435      2     164.88    200.00    0.294  +0.0280     0.0012   0.0324  
   5436      2     169.67              0.337  +0.0280     0.0011   0.0471  
   5437      2     177.89              0.284  +0.0270     0.0011   0.0691  
   5438      2     181.37              0.236  +0.0250     0.0011   0.1001  
   5439      2     180.44              0.157  +0.0220     0.0012   0.0413  
   5440      2     174.86    200.00    0.117  +0.0210     0.0010   0.0363  
   5441      2     170.06              0.098  +0.0220     0.0010   0.0264  
   5442      2     160.99              0.083  +0.0210     0.0009   0.0351  
   5443      2     179.86              0.109  +0.0220     0.0011   0.1006  
   5444      2     185.37              0.159  +0.0260     0.0014   0.0836  
   5445      2     173.94    190.00    0.299  +0.0260     0.0014   0.0779  
-------------------------------------------------------------------------------
   5446      1     157.87              0.390  +0.0270     0.0017   0.0588  
   5447      1     153.92              0.381  +0.0270     0.0016   0.0407  
   5448      1     152.21              0.421  +0.0260     0.0017   0.0432  
   5449      1     161.09              0.374  +0.0260     0.0015   0.0319  
   5450      1     170.42    179.75    0.321  +0.0250     0.0012   0.0614  
   5451      1     166.27              0.359  +0.0240     0.0012   0.0342  
   5452      1     172.75              0.293  +0.0250     0.0012   0.0484  
   5453      1     176.80              0.269  +0.0240     0.0011   0.0795  
   5454      1     178.75              0.271  +0.0220     0.0011   0.1241  
   5455      1     179.26    195.88    0.224  +0.0190     0.0009   0.0601  
   5456      1     173.95              0.135  +0.0190     0.0008   0.0318  
   5457      1     174.82              0.091  +0.0200     0.0008   0.0361  
   5458      1     178.26              0.105  +0.0200     0.0008   0.0324  
   5459      1     185.96              0.086  +0.0210     0.0009   0.0255  
   5460      1     186.69    200.00    0.091  +0.0220     0.0010   0.0359  
-------------------------------------------------------------------------------
   5461      2     190.77              0.072  +0.0240     0.0012   0.0583  
   5462      2     190.09              0.052  +0.0270     0.0014   0.1074  
   5463      2     181.63              0.046  +0.0310     0.0019   0.0526  
   5464      2     174.05              0.038  +0.0320     0.0020   0.0319  
   5465      2     172.94    200.00    0.056  +0.0310     0.0017   0.0310  
   5466      2     182.67              0.048  +0.0300     0.0015   0.0411  
   5467      2     185.38              0.063  +0.0280     0.0014   0.0426  
   5468      2     190.27              0.061  +0.0260     0.0011   0.0618  
   5469      2     192.67              0.069  +0.0230     0.0009   0.0318  
   5470      2     191.50    200.00    0.083  +0.0230     0.0008   0.0537  
   5471      2     191.44              0.081  +0.0210     0.0008   0.0564  
   5472      2     188.99              0.090  +0.0210     0.0008   0.0743  
   5473      2     178.31              0.086  +0.0210     0.0008   0.0649  
   5474      2     167.20              0.069  +0.0210     0.0009   0.0389  
   5475      2     167.96    200.00    0.067  +0.0210     0.0010   0.0409  
   5476      2     180.96              0.071  +0.0210     0.0008   0.0761  
   5477      2     192.88              0.070  +0.0230     0.0009   0.0629  
   5478      2     194.38              0.050  +0.0250     0.0009   0.0677  
   5479      2     193.72              0.023  +0.0280     0.0012   0.0792  
   5480      2     185.86    200.00    0.023  +0.0320     0.0016   0.0500  
   5481      2     178.26              0.038  +0.0340     0.0021   0.0538  
   5482      2     164.31              0.039  +0.0360     0.0023   0.0397  
   5483      2     154.43              0.060  +0.0350     0.0023   0.0636  
   5484      2     145.68              0.086  +0.0310     0.0017   0.0366  
   5485      2     157.72    185.38    0.067  +0.0320     0.0017   0.0416  
-------------------------------------------------------------------------------
   5486      1     167.60              0.042  +0.0340     0.0022   0.0404  
   5487      1     176.39              0.022  +0.0340     0.0021   0.0502  
   5488      1     184.17              0.022  +0.0320     0.0019   0.0654  
   5489      1     186.98              0.077  +0.0280     0.0015   0.0448  
   5490      1     184.26    179.19    0.198  +0.0250     0.0011   0.0615  
   5491      1     178.03              0.266  +0.0210     0.0009   0.0426  
   5492      1     170.34              0.229  +0.0200     0.0009   0.0368  
   5493      1     162.44              0.209  +0.0200     0.0010   0.0241  
   5494      1     176.61              0.200  +0.0200     0.0008   0.0271  
   5495      1     181.19    195.44    0.218  +0.0200     0.0008   0.0278  
   5496      1     188.43              0.135  +0.0210     0.0007   0.0349  
   5497      1     193.77              0.054  +0.0220     0.0008   0.0554  
   5498      1     193.39              0.047  +0.0230     0.0009   0.0405  
   5499      1     194.52              0.028  +0.0250     0.0010   0.0351  
   5500      1     194.96    200.00    0.017  +0.0260     0.0012   0.0497  
-------------------------------------------------------------------------------
   5501      2     195.90              0.006  +0.0290     0.0014   0.0274  
   5502      2     194.09              0.008  +0.0300     0.0017   0.0306  
   5503      2     193.67              0.011  +0.0310     0.0017   0.0368  
   5504      2     191.57              0.016  +0.0310     0.0017   0.0278  
   5505      2     189.44    200.00    0.013  +0.0310     0.0018   0.0316  
   5506      2     186.26              0.014  +0.0300     0.0019   0.0585  
   5507      2     185.23              0.018  +0.0290     0.0018   0.0334  
   5508      2     183.92              0.020  +0.0290     0.0017   0.0450  
   5509      2     188.62              0.016  +0.0290     0.0018   0.0308  
   5510      2     189.71    200.00    0.018  +0.0270     0.0016   0.0317  
   5511      2     190.06              0.020  +0.0270     0.0016   0.0299  
   5512      2     191.93              0.023  +0.0270     0.0015   0.0533  
   5513      2     191.74              0.018  +0.0280     0.0015   0.0577  
   5514      2     190.31              0.028  +0.0290     0.0015   0.0521  
   5515      2     189.89    200.00    0.042  +0.0280     0.0014   0.0765  
   5516      2     186.41              0.081  +0.0270     0.0013   0.0531  
   5517      2     178.17              0.167  +0.0250     0.0013   0.0571  
   5518      2     169.23              0.264  +0.0240     0.0012   0.0419  
   5519      2     153.78              0.400  +0.0220     0.0011   0.0402  
   5520      2     147.04    138.62    0.494  +0.0190     0.0010   0.0326  
-------------------------------------------------------------------------------
   5521      1     141.54              0.550  +0.0180     0.0010   0.0452  
   5522      1     126.48              0.699  +0.0170     0.0010   0.0380  
   5523      1     126.07              0.698  +0.0170     0.0010   0.0359  
   5524      1     121.32              0.780  +0.0160     0.0009   0.0584  
   5525      1     115.11    158.75    0.821  +0.0170     0.0010   0.0761  
   5526      1     122.54              0.749  +0.0190     0.0012   0.1301  
   5527      1     130.46              0.622  +0.0240     0.0014   0.1544  
   5528      1     121.84              0.512  +0.0260     0.0018   0.0848  
   5529      1     113.62              0.385  +0.0270     0.0020   0.0429  
   5530      1     106.91    166.88    0.313  +0.0260     0.0018   0.0310  
   5531      1     112.21              0.336  +0.0260     0.0017   0.0436  
   5532      1     125.73              0.335  +0.0260     0.0016   0.0722  
   5533      1     145.13              0.286  +0.0260     0.0013   0.1174  
   5534      1     170.09              0.210  +0.0250     0.0010   0.1642  
   5535      1     175.72    200.00    0.173  +0.0210     0.0009   0.0740  
-------------------------------------------------------------------------------
   5536      2     162.63              0.124  +0.0200     0.0009   0.0338  
   5537      2     155.90              0.092  +0.0200     0.0009   0.0484  
   5538      2     159.48              0.150  +0.0190     0.0008   0.0286  
   5539      2     174.00              0.272  +0.0180     0.0008   0.0291  
   5540      2     179.57    200.00    0.238  +0.0190     0.0007   0.0625  
   5541      2     185.50              0.201  +0.0210     0.0008   0.0795  
   5542      2     186.83              0.166  +0.0220     0.0007   0.0550  
   5543      2     184.50              0.174  +0.0230     0.0008   0.0769  
   5544      2     178.25              0.253  +0.0230     0.0008   0.0963  
   5545      2     160.82    200.00    0.411  +0.0230     0.0008   0.1086  
   5546      2     138.46              0.564  +0.0230     0.0011   0.0442  
   5547      2     118.29              0.704  +0.0210     0.0012   0.0392  
   5548      2     109.99              0.789  +0.0200     0.0011   0.0415  
   5549      2     108.31              0.870  +0.0190     0.0011   0.0653  
   5550      2     102.95              0.918  +0.0170     0.0010   0.0955  
-------------------------------------------------------------------------------
   5551      1     103.47              0.964  +0.0150     0.0010   0.0781  
   5552      1     109.18              0.952  +0.0140     0.0009   0.1121  
   5553      1     128.21              0.816  +0.0150     0.0010   0.0990  
   5554      1     140.78              0.441  +0.0170     0.0012   0.0676  
   5555      1     135.97    200.00    0.218  +0.0200     0.0013   0.0541  
-------------------------------------------------------------------------------
   5556      2     146.25              0.240  +0.0200     0.0010   0.0653  
   5557      2     161.16              0.352  +0.0190     0.0009   0.1038  
   5558      2     167.38              0.382  +0.0200     0.0009   0.1523  
   5559      2     170.16              0.323  +0.0230     0.0009   0.1662  
   5560      2     173.73    200.00    0.135  +0.0280     0.0011   0.0772  
   5561      2     157.61              0.082  +0.0310     0.0015   0.0358  
   5562      2     140.55              0.069  +0.0320     0.0020   0.0291  
   5563      2     138.60              0.053  +0.0320     0.0019   0.0549  
   5564      2     156.63              0.045  +0.0330     0.0020   0.1055  
   5565      2     179.52    200.00    0.036  +0.0310     0.0019   0.1539  
   5566      2     180.09              0.067  +0.0270     0.0017   0.0743  
   5567      2     177.60              0.073  +0.0250     0.0017   0.0938  
   5568      2     168.37              0.085  +0.0250     0.0016   0.0474  
   5569      2     164.23              0.073  +0.0250     0.0015   0.0252  
   5570      2     164.31    200.00    0.061  +0.0250     0.0015   0.0370  
   5571      2     173.92              0.059  +0.0260     0.0016   0.0668  
   5572      2     181.89              0.051  +0.0270     0.0018   0.1237  
   5573      2     188.25              0.030  +0.0300     0.0020   0.1850  
   5574      2     179.16              0.027  +0.0340     0.0027   0.0748  
   5575      2     165.47    197.88    0.030  +0.0350     0.0025   0.0407  
   5576      2     166.84              0.030  +0.0340     0.0024   0.0250  
   5577      2     180.48              0.028  +0.0330     0.0021   0.0600  
   5578      2     189.65              0.030  +0.0300     0.0018   0.0282  
   5579      2     191.77              0.046  +0.0270     0.0015   0.0522  
   5580      2     190.49    200.00    0.072  +0.0250     0.0015   0.0435  
   5581      2     187.37              0.103  +0.0230     0.0014   0.0446  
   5582      2     184.90              0.127  +0.0220     0.0012   0.0336  
   5583      2     184.60              0.173  +0.0210     0.0011   0.0469  
   5584      2     184.53              0.209  +0.0210     0.0010   0.0891  
   5585      2     184.85    194.88    0.218  +0.0230     0.0010   0.0912  
-------------------------------------------------------------------------------
   5586      1     185.57              0.203  +0.0240     0.0011   0.0474  
   5587      1     187.61              0.129  +0.0250     0.0010   0.0340  
   5588      1     186.62              0.144  +0.0250     0.0010   0.0311  
   5589      1     185.43              0.108  +0.0260     0.0011   0.0260  
   5590      1     186.04    193.31    0.082  +0.0270     0.0011   0.0306  
   5591      1     186.40              0.076  +0.0270     0.0011   0.0587  
   5592      1     188.87              0.087  +0.0250     0.0011   0.0930  
   5593      1     189.40              0.080  +0.0240     0.0011   0.1124  
   5594      1     184.41              0.069  +0.0230     0.0013   0.0570  
   5595      1     173.34    200.00    0.062  +0.0230     0.0013   0.0416  
-------------------------------------------------------------------------------
   5596      2     173.88              0.056  +0.0240     0.0013   0.0505  
   5597      2     184.94              0.060  +0.0260     0.0015   0.0383  
   5598      2     187.34              0.049  +0.0270     0.0015   0.0639  
   5599      2     187.70              0.058  +0.0290     0.0017   0.0285  
   5600      2     188.04    200.00    0.053  +0.0300     0.0017   0.0328  
   5601      2     189.71              0.069  +0.0290     0.0015   0.0378  
   5602      2     188.39              0.087  +0.0290     0.0014   0.0353  
   5603      2     187.92              0.080  +0.0290     0.0013   0.0340  
   5604      2     183.18              0.123  +0.0300     0.0014   0.0746  
   5605      2     174.04    200.00    0.170  +0.0300     0.0015   0.0313  
   5606      2     170.75              0.206  +0.0290     0.0013   0.0328  
   5607      2     170.19              0.258  +0.0280     0.0011   0.0321  
   5608      2     173.66              0.285  +0.0260     0.0009   0.0302  
   5609      2     169.53              0.307  +0.0270     0.0010   0.0278  
   5610      2     174.17    200.00    0.275  +0.0270     0.0010   0.0330  
   5611      2     174.12              0.302  +0.0260     0.0010   0.0257  
   5612      2     175.73              0.304  +0.0250     0.0010   0.0360  
   5613      2     166.80              0.389  +0.0240     0.0010   0.0311  
   5614      2     172.22              0.307  +0.0260     0.0014   0.0326  
   5615      2     174.23    190.44    0.279  +0.0270     0.0011   0.0311  
-------------------------------------------------------------------------------
   5616      1     177.63              0.250  +0.0270     0.0011   0.0366  
   5617      1     180.06              0.187  +0.0270     0.0012   0.0271  
   5618      1     184.89              0.138  +0.0260     0.0011   0.0612  
   5619      1     187.50              0.161  +0.0240     0.0008   0.0682  
   5620      1     187.45    191.56    0.142  +0.0230     0.0008   0.0470  
   5621      1     190.24              0.092  +0.0230     0.0009   0.0557  
   5622      1     190.34              0.081  +0.0230     0.0011   0.0401  
   5623      1     187.30              0.076  +0.0230     0.0011   0.0343  
   5624      1     189.68              0.070  +0.0240     0.0011   0.0459  
   5625      1     193.08    200.00    0.055  +0.0250     0.0011   0.0652  
-------------------------------------------------------------------------------
   5626      2     194.11              0.037  +0.0270     0.0012   0.1089  
   5627      2     191.55              0.033  +0.0300     0.0015   0.0568  
   5628      2     184.99              0.044  +0.0320     0.0016   0.0376  
   5629      2     181.13              0.034  +0.0330     0.0019   0.0357  
   5630      2     171.47    200.00    0.048  +0.0340     0.0022   0.0301  
   5631      2     167.13              0.061  +0.0340     0.0023   0.0361  
   5632      2     164.05              0.053  +0.0340     0.0021   0.0337  
   5633      2     167.85              0.049  +0.0340     0.0021   0.0350  
   5634      2     176.20              0.044  +0.0340     0.0019   0.0682  
   5635      2     182.46    200.00    0.057  +0.0310     0.0017   0.1083  
   5636      2     183.10              0.066  +0.0270     0.0015   0.1341  
   5637      2     164.89              0.172  +0.0220     0.0012   0.0650  
   5638      2     145.34              0.231  +0.0210     0.0012   0.0429  
   5639      2     133.71              0.255  +0.0200     0.0011   0.0337  
   5640      2     150.10    199.06    0.229  +0.0200     0.0011   0.0897  
   5641      2     168.32              0.168  +0.0230     0.0012   0.1534  
   5642      2     181.68              0.101  +0.0280     0.0014   0.0883  
   5643      2     179.91              0.109  +0.0300     0.0015   0.0458  
   5644      2     180.42              0.175  +0.0300     0.0014   0.0624  
   5645      2     174.41    200.00    0.244  +0.0290     0.0013   0.0397  
   5646      2     170.33              0.356  +0.0260     0.0011   0.0484  
   5647      2     174.48              0.336  +0.0240     0.0010   0.0535  
   5648      2     171.28              0.379  +0.0230     0.0010   0.0874  
   5649      2     168.80              0.444  +0.0200     0.0009   0.0515  
   5650      2     160.20    150.38    0.537  +0.0190     0.0008   0.0613  
-------------------------------------------------------------------------------
   5651      1     155.55              0.571  +0.0170     0.0008   0.0335  
   5652      1     154.97              0.603  +0.0170     0.0008   0.0384  
   5653      1     158.13              0.562  +0.0170     0.0008   0.0475  
   5654      1     164.24              0.480  +0.0170     0.0008   0.0724  
   5655      1     178.08    200.00    0.328  +0.0190     0.0008   0.1355  
-------------------------------------------------------------------------------
   5656      2     183.39              0.231  +0.0210     0.0008   0.0657  
   5657      2     183.78              0.160  +0.0220     0.0009   0.0396  
   5658      2     180.47              0.163  +0.0230     0.0009   0.0377  
   5659      2     179.23              0.142  +0.0230     0.0010   0.0326  
   5660      2     174.82    200.00    0.161  +0.0240     0.0011   0.0423  
   5661      2     173.74              0.154  +0.0240     0.0012   0.0729  
   5662      2     177.77              0.111  +0.0240     0.0012   0.0565  
   5663      2     176.79              0.101  +0.0240     0.0013   0.0319  
   5664      2     176.60              0.086  +0.0250     0.0015   0.0709  
   5665      2     173.34    200.00    0.063  +0.0250     0.0016   0.1345  
   5666      2     159.65              0.059  +0.0260     0.0017   0.1469  
   5667      2     150.06              0.046  +0.0270     0.0016   0.0755  
   5668      2     155.53              0.059  +0.0270     0.0016   0.0531  
   5669      2     164.15              0.069  +0.0270     0.0016   0.0548  
   5670      2     173.92    193.81    0.050  +0.0280     0.0018   0.0792  
-------------------------------------------------------------------------------
   5671      1     177.93              0.028  +0.0320     0.0022   0.0780  
   5672      1     174.07              0.020  +0.0340     0.0023   0.0497  
   5673      1     172.88              0.021  +0.0350     0.0024   0.0745  
   5674      1     175.91              0.026  +0.0350     0.0024   0.0834  
   5675      1     176.81    200.00    0.042  +0.0350     0.0024   0.0714  
-------------------------------------------------------------------------------
   5676      2     168.82              0.046  +0.0350     0.0025   0.0626  
   5677      2     157.69              0.054  +0.0350     0.0023   0.0622  
   5678      2     156.47              0.039  +0.0350     0.0024   0.0566  
   5679      2     155.64              0.037  +0.0360     0.0025   0.0701  
   5680      2     154.77    177.81    0.036  +0.0360     0.0024   0.0898  
-------------------------------------------------------------------------------
   5681      1     158.05              0.023  +0.0370     0.0025   0.0418  
   5682      1     162.59              0.019  +0.0370     0.0024   0.0400  
   5683      1     172.10              0.022  +0.0360     0.0023   0.0550  
   5684      1     181.19              0.030  +0.0340     0.0020   0.0945  
   5685      1     182.51    196.81    0.045  +0.0310     0.0017   0.1474  
-------------------------------------------------------------------------------
   5686      2     175.64              0.079  +0.0280     0.0017   0.0869  
   5687      2     167.27              0.084  +0.0260     0.0016   0.0376  
   5688      2     164.30              0.097  +0.0250     0.0015   0.0341  
   5689      2     166.99              0.106  +0.0240     0.0014   0.0839  
   5690      2     176.20    200.00    0.119  +0.0240     0.0012   0.1154  
   5691      2     182.17              0.183  +0.0230     0.0011   0.1406  
   5692      2     174.84              0.320  +0.0230     0.0011   0.0428  
   5693      2     167.04              0.392  +0.0220     0.0011   0.0335  
   5694      2     158.41              0.524  +0.0210     0.0011   0.0262  
   5695      2     162.76    200.00    0.548  +0.0200     0.0011   0.0776  
   5696      2     165.55              0.537  +0.0200     0.0010   0.1221  
   5697      2     163.27              0.541  +0.0200     0.0009   0.1505  
   5698      2     163.19              0.477  +0.0200     0.0011   0.0741  
   5699      2     155.74              0.495  +0.0200     0.0011   0.0488  
   5700      2     151.79    183.88    0.492  +0.0200     0.0011   0.0553  
-------------------------------------------------------------------------------
   5701      1     148.95              0.521  +0.0210     0.0011   0.0455  
   5702      1     149.01              0.507  +0.0220     0.0011   0.0574  
   5703      1     147.94              0.484  +0.0220     0.0012   0.0460  
   5704      1     154.66              0.439  +0.0230     0.0013   0.0585  
   5705      1     156.00    178.06    0.474  +0.0240     0.0012   0.0571  
   5706      1     159.06              0.436  +0.0250     0.0013   0.0863  
   5707      1     159.52              0.399  +0.0260     0.0015   0.0536  
   5708      1     161.41              0.346  +0.0260     0.0015   0.0449  
   5709      1     164.69              0.363  +0.0270     0.0015   0.0681  
   5710      1     164.36    200.00    0.386  +0.0290     0.0014   0.0543  
-------------------------------------------------------------------------------
   5711      2     161.42              0.414  +0.0290     0.0013   0.0434  
   5712      2     167.19              0.341  +0.0300     0.0013   0.0501  
   5713      2     174.23              0.264  +0.0290     0.0012   0.0941  
   5714      2     182.13              0.169  +0.0270     0.0011   0.1288  
   5715      2     183.22    200.00    0.107  +0.0240     0.0013   0.1531  
   5716      2     166.71              0.109  +0.0220     0.0011   0.0888  
   5717      2     152.37              0.076  +0.0220     0.0010   0.0402  
   5718      2     147.72              0.063  +0.0230     0.0011   0.0301  
   5719      2     155.97              0.082  +0.0230     0.0012   0.0480  
   5720      2     175.14    200.00    0.081  +0.0230     0.0011   0.0839  
   5721      2     186.51              0.082  +0.0240     0.0010   0.0962  
   5722      2     184.30              0.102  +0.0240     0.0010   0.0694  
   5723      2     177.62              0.169  +0.0240     0.0010   0.0264  
   5724      2     176.72              0.184  +0.0240     0.0008   0.0371  
   5725      2     176.45    198.75    0.193  +0.0240     0.0008   0.0410  
   5726      2     172.54              0.250  +0.0230     0.0007   0.0376  
   5727      2     174.71              0.281  +0.0220     0.0008   0.0450  
   5728      2     176.06              0.279  +0.0220     0.0008   0.0554  
   5729      2     177.83              0.267  +0.0220     0.0007   0.0535  
   5730      2     181.40    200.00    0.251  +0.0210     0.0007   0.1008  
   5731      2     181.27              0.217  +0.0210     0.0008   0.0988  
   5732      2     176.51              0.280  +0.0190     0.0008   0.0422  
   5733      2     168.20              0.375  +0.0180     0.0008   0.0395  
   5734      2     162.05              0.473  +0.0170     0.0008   0.0350  
   5735      2     159.89    200.00    0.506  +0.0170     0.0008   0.0287  
   5736      2     163.44              0.481  +0.0170     0.0007   0.0623  
   5737      2     171.76              0.398  +0.0190     0.0007   0.1303  
   5738      2     176.46              0.322  +0.0200     0.0007   0.1437  
   5739      2     179.34              0.262  +0.0220     0.0008   0.0577  
   5740      2     176.98    192.75    0.307  +0.0230     0.0008   0.0413  
-------------------------------------------------------------------------------
   5741      1     177.59              0.315  +0.0240     0.0008   0.0260  
   5742      1     175.70              0.354  +0.0240     0.0007   0.0539  
   5743      1     175.87              0.355  +0.0240     0.0007   0.0831  
   5744      1     170.43              0.432  +0.0230     0.0007   0.0858  
   5745      1     168.74    184.69    0.434  +0.0220     0.0008   0.0821  
   5746      1     167.99              0.418  +0.0220     0.0009   0.0835  
   5747      1     171.02              0.317  +0.0210     0.0010   0.0362  
   5748      1     175.71              0.238  +0.0210     0.0010   0.0374  
   5749      1     178.71              0.168  +0.0210     0.0010   0.0377  
   5750      1     182.11    200.00    0.124  +0.0220     0.0010   0.0760  
-------------------------------------------------------------------------------
   5751      2     187.32              0.089  +0.0230     0.0011   0.1307  
   5752      2     191.11              0.061  +0.0250     0.0010   0.0586  
   5753      2     191.04              0.063  +0.0250     0.0010   0.1097  
   5754      2     191.62              0.084  +0.0260     0.0010   0.1655  
   5755      2     187.27    197.12    0.092  +0.0260     0.0010   0.0918  
   5756      2     183.55              0.142  +0.0260     0.0010   0.0666  
   5757      2     176.07              0.244  +0.0250     0.0010   0.0735  
   5758      2     172.03              0.359  +0.0240     0.0009   0.0507  
   5759      2     160.89              0.466  +0.0230     0.0008   0.0586  
   5760      2     156.46    161.31    0.585  +0.0210     0.0008   0.0895  
-------------------------------------------------------------------------------
   5761      1     144.40              0.683  +0.0190     0.0008   0.0838  
   5762      1     133.56              0.754  +0.0170     0.0008   0.1014  
   5763      1     125.09              0.763  +0.0150     0.0009   0.0949  
   5764      1     120.52              0.676  +0.0150     0.0010   0.0782  
   5765      1     115.59    111.81    0.669  +0.0150     0.0012   0.0753  
   5766      1     111.03              0.760  +0.0150     0.0012   0.1205  
   5767      1     101.79              0.871  +0.0140     0.0011   0.0596  
   5773      1     106.12              0.750  +0.0190     0.0015   0.0739  
   5774      1     119.70              0.640  +0.0210     0.0015   0.1093  
   5775      1     137.26    192.69    0.441  +0.0240     0.0016   0.1269  
   5776      1     154.45              0.269  +0.0260     0.0016   0.1011  
   5777      1     164.44              0.185  +0.0270     0.0015   0.0857  
   5778      1     168.77              0.174  +0.0270     0.0013   0.0748  
   5779      1     170.23              0.191  +0.0260     0.0012   0.0347  
   5780      1     168.07    196.88    0.193  +0.0260     0.0012   0.0319  
-------------------------------------------------------------------------------
   5781      2     170.19              0.162  +0.0260     0.0014   0.0647  
   5782      2     171.04              0.115  +0.0270     0.0013   0.0417  
   5783      2     174.16              0.103  +0.0270     0.0015   0.0527  
   5784      2     168.26              0.091  +0.0260     0.0016   0.0860  
   5785      2     167.27    200.00    0.071  +0.0260     0.0017   0.1193  
   5786      2     171.07              0.072  +0.0270     0.0017   0.1804  
   5787      2     174.13              0.061  +0.0280     0.0018   0.1792  
   5788      2     177.38              0.048  +0.0290     0.0018   0.2711  
   5789      2     175.04              0.046  +0.0310     0.0020   0.0283  
   5790      2     175.91    200.00    0.032  +0.0320     0.0021   0.2170  
   5791      2     172.01              0.031  +0.0340     0.0022   0.0462  
   5792      2     170.33              0.032  +0.0340     0.0023   0.1999  
   5793      2     167.67              0.032  +0.0340     0.0022   0.0106  
   5794      2     170.17              0.039  +0.0330     0.0024   0.0932  
   5795      2     172.88    200.00    0.038  +0.0320     0.0021   0.3115  
   5796      2     174.36              0.042  +0.0320     0.0022   0.1427  
   5797      2     173.80              0.058  +0.0300     0.0019   0.0492  
   5798      2     172.94              0.068  +0.0280     0.0016   0.1888  
   5799      2     174.16              0.058  +0.0270     0.0016   0.3441  
   5800      2     182.23    200.00    0.050  +0.0270     0.0016   0.0706  
   5801      2     183.82              0.051  +0.0270     0.0016   0.2403  
   5802      2     186.97              0.049  +0.0280     0.0015   0.1601  
   5803      2     189.31              0.046  +0.0270     0.0013   0.0200  
   5804      2     189.54              0.053  +0.0270     0.0013   0.0479  
   5806      2     182.94              0.072  +0.0290     0.0013   0.5785  
   5807      2     174.97              0.084  +0.0300     0.0015   0.4893  
   5808      2     165.21              0.109  +0.0310     0.0016   0.3370  
   5809      2     164.62              0.114  +0.0300     0.0016   0.0914  
   5810      2     167.03    200.00    0.138  +0.0290     0.0014   0.0699  
   5811      2     160.32              0.167  +0.0290     0.0014   0.6733  
   5812      2     148.13              0.214  +0.0290     0.0015   0.3851  
   5813      2     147.22              0.219  +0.0290     0.0016   0.7375  
   5814      2     141.49              0.243  +0.0290     0.0016   0.3138  
   5815      2     140.79    200.00    0.263  +0.0290     0.0016   0.5920  
   5816      2     141.76              0.291  +0.0280     0.0015   0.4441  
   5817      2     146.91              0.307  +0.0270     0.0014   0.5569  
   5818      2     154.05              0.380  +0.0260     0.0012   0.2167  
   5819      2     158.67              0.475  +0.0230     0.0010   0.1895  
   5820      2     154.30    136.31    0.573  +0.0190     0.0009   0.1672  
-------------------------------------------------------------------------------
   5821      1     151.79              0.607  +0.0190     0.0009   0.8041  
   5822      1     149.75              0.621  +0.0180     0.0010   0.5580  
   5823      1     146.38              0.635  +0.0180     0.0009   0.1761  
   5824      1     151.46              0.577  +0.0180     0.0010   0.0958  
   5825      1     149.58    151.00    0.565  +0.0180     0.0010   0.4000  
   5826      1     151.85              0.536  +0.0180     0.0010   0.0365  
   5827      1     152.09              0.510  +0.0180     0.0010   0.2160  
   5829      1     162.66              0.440  +0.0210     0.0011   0.4143  
   5830      1     164.53    200.00    0.427  +0.0210     0.0010   0.7722  
-------------------------------------------------------------------------------
   5831      2     169.74              0.377  +0.0230     0.0009   0.3231  
   5832      2     172.49              0.342  +0.0240     0.0010   0.1152  
   5833      2     174.22              0.310  +0.0250     0.0010   0.4484  
   5834      2     177.26              0.237  +0.0260     0.0010   0.1578  
   5835      2     176.25    200.00    0.186  +0.0280     0.0012   0.2594  
   5836      2     173.24              0.146  +0.0290     0.0013   0.8632  
   5837      2     164.93              0.148  +0.0300     0.0015   0.3140  
   5838      2     160.54              0.141  +0.0300     0.0015   0.6244  
   5839      2     156.46              0.142  +0.0310     0.0017   0.2346  
   5840      2     155.15    193.25    0.132  +0.0310     0.0018   0.7696  
-------------------------------------------------------------------------------
   5841      1     148.68              0.139  +0.0310     0.0017   1.2055  
   5842      1     147.86              0.145  +0.0310     0.0018   0.6072  
   5843      1     146.65              0.166  +0.0300     0.0018   1.0892  
   5844      1     146.67              0.178  +0.0300     0.0018   1.6647  
   5845      1     145.10    200.00    0.194  +0.0300     0.0016   1.6259  
-------------------------------------------------------------------------------
   5846      2     148.42              0.211  +0.0290     0.0015   1.1118  
   5847      2     154.00              0.237  +0.0280     0.0013   0.6751  
   5848      2     160.17              0.246  +0.0270     0.0012   0.9353  
   5849      2     156.83              0.328  +0.0240     0.0012   0.3550  
   5850      2     138.61    171.62    0.313  +0.0200     0.0012   1.0660  
-------------------------------------------------------------------------------
   5851      1     122.65              0.223  +0.0200     0.0013   0.4879  
   5852      1     102.90              0.094  +0.0210     0.0018   0.7469  
   5862      1     107.35              0.184  +0.0200     0.0017   0.2412  
   5863      1     118.12              0.275  +0.0190     0.0017   0.2312  
   5864      1     145.13              0.471  +0.0190     0.0017   0.4435  
   5865      1     147.73    189.81    0.455  +0.0210     0.0016   0.5446  
   5866      1     150.68              0.446  +0.0220     0.0018   0.7745  
   5867      1     147.16              0.438  +0.0230     0.0017   0.3090  
   5869      1     143.42              0.407  +0.0240     0.0016   0.4706  
   5870      1     138.31    187.06    0.355  +0.0250     0.0016   0.2670  
   5871      1     135.40              0.341  +0.0250     0.0016   0.2926  
   5872      1     131.41              0.310  +0.0250     0.0017   0.2294  
   5873      1     126.83              0.277  +0.0260     0.0019   1.4533  
   5874      1     119.07              0.257  +0.0260     0.0025   1.7670  
   5875      1     105.79    134.69    0.223  +0.0260     0.0023   2.2699  
