nohup: ignoring input
/usr/local/lib/python3.10/dist-packages/torch/cuda/__init__.py:61: FutureWarning: The pynvml package is deprecated. Please install nvidia-ml-py instead. If you did not install pynvml directly, please report this to the maintainers of the package that installed pynvml for you.
  import pynvml  # type: ignore[import]
run_dir=/data1/mono/things/combatbench/baseline/humanoid21/runs/perturbed_standing_20260428_231613
/usr/local/lib/python3.10/dist-packages/torch/cuda/__init__.py:61: FutureWarning: The pynvml package is deprecated. Please install nvidia-ml-py instead. If you did not install pynvml directly, please report this to the maintainers of the package that installed pynvml for you.
  import pynvml  # type: ignore[import]
/usr/local/lib/python3.10/dist-packages/torch/cuda/__init__.py:61: FutureWarning: The pynvml package is deprecated. Please install nvidia-ml-py instead. If you did not install pynvml directly, please report this to the maintainers of the package that installed pynvml for you.
  import pynvml  # type: ignore[import]
/usr/local/lib/python3.10/dist-packages/torch/cuda/__init__.py:61: FutureWarning: The pynvml package is deprecated. Please install nvidia-ml-py instead. If you did not install pynvml directly, please report this to the maintainers of the package that installed pynvml for you.
  import pynvml  # type: ignore[import]
/usr/local/lib/python3.10/dist-packages/torch/cuda/__init__.py:61: FutureWarning: The pynvml package is deprecated. Please install nvidia-ml-py instead. If you did not install pynvml directly, please report this to the maintainers of the package that installed pynvml for you.
  import pynvml  # type: ignore[import]
/usr/local/lib/python3.10/dist-packages/torch/cuda/__init__.py:61: FutureWarning: The pynvml package is deprecated. Please install nvidia-ml-py instead. If you did not install pynvml directly, please report this to the maintainers of the package that installed pynvml for you.
  import pynvml  # type: ignore[import]
/usr/local/lib/python3.10/dist-packages/torch/cuda/__init__.py:61: FutureWarning: The pynvml package is deprecated. Please install nvidia-ml-py instead. If you did not install pynvml directly, please report this to the maintainers of the package that installed pynvml for you.
  import pynvml  # type: ignore[import]
/usr/local/lib/python3.10/dist-packages/torch/cuda/__init__.py:61: FutureWarning: The pynvml package is deprecated. Please install nvidia-ml-py instead. If you did not install pynvml directly, please report this to the maintainers of the package that installed pynvml for you.
  import pynvml  # type: ignore[import]
/usr/local/lib/python3.10/dist-packages/torch/cuda/__init__.py:61: FutureWarning: The pynvml package is deprecated. Please install nvidia-ml-py instead. If you did not install pynvml directly, please report this to the maintainers of the package that installed pynvml for you.
  import pynvml  # type: ignore[import]
/usr/local/lib/python3.10/dist-packages/torch/cuda/__init__.py:61: FutureWarning: The pynvml package is deprecated. Please install nvidia-ml-py instead. If you did not install pynvml directly, please report this to the maintainers of the package that installed pynvml for you.
  import pynvml  # type: ignore[import]
/usr/local/lib/python3.10/dist-packages/torch/cuda/__init__.py:61: FutureWarning: The pynvml package is deprecated. Please install nvidia-ml-py instead. If you did not install pynvml directly, please report this to the maintainers of the package that installed pynvml for you.
  import pynvml  # type: ignore[import]
/usr/local/lib/python3.10/dist-packages/torch/cuda/__init__.py:61: FutureWarning: The pynvml package is deprecated. Please install nvidia-ml-py instead. If you did not install pynvml directly, please report this to the maintainers of the package that installed pynvml for you.
  import pynvml  # type: ignore[import]
/usr/local/lib/python3.10/dist-packages/torch/cuda/__init__.py:61: FutureWarning: The pynvml package is deprecated. Please install nvidia-ml-py instead. If you did not install pynvml directly, please report this to the maintainers of the package that installed pynvml for you.
  import pynvml  # type: ignore[import]
/usr/local/lib/python3.10/dist-packages/torch/cuda/__init__.py:61: FutureWarning: The pynvml package is deprecated. Please install nvidia-ml-py instead. If you did not install pynvml directly, please report this to the maintainers of the package that installed pynvml for you.
  import pynvml  # type: ignore[import]
/usr/local/lib/python3.10/dist-packages/torch/cuda/__init__.py:61: FutureWarning: The pynvml package is deprecated. Please install nvidia-ml-py instead. If you did not install pynvml directly, please report this to the maintainers of the package that installed pynvml for you.
  import pynvml  # type: ignore[import]
/usr/local/lib/python3.10/dist-packages/torch/cuda/__init__.py:61: FutureWarning: The pynvml package is deprecated. Please install nvidia-ml-py instead. If you did not install pynvml directly, please report this to the maintainers of the package that installed pynvml for you.
  import pynvml  # type: ignore[import]
/usr/local/lib/python3.10/dist-packages/torch/cuda/__init__.py:61: FutureWarning: The pynvml package is deprecated. Please install nvidia-ml-py instead. If you did not install pynvml directly, please report this to the maintainers of the package that installed pynvml for you.
  import pynvml  # type: ignore[import]
/usr/local/lib/python3.10/dist-packages/torch/cuda/__init__.py:61: FutureWarning: The pynvml package is deprecated. Please install nvidia-ml-py instead. If you did not install pynvml directly, please report this to the maintainers of the package that installed pynvml for you.
  import pynvml  # type: ignore[import]
/usr/local/lib/python3.10/dist-packages/torch/cuda/__init__.py:61: FutureWarning: The pynvml package is deprecated. Please install nvidia-ml-py instead. If you did not install pynvml directly, please report this to the maintainers of the package that installed pynvml for you.
  import pynvml  # type: ignore[import]
/usr/local/lib/python3.10/dist-packages/torch/cuda/__init__.py:61: FutureWarning: The pynvml package is deprecated. Please install nvidia-ml-py instead. If you did not install pynvml directly, please report this to the maintainers of the package that installed pynvml for you.
  import pynvml  # type: ignore[import]
/usr/local/lib/python3.10/dist-packages/torch/cuda/__init__.py:61: FutureWarning: The pynvml package is deprecated. Please install nvidia-ml-py instead. If you did not install pynvml directly, please report this to the maintainers of the package that installed pynvml for you.
  import pynvml  # type: ignore[import]
/usr/local/lib/python3.10/dist-packages/torch/cuda/__init__.py:61: FutureWarning: The pynvml package is deprecated. Please install nvidia-ml-py instead. If you did not install pynvml directly, please report this to the maintainers of the package that installed pynvml for you.
  import pynvml  # type: ignore[import]
/usr/local/lib/python3.10/dist-packages/torch/cuda/__init__.py:61: FutureWarning: The pynvml package is deprecated. Please install nvidia-ml-py instead. If you did not install pynvml directly, please report this to the maintainers of the package that installed pynvml for you.
  import pynvml  # type: ignore[import]
/usr/local/lib/python3.10/dist-packages/torch/cuda/__init__.py:61: FutureWarning: The pynvml package is deprecated. Please install nvidia-ml-py instead. If you did not install pynvml directly, please report this to the maintainers of the package that installed pynvml for you.
  import pynvml  # type: ignore[import]
/usr/local/lib/python3.10/dist-packages/torch/cuda/__init__.py:61: FutureWarning: The pynvml package is deprecated. Please install nvidia-ml-py instead. If you did not install pynvml directly, please report this to the maintainers of the package that installed pynvml for you.
  import pynvml  # type: ignore[import]
/usr/local/lib/python3.10/dist-packages/torch/cuda/__init__.py:61: FutureWarning: The pynvml package is deprecated. Please install nvidia-ml-py instead. If you did not install pynvml directly, please report this to the maintainers of the package that installed pynvml for you.
  import pynvml  # type: ignore[import]
/usr/local/lib/python3.10/dist-packages/torch/cuda/__init__.py:61: FutureWarning: The pynvml package is deprecated. Please install nvidia-ml-py instead. If you did not install pynvml directly, please report this to the maintainers of the package that installed pynvml for you.
  import pynvml  # type: ignore[import]
/usr/local/lib/python3.10/dist-packages/torch/cuda/__init__.py:61: FutureWarning: The pynvml package is deprecated. Please install nvidia-ml-py instead. If you did not install pynvml directly, please report this to the maintainers of the package that installed pynvml for you.
  import pynvml  # type: ignore[import]
/usr/local/lib/python3.10/dist-packages/torch/cuda/__init__.py:61: FutureWarning: The pynvml package is deprecated. Please install nvidia-ml-py instead. If you did not install pynvml directly, please report this to the maintainers of the package that installed pynvml for you.
  import pynvml  # type: ignore[import]
/usr/local/lib/python3.10/dist-packages/torch/cuda/__init__.py:61: FutureWarning: The pynvml package is deprecated. Please install nvidia-ml-py instead. If you did not install pynvml directly, please report this to the maintainers of the package that installed pynvml for you.
  import pynvml  # type: ignore[import]
/usr/local/lib/python3.10/dist-packages/torch/cuda/__init__.py:61: FutureWarning: The pynvml package is deprecated. Please install nvidia-ml-py instead. If you did not install pynvml directly, please report this to the maintainers of the package that installed pynvml for you.
  import pynvml  # type: ignore[import]
/usr/local/lib/python3.10/dist-packages/torch/cuda/__init__.py:61: FutureWarning: The pynvml package is deprecated. Please install nvidia-ml-py instead. If you did not install pynvml directly, please report this to the maintainers of the package that installed pynvml for you.
  import pynvml  # type: ignore[import]
/usr/local/lib/python3.10/dist-packages/torch/cuda/__init__.py:61: FutureWarning: The pynvml package is deprecated. Please install nvidia-ml-py instead. If you did not install pynvml directly, please report this to the maintainers of the package that installed pynvml for you.
  import pynvml  # type: ignore[import]
/usr/local/lib/python3.10/dist-packages/torch/cuda/__init__.py:61: FutureWarning: The pynvml package is deprecated. Please install nvidia-ml-py instead. If you did not install pynvml directly, please report this to the maintainers of the package that installed pynvml for you.
  import pynvml  # type: ignore[import]
/usr/local/lib/python3.10/dist-packages/torch/cuda/__init__.py:61: FutureWarning: The pynvml package is deprecated. Please install nvidia-ml-py instead. If you did not install pynvml directly, please report this to the maintainers of the package that installed pynvml for you.
  import pynvml  # type: ignore[import]
/usr/local/lib/python3.10/dist-packages/torch/cuda/__init__.py:61: FutureWarning: The pynvml package is deprecated. Please install nvidia-ml-py instead. If you did not install pynvml directly, please report this to the maintainers of the package that installed pynvml for you.
  import pynvml  # type: ignore[import]
/usr/local/lib/python3.10/dist-packages/torch/cuda/__init__.py:61: FutureWarning: The pynvml package is deprecated. Please install nvidia-ml-py instead. If you did not install pynvml directly, please report this to the maintainers of the package that installed pynvml for you.
  import pynvml  # type: ignore[import]
/usr/local/lib/python3.10/dist-packages/torch/cuda/__init__.py:61: FutureWarning: The pynvml package is deprecated. Please install nvidia-ml-py instead. If you did not install pynvml directly, please report this to the maintainers of the package that installed pynvml for you.
  import pynvml  # type: ignore[import]
/usr/local/lib/python3.10/dist-packages/torch/cuda/__init__.py:61: FutureWarning: The pynvml package is deprecated. Please install nvidia-ml-py instead. If you did not install pynvml directly, please report this to the maintainers of the package that installed pynvml for you.
  import pynvml  # type: ignore[import]
/usr/local/lib/python3.10/dist-packages/torch/cuda/__init__.py:61: FutureWarning: The pynvml package is deprecated. Please install nvidia-ml-py instead. If you did not install pynvml directly, please report this to the maintainers of the package that installed pynvml for you.
  import pynvml  # type: ignore[import]
/usr/local/lib/python3.10/dist-packages/torch/cuda/__init__.py:61: FutureWarning: The pynvml package is deprecated. Please install nvidia-ml-py instead. If you did not install pynvml directly, please report this to the maintainers of the package that installed pynvml for you.
  import pynvml  # type: ignore[import]
/usr/local/lib/python3.10/dist-packages/torch/cuda/__init__.py:61: FutureWarning: The pynvml package is deprecated. Please install nvidia-ml-py instead. If you did not install pynvml directly, please report this to the maintainers of the package that installed pynvml for you.
  import pynvml  # type: ignore[import]
/usr/local/lib/python3.10/dist-packages/torch/cuda/__init__.py:61: FutureWarning: The pynvml package is deprecated. Please install nvidia-ml-py instead. If you did not install pynvml directly, please report this to the maintainers of the package that installed pynvml for you.
  import pynvml  # type: ignore[import]
/usr/local/lib/python3.10/dist-packages/torch/cuda/__init__.py:61: FutureWarning: The pynvml package is deprecated. Please install nvidia-ml-py instead. If you did not install pynvml directly, please report this to the maintainers of the package that installed pynvml for you.
  import pynvml  # type: ignore[import]
/usr/local/lib/python3.10/dist-packages/torch/cuda/__init__.py:61: FutureWarning: The pynvml package is deprecated. Please install nvidia-ml-py instead. If you did not install pynvml directly, please report this to the maintainers of the package that installed pynvml for you.
  import pynvml  # type: ignore[import]
/usr/local/lib/python3.10/dist-packages/torch/cuda/__init__.py:61: FutureWarning: The pynvml package is deprecated. Please install nvidia-ml-py instead. If you did not install pynvml directly, please report this to the maintainers of the package that installed pynvml for you.
  import pynvml  # type: ignore[import]
/usr/local/lib/python3.10/dist-packages/torch/cuda/__init__.py:61: FutureWarning: The pynvml package is deprecated. Please install nvidia-ml-py instead. If you did not install pynvml directly, please report this to the maintainers of the package that installed pynvml for you.
  import pynvml  # type: ignore[import]
/usr/local/lib/python3.10/dist-packages/torch/cuda/__init__.py:61: FutureWarning: The pynvml package is deprecated. Please install nvidia-ml-py instead. If you did not install pynvml directly, please report this to the maintainers of the package that installed pynvml for you.
  import pynvml  # type: ignore[import]
/usr/local/lib/python3.10/dist-packages/torch/cuda/__init__.py:61: FutureWarning: The pynvml package is deprecated. Please install nvidia-ml-py instead. If you did not install pynvml directly, please report this to the maintainers of the package that installed pynvml for you.
  import pynvml  # type: ignore[import]
/usr/local/lib/python3.10/dist-packages/torch/cuda/__init__.py:61: FutureWarning: The pynvml package is deprecated. Please install nvidia-ml-py instead. If you did not install pynvml directly, please report this to the maintainers of the package that installed pynvml for you.
  import pynvml  # type: ignore[import]
/usr/local/lib/python3.10/dist-packages/torch/cuda/__init__.py:61: FutureWarning: The pynvml package is deprecated. Please install nvidia-ml-py instead. If you did not install pynvml directly, please report this to the maintainers of the package that installed pynvml for you.
  import pynvml  # type: ignore[import]
/usr/local/lib/python3.10/dist-packages/torch/cuda/__init__.py:61: FutureWarning: The pynvml package is deprecated. Please install nvidia-ml-py instead. If you did not install pynvml directly, please report this to the maintainers of the package that installed pynvml for you.
  import pynvml  # type: ignore[import]
/usr/local/lib/python3.10/dist-packages/torch/cuda/__init__.py:61: FutureWarning: The pynvml package is deprecated. Please install nvidia-ml-py instead. If you did not install pynvml directly, please report this to the maintainers of the package that installed pynvml for you.
  import pynvml  # type: ignore[import]
/usr/local/lib/python3.10/dist-packages/torch/cuda/__init__.py:61: FutureWarning: The pynvml package is deprecated. Please install nvidia-ml-py instead. If you did not install pynvml directly, please report this to the maintainers of the package that installed pynvml for you.
  import pynvml  # type: ignore[import]
/usr/local/lib/python3.10/dist-packages/torch/cuda/__init__.py:61: FutureWarning: The pynvml package is deprecated. Please install nvidia-ml-py instead. If you did not install pynvml directly, please report this to the maintainers of the package that installed pynvml for you.
  import pynvml  # type: ignore[import]
/usr/local/lib/python3.10/dist-packages/torch/cuda/__init__.py:61: FutureWarning: The pynvml package is deprecated. Please install nvidia-ml-py instead. If you did not install pynvml directly, please report this to the maintainers of the package that installed pynvml for you.
  import pynvml  # type: ignore[import]
/usr/local/lib/python3.10/dist-packages/torch/cuda/__init__.py:61: FutureWarning: The pynvml package is deprecated. Please install nvidia-ml-py instead. If you did not install pynvml directly, please report this to the maintainers of the package that installed pynvml for you.
  import pynvml  # type: ignore[import]
/usr/local/lib/python3.10/dist-packages/torch/cuda/__init__.py:61: FutureWarning: The pynvml package is deprecated. Please install nvidia-ml-py instead. If you did not install pynvml directly, please report this to the maintainers of the package that installed pynvml for you.
  import pynvml  # type: ignore[import]
/usr/local/lib/python3.10/dist-packages/torch/cuda/__init__.py:61: FutureWarning: The pynvml package is deprecated. Please install nvidia-ml-py instead. If you did not install pynvml directly, please report this to the maintainers of the package that installed pynvml for you.
  import pynvml  # type: ignore[import]
/usr/local/lib/python3.10/dist-packages/torch/cuda/__init__.py:61: FutureWarning: The pynvml package is deprecated. Please install nvidia-ml-py instead. If you did not install pynvml directly, please report this to the maintainers of the package that installed pynvml for you.
  import pynvml  # type: ignore[import]
/usr/local/lib/python3.10/dist-packages/torch/cuda/__init__.py:61: FutureWarning: The pynvml package is deprecated. Please install nvidia-ml-py instead. If you did not install pynvml directly, please report this to the maintainers of the package that installed pynvml for you.
  import pynvml  # type: ignore[import]
/usr/local/lib/python3.10/dist-packages/torch/cuda/__init__.py:61: FutureWarning: The pynvml package is deprecated. Please install nvidia-ml-py instead. If you did not install pynvml directly, please report this to the maintainers of the package that installed pynvml for you.
  import pynvml  # type: ignore[import]
/usr/local/lib/python3.10/dist-packages/torch/cuda/__init__.py:61: FutureWarning: The pynvml package is deprecated. Please install nvidia-ml-py instead. If you did not install pynvml directly, please report this to the maintainers of the package that installed pynvml for you.
  import pynvml  # type: ignore[import]
/usr/local/lib/python3.10/dist-packages/torch/cuda/__init__.py:61: FutureWarning: The pynvml package is deprecated. Please install nvidia-ml-py instead. If you did not install pynvml directly, please report this to the maintainers of the package that installed pynvml for you.
  import pynvml  # type: ignore[import]
/usr/local/lib/python3.10/dist-packages/torch/cuda/__init__.py:61: FutureWarning: The pynvml package is deprecated. Please install nvidia-ml-py instead. If you did not install pynvml directly, please report this to the maintainers of the package that installed pynvml for you.
  import pynvml  # type: ignore[import]
update=   1 mean_reward=+3.0460 mean_length=  6.54 policy_loss=+0.00000 value_loss=+3.54040 ratio=1.0000 kl=0.2506
update=   2 mean_reward=+4.0823 mean_length=  8.00 policy_loss=-0.00000 value_loss=+4.42420 ratio=1.0000 kl=0.1980
update=   3 mean_reward=+4.8872 mean_length=  9.17 policy_loss=+0.00016 value_loss=+4.66294 ratio=1.0000 kl=0.1462
update=   4 mean_reward=+5.3553 mean_length=  9.82 policy_loss=-0.00038 value_loss=+4.46034 ratio=1.0000 kl=0.1203
/usr/local/lib/python3.10/dist-packages/torch/cuda/__init__.py:61: FutureWarning: The pynvml package is deprecated. Please install nvidia-ml-py instead. If you did not install pynvml directly, please report this to the maintainers of the package that installed pynvml for you.
  import pynvml  # type: ignore[import]
/usr/local/lib/python3.10/dist-packages/torch/cuda/__init__.py:61: FutureWarning: The pynvml package is deprecated. Please install nvidia-ml-py instead. If you did not install pynvml directly, please report this to the maintainers of the package that installed pynvml for you.
  import pynvml  # type: ignore[import]
/usr/local/lib/python3.10/dist-packages/torch/cuda/__init__.py:61: FutureWarning: The pynvml package is deprecated. Please install nvidia-ml-py instead. If you did not install pynvml directly, please report this to the maintainers of the package that installed pynvml for you.
  import pynvml  # type: ignore[import]
/usr/local/lib/python3.10/dist-packages/torch/cuda/__init__.py:61: FutureWarning: The pynvml package is deprecated. Please install nvidia-ml-py instead. If you did not install pynvml directly, please report this to the maintainers of the package that installed pynvml for you.
  import pynvml  # type: ignore[import]
/usr/local/lib/python3.10/dist-packages/torch/cuda/__init__.py:61: FutureWarning: The pynvml package is deprecated. Please install nvidia-ml-py instead. If you did not install pynvml directly, please report this to the maintainers of the package that installed pynvml for you.
  import pynvml  # type: ignore[import]
/usr/local/lib/python3.10/dist-packages/torch/cuda/__init__.py:61: FutureWarning: The pynvml package is deprecated. Please install nvidia-ml-py instead. If you did not install pynvml directly, please report this to the maintainers of the package that installed pynvml for you.
  import pynvml  # type: ignore[import]
/usr/local/lib/python3.10/dist-packages/torch/cuda/__init__.py:61: FutureWarning: The pynvml package is deprecated. Please install nvidia-ml-py instead. If you did not install pynvml directly, please report this to the maintainers of the package that installed pynvml for you.
  import pynvml  # type: ignore[import]
/usr/local/lib/python3.10/dist-packages/torch/cuda/__init__.py:61: FutureWarning: The pynvml package is deprecated. Please install nvidia-ml-py instead. If you did not install pynvml directly, please report this to the maintainers of the package that installed pynvml for you.
  import pynvml  # type: ignore[import]
/usr/local/lib/python3.10/dist-packages/torch/cuda/__init__.py:61: FutureWarning: The pynvml package is deprecated. Please install nvidia-ml-py instead. If you did not install pynvml directly, please report this to the maintainers of the package that installed pynvml for you.
  import pynvml  # type: ignore[import]
/usr/local/lib/python3.10/dist-packages/torch/cuda/__init__.py:61: FutureWarning: The pynvml package is deprecated. Please install nvidia-ml-py instead. If you did not install pynvml directly, please report this to the maintainers of the package that installed pynvml for you.
  import pynvml  # type: ignore[import]
/usr/local/lib/python3.10/dist-packages/torch/cuda/__init__.py:61: FutureWarning: The pynvml package is deprecated. Please install nvidia-ml-py instead. If you did not install pynvml directly, please report this to the maintainers of the package that installed pynvml for you.
  import pynvml  # type: ignore[import]
/usr/local/lib/python3.10/dist-packages/torch/cuda/__init__.py:61: FutureWarning: The pynvml package is deprecated. Please install nvidia-ml-py instead. If you did not install pynvml directly, please report this to the maintainers of the package that installed pynvml for you.
  import pynvml  # type: ignore[import]
/usr/local/lib/python3.10/dist-packages/torch/cuda/__init__.py:61: FutureWarning: The pynvml package is deprecated. Please install nvidia-ml-py instead. If you did not install pynvml directly, please report this to the maintainers of the package that installed pynvml for you.
  import pynvml  # type: ignore[import]
/usr/local/lib/python3.10/dist-packages/torch/cuda/__init__.py:61: FutureWarning: The pynvml package is deprecated. Please install nvidia-ml-py instead. If you did not install pynvml directly, please report this to the maintainers of the package that installed pynvml for you.
  import pynvml  # type: ignore[import]
/usr/local/lib/python3.10/dist-packages/torch/cuda/__init__.py:61: FutureWarning: The pynvml package is deprecated. Please install nvidia-ml-py instead. If you did not install pynvml directly, please report this to the maintainers of the package that installed pynvml for you.
  import pynvml  # type: ignore[import]
/usr/local/lib/python3.10/dist-packages/torch/cuda/__init__.py:61: FutureWarning: The pynvml package is deprecated. Please install nvidia-ml-py instead. If you did not install pynvml directly, please report this to the maintainers of the package that installed pynvml for you.
  import pynvml  # type: ignore[import]
update=   5 mean_reward=+5.7136 mean_length= 10.33 policy_loss=+0.00159 value_loss=+4.36183 ratio=1.0000 kl=0.0978 | eval_reward=+6.5574 eval_length= 11.00  [new_best]
update=   6 mean_reward=+5.8839 mean_length= 10.63 policy_loss=-0.00021 value_loss=+4.28325 ratio=1.0000 kl=0.0790
update=   7 mean_reward=+6.2729 mean_length= 11.09 policy_loss=+0.00010 value_loss=+4.58071 ratio=1.0000 kl=0.0703
update=   8 mean_reward=+6.5754 mean_length= 11.48 policy_loss=-0.00195 value_loss=+4.85630 ratio=1.0000 kl=0.0645
update=   9 mean_reward=+6.9379 mean_length= 11.87 policy_loss=+0.00040 value_loss=+5.19161 ratio=1.0000 kl=0.0633
update=  10 mean_reward=+7.2475 mean_length= 12.34 policy_loss=+0.00249 value_loss=+5.52689 ratio=1.0000 kl=0.0651 | eval_reward=+9.4632 eval_length= 14.44  [new_best]
update=  11 mean_reward=+7.8098 mean_length= 13.05 policy_loss=-0.00091 value_loss=+6.33936 ratio=1.0000 kl=0.0668
update=  12 mean_reward=+8.1664 mean_length= 13.57 policy_loss=-0.00170 value_loss=+6.97529 ratio=1.0000 kl=0.0676
update=  13 mean_reward=+8.6604 mean_length= 14.23 policy_loss=+0.00251 value_loss=+7.94035 ratio=1.0000 kl=0.0692
update=  14 mean_reward=+9.0582 mean_length= 14.82 policy_loss=+0.00140 value_loss=+8.77176 ratio=1.0000 kl=0.0605
update=  15 mean_reward=+9.3761 mean_length= 15.30 policy_loss=+0.00119 value_loss=+9.53920 ratio=1.0000 kl=0.0507 | eval_reward=+20.7599 eval_length= 27.38  [new_best]
update=  16 mean_reward=+9.6090 mean_length= 15.64 policy_loss=+0.00032 value_loss=+9.71023 ratio=1.0000 kl=0.0461
update=  17 mean_reward=+10.0361 mean_length= 16.12 policy_loss=-0.00324 value_loss=+10.15464 ratio=1.0000 kl=0.0455
update=  18 mean_reward=+11.0211 mean_length= 17.22 policy_loss=-0.00099 value_loss=+11.36435 ratio=1.0000 kl=0.0448
update=  19 mean_reward=+12.2693 mean_length= 18.53 policy_loss=+0.00085 value_loss=+13.21643 ratio=1.0000 kl=0.0403
update=  20 mean_reward=+13.5468 mean_length= 19.93 policy_loss=-0.00199 value_loss=+15.79445 ratio=1.0000 kl=0.0375 | eval_reward=+35.5221 eval_length= 41.19  [new_best]
update=  21 mean_reward=+14.5872 mean_length= 21.04 policy_loss=-0.00088 value_loss=+17.87043 ratio=1.0000 kl=0.0329
update=  22 mean_reward=+15.5501 mean_length= 22.06 policy_loss=-0.00170 value_loss=+19.80148 ratio=1.0000 kl=0.0287
update=  23 mean_reward=+16.1153 mean_length= 22.64 policy_loss=+0.01283 value_loss=+18.08712 ratio=1.0001 kl=0.0203
update=  24 mean_reward=+16.8994 mean_length= 23.64 policy_loss=+0.00128 value_loss=+19.35282 ratio=1.0002 kl=0.0078
update=  25 mean_reward=+17.5150 mean_length= 24.29 policy_loss=+0.00680 value_loss=+21.16218 ratio=1.0001 kl=0.0129 | eval_reward=+32.6128 eval_length= 40.00
update=  26 mean_reward=+18.1326 mean_length= 24.99 policy_loss=+0.00758 value_loss=+23.12622 ratio=1.0002 kl=0.0137
update=  27 mean_reward=+18.7698 mean_length= 25.80 policy_loss=-0.00033 value_loss=+23.78082 ratio=1.0001 kl=0.0073
update=  28 mean_reward=+19.5270 mean_length= 26.73 policy_loss=+0.00124 value_loss=+24.39131 ratio=0.9999 kl=0.0078
update=  29 mean_reward=+20.6622 mean_length= 28.14 policy_loss=-0.00106 value_loss=+24.74772 ratio=1.0001 kl=0.0053
update=  30 mean_reward=+21.4958 mean_length= 29.12 policy_loss=-0.00103 value_loss=+25.85938 ratio=1.0000 kl=0.0050 | eval_reward=+46.0867 eval_length= 54.38  [new_best]
update=  31 mean_reward=+22.2231 mean_length= 29.88 policy_loss=+0.00172 value_loss=+27.16566 ratio=1.0000 kl=0.0083
update=  32 mean_reward=+23.3699 mean_length= 31.24 policy_loss=-0.00009 value_loss=+28.83796 ratio=0.9999 kl=0.0063
update=  33 mean_reward=+24.4015 mean_length= 32.43 policy_loss=+0.00389 value_loss=+30.43220 ratio=1.0000 kl=0.0147
update=  34 mean_reward=+25.8870 mean_length= 34.16 policy_loss=+0.01120 value_loss=+32.37095 ratio=0.9995 kl=0.0285
update=  35 mean_reward=+25.7003 mean_length= 34.14 policy_loss=+0.00709 value_loss=+31.53678 ratio=1.0000 kl=0.0138 | eval_reward=+48.7658 eval_length= 59.69  [new_best]
update=  36 mean_reward=+27.1096 mean_length= 35.60 policy_loss=+0.00181 value_loss=+32.51483 ratio=0.9999 kl=0.0078
update=  37 mean_reward=+28.0081 mean_length= 36.60 policy_loss=+0.00217 value_loss=+34.65933 ratio=0.9999 kl=0.0086
update=  38 mean_reward=+28.3415 mean_length= 36.87 policy_loss=-0.00116 value_loss=+35.66098 ratio=0.9998 kl=0.0048
update=  39 mean_reward=+29.9001 mean_length= 38.71 policy_loss=-0.00120 value_loss=+36.37379 ratio=0.9999 kl=0.0044
update=  40 mean_reward=+30.5527 mean_length= 39.35 policy_loss=+0.00310 value_loss=+38.04593 ratio=1.0000 kl=0.0128 | eval_reward=+51.1997 eval_length= 60.00  [new_best]
update=  41 mean_reward=+32.9501 mean_length= 41.95 policy_loss=+0.00081 value_loss=+36.65165 ratio=1.0001 kl=0.0071
update=  42 mean_reward=+33.6612 mean_length= 42.53 policy_loss=-0.00075 value_loss=+37.97406 ratio=1.0000 kl=0.0047
update=  43 mean_reward=+34.9682 mean_length= 43.90 policy_loss=-0.00127 value_loss=+38.74809 ratio=1.0000 kl=0.0038
update=  44 mean_reward=+36.3219 mean_length= 45.18 policy_loss=-0.00178 value_loss=+38.91219 ratio=0.9998 kl=0.0038
update=  45 mean_reward=+37.8687 mean_length= 46.67 policy_loss=-0.00157 value_loss=+38.81772 ratio=1.0001 kl=0.0035 | eval_reward=+50.7904 eval_length= 60.00
update=  46 mean_reward=+38.7390 mean_length= 47.38 policy_loss=-0.00161 value_loss=+39.24293 ratio=1.0000 kl=0.0035
update=  47 mean_reward=+39.6654 mean_length= 48.25 policy_loss=+0.00133 value_loss=+39.17130 ratio=1.0001 kl=0.0074
update=  48 mean_reward=+41.5020 mean_length= 49.82 policy_loss=+0.00571 value_loss=+38.30580 ratio=1.0000 kl=0.0136
update=  49 mean_reward=+42.1697 mean_length= 50.35 policy_loss=+0.00189 value_loss=+38.16227 ratio=1.0000 kl=0.0094
update=  50 mean_reward=+43.2524 mean_length= 51.24 policy_loss=+0.00484 value_loss=+38.20658 ratio=0.9998 kl=0.0151 | eval_reward=+52.1986 eval_length= 60.00  [new_best]
update=  51 mean_reward=+43.7039 mean_length= 51.72 policy_loss=+0.00362 value_loss=+36.82417 ratio=1.0000 kl=0.0126
update=  52 mean_reward=+43.7483 mean_length= 52.04 policy_loss=-0.00177 value_loss=+37.15527 ratio=0.9999 kl=0.0053
update=  53 mean_reward=+45.6088 mean_length= 53.45 policy_loss=-0.00153 value_loss=+34.57017 ratio=1.0000 kl=0.0046
update=  54 mean_reward=+46.8099 mean_length= 54.26 policy_loss=-0.00181 value_loss=+31.33461 ratio=1.0001 kl=0.0044
update=  55 mean_reward=+47.7119 mean_length= 54.78 policy_loss=-0.00143 value_loss=+29.27151 ratio=1.0000 kl=0.0047 | eval_reward=+54.0405 eval_length= 60.00  [new_best]
update=  56 mean_reward=+48.3738 mean_length= 55.33 policy_loss=-0.00161 value_loss=+27.28498 ratio=1.0000 kl=0.0051
update=  57 mean_reward=+49.2267 mean_length= 55.93 policy_loss=-0.00147 value_loss=+25.15371 ratio=1.0001 kl=0.0049
update=  58 mean_reward=+49.8795 mean_length= 56.45 policy_loss=+0.00132 value_loss=+22.75805 ratio=1.0003 kl=0.0109
update=  59 mean_reward=+49.2848 mean_length= 55.94 policy_loss=+0.00263 value_loss=+27.33940 ratio=0.9999 kl=0.0146
update=  60 mean_reward=+50.2208 mean_length= 56.58 policy_loss=+0.00225 value_loss=+24.36511 ratio=0.9999 kl=0.0132 | eval_reward=+55.9541 eval_length= 60.00  [new_best]
update=  61 mean_reward=+50.8698 mean_length= 57.01 policy_loss=+0.00380 value_loss=+21.57397 ratio=1.0000 kl=0.0247
update=  62 mean_reward=+51.4713 mean_length= 57.46 policy_loss=+0.00474 value_loss=+19.41727 ratio=1.0007 kl=0.0562
update=  63 mean_reward=+50.9268 mean_length= 57.15 policy_loss=+0.00050 value_loss=+18.60906 ratio=1.0002 kl=0.0127
update=  64 mean_reward=+50.9911 mean_length= 57.09 policy_loss=+0.00426 value_loss=+20.71737 ratio=1.0000 kl=0.0480
update=  65 mean_reward=+51.0611 mean_length= 57.18 policy_loss=+0.00373 value_loss=+19.51740 ratio=0.9999 kl=0.0234 | eval_reward=+56.3414 eval_length= 60.00  [new_best]
update=  66 mean_reward=+51.3088 mean_length= 57.29 policy_loss=+0.00312 value_loss=+20.25557 ratio=1.0001 kl=0.0224
update=  67 mean_reward=+51.4514 mean_length= 57.43 policy_loss=+0.00312 value_loss=+17.46992 ratio=0.9999 kl=0.0229
update=  68 mean_reward=+52.0583 mean_length= 57.79 policy_loss=+0.00229 value_loss=+16.76867 ratio=0.9993 kl=0.0339
update=  69 mean_reward=+52.1696 mean_length= 57.97 policy_loss=+0.00323 value_loss=+15.84399 ratio=0.9999 kl=0.0203
update=  70 mean_reward=+52.2068 mean_length= 58.01 policy_loss=+0.00304 value_loss=+15.78541 ratio=0.9998 kl=0.0198 | eval_reward=+56.5738 eval_length= 60.00  [new_best]
update=  71 mean_reward=+52.3547 mean_length= 58.03 policy_loss=+0.00055 value_loss=+16.55638 ratio=0.9999 kl=0.0389
update=  72 mean_reward=+52.0376 mean_length= 57.85 policy_loss=+0.00217 value_loss=+17.83463 ratio=1.0000 kl=0.0179
update=  73 mean_reward=+52.4605 mean_length= 58.13 policy_loss=+0.00214 value_loss=+14.68112 ratio=0.9998 kl=0.0175
update=  74 mean_reward=+52.4831 mean_length= 58.20 policy_loss=+0.00149 value_loss=+14.58924 ratio=0.9999 kl=0.0171
update=  75 mean_reward=+52.9120 mean_length= 58.51 policy_loss=+0.00380 value_loss=+12.80153 ratio=0.9998 kl=0.0260 | eval_reward=+55.9830 eval_length= 60.00
update=  76 mean_reward=+53.2691 mean_length= 58.74 policy_loss=+0.00363 value_loss=+10.35561 ratio=0.9998 kl=0.0230
update=  77 mean_reward=+53.2227 mean_length= 58.73 policy_loss=+0.00409 value_loss=+10.85525 ratio=0.9998 kl=0.0276
update=  78 mean_reward=+53.3028 mean_length= 58.69 policy_loss=+0.00365 value_loss=+12.16531 ratio=1.0000 kl=0.0355
update=  79 mean_reward=+53.1892 mean_length= 58.76 policy_loss=+0.00304 value_loss=+11.39958 ratio=1.0000 kl=0.0277
update=  80 mean_reward=+52.7357 mean_length= 58.52 policy_loss=+0.00482 value_loss=+15.52422 ratio=1.0006 kl=0.0312 | eval_reward=+56.0136 eval_length= 60.00
update=  81 mean_reward=+53.1628 mean_length= 58.82 policy_loss=+0.00458 value_loss=+11.68093 ratio=0.9997 kl=0.0288
update=  82 mean_reward=+53.1888 mean_length= 58.76 policy_loss=+0.00198 value_loss=+11.46859 ratio=0.9999 kl=0.0226
update=  83 mean_reward=+53.6422 mean_length= 59.01 policy_loss=+0.00337 value_loss=+9.40873 ratio=1.0003 kl=0.0255
update=  84 mean_reward=+53.7012 mean_length= 59.05 policy_loss=+0.00295 value_loss=+8.49840 ratio=1.0003 kl=0.0234
update=  85 mean_reward=+53.7972 mean_length= 59.12 policy_loss=+0.00330 value_loss=+7.94080 ratio=1.0000 kl=0.0238 | eval_reward=+56.5127 eval_length= 60.00
update=  86 mean_reward=+53.9087 mean_length= 59.13 policy_loss=+0.00292 value_loss=+8.01131 ratio=1.0000 kl=0.0288
update=  87 mean_reward=+53.9392 mean_length= 59.14 policy_loss=+0.00283 value_loss=+7.71590 ratio=0.9999 kl=0.0245
update=  88 mean_reward=+54.2228 mean_length= 59.38 policy_loss=+0.00236 value_loss=+5.63233 ratio=1.0004 kl=0.0245
update=  89 mean_reward=+54.2152 mean_length= 59.30 policy_loss=+0.00139 value_loss=+6.07120 ratio=1.0000 kl=0.0231
update=  90 mean_reward=+54.6194 mean_length= 59.52 policy_loss=+0.00407 value_loss=+4.60945 ratio=1.0007 kl=0.0479 | eval_reward=+57.2579 eval_length= 60.00  [new_best]
update=  91 mean_reward=+54.6065 mean_length= 59.37 policy_loss=+0.00283 value_loss=+5.25385 ratio=0.9999 kl=0.0230
update=  92 mean_reward=+54.9611 mean_length= 59.60 policy_loss=+0.00182 value_loss=+3.48169 ratio=0.9999 kl=0.0331
update=  93 mean_reward=+54.9075 mean_length= 59.50 policy_loss=+0.00230 value_loss=+4.35868 ratio=0.9999 kl=0.0206
update=  94 mean_reward=+54.8488 mean_length= 59.47 policy_loss=+0.00271 value_loss=+4.86802 ratio=1.0001 kl=0.0255
update=  95 mean_reward=+54.9155 mean_length= 59.50 policy_loss=+0.00228 value_loss=+4.60735 ratio=0.9999 kl=0.0259 | eval_reward=+57.3609 eval_length= 60.00  [new_best]
update=  96 mean_reward=+54.9649 mean_length= 59.47 policy_loss=+0.00330 value_loss=+4.80041 ratio=1.0000 kl=0.0291
update=  97 mean_reward=+54.9249 mean_length= 59.41 policy_loss=+0.00058 value_loss=+5.59168 ratio=0.9998 kl=0.0254
update=  98 mean_reward=+54.8378 mean_length= 59.32 policy_loss=+0.00154 value_loss=+6.30186 ratio=0.9999 kl=0.0253
update=  99 mean_reward=+54.8852 mean_length= 59.30 policy_loss=+0.00207 value_loss=+6.57226 ratio=0.9999 kl=0.0213
update= 100 mean_reward=+54.8693 mean_length= 59.32 policy_loss=+0.00159 value_loss=+6.48304 ratio=0.9997 kl=0.0182 | eval_reward=+57.2695 eval_length= 60.00
update= 101 mean_reward=+54.8917 mean_length= 59.46 policy_loss=+0.00261 value_loss=+5.03717 ratio=0.9999 kl=0.0250
update= 102 mean_reward=+55.0457 mean_length= 59.48 policy_loss=+0.00586 value_loss=+5.70019 ratio=0.9998 kl=0.0315
update= 103 mean_reward=+54.9097 mean_length= 59.32 policy_loss=+0.00173 value_loss=+7.06661 ratio=1.0002 kl=0.0174
update= 104 mean_reward=+55.3677 mean_length= 59.41 policy_loss=+0.00160 value_loss=+5.79177 ratio=0.9998 kl=0.0232
update= 105 mean_reward=+55.3518 mean_length= 59.41 policy_loss=+0.00130 value_loss=+5.31389 ratio=1.0000 kl=0.0304 | eval_reward=+58.2598 eval_length= 60.00  [new_best]
update= 106 mean_reward=+55.2522 mean_length= 59.43 policy_loss=+0.00132 value_loss=+6.00781 ratio=0.9999 kl=0.0233
update= 107 mean_reward=+55.1869 mean_length= 59.24 policy_loss=+0.00169 value_loss=+7.33327 ratio=0.9997 kl=0.0250
update= 108 mean_reward=+55.3810 mean_length= 59.33 policy_loss=+0.00116 value_loss=+6.39420 ratio=1.0000 kl=0.0223
update= 109 mean_reward=+55.5706 mean_length= 59.52 policy_loss=+0.00200 value_loss=+5.16784 ratio=0.9999 kl=0.0291
update= 110 mean_reward=+55.6671 mean_length= 59.52 policy_loss=+0.00134 value_loss=+4.71304 ratio=1.0000 kl=0.0246 | eval_reward=+58.5572 eval_length= 60.00  [new_best]
update= 111 mean_reward=+55.7098 mean_length= 59.55 policy_loss=+0.00091 value_loss=+4.09115 ratio=0.9999 kl=0.0225
update= 112 mean_reward=+55.8344 mean_length= 59.62 policy_loss=+0.00266 value_loss=+3.71647 ratio=1.0002 kl=0.0316
update= 113 mean_reward=+56.0427 mean_length= 59.66 policy_loss=+0.00291 value_loss=+3.24531 ratio=1.0002 kl=0.0245
update= 114 mean_reward=+56.0305 mean_length= 59.66 policy_loss=+0.00160 value_loss=+3.14708 ratio=1.0003 kl=0.0242
update= 115 mean_reward=+55.6193 mean_length= 59.63 policy_loss=+0.00114 value_loss=+3.85818 ratio=0.9999 kl=0.0222 | eval_reward=+58.5690 eval_length= 60.00  [new_best]
update= 116 mean_reward=+56.1130 mean_length= 59.71 policy_loss=+0.00286 value_loss=+2.75674 ratio=0.9999 kl=0.0327
update= 117 mean_reward=+55.9716 mean_length= 59.72 policy_loss=+0.00366 value_loss=+2.99095 ratio=1.0001 kl=0.0253
update= 118 mean_reward=+56.1533 mean_length= 59.71 policy_loss=+0.00357 value_loss=+2.99780 ratio=1.0002 kl=0.0293
update= 119 mean_reward=+56.3813 mean_length= 59.72 policy_loss=+0.00179 value_loss=+2.52679 ratio=0.9997 kl=0.0258
update= 120 mean_reward=+56.2444 mean_length= 59.67 policy_loss=+0.00151 value_loss=+3.34800 ratio=1.0001 kl=0.0243 | eval_reward=+58.5758 eval_length= 60.00  [new_best]
update= 121 mean_reward=+56.3131 mean_length= 59.68 policy_loss=+0.00152 value_loss=+3.23283 ratio=1.0002 kl=0.0239
update= 122 mean_reward=+56.3714 mean_length= 59.79 policy_loss=+0.00235 value_loss=+2.14894 ratio=1.0001 kl=0.0246
update= 123 mean_reward=+56.2933 mean_length= 59.78 policy_loss=+0.00254 value_loss=+2.15098 ratio=0.9998 kl=0.0231
update= 124 mean_reward=+56.2896 mean_length= 59.74 policy_loss=+0.00244 value_loss=+2.50959 ratio=1.0002 kl=0.0308
update= 125 mean_reward=+56.4079 mean_length= 59.78 policy_loss=+0.00178 value_loss=+2.32104 ratio=1.0000 kl=0.0286 | eval_reward=+58.3312 eval_length= 60.00
update= 126 mean_reward=+56.3528 mean_length= 59.72 policy_loss=+0.00200 value_loss=+2.84484 ratio=1.0000 kl=0.0237
update= 127 mean_reward=+56.3545 mean_length= 59.75 policy_loss=+0.00198 value_loss=+2.63472 ratio=0.9998 kl=0.0240
update= 128 mean_reward=+56.2925 mean_length= 59.74 policy_loss=+0.00239 value_loss=+2.28337 ratio=1.0004 kl=0.0315
update= 129 mean_reward=+56.4561 mean_length= 59.85 policy_loss=-0.00075 value_loss=+1.48777 ratio=0.9999 kl=0.0344
update= 130 mean_reward=+56.6239 mean_length= 59.83 policy_loss=+0.00065 value_loss=+1.56866 ratio=1.0000 kl=0.0258 | eval_reward=+58.3936 eval_length= 60.00
update= 131 mean_reward=+56.6889 mean_length= 59.79 policy_loss=+0.00116 value_loss=+2.06521 ratio=1.0001 kl=0.0252
update= 132 mean_reward=+56.6538 mean_length= 59.73 policy_loss=+0.00140 value_loss=+2.46123 ratio=0.9998 kl=0.0280
update= 133 mean_reward=+56.7873 mean_length= 59.76 policy_loss=+0.00196 value_loss=+1.89418 ratio=1.0003 kl=0.0238
update= 134 mean_reward=+56.8635 mean_length= 59.84 policy_loss=+0.00150 value_loss=+1.38479 ratio=1.0003 kl=0.0248
update= 135 mean_reward=+56.8979 mean_length= 59.82 policy_loss=+0.00198 value_loss=+1.45325 ratio=1.0001 kl=0.0259 | eval_reward=+58.5012 eval_length= 60.00
update= 136 mean_reward=+56.9132 mean_length= 59.81 policy_loss=+0.00067 value_loss=+1.92260 ratio=1.0000 kl=0.0222
update= 137 mean_reward=+56.9861 mean_length= 59.89 policy_loss=+0.00207 value_loss=+0.99753 ratio=0.9999 kl=0.0261
update= 138 mean_reward=+56.8270 mean_length= 59.86 policy_loss=+0.00471 value_loss=+1.29693 ratio=0.9996 kl=0.0353
update= 139 mean_reward=+56.7864 mean_length= 59.85 policy_loss=+0.00237 value_loss=+1.55887 ratio=1.0002 kl=0.0235
update= 140 mean_reward=+56.9053 mean_length= 59.90 policy_loss=+0.00216 value_loss=+1.10371 ratio=1.0002 kl=0.0262 | eval_reward=+58.2719 eval_length= 60.00
update= 141 mean_reward=+56.9809 mean_length= 59.88 policy_loss=+0.00219 value_loss=+1.10596 ratio=0.9998 kl=0.0247
update= 142 mean_reward=+57.0759 mean_length= 59.84 policy_loss=+0.00098 value_loss=+1.52178 ratio=1.0000 kl=0.0237
update= 143 mean_reward=+57.1536 mean_length= 59.89 policy_loss=+0.00307 value_loss=+1.01080 ratio=0.9999 kl=0.0310
update= 144 mean_reward=+57.1165 mean_length= 59.87 policy_loss=+0.00102 value_loss=+1.25989 ratio=1.0001 kl=0.0212
update= 145 mean_reward=+57.2322 mean_length= 59.90 policy_loss=+0.00258 value_loss=+0.87171 ratio=0.9997 kl=0.0319 | eval_reward=+58.6203 eval_length= 60.00  [new_best]
update= 146 mean_reward=+57.2167 mean_length= 59.87 policy_loss=+0.00180 value_loss=+1.12248 ratio=0.9998 kl=0.0263
update= 147 mean_reward=+57.3296 mean_length= 59.91 policy_loss=+0.00170 value_loss=+0.86711 ratio=1.0001 kl=0.0227
update= 148 mean_reward=+57.3895 mean_length= 59.90 policy_loss=+0.00432 value_loss=+1.09128 ratio=1.0002 kl=0.0331
update= 149 mean_reward=+57.3853 mean_length= 59.84 policy_loss=+0.00062 value_loss=+1.57220 ratio=1.0000 kl=0.0212
update= 150 mean_reward=+57.4255 mean_length= 59.92 policy_loss=+0.00215 value_loss=+0.72075 ratio=1.0001 kl=0.0259 | eval_reward=+58.7774 eval_length= 60.00  [new_best]
update= 151 mean_reward=+57.5480 mean_length= 59.93 policy_loss=+0.00440 value_loss=+0.65582 ratio=1.0005 kl=0.0308
update= 152 mean_reward=+57.5598 mean_length= 59.91 policy_loss=+0.00124 value_loss=+0.77493 ratio=1.0000 kl=0.0208
update= 153 mean_reward=+57.5884 mean_length= 59.92 policy_loss=+0.00163 value_loss=+0.78187 ratio=1.0001 kl=0.0245
update= 154 mean_reward=+57.6890 mean_length= 59.94 policy_loss=+0.00271 value_loss=+0.40777 ratio=1.0001 kl=0.0202
update= 155 mean_reward=+57.6682 mean_length= 59.90 policy_loss=+0.00313 value_loss=+0.90482 ratio=0.9998 kl=0.0308 | eval_reward=+59.0846 eval_length= 60.00  [new_best]
update= 156 mean_reward=+57.7496 mean_length= 59.91 policy_loss=+0.00194 value_loss=+0.78746 ratio=1.0000 kl=0.0236
update= 157 mean_reward=+57.7945 mean_length= 59.91 policy_loss=+0.00295 value_loss=+0.90685 ratio=0.9999 kl=0.0316
update= 158 mean_reward=+57.7830 mean_length= 59.89 policy_loss=+0.00204 value_loss=+0.79840 ratio=0.9999 kl=0.0262
update= 159 mean_reward=+57.7765 mean_length= 59.90 policy_loss=+0.00161 value_loss=+0.74467 ratio=1.0004 kl=0.0276
update= 160 mean_reward=+57.7460 mean_length= 59.88 policy_loss=+0.00164 value_loss=+0.90099 ratio=1.0001 kl=0.0278 | eval_reward=+59.0487 eval_length= 60.00
update= 161 mean_reward=+57.8647 mean_length= 59.92 policy_loss=+0.00198 value_loss=+0.82332 ratio=0.9999 kl=0.0295
update= 162 mean_reward=+57.8572 mean_length= 59.90 policy_loss=+0.00153 value_loss=+0.77701 ratio=0.9999 kl=0.0264
update= 163 mean_reward=+57.8944 mean_length= 59.93 policy_loss=+0.00386 value_loss=+0.51193 ratio=0.9999 kl=0.0285
update= 164 mean_reward=+57.9339 mean_length= 59.91 policy_loss=+0.00284 value_loss=+0.78383 ratio=1.0001 kl=0.0317
update= 165 mean_reward=+58.0366 mean_length= 59.94 policy_loss=+0.00358 value_loss=+0.48234 ratio=1.0001 kl=0.0289 | eval_reward=+59.0858 eval_length= 60.00  [new_best]
update= 166 mean_reward=+58.0365 mean_length= 59.91 policy_loss=+0.00156 value_loss=+0.77272 ratio=1.0000 kl=0.0247
update= 167 mean_reward=+57.9788 mean_length= 59.85 policy_loss=+0.00266 value_loss=+1.17180 ratio=1.0002 kl=0.0309
update= 168 mean_reward=+58.1251 mean_length= 59.92 policy_loss=+0.00246 value_loss=+0.48900 ratio=1.0000 kl=0.0245
update= 169 mean_reward=+58.1506 mean_length= 59.90 policy_loss=+0.00161 value_loss=+1.02996 ratio=0.9997 kl=0.0261
update= 170 mean_reward=+58.1656 mean_length= 59.91 policy_loss=+0.00114 value_loss=+0.68949 ratio=1.0000 kl=0.0237 | eval_reward=+59.2121 eval_length= 60.00  [new_best]
update= 171 mean_reward=+58.2323 mean_length= 59.93 policy_loss=+0.00268 value_loss=+0.76076 ratio=1.0002 kl=0.0276
update= 172 mean_reward=+58.1278 mean_length= 59.91 policy_loss=+0.00199 value_loss=+1.28972 ratio=0.9999 kl=0.0311
update= 173 mean_reward=+58.1952 mean_length= 59.89 policy_loss=+0.00082 value_loss=+1.05429 ratio=0.9997 kl=0.0243
update= 174 mean_reward=+58.3104 mean_length= 59.96 policy_loss=+0.00227 value_loss=+0.63793 ratio=0.9998 kl=0.0282
update= 175 mean_reward=+58.2960 mean_length= 59.91 policy_loss=+0.00154 value_loss=+0.79169 ratio=1.0001 kl=0.0273 | eval_reward=+59.1721 eval_length= 60.00
update= 176 mean_reward=+58.3323 mean_length= 59.90 policy_loss=+0.00050 value_loss=+1.14179 ratio=1.0000 kl=0.0261
update= 177 mean_reward=+58.3738 mean_length= 59.94 policy_loss=+0.00160 value_loss=+0.66546 ratio=0.9996 kl=0.0221
update= 178 mean_reward=+58.3628 mean_length= 59.92 policy_loss=+0.00426 value_loss=+0.72176 ratio=1.0001 kl=0.0337
update= 179 mean_reward=+58.4118 mean_length= 59.95 policy_loss=+0.00279 value_loss=+0.61205 ratio=1.0000 kl=0.0349
update= 180 mean_reward=+58.3921 mean_length= 59.93 policy_loss=+0.00140 value_loss=+0.62711 ratio=1.0002 kl=0.0267 | eval_reward=+59.2576 eval_length= 60.00  [new_best]
update= 181 mean_reward=+58.4011 mean_length= 59.91 policy_loss=+0.00256 value_loss=+0.86987 ratio=0.9998 kl=0.0304
update= 182 mean_reward=+58.4390 mean_length= 59.94 policy_loss=+0.00157 value_loss=+0.52603 ratio=0.9999 kl=0.0241
update= 183 mean_reward=+58.4632 mean_length= 59.92 policy_loss=+0.00096 value_loss=+0.73262 ratio=0.9998 kl=0.0281
update= 184 mean_reward=+58.4724 mean_length= 59.91 policy_loss=+0.00222 value_loss=+0.70052 ratio=1.0001 kl=0.0290
update= 185 mean_reward=+58.4963 mean_length= 59.92 policy_loss=+0.00153 value_loss=+0.91857 ratio=1.0001 kl=0.0243 | eval_reward=+59.1747 eval_length= 60.00
update= 186 mean_reward=+58.4860 mean_length= 59.94 policy_loss=+0.00242 value_loss=+0.50776 ratio=0.9999 kl=0.0260
update= 187 mean_reward=+58.5409 mean_length= 59.97 policy_loss=+0.00237 value_loss=+0.17976 ratio=1.0000 kl=0.0198
update= 188 mean_reward=+58.5913 mean_length= 59.99 policy_loss=+0.00513 value_loss=+0.14934 ratio=0.9999 kl=0.0340
update= 189 mean_reward=+58.5861 mean_length= 59.98 policy_loss=+0.00321 value_loss=+0.21110 ratio=0.9999 kl=0.0413
update= 190 mean_reward=+58.6033 mean_length= 59.95 policy_loss=+0.00163 value_loss=+0.58085 ratio=1.0001 kl=0.0283 | eval_reward=+59.2631 eval_length= 60.00  [new_best]
update= 191 mean_reward=+58.6468 mean_length= 59.96 policy_loss=+0.00211 value_loss=+0.27730 ratio=1.0000 kl=0.0254
update= 192 mean_reward=+58.6345 mean_length= 59.95 policy_loss=+0.00540 value_loss=+0.53509 ratio=0.9999 kl=0.0306
update= 193 mean_reward=+58.6601 mean_length= 59.95 policy_loss=+0.00215 value_loss=+0.47746 ratio=0.9999 kl=0.0303
update= 194 mean_reward=+58.6850 mean_length= 59.97 policy_loss=+0.00228 value_loss=+0.36313 ratio=0.9998 kl=0.0266
update= 195 mean_reward=+58.6672 mean_length= 59.93 policy_loss=+0.00283 value_loss=+0.81717 ratio=1.0000 kl=0.0320 | eval_reward=+59.2322 eval_length= 60.00
update= 196 mean_reward=+58.6568 mean_length= 59.94 policy_loss=+0.00119 value_loss=+1.07534 ratio=1.0002 kl=0.0229
update= 197 mean_reward=+58.6741 mean_length= 59.93 policy_loss=-0.00043 value_loss=+0.87640 ratio=0.9998 kl=0.0162
update= 198 mean_reward=+58.7509 mean_length= 59.98 policy_loss=+0.00118 value_loss=+0.31605 ratio=1.0000 kl=0.0232
update= 199 mean_reward=+58.6890 mean_length= 59.91 policy_loss=+0.00202 value_loss=+1.04547 ratio=1.0002 kl=0.0335
update= 200 mean_reward=+58.6802 mean_length= 59.93 policy_loss=+0.00108 value_loss=+1.13036 ratio=1.0001 kl=0.0273 | eval_reward=+59.3028 eval_length= 60.00  [new_best]
update= 201 mean_reward=+58.7286 mean_length= 59.95 policy_loss=+0.00067 value_loss=+0.92487 ratio=0.9999 kl=0.0245
update= 202 mean_reward=+58.7347 mean_length= 59.95 policy_loss=+0.00191 value_loss=+0.57698 ratio=0.9998 kl=0.0292
update= 203 mean_reward=+58.7212 mean_length= 59.93 policy_loss=+0.00091 value_loss=+0.70107 ratio=0.9999 kl=0.0247
update= 204 mean_reward=+58.7125 mean_length= 59.93 policy_loss=+0.00228 value_loss=+0.81049 ratio=1.0001 kl=0.0306
update= 205 mean_reward=+58.7050 mean_length= 59.91 policy_loss=-0.00136 value_loss=+0.89557 ratio=1.0002 kl=0.0243 | eval_reward=+59.3256 eval_length= 60.00  [new_best]
update= 206 mean_reward=+58.7856 mean_length= 59.96 policy_loss=+0.00291 value_loss=+0.46776 ratio=1.0003 kl=0.0294
update= 207 mean_reward=+58.7360 mean_length= 59.90 policy_loss=+0.00119 value_loss=+1.06421 ratio=1.0000 kl=0.0253
update= 208 mean_reward=+58.7295 mean_length= 59.91 policy_loss=+0.00071 value_loss=+0.86699 ratio=0.9999 kl=0.0252
update= 209 mean_reward=+58.7042 mean_length= 59.90 policy_loss=+0.00104 value_loss=+0.78607 ratio=1.0001 kl=0.0244
update= 210 mean_reward=+58.7296 mean_length= 59.90 policy_loss=+0.00199 value_loss=+0.97278 ratio=0.9999 kl=0.0311 | eval_reward=+59.2984 eval_length= 60.00
update= 211 mean_reward=+58.7853 mean_length= 59.95 policy_loss=+0.00094 value_loss=+0.54590 ratio=1.0000 kl=0.0216
update= 212 mean_reward=+58.8126 mean_length= 59.97 policy_loss=+0.00213 value_loss=+0.28850 ratio=0.9998 kl=0.0300
update= 213 mean_reward=+58.8341 mean_length= 59.97 policy_loss=+0.00148 value_loss=+0.18744 ratio=1.0000 kl=0.0227
update= 214 mean_reward=+58.8151 mean_length= 59.94 policy_loss=+0.00224 value_loss=+0.55853 ratio=0.9999 kl=0.0264
update= 215 mean_reward=+58.8087 mean_length= 59.95 policy_loss=+0.00124 value_loss=+0.39030 ratio=1.0000 kl=0.0272 | eval_reward=+59.3149 eval_length= 60.00
update= 216 mean_reward=+58.8386 mean_length= 59.96 policy_loss=+0.00172 value_loss=+0.35922 ratio=1.0001 kl=0.0295
update= 217 mean_reward=+58.8636 mean_length= 59.97 policy_loss=+0.00131 value_loss=+0.40656 ratio=1.0000 kl=0.0280
update= 218 mean_reward=+58.8123 mean_length= 59.92 policy_loss=+0.00159 value_loss=+0.74538 ratio=1.0002 kl=0.0331
update= 219 mean_reward=+58.8194 mean_length= 59.93 policy_loss=+0.00180 value_loss=+0.65057 ratio=1.0006 kl=0.0266
update= 220 mean_reward=+58.8151 mean_length= 59.93 policy_loss=+0.00152 value_loss=+0.65532 ratio=1.0000 kl=0.0290 | eval_reward=+59.3203 eval_length= 60.00
update= 221 mean_reward=+58.8468 mean_length= 59.93 policy_loss=+0.00236 value_loss=+0.48858 ratio=0.9998 kl=0.0296
update= 222 mean_reward=+58.8726 mean_length= 59.95 policy_loss=+0.00187 value_loss=+0.26839 ratio=1.0001 kl=0.0223
update= 223 mean_reward=+58.8485 mean_length= 59.92 policy_loss=+0.00372 value_loss=+0.76130 ratio=0.9998 kl=0.0372
update= 224 mean_reward=+58.8322 mean_length= 59.90 policy_loss=+0.00190 value_loss=+0.69596 ratio=0.9997 kl=0.0315
update= 225 mean_reward=+58.9123 mean_length= 59.98 policy_loss=+0.00258 value_loss=+0.17779 ratio=1.0000 kl=0.0241 | eval_reward=+59.3777 eval_length= 60.00  [new_best]
update= 226 mean_reward=+58.9098 mean_length= 59.96 policy_loss=+0.00155 value_loss=+0.42953 ratio=0.9998 kl=0.0243
update= 227 mean_reward=+58.9093 mean_length= 59.97 policy_loss=+0.00508 value_loss=+0.55986 ratio=0.9999 kl=0.0281
update= 228 mean_reward=+58.9202 mean_length= 59.96 policy_loss=+0.00243 value_loss=+0.44111 ratio=1.0002 kl=0.0362
update= 229 mean_reward=+58.8862 mean_length= 59.94 policy_loss=+0.00289 value_loss=+0.70225 ratio=0.9998 kl=0.0254
update= 230 mean_reward=+58.9477 mean_length= 59.98 policy_loss=+0.00251 value_loss=+0.28648 ratio=1.0001 kl=0.0362 | eval_reward=+59.3231 eval_length= 60.00
update= 231 mean_reward=+58.9324 mean_length= 59.96 policy_loss=+0.00439 value_loss=+0.25460 ratio=0.9998 kl=0.0301
update= 232 mean_reward=+58.9236 mean_length= 59.94 policy_loss=+0.00122 value_loss=+0.48680 ratio=0.9998 kl=0.0519
update= 233 mean_reward=+58.9548 mean_length= 59.96 policy_loss=+0.00257 value_loss=+0.31373 ratio=1.0000 kl=0.0347
update= 234 mean_reward=+58.9510 mean_length= 59.96 policy_loss=+0.00210 value_loss=+0.46846 ratio=1.0000 kl=0.0298
update= 235 mean_reward=+58.9134 mean_length= 59.93 policy_loss=+0.00161 value_loss=+0.72273 ratio=0.9998 kl=0.0344 | eval_reward=+59.3446 eval_length= 60.00
update= 236 mean_reward=+58.9120 mean_length= 59.91 policy_loss=+0.00234 value_loss=+0.81945 ratio=0.9998 kl=0.0322
update= 237 mean_reward=+58.9676 mean_length= 59.96 policy_loss=+0.00108 value_loss=+0.39903 ratio=1.0002 kl=0.0286
update= 238 mean_reward=+58.9682 mean_length= 59.95 policy_loss=+0.00157 value_loss=+0.52263 ratio=1.0000 kl=0.0293
update= 239 mean_reward=+58.9912 mean_length= 59.97 policy_loss=+0.00122 value_loss=+0.29177 ratio=1.0000 kl=0.0242
update= 240 mean_reward=+58.9457 mean_length= 59.94 policy_loss=+0.00151 value_loss=+0.62857 ratio=0.9997 kl=0.0266 | eval_reward=+59.3360 eval_length= 60.00
update= 241 mean_reward=+58.9608 mean_length= 59.95 policy_loss=+0.00417 value_loss=+0.26914 ratio=0.9998 kl=0.0364
update= 242 mean_reward=+58.9530 mean_length= 59.93 policy_loss=+0.00045 value_loss=+0.64561 ratio=0.9998 kl=0.0272
update= 243 mean_reward=+58.9937 mean_length= 59.96 policy_loss=+0.00322 value_loss=+0.37590 ratio=1.0003 kl=0.0331
update= 244 mean_reward=+58.9746 mean_length= 59.94 policy_loss=+0.00102 value_loss=+0.71654 ratio=1.0001 kl=0.0258
update= 245 mean_reward=+58.9431 mean_length= 59.95 policy_loss=+0.00181 value_loss=+0.53198 ratio=1.0000 kl=0.0311 | eval_reward=+59.3185 eval_length= 60.00
update= 246 mean_reward=+58.9444 mean_length= 59.92 policy_loss=+0.00268 value_loss=+0.50374 ratio=0.9996 kl=0.0344
update= 247 mean_reward=+58.9406 mean_length= 59.93 policy_loss=+0.00209 value_loss=+0.83271 ratio=1.0000 kl=0.0298
update= 248 mean_reward=+59.0119 mean_length= 59.97 policy_loss=+0.00165 value_loss=+0.34949 ratio=1.0000 kl=0.0158
update= 249 mean_reward=+59.0078 mean_length= 59.97 policy_loss=+0.00188 value_loss=+0.35709 ratio=0.9998 kl=0.0293
update= 250 mean_reward=+58.9870 mean_length= 59.97 policy_loss=+0.00186 value_loss=+0.41127 ratio=1.0004 kl=0.0265 | eval_reward=+59.3468 eval_length= 60.00
update= 251 mean_reward=+58.9738 mean_length= 59.92 policy_loss=+0.00141 value_loss=+0.61230 ratio=1.0000 kl=0.0316
update= 252 mean_reward=+58.9933 mean_length= 59.96 policy_loss=+0.00178 value_loss=+0.42591 ratio=1.0002 kl=0.0292
update= 253 mean_reward=+58.9981 mean_length= 59.95 policy_loss=+0.00170 value_loss=+0.46371 ratio=1.0002 kl=0.0332
update= 254 mean_reward=+59.0282 mean_length= 59.98 policy_loss=+0.00246 value_loss=+0.24054 ratio=0.9997 kl=0.0330
update= 255 mean_reward=+59.0036 mean_length= 59.97 policy_loss=+0.00261 value_loss=+0.40268 ratio=1.0001 kl=0.0334 | eval_reward=+59.3998 eval_length= 60.00  [new_best]
update= 256 mean_reward=+58.9639 mean_length= 59.95 policy_loss=+0.00105 value_loss=+0.51906 ratio=1.0000 kl=0.0295
update= 257 mean_reward=+58.9880 mean_length= 59.96 policy_loss=+0.00100 value_loss=+0.29922 ratio=1.0002 kl=0.0336
update= 258 mean_reward=+58.9943 mean_length= 59.97 policy_loss=+0.00060 value_loss=+0.33587 ratio=0.9998 kl=0.0254
update= 259 mean_reward=+59.0144 mean_length= 59.98 policy_loss=+0.00145 value_loss=+0.21761 ratio=1.0000 kl=0.0240
update= 260 mean_reward=+59.0290 mean_length= 59.96 policy_loss=+0.00089 value_loss=+0.37779 ratio=1.0001 kl=0.0293 | eval_reward=+59.3714 eval_length= 60.00
update= 261 mean_reward=+59.0311 mean_length= 59.96 policy_loss=+0.00239 value_loss=+0.45858 ratio=1.0001 kl=0.0263
update= 262 mean_reward=+59.0315 mean_length= 59.95 policy_loss=+0.00098 value_loss=+0.55892 ratio=1.0001 kl=0.0319
update= 263 mean_reward=+59.0396 mean_length= 59.96 policy_loss=+0.00134 value_loss=+0.30779 ratio=0.9997 kl=0.0271
update= 264 mean_reward=+59.0308 mean_length= 59.96 policy_loss=+0.00191 value_loss=+0.41517 ratio=1.0002 kl=0.0298
update= 265 mean_reward=+59.0807 mean_length= 59.98 policy_loss=+0.00113 value_loss=+0.27222 ratio=0.9999 kl=0.0247 | eval_reward=+59.3587 eval_length= 60.00
update= 266 mean_reward=+59.0947 mean_length= 59.99 policy_loss=+0.00236 value_loss=+0.11179 ratio=1.0001 kl=0.0290
update= 267 mean_reward=+59.0908 mean_length= 59.96 policy_loss=+0.00111 value_loss=+0.39521 ratio=0.9999 kl=0.0291
update= 268 mean_reward=+59.1289 mean_length= 59.98 policy_loss=+0.00226 value_loss=+0.16034 ratio=1.0001 kl=0.0336
update= 269 mean_reward=+59.1050 mean_length= 59.96 policy_loss=+0.00314 value_loss=+0.39515 ratio=1.0002 kl=0.0326
update= 270 mean_reward=+59.1033 mean_length= 59.95 policy_loss=+0.00267 value_loss=+0.47388 ratio=1.0007 kl=0.0313 | eval_reward=+59.4417 eval_length= 60.00  [new_best]
update= 271 mean_reward=+59.0741 mean_length= 59.92 policy_loss=+0.00118 value_loss=+0.86069 ratio=0.9999 kl=0.0247
update= 272 mean_reward=+59.1110 mean_length= 59.96 policy_loss=+0.00030 value_loss=+0.75129 ratio=0.9998 kl=0.0280
update= 273 mean_reward=+59.1310 mean_length= 59.96 policy_loss=+0.00206 value_loss=+0.50129 ratio=1.0000 kl=0.0334
update= 274 mean_reward=+59.1580 mean_length= 59.99 policy_loss=+0.00166 value_loss=+0.30247 ratio=1.0001 kl=0.0322
update= 275 mean_reward=+59.1249 mean_length= 59.96 policy_loss=+0.00215 value_loss=+0.41025 ratio=0.9997 kl=0.0265 | eval_reward=+59.3808 eval_length= 60.00
update= 276 mean_reward=+59.1349 mean_length= 59.95 policy_loss=+0.00123 value_loss=+0.71796 ratio=0.9998 kl=0.0312
update= 277 mean_reward=+59.1477 mean_length= 59.98 policy_loss=+0.00221 value_loss=+0.33693 ratio=1.0002 kl=0.0328
update= 278 mean_reward=+59.1546 mean_length= 59.95 policy_loss=+0.00228 value_loss=+0.44607 ratio=0.9998 kl=0.0323
update= 279 mean_reward=+59.1241 mean_length= 59.96 policy_loss=+0.00176 value_loss=+0.42802 ratio=0.9998 kl=0.0365
update= 280 mean_reward=+59.1645 mean_length= 59.98 policy_loss=+0.00144 value_loss=+0.28109 ratio=0.9996 kl=0.0295 | eval_reward=+59.4225 eval_length= 60.00
update= 281 mean_reward=+59.1688 mean_length= 59.98 policy_loss=+0.00238 value_loss=+0.27133 ratio=1.0001 kl=0.0345
update= 282 mean_reward=+59.1503 mean_length= 59.97 policy_loss=+0.00081 value_loss=+0.40792 ratio=1.0001 kl=0.0361
update= 283 mean_reward=+59.1517 mean_length= 59.95 policy_loss=+0.00263 value_loss=+0.51992 ratio=0.9997 kl=0.0340
update= 284 mean_reward=+59.2021 mean_length= 59.99 policy_loss=+0.00190 value_loss=+0.14894 ratio=0.9999 kl=0.0304
update= 285 mean_reward=+59.1733 mean_length= 59.96 policy_loss=+0.00216 value_loss=+0.74610 ratio=1.0000 kl=0.0335 | eval_reward=+59.4359 eval_length= 60.00
update= 286 mean_reward=+59.1658 mean_length= 59.95 policy_loss=+0.00150 value_loss=+0.40948 ratio=1.0004 kl=0.0295
update= 287 mean_reward=+59.1829 mean_length= 59.98 policy_loss=+0.00070 value_loss=+0.23327 ratio=0.9998 kl=0.0207
update= 288 mean_reward=+59.1946 mean_length= 59.98 policy_loss=+0.00247 value_loss=+0.25688 ratio=0.9999 kl=0.0376
update= 289 mean_reward=+59.1960 mean_length= 59.98 policy_loss=+0.00038 value_loss=+0.19890 ratio=1.0003 kl=0.0295
update= 290 mean_reward=+59.1981 mean_length= 59.97 policy_loss=+0.00161 value_loss=+0.28030 ratio=1.0000 kl=0.0324 | eval_reward=+59.4667 eval_length= 60.00  [new_best]
update= 291 mean_reward=+59.2070 mean_length= 59.98 policy_loss=+0.00223 value_loss=+0.25048 ratio=1.0000 kl=0.0311
update= 292 mean_reward=+59.2086 mean_length= 59.99 policy_loss=+0.00130 value_loss=+0.23818 ratio=1.0000 kl=0.0278
update= 293 mean_reward=+59.2117 mean_length= 59.98 policy_loss=+0.00031 value_loss=+0.35912 ratio=1.0001 kl=0.0286
update= 294 mean_reward=+59.2105 mean_length= 59.98 policy_loss=+0.00179 value_loss=+0.21201 ratio=1.0002 kl=0.0279
update= 295 mean_reward=+59.2391 mean_length= 59.99 policy_loss=+0.00145 value_loss=+0.25131 ratio=1.0000 kl=0.0291 | eval_reward=+59.4496 eval_length= 60.00
update= 296 mean_reward=+59.2351 mean_length= 59.98 policy_loss=+0.00169 value_loss=+0.35847 ratio=0.9998 kl=0.0361
update= 297 mean_reward=+59.2236 mean_length= 59.98 policy_loss=+0.00257 value_loss=+0.25927 ratio=0.9998 kl=0.0347
update= 298 mean_reward=+59.2248 mean_length= 59.97 policy_loss=+0.00199 value_loss=+0.29545 ratio=1.0000 kl=0.0312
update= 299 mean_reward=+59.2208 mean_length= 59.97 policy_loss=-0.00311 value_loss=+0.22518 ratio=0.9996 kl=0.0279
update= 300 mean_reward=+59.1980 mean_length= 59.95 policy_loss=+0.00154 value_loss=+0.64267 ratio=1.0003 kl=0.0276 | eval_reward=+59.5245 eval_length= 60.00  [new_best]
update= 301 mean_reward=+59.2010 mean_length= 59.97 policy_loss=+0.00220 value_loss=+0.21227 ratio=1.0001 kl=0.0266
update= 302 mean_reward=+59.1701 mean_length= 59.95 policy_loss=+0.00188 value_loss=+0.45967 ratio=1.0000 kl=0.0342
update= 303 mean_reward=+59.1978 mean_length= 59.96 policy_loss=+0.00129 value_loss=+0.47910 ratio=1.0004 kl=0.0289
update= 304 mean_reward=+59.2355 mean_length= 59.99 policy_loss=+0.00131 value_loss=+0.13529 ratio=1.0000 kl=0.0223
update= 305 mean_reward=+59.2330 mean_length= 59.99 policy_loss=+0.00420 value_loss=+0.12983 ratio=0.9999 kl=0.0312 | eval_reward=+59.4740 eval_length= 60.00
update= 306 mean_reward=+59.2272 mean_length= 59.98 policy_loss=+0.00284 value_loss=+0.07888 ratio=1.0003 kl=0.0256
update= 307 mean_reward=+59.2178 mean_length= 59.96 policy_loss=+0.00299 value_loss=+0.27880 ratio=1.0002 kl=0.0288
update= 308 mean_reward=+59.2410 mean_length= 59.98 policy_loss=+0.00254 value_loss=+0.25354 ratio=1.0002 kl=0.0332
update= 309 mean_reward=+59.2257 mean_length= 59.98 policy_loss=+0.00281 value_loss=+0.23813 ratio=0.9997 kl=0.0377
update= 310 mean_reward=+59.2563 mean_length= 59.99 policy_loss=+0.00333 value_loss=+0.12586 ratio=1.0000 kl=0.0228 | eval_reward=+59.5194 eval_length= 60.00
update= 311 mean_reward=+59.2520 mean_length= 59.98 policy_loss=+0.00143 value_loss=+0.30017 ratio=1.0007 kl=0.0280
update= 312 mean_reward=+59.2520 mean_length= 59.97 policy_loss=+0.00112 value_loss=+0.29078 ratio=0.9998 kl=0.0242
update= 313 mean_reward=+59.2613 mean_length= 59.99 policy_loss=+0.00173 value_loss=+0.19087 ratio=1.0001 kl=0.0284
update= 314 mean_reward=+59.2490 mean_length= 59.98 policy_loss=+0.00177 value_loss=+0.25460 ratio=1.0000 kl=0.0253
update= 315 mean_reward=+59.2553 mean_length= 59.98 policy_loss=+0.00347 value_loss=+0.25442 ratio=0.9991 kl=0.0350 | eval_reward=+59.4575 eval_length= 60.00
update= 316 mean_reward=+59.2545 mean_length= 59.98 policy_loss=+0.00117 value_loss=+0.24091 ratio=1.0002 kl=0.0193
update= 317 mean_reward=+59.2634 mean_length= 59.98 policy_loss=-0.00002 value_loss=+0.26263 ratio=1.0000 kl=0.0276
update= 318 mean_reward=+59.2502 mean_length= 59.96 policy_loss=+0.00257 value_loss=+0.33434 ratio=0.9999 kl=0.0353
update= 319 mean_reward=+59.2380 mean_length= 59.95 policy_loss=+0.00235 value_loss=+0.61522 ratio=1.0000 kl=0.0346
update= 320 mean_reward=+59.2767 mean_length= 59.97 policy_loss=+0.00168 value_loss=+0.22256 ratio=1.0002 kl=0.0263 | eval_reward=+59.4256 eval_length= 60.00
update= 321 mean_reward=+59.2563 mean_length= 59.97 policy_loss=+0.00045 value_loss=+0.27193 ratio=1.0001 kl=0.0276
update= 322 mean_reward=+59.2549 mean_length= 59.97 policy_loss=+0.00464 value_loss=+0.48022 ratio=0.9998 kl=0.0272
update= 323 mean_reward=+59.2923 mean_length= 59.99 policy_loss=+0.00200 value_loss=+0.13078 ratio=1.0002 kl=0.0325
update= 324 mean_reward=+59.2718 mean_length= 59.98 policy_loss=+0.00077 value_loss=+0.06623 ratio=0.9994 kl=0.0313
update= 325 mean_reward=+59.2813 mean_length= 59.99 policy_loss=+0.00114 value_loss=+0.13742 ratio=1.0001 kl=0.0285 | eval_reward=+59.4683 eval_length= 60.00
update= 326 mean_reward=+59.2666 mean_length= 59.97 policy_loss=+0.00498 value_loss=+0.24378 ratio=0.9999 kl=0.0330
update= 327 mean_reward=+59.2510 mean_length= 59.95 policy_loss=+0.00123 value_loss=+0.60064 ratio=1.0002 kl=0.0352
update= 328 mean_reward=+59.2832 mean_length= 59.99 policy_loss=+0.00117 value_loss=+0.22480 ratio=0.9999 kl=0.0293
update= 329 mean_reward=+59.2703 mean_length= 59.98 policy_loss=+0.00246 value_loss=+0.41374 ratio=0.9997 kl=0.0269
update= 330 mean_reward=+59.2709 mean_length= 59.97 policy_loss=+0.00141 value_loss=+0.52486 ratio=1.0001 kl=0.0237 | eval_reward=+59.4782 eval_length= 60.00
update= 331 mean_reward=+59.3001 mean_length= 59.98 policy_loss=+0.00201 value_loss=+0.19673 ratio=0.9998 kl=0.0197
update= 332 mean_reward=+59.2770 mean_length= 59.97 policy_loss=-0.00015 value_loss=+0.40851 ratio=1.0000 kl=0.0281
update= 333 mean_reward=+59.2761 mean_length= 59.97 policy_loss=+0.00208 value_loss=+0.38218 ratio=0.9997 kl=0.0292
update= 334 mean_reward=+59.2980 mean_length= 59.98 policy_loss=+0.00196 value_loss=+0.22090 ratio=1.0000 kl=0.0301
update= 335 mean_reward=+59.2796 mean_length= 59.96 policy_loss=+0.00142 value_loss=+0.45202 ratio=0.9998 kl=0.0316 | eval_reward=+59.4714 eval_length= 60.00
update= 336 mean_reward=+59.3121 mean_length= 59.99 policy_loss=+0.00360 value_loss=+0.13737 ratio=0.9995 kl=0.0353
update= 337 mean_reward=+59.3255 mean_length= 59.99 policy_loss=+0.00469 value_loss=+0.03591 ratio=0.9997 kl=0.0275
update= 338 mean_reward=+59.3350 mean_length= 59.99 policy_loss=+0.00120 value_loss=+0.21077 ratio=0.9995 kl=0.0279
update= 339 mean_reward=+59.3152 mean_length= 59.97 policy_loss=+0.00179 value_loss=+0.30042 ratio=0.9997 kl=0.0325
update= 340 mean_reward=+59.3317 mean_length= 59.99 policy_loss=+0.00228 value_loss=+0.21627 ratio=1.0000 kl=0.0299 | eval_reward=+59.5142 eval_length= 60.00
update= 341 mean_reward=+59.2824 mean_length= 59.93 policy_loss=+0.00041 value_loss=+0.56880 ratio=1.0004 kl=0.0308
update= 342 mean_reward=+59.3117 mean_length= 59.96 policy_loss=+0.00234 value_loss=+0.33641 ratio=1.0001 kl=0.0310
update= 343 mean_reward=+59.3460 mean_length= 59.99 policy_loss=+0.00122 value_loss=+0.08013 ratio=0.9999 kl=0.0264
update= 344 mean_reward=+59.3395 mean_length= 59.98 policy_loss=+0.00077 value_loss=+0.21662 ratio=1.0002 kl=0.0292
update= 345 mean_reward=+59.3481 mean_length= 59.99 policy_loss=+0.00162 value_loss=+0.14791 ratio=1.0001 kl=0.0314 | eval_reward=+59.5152 eval_length= 60.00
update= 346 mean_reward=+59.3205 mean_length= 59.98 policy_loss=+0.00156 value_loss=+0.31467 ratio=1.0005 kl=0.0341
update= 347 mean_reward=+59.3323 mean_length= 59.97 policy_loss=+0.00313 value_loss=+0.19706 ratio=0.9999 kl=0.0264
update= 348 mean_reward=+59.2998 mean_length= 59.97 policy_loss=+0.00072 value_loss=+0.37927 ratio=1.0001 kl=0.0298
update= 349 mean_reward=+59.3110 mean_length= 59.98 policy_loss=+0.00201 value_loss=+0.17267 ratio=0.9997 kl=0.0318
update= 350 mean_reward=+59.3371 mean_length= 59.99 policy_loss=-0.00014 value_loss=+0.13350 ratio=1.0001 kl=0.0283 | eval_reward=+59.5067 eval_length= 60.00
update= 351 mean_reward=+59.3268 mean_length= 59.97 policy_loss=+0.00506 value_loss=+0.18292 ratio=1.0001 kl=0.0296
update= 352 mean_reward=+59.3260 mean_length= 59.97 policy_loss=+0.00128 value_loss=+0.15552 ratio=0.9995 kl=0.0273
update= 353 mean_reward=+59.3458 mean_length= 59.99 policy_loss=+0.00159 value_loss=+0.06834 ratio=0.9999 kl=0.0271
update= 354 mean_reward=+59.3492 mean_length= 59.99 policy_loss=+0.00187 value_loss=+0.18422 ratio=1.0001 kl=0.0253
update= 355 mean_reward=+59.3423 mean_length= 59.97 policy_loss=+0.00217 value_loss=+0.28145 ratio=0.9996 kl=0.0308 | eval_reward=+59.5241 eval_length= 60.00
update= 356 mean_reward=+59.3178 mean_length= 59.96 policy_loss=+0.00306 value_loss=+0.35924 ratio=1.0005 kl=0.0235
update= 357 mean_reward=+59.3414 mean_length= 59.98 policy_loss=+0.00264 value_loss=+0.15023 ratio=1.0000 kl=0.0299
update= 358 mean_reward=+59.3415 mean_length= 59.99 policy_loss=+0.00263 value_loss=+0.14599 ratio=0.9999 kl=0.0278
update= 359 mean_reward=+59.3274 mean_length= 59.98 policy_loss=+0.00331 value_loss=+0.08626 ratio=1.0001 kl=0.0273
update= 360 mean_reward=+59.3049 mean_length= 59.97 policy_loss=+0.00321 value_loss=+0.18125 ratio=0.9997 kl=0.0358 | eval_reward=+59.5019 eval_length= 60.00
update= 361 mean_reward=+59.3173 mean_length= 59.97 policy_loss=-0.00159 value_loss=+0.10748 ratio=1.0000 kl=0.0330
update= 362 mean_reward=+59.2958 mean_length= 59.97 policy_loss=+0.00068 value_loss=+0.41264 ratio=0.9998 kl=0.0234
update= 363 mean_reward=+59.2956 mean_length= 59.96 policy_loss=-0.00081 value_loss=+0.41954 ratio=1.0001 kl=0.0283
update= 364 mean_reward=+59.3101 mean_length= 59.97 policy_loss=+0.00176 value_loss=+0.30410 ratio=0.9996 kl=0.0281
update= 365 mean_reward=+59.2752 mean_length= 59.95 policy_loss=+0.00131 value_loss=+0.61013 ratio=1.0000 kl=0.0268 | eval_reward=+59.5218 eval_length= 60.00
update= 366 mean_reward=+59.3157 mean_length= 59.97 policy_loss=+0.00007 value_loss=+0.48111 ratio=1.0000 kl=0.0213
update= 367 mean_reward=+59.3087 mean_length= 59.97 policy_loss=+0.00098 value_loss=+0.39224 ratio=1.0000 kl=0.0268
update= 368 mean_reward=+59.3136 mean_length= 59.98 policy_loss=+0.00140 value_loss=+0.36098 ratio=0.9998 kl=0.0255
update= 369 mean_reward=+59.3125 mean_length= 59.97 policy_loss=-0.00031 value_loss=+0.28106 ratio=1.0001 kl=0.0328
update= 370 mean_reward=+59.3019 mean_length= 59.95 policy_loss=+0.00120 value_loss=+0.40883 ratio=1.0003 kl=0.0326 | eval_reward=+59.5431 eval_length= 60.00  [new_best]
update= 371 mean_reward=+59.3111 mean_length= 59.97 policy_loss=+0.00083 value_loss=+0.21734 ratio=1.0001 kl=0.0233
update= 372 mean_reward=+59.3201 mean_length= 59.99 policy_loss=+0.00276 value_loss=+0.08917 ratio=0.9999 kl=0.0300
update= 373 mean_reward=+59.3215 mean_length= 59.98 policy_loss=+0.00168 value_loss=+0.27610 ratio=1.0003 kl=0.0253
update= 374 mean_reward=+59.3193 mean_length= 59.99 policy_loss=+0.00146 value_loss=+0.21808 ratio=0.9999 kl=0.0285
update= 375 mean_reward=+59.3059 mean_length= 59.96 policy_loss=+0.00210 value_loss=+0.42035 ratio=1.0000 kl=0.0355 | eval_reward=+59.5566 eval_length= 60.00  [new_best]
update= 376 mean_reward=+59.3301 mean_length= 59.99 policy_loss=+0.00131 value_loss=+0.20778 ratio=0.9998 kl=0.0246
update= 377 mean_reward=+59.3258 mean_length= 59.97 policy_loss=+0.00184 value_loss=+0.16969 ratio=0.9998 kl=0.0295
update= 378 mean_reward=+59.3515 mean_length= 59.99 policy_loss=+0.00325 value_loss=+0.06149 ratio=1.0000 kl=0.0261
update= 379 mean_reward=+59.3689 mean_length= 60.00 policy_loss=+0.00194 value_loss=+0.09369 ratio=0.9997 kl=0.0359
update= 380 mean_reward=+59.3522 mean_length= 59.98 policy_loss=+0.00132 value_loss=+0.23021 ratio=1.0003 kl=0.0292 | eval_reward=+59.5409 eval_length= 60.00
update= 381 mean_reward=+59.3736 mean_length= 59.99 policy_loss=+0.00191 value_loss=+0.15935 ratio=0.9999 kl=0.0252
update= 382 mean_reward=+59.3622 mean_length= 59.99 policy_loss=+0.00184 value_loss=+0.10599 ratio=1.0002 kl=0.0321
update= 383 mean_reward=+59.3528 mean_length= 59.97 policy_loss=+0.00248 value_loss=+0.17131 ratio=0.9997 kl=0.0251
update= 384 mean_reward=+59.3764 mean_length= 59.99 policy_loss=+0.00361 value_loss=+0.04127 ratio=0.9998 kl=0.0216
update= 385 mean_reward=+59.3559 mean_length= 59.97 policy_loss=+0.00283 value_loss=+0.31214 ratio=1.0000 kl=0.0284 | eval_reward=+59.5537 eval_length= 60.00
update= 386 mean_reward=+59.3470 mean_length= 59.97 policy_loss=+0.00279 value_loss=+0.14688 ratio=1.0000 kl=0.0253
update= 387 mean_reward=+59.3853 mean_length= 60.00 policy_loss=+0.00371 value_loss=+0.00637 ratio=1.0001 kl=0.0185
update= 388 mean_reward=+59.3706 mean_length= 59.98 policy_loss=+0.00072 value_loss=+0.16034 ratio=1.0005 kl=0.0317
update= 389 mean_reward=+59.3638 mean_length= 59.98 policy_loss=+0.00207 value_loss=+0.38106 ratio=0.9998 kl=0.0322
update= 390 mean_reward=+59.3639 mean_length= 59.98 policy_loss=+0.00159 value_loss=+0.40856 ratio=1.0001 kl=0.0224 | eval_reward=+59.5202 eval_length= 60.00
update= 391 mean_reward=+59.3860 mean_length= 60.00 policy_loss=+0.00143 value_loss=+0.01091 ratio=0.9997 kl=0.0147
update= 392 mean_reward=+59.3890 mean_length= 59.99 policy_loss=+0.00191 value_loss=+0.10424 ratio=1.0001 kl=0.0302
update= 393 mean_reward=+59.3641 mean_length= 59.97 policy_loss=+0.00031 value_loss=+0.28082 ratio=0.9996 kl=0.0308
update= 394 mean_reward=+59.3776 mean_length= 59.99 policy_loss=+0.00204 value_loss=+0.22479 ratio=1.0004 kl=0.0276
update= 395 mean_reward=+59.3891 mean_length= 59.99 policy_loss=+0.00220 value_loss=+0.03489 ratio=1.0000 kl=0.0164 | eval_reward=+59.5165 eval_length= 60.00
update= 396 mean_reward=+59.3552 mean_length= 59.96 policy_loss=+0.00218 value_loss=+0.35888 ratio=1.0002 kl=0.0283
update= 397 mean_reward=+59.3798 mean_length= 59.99 policy_loss=+0.00446 value_loss=+0.06855 ratio=1.0002 kl=0.0352
update= 398 mean_reward=+59.3616 mean_length= 59.97 policy_loss=+0.00287 value_loss=+0.43020 ratio=1.0005 kl=0.0266
update= 399 mean_reward=+59.3730 mean_length= 59.98 policy_loss=+0.00173 value_loss=+0.22879 ratio=1.0003 kl=0.0268
update= 400 mean_reward=+59.3583 mean_length= 59.97 policy_loss=+0.00100 value_loss=+0.30409 ratio=1.0008 kl=0.0285 | eval_reward=+59.4907 eval_length= 60.00
update= 401 mean_reward=+59.3466 mean_length= 59.96 policy_loss=+0.00110 value_loss=+0.33586 ratio=1.0001 kl=0.0300
update= 402 mean_reward=+59.3471 mean_length= 59.97 policy_loss=+0.00076 value_loss=+0.29323 ratio=1.0002 kl=0.0277
update= 403 mean_reward=+59.3405 mean_length= 59.96 policy_loss=+0.00171 value_loss=+0.39632 ratio=1.0002 kl=0.0315
update= 404 mean_reward=+59.3638 mean_length= 59.99 policy_loss=+0.00094 value_loss=+0.07217 ratio=0.9999 kl=0.0158
update= 405 mean_reward=+59.3605 mean_length= 59.98 policy_loss=+0.00119 value_loss=+0.15966 ratio=0.9999 kl=0.0296 | eval_reward=+59.4991 eval_length= 60.00
update= 406 mean_reward=+59.3433 mean_length= 59.97 policy_loss=+0.00028 value_loss=+0.28435 ratio=0.9999 kl=0.0265
update= 407 mean_reward=+59.3575 mean_length= 59.99 policy_loss=+0.00135 value_loss=+0.13984 ratio=1.0003 kl=0.0326
update= 408 mean_reward=+59.3398 mean_length= 59.98 policy_loss=+0.00165 value_loss=+0.29404 ratio=1.0001 kl=0.0273
update= 409 mean_reward=+59.3595 mean_length= 59.99 policy_loss=+0.00198 value_loss=+0.24575 ratio=1.0002 kl=0.0334
update= 410 mean_reward=+59.3506 mean_length= 59.97 policy_loss=+0.00070 value_loss=+0.25194 ratio=0.9999 kl=0.0282 | eval_reward=+59.5356 eval_length= 60.00
update= 411 mean_reward=+59.3602 mean_length= 59.99 policy_loss=+0.00101 value_loss=+0.21221 ratio=0.9997 kl=0.0230
update= 412 mean_reward=+59.3454 mean_length= 59.98 policy_loss=-0.00092 value_loss=+0.25093 ratio=1.0005 kl=0.0269
update= 413 mean_reward=+59.3581 mean_length= 59.98 policy_loss=+0.00119 value_loss=+0.19754 ratio=0.9999 kl=0.0323
update= 414 mean_reward=+59.3520 mean_length= 59.97 policy_loss=+0.00161 value_loss=+0.22708 ratio=0.9995 kl=0.0304
update= 415 mean_reward=+59.3745 mean_length= 59.98 policy_loss=+0.00216 value_loss=+0.19150 ratio=1.0003 kl=0.0307 | eval_reward=+59.5092 eval_length= 60.00
update= 416 mean_reward=+59.3810 mean_length= 59.99 policy_loss=+0.00299 value_loss=+0.03562 ratio=1.0003 kl=0.0265
update= 417 mean_reward=+59.3729 mean_length= 59.99 policy_loss=+0.00177 value_loss=+0.12666 ratio=0.9998 kl=0.0333
update= 418 mean_reward=+59.3690 mean_length= 59.97 policy_loss=+0.00094 value_loss=+0.31274 ratio=1.0001 kl=0.0267
update= 419 mean_reward=+59.3815 mean_length= 59.99 policy_loss=+0.00228 value_loss=+0.13076 ratio=1.0000 kl=0.0341
update= 420 mean_reward=+59.3972 mean_length= 60.00 policy_loss=+0.00336 value_loss=+0.00671 ratio=0.9999 kl=0.0185 | eval_reward=+59.5768 eval_length= 60.00  [new_best]
update= 421 mean_reward=+59.3916 mean_length= 59.99 policy_loss=+0.00051 value_loss=+0.15999 ratio=1.0002 kl=0.0289
update= 422 mean_reward=+59.3755 mean_length= 59.98 policy_loss=-0.00043 value_loss=+0.13255 ratio=1.0002 kl=0.0246
update= 423 mean_reward=+59.4004 mean_length= 59.99 policy_loss=+0.00188 value_loss=+0.12300 ratio=1.0003 kl=0.0246
update= 424 mean_reward=+59.3749 mean_length= 59.98 policy_loss=+0.00106 value_loss=+0.37905 ratio=1.0006 kl=0.0291
update= 425 mean_reward=+59.3883 mean_length= 59.99 policy_loss=+0.00142 value_loss=+0.14116 ratio=1.0000 kl=0.0304 | eval_reward=+59.5510 eval_length= 60.00
update= 426 mean_reward=+59.3696 mean_length= 59.96 policy_loss=+0.00201 value_loss=+0.33678 ratio=1.0000 kl=0.0293
update= 427 mean_reward=+59.3867 mean_length= 59.97 policy_loss=+0.00297 value_loss=+0.23174 ratio=1.0003 kl=0.0303
update= 428 mean_reward=+59.3768 mean_length= 59.97 policy_loss=+0.00178 value_loss=+0.31234 ratio=0.9998 kl=0.0259
update= 429 mean_reward=+59.3749 mean_length= 59.98 policy_loss=-0.00008 value_loss=+0.18938 ratio=1.0001 kl=0.0318
update= 430 mean_reward=+59.3947 mean_length= 60.00 policy_loss=+0.00182 value_loss=+0.00682 ratio=1.0001 kl=0.0155 | eval_reward=+59.5125 eval_length= 60.00
update= 431 mean_reward=+59.3706 mean_length= 59.96 policy_loss=-0.00095 value_loss=+0.26396 ratio=0.9998 kl=0.0298
update= 432 mean_reward=+59.3750 mean_length= 59.97 policy_loss=+0.00043 value_loss=+0.43958 ratio=1.0002 kl=0.0257
update= 433 mean_reward=+59.3536 mean_length= 59.96 policy_loss=+0.00036 value_loss=+0.40526 ratio=1.0002 kl=0.0284
update= 434 mean_reward=+59.3672 mean_length= 59.97 policy_loss=+0.00103 value_loss=+0.54985 ratio=1.0000 kl=0.0315
update= 435 mean_reward=+59.3559 mean_length= 59.96 policy_loss=+0.00189 value_loss=+0.29155 ratio=0.9998 kl=0.0305 | eval_reward=+59.5522 eval_length= 60.00
update= 436 mean_reward=+59.3656 mean_length= 59.97 policy_loss=+0.00065 value_loss=+0.34800 ratio=0.9992 kl=0.0230
update= 437 mean_reward=+59.3631 mean_length= 59.97 policy_loss=+0.00239 value_loss=+0.30742 ratio=1.0001 kl=0.0341
update= 438 mean_reward=+59.3922 mean_length= 59.99 policy_loss=+0.00494 value_loss=+0.04362 ratio=1.0000 kl=0.0271
update= 439 mean_reward=+59.3555 mean_length= 59.97 policy_loss=+0.00106 value_loss=+0.37825 ratio=0.9998 kl=0.0259
update= 440 mean_reward=+59.3849 mean_length= 59.99 policy_loss=+0.00158 value_loss=+0.23890 ratio=0.9998 kl=0.0344 | eval_reward=+59.5596 eval_length= 60.00
update= 441 mean_reward=+59.3526 mean_length= 59.96 policy_loss=+0.00185 value_loss=+0.36285 ratio=0.9999 kl=0.0350
update= 442 mean_reward=+59.3695 mean_length= 59.98 policy_loss=+0.00354 value_loss=+0.46309 ratio=1.0002 kl=0.0267
update= 443 mean_reward=+59.3529 mean_length= 59.97 policy_loss=+0.00241 value_loss=+0.32734 ratio=1.0005 kl=0.0362
update= 444 mean_reward=+59.3360 mean_length= 59.96 policy_loss=+0.00177 value_loss=+0.42188 ratio=1.0001 kl=0.0343
update= 445 mean_reward=+59.3585 mean_length= 59.98 policy_loss=+0.00135 value_loss=+0.21659 ratio=1.0002 kl=0.0258 | eval_reward=+59.5441 eval_length= 60.00
update= 446 mean_reward=+59.3487 mean_length= 59.97 policy_loss=-0.00152 value_loss=+0.23173 ratio=1.0001 kl=0.0237
update= 447 mean_reward=+59.3522 mean_length= 59.96 policy_loss=+0.00237 value_loss=+0.33738 ratio=1.0000 kl=0.0298
update= 448 mean_reward=+59.3565 mean_length= 59.97 policy_loss=+0.00175 value_loss=+0.28922 ratio=0.9998 kl=0.0315
update= 449 mean_reward=+59.3807 mean_length= 59.99 policy_loss=+0.00157 value_loss=+0.15451 ratio=1.0007 kl=0.0336
update= 450 mean_reward=+59.4025 mean_length= 59.99 policy_loss=+0.00244 value_loss=+0.03296 ratio=0.9999 kl=0.0206 | eval_reward=+59.5420 eval_length= 60.00
update= 451 mean_reward=+59.4001 mean_length= 60.00 policy_loss=+0.00162 value_loss=+0.08850 ratio=0.9999 kl=0.0301
update= 452 mean_reward=+59.3848 mean_length= 59.97 policy_loss=+0.00225 value_loss=+0.19668 ratio=1.0002 kl=0.0333
update= 453 mean_reward=+59.3916 mean_length= 59.99 policy_loss=+0.00221 value_loss=+0.16832 ratio=0.9998 kl=0.0256
update= 454 mean_reward=+59.3956 mean_length= 59.99 policy_loss=+0.00108 value_loss=+0.06993 ratio=0.9998 kl=0.0216
update= 455 mean_reward=+59.4008 mean_length= 59.99 policy_loss=+0.00207 value_loss=+0.07538 ratio=1.0000 kl=0.0336 | eval_reward=+59.5622 eval_length= 60.00
update= 456 mean_reward=+59.4166 mean_length= 60.00 policy_loss=+0.00566 value_loss=+0.00784 ratio=1.0001 kl=0.0284
update= 457 mean_reward=+59.4025 mean_length= 59.99 policy_loss=+0.00331 value_loss=+0.10771 ratio=1.0000 kl=0.0305
update= 458 mean_reward=+59.3892 mean_length= 59.98 policy_loss=+0.00194 value_loss=+0.23634 ratio=1.0001 kl=0.0314
update= 459 mean_reward=+59.3788 mean_length= 59.97 policy_loss=+0.00012 value_loss=+0.23068 ratio=1.0001 kl=0.0245
update= 460 mean_reward=+59.3948 mean_length= 59.98 policy_loss=+0.00034 value_loss=+0.30463 ratio=0.9998 kl=0.0294 | eval_reward=+59.5604 eval_length= 60.00
update= 461 mean_reward=+59.3927 mean_length= 59.98 policy_loss=-0.00022 value_loss=+0.20939 ratio=1.0001 kl=0.0263
update= 462 mean_reward=+59.3789 mean_length= 59.97 policy_loss=+0.00025 value_loss=+0.28805 ratio=0.9996 kl=0.0235
update= 463 mean_reward=+59.3975 mean_length= 59.99 policy_loss=+0.00157 value_loss=+0.10163 ratio=0.9998 kl=0.0228
update= 464 mean_reward=+59.3929 mean_length= 59.98 policy_loss=+0.00170 value_loss=+0.20404 ratio=0.9999 kl=0.0293
update= 465 mean_reward=+59.3866 mean_length= 59.97 policy_loss=+0.00196 value_loss=+0.35210 ratio=0.9994 kl=0.0339 | eval_reward=+59.5460 eval_length= 60.00
update= 466 mean_reward=+59.3813 mean_length= 59.97 policy_loss=+0.00160 value_loss=+0.35277 ratio=1.0003 kl=0.0344
update= 467 mean_reward=+59.4113 mean_length= 60.00 policy_loss=+0.00360 value_loss=+0.00721 ratio=1.0002 kl=0.0200
update= 468 mean_reward=+59.4134 mean_length= 59.98 policy_loss=+0.00184 value_loss=+0.18985 ratio=0.9997 kl=0.0325
update= 469 mean_reward=+59.4147 mean_length= 59.99 policy_loss=+0.00095 value_loss=+0.20677 ratio=0.9998 kl=0.0323
update= 470 mean_reward=+59.3935 mean_length= 59.99 policy_loss=+0.00247 value_loss=+0.17468 ratio=0.9996 kl=0.0286 | eval_reward=+59.5129 eval_length= 60.00
update= 471 mean_reward=+59.3964 mean_length= 59.99 policy_loss=+0.00219 value_loss=+0.06569 ratio=0.9998 kl=0.0275
update= 472 mean_reward=+59.3983 mean_length= 59.99 policy_loss=+0.00496 value_loss=+0.02983 ratio=1.0004 kl=0.0310
update= 473 mean_reward=+59.3741 mean_length= 59.97 policy_loss=+0.00070 value_loss=+0.39482 ratio=1.0000 kl=0.0256
update= 474 mean_reward=+59.3880 mean_length= 59.97 policy_loss=+0.00158 value_loss=+0.31256 ratio=1.0001 kl=0.0249
update= 475 mean_reward=+59.4009 mean_length= 59.99 policy_loss=+0.00097 value_loss=+0.17326 ratio=0.9997 kl=0.0250 | eval_reward=+59.5287 eval_length= 60.00
update= 476 mean_reward=+59.3980 mean_length= 59.99 policy_loss=+0.00135 value_loss=+0.15397 ratio=1.0003 kl=0.0283
update= 477 mean_reward=+59.4027 mean_length= 59.99 policy_loss=+0.00088 value_loss=+0.19346 ratio=0.9997 kl=0.0291
update= 478 mean_reward=+59.3810 mean_length= 59.98 policy_loss=+0.00082 value_loss=+0.15860 ratio=1.0005 kl=0.0244
update= 479 mean_reward=+59.3837 mean_length= 59.97 policy_loss=+0.00154 value_loss=+0.35813 ratio=1.0000 kl=0.0250
update= 480 mean_reward=+59.4036 mean_length= 59.99 policy_loss=-0.00089 value_loss=+0.18618 ratio=1.0003 kl=0.0231 | eval_reward=+59.5481 eval_length= 60.00
update= 481 mean_reward=+59.4272 mean_length= 59.99 policy_loss=+0.00222 value_loss=+0.07439 ratio=1.0002 kl=0.0199
update= 482 mean_reward=+59.4164 mean_length= 59.99 policy_loss=+0.00212 value_loss=+0.14085 ratio=0.9997 kl=0.0328
update= 483 mean_reward=+59.4074 mean_length= 59.98 policy_loss=+0.00334 value_loss=+0.12112 ratio=1.0004 kl=0.0313
update= 484 mean_reward=+59.4169 mean_length= 59.99 policy_loss=+0.00135 value_loss=+0.23858 ratio=1.0000 kl=0.0293
update= 485 mean_reward=+59.3916 mean_length= 59.96 policy_loss=+0.00002 value_loss=+0.36244 ratio=1.0000 kl=0.0309 | eval_reward=+59.5482 eval_length= 60.00
update= 486 mean_reward=+59.3757 mean_length= 59.95 policy_loss=+0.00003 value_loss=+0.37989 ratio=1.0001 kl=0.0230
update= 487 mean_reward=+59.3849 mean_length= 59.96 policy_loss=+0.00043 value_loss=+0.35758 ratio=0.9998 kl=0.0335
update= 488 mean_reward=+59.3828 mean_length= 59.97 policy_loss=+0.00123 value_loss=+0.20011 ratio=1.0000 kl=0.0294
update= 489 mean_reward=+59.3970 mean_length= 59.97 policy_loss=+0.00062 value_loss=+0.30212 ratio=1.0001 kl=0.0248
update= 490 mean_reward=+59.4053 mean_length= 59.97 policy_loss=+0.00237 value_loss=+0.17289 ratio=0.9998 kl=0.0351 | eval_reward=+59.5358 eval_length= 60.00
update= 491 mean_reward=+59.4172 mean_length= 59.99 policy_loss=+0.00273 value_loss=+0.09943 ratio=1.0002 kl=0.0335
update= 492 mean_reward=+59.4002 mean_length= 59.98 policy_loss=+0.00161 value_loss=+0.22523 ratio=1.0001 kl=0.0335
update= 493 mean_reward=+59.3857 mean_length= 59.96 policy_loss=-0.00139 value_loss=+0.46320 ratio=1.0002 kl=0.0223
update= 494 mean_reward=+59.4110 mean_length= 59.99 policy_loss=+0.00132 value_loss=+0.13696 ratio=1.0004 kl=0.0312
update= 495 mean_reward=+59.4036 mean_length= 59.98 policy_loss=+0.00199 value_loss=+0.22891 ratio=0.9996 kl=0.0309 | eval_reward=+59.5399 eval_length= 60.00
update= 496 mean_reward=+59.4259 mean_length= 59.99 policy_loss=+0.00044 value_loss=+0.13304 ratio=1.0002 kl=0.0273
update= 497 mean_reward=+59.3993 mean_length= 59.97 policy_loss=+0.00067 value_loss=+0.36464 ratio=1.0001 kl=0.0249
update= 498 mean_reward=+59.4240 mean_length= 59.99 policy_loss=+0.00167 value_loss=+0.14599 ratio=1.0001 kl=0.0338
update= 499 mean_reward=+59.4382 mean_length= 60.00 policy_loss=+0.00156 value_loss=+0.07830 ratio=0.9998 kl=0.0322
update= 500 mean_reward=+59.3872 mean_length= 59.95 policy_loss=-0.00035 value_loss=+0.53586 ratio=0.9997 kl=0.0249 | eval_reward=+59.5638 eval_length= 60.00
update= 501 mean_reward=+59.4072 mean_length= 59.98 policy_loss=+0.00186 value_loss=+0.36112 ratio=1.0000 kl=0.0343
update= 502 mean_reward=+59.4265 mean_length= 59.99 policy_loss=+0.00190 value_loss=+0.10361 ratio=0.9999 kl=0.0310
update= 503 mean_reward=+59.4062 mean_length= 59.98 policy_loss=+0.00242 value_loss=+0.19269 ratio=1.0000 kl=0.0313
update= 504 mean_reward=+59.4066 mean_length= 59.98 policy_loss=+0.00036 value_loss=+0.30505 ratio=0.9999 kl=0.0291
update= 505 mean_reward=+59.4291 mean_length= 60.00 policy_loss=+0.00244 value_loss=+0.00939 ratio=1.0002 kl=0.0192 | eval_reward=+59.5646 eval_length= 60.00
update= 506 mean_reward=+59.4091 mean_length= 59.98 policy_loss=+0.00181 value_loss=+0.25815 ratio=0.9998 kl=0.0286
update= 507 mean_reward=+59.4211 mean_length= 60.00 policy_loss=+0.00391 value_loss=+0.00627 ratio=1.0002 kl=0.0229
update= 508 mean_reward=+59.3827 mean_length= 59.95 policy_loss=+0.00444 value_loss=+0.50471 ratio=1.0001 kl=0.0252
update= 509 mean_reward=+59.3998 mean_length= 59.96 policy_loss=+0.00304 value_loss=+0.41869 ratio=1.0001 kl=0.0264
update= 510 mean_reward=+59.4187 mean_length= 59.98 policy_loss=+0.00047 value_loss=+0.24465 ratio=0.9999 kl=0.0277 | eval_reward=+59.5548 eval_length= 60.00
update= 511 mean_reward=+59.4059 mean_length= 59.97 policy_loss=+0.00102 value_loss=+0.40146 ratio=0.9998 kl=0.0263
update= 512 mean_reward=+59.4348 mean_length= 59.99 policy_loss=+0.00356 value_loss=+0.03650 ratio=1.0001 kl=0.0270
update= 513 mean_reward=+59.4403 mean_length= 59.99 policy_loss=-0.00004 value_loss=+0.06928 ratio=1.0002 kl=0.0268
update= 514 mean_reward=+59.4197 mean_length= 59.97 policy_loss=+0.00059 value_loss=+0.39564 ratio=1.0000 kl=0.0315
update= 515 mean_reward=+59.4294 mean_length= 59.98 policy_loss=+0.00242 value_loss=+0.16764 ratio=1.0003 kl=0.0251 | eval_reward=+59.5672 eval_length= 60.00
update= 516 mean_reward=+59.4224 mean_length= 59.98 policy_loss=+0.00316 value_loss=+0.34870 ratio=0.9994 kl=0.0353
update= 517 mean_reward=+59.4270 mean_length= 59.99 policy_loss=+0.00152 value_loss=+0.11659 ratio=0.9996 kl=0.0320
update= 518 mean_reward=+59.4315 mean_length= 59.99 policy_loss=-0.00001 value_loss=+0.16997 ratio=1.0001 kl=0.0269
update= 519 mean_reward=+59.4167 mean_length= 59.98 policy_loss=-0.00039 value_loss=+0.25599 ratio=1.0000 kl=0.0249
update= 520 mean_reward=+59.4104 mean_length= 59.97 policy_loss=+0.00231 value_loss=+0.14980 ratio=1.0001 kl=0.0257 | eval_reward=+59.5418 eval_length= 60.00
update= 521 mean_reward=+59.4127 mean_length= 59.98 policy_loss=+0.00291 value_loss=+0.36478 ratio=0.9996 kl=0.0308
update= 522 mean_reward=+59.4149 mean_length= 59.98 policy_loss=-0.00031 value_loss=+0.29843 ratio=1.0000 kl=0.0217
update= 523 mean_reward=+59.4261 mean_length= 59.99 policy_loss=+0.00115 value_loss=+0.30299 ratio=1.0001 kl=0.0233
update= 524 mean_reward=+59.4276 mean_length= 59.99 policy_loss=+0.00097 value_loss=+0.11312 ratio=0.9998 kl=0.0210
update= 525 mean_reward=+59.4296 mean_length= 59.99 policy_loss=+0.00083 value_loss=+0.10700 ratio=1.0000 kl=0.0314 | eval_reward=+59.5307 eval_length= 60.00
update= 526 mean_reward=+59.4302 mean_length= 59.99 policy_loss=+0.00249 value_loss=+0.03450 ratio=0.9999 kl=0.0260
update= 527 mean_reward=+59.4381 mean_length= 59.99 policy_loss=+0.00133 value_loss=+0.24562 ratio=1.0002 kl=0.0261
update= 528 mean_reward=+59.4415 mean_length= 59.99 policy_loss=+0.00127 value_loss=+0.14633 ratio=1.0005 kl=0.0287
update= 529 mean_reward=+59.4449 mean_length= 59.99 policy_loss=+0.00246 value_loss=+0.33221 ratio=1.0002 kl=0.0279
update= 530 mean_reward=+59.4442 mean_length= 60.00 policy_loss=+0.00197 value_loss=+0.08939 ratio=0.9999 kl=0.0197 | eval_reward=+59.5706 eval_length= 60.00
update= 531 mean_reward=+59.4603 mean_length= 60.00 policy_loss=+0.00136 value_loss=+0.00806 ratio=1.0000 kl=0.0156
update= 532 mean_reward=+59.4424 mean_length= 59.98 policy_loss=-0.00213 value_loss=+0.09846 ratio=1.0000 kl=0.0219
update= 533 mean_reward=+59.4403 mean_length= 59.98 policy_loss=+0.00153 value_loss=+0.29234 ratio=1.0001 kl=0.0279
update= 534 mean_reward=+59.4295 mean_length= 59.97 policy_loss=-0.00061 value_loss=+0.14753 ratio=0.9999 kl=0.0300
update= 535 mean_reward=+59.4155 mean_length= 59.97 policy_loss=+0.00064 value_loss=+0.41820 ratio=1.0006 kl=0.0261 | eval_reward=+59.5741 eval_length= 60.00
update= 536 mean_reward=+59.4479 mean_length= 59.99 policy_loss=+0.00228 value_loss=+0.07110 ratio=1.0000 kl=0.0340
update= 537 mean_reward=+59.4348 mean_length= 59.97 policy_loss=+0.00209 value_loss=+0.35297 ratio=1.0000 kl=0.0268
update= 538 mean_reward=+59.4546 mean_length= 59.99 policy_loss=+0.00056 value_loss=+0.15178 ratio=1.0000 kl=0.0297
update= 539 mean_reward=+59.4494 mean_length= 59.99 policy_loss=+0.00284 value_loss=+0.28386 ratio=1.0001 kl=0.0296
update= 540 mean_reward=+59.4445 mean_length= 59.98 policy_loss=+0.00208 value_loss=+0.40933 ratio=1.0002 kl=0.0325 | eval_reward=+59.5544 eval_length= 60.00
update= 541 mean_reward=+59.4457 mean_length= 59.98 policy_loss=+0.00192 value_loss=+0.44758 ratio=1.0000 kl=0.0303
update= 542 mean_reward=+59.4308 mean_length= 59.98 policy_loss=+0.00019 value_loss=+0.25940 ratio=0.9998 kl=0.0194
update= 543 mean_reward=+59.4322 mean_length= 59.97 policy_loss=+0.00120 value_loss=+0.53359 ratio=0.9997 kl=0.0287
update= 544 mean_reward=+59.4381 mean_length= 59.97 policy_loss=+0.00163 value_loss=+0.48677 ratio=0.9999 kl=0.0312
update= 545 mean_reward=+59.4425 mean_length= 59.98 policy_loss=+0.00038 value_loss=+0.35852 ratio=1.0003 kl=0.0271 | eval_reward=+59.5781 eval_length= 60.00  [new_best]
update= 546 mean_reward=+59.4531 mean_length= 59.99 policy_loss=+0.00139 value_loss=+0.15957 ratio=0.9998 kl=0.0339
update= 547 mean_reward=+59.4461 mean_length= 59.98 policy_loss=+0.00184 value_loss=+0.41864 ratio=1.0000 kl=0.0355
update= 548 mean_reward=+59.4475 mean_length= 59.98 policy_loss=-0.00062 value_loss=+0.31586 ratio=1.0000 kl=0.0305
update= 549 mean_reward=+59.4446 mean_length= 59.99 policy_loss=-0.00072 value_loss=+0.14107 ratio=1.0001 kl=0.0284
update= 550 mean_reward=+59.4552 mean_length= 60.00 policy_loss=+0.00147 value_loss=+0.08745 ratio=1.0000 kl=0.0269 | eval_reward=+59.5803 eval_length= 60.00  [new_best]
update= 551 mean_reward=+59.4371 mean_length= 59.97 policy_loss=+0.00096 value_loss=+0.41522 ratio=1.0000 kl=0.0280
update= 552 mean_reward=+59.4202 mean_length= 59.97 policy_loss=+0.00199 value_loss=+0.39963 ratio=1.0002 kl=0.0359
update= 553 mean_reward=+59.4318 mean_length= 59.98 policy_loss=+0.00141 value_loss=+0.20468 ratio=0.9997 kl=0.0296
update= 554 mean_reward=+59.4473 mean_length= 59.99 policy_loss=+0.00077 value_loss=+0.06755 ratio=0.9997 kl=0.0210
update= 555 mean_reward=+59.4559 mean_length= 59.99 policy_loss=+0.00124 value_loss=+0.08818 ratio=1.0001 kl=0.0241 | eval_reward=+59.5602 eval_length= 60.00
update= 556 mean_reward=+59.4538 mean_length= 59.99 policy_loss=+0.00107 value_loss=+0.14169 ratio=0.9999 kl=0.0321
update= 557 mean_reward=+59.4638 mean_length= 59.99 policy_loss=+0.00233 value_loss=+0.08780 ratio=1.0007 kl=0.0291
update= 558 mean_reward=+59.4523 mean_length= 59.98 policy_loss=+0.00188 value_loss=+0.17486 ratio=1.0006 kl=0.0312
update= 559 mean_reward=+59.4632 mean_length= 60.00 policy_loss=+0.00123 value_loss=+0.10305 ratio=1.0002 kl=0.0313
update= 560 mean_reward=+59.4625 mean_length= 60.00 policy_loss=+0.00198 value_loss=+0.00568 ratio=0.9997 kl=0.0186 | eval_reward=+59.5651 eval_length= 60.00
update= 561 mean_reward=+59.4379 mean_length= 59.96 policy_loss=+0.00036 value_loss=+0.44888 ratio=1.0003 kl=0.0256
update= 562 mean_reward=+59.4660 mean_length= 59.99 policy_loss=+0.00200 value_loss=+0.06200 ratio=1.0002 kl=0.0229
update= 563 mean_reward=+59.4568 mean_length= 59.98 policy_loss=-0.00183 value_loss=+0.23258 ratio=1.0007 kl=0.0230
update= 564 mean_reward=+59.4663 mean_length= 59.99 policy_loss=+0.00266 value_loss=+0.05544 ratio=1.0001 kl=0.0319
update= 565 mean_reward=+59.4791 mean_length= 59.99 policy_loss=+0.00048 value_loss=+0.14417 ratio=0.9999 kl=0.0259 | eval_reward=+59.5926 eval_length= 60.00  [new_best]
update= 566 mean_reward=+59.4788 mean_length= 59.99 policy_loss=+0.00378 value_loss=+0.03025 ratio=1.0000 kl=0.0329
update= 567 mean_reward=+59.4699 mean_length= 59.98 policy_loss=+0.00102 value_loss=+0.13515 ratio=0.9998 kl=0.0281
update= 568 mean_reward=+59.4858 mean_length= 59.99 policy_loss=+0.00053 value_loss=+0.07132 ratio=0.9993 kl=0.0280
update= 569 mean_reward=+59.4912 mean_length= 60.00 policy_loss=+0.00206 value_loss=+0.00419 ratio=0.9998 kl=0.0182
update= 570 mean_reward=+59.4765 mean_length= 59.98 policy_loss=+0.00286 value_loss=+0.08404 ratio=1.0003 kl=0.0323 | eval_reward=+59.5986 eval_length= 60.00  [new_best]
update= 571 mean_reward=+59.4887 mean_length= 60.00 policy_loss=+0.00016 value_loss=+0.15687 ratio=0.9998 kl=0.0288
update= 572 mean_reward=+59.4909 mean_length= 59.99 policy_loss=+0.00155 value_loss=+0.03148 ratio=0.9999 kl=0.0164
update= 573 mean_reward=+59.4819 mean_length= 59.98 policy_loss=+0.00153 value_loss=+0.12268 ratio=0.9998 kl=0.0275
update= 574 mean_reward=+59.4869 mean_length= 59.99 policy_loss=+0.00203 value_loss=+0.06265 ratio=1.0005 kl=0.0258
update= 575 mean_reward=+59.4950 mean_length= 59.99 policy_loss=+0.00333 value_loss=+0.03271 ratio=1.0000 kl=0.0256 | eval_reward=+59.5864 eval_length= 60.00
update= 576 mean_reward=+59.4986 mean_length= 59.99 policy_loss=+0.00058 value_loss=+0.07933 ratio=0.9997 kl=0.0264
update= 577 mean_reward=+59.5006 mean_length= 59.99 policy_loss=+0.00069 value_loss=+0.15365 ratio=1.0008 kl=0.0352
update= 578 mean_reward=+59.4491 mean_length= 59.95 policy_loss=+0.00190 value_loss=+0.52824 ratio=1.0005 kl=0.0280
update= 579 mean_reward=+59.4764 mean_length= 59.98 policy_loss=+0.00174 value_loss=+0.35726 ratio=1.0002 kl=0.0334
update= 580 mean_reward=+59.4858 mean_length= 59.98 policy_loss=+0.00139 value_loss=+0.13368 ratio=1.0001 kl=0.0256 | eval_reward=+59.5962 eval_length= 60.00
update= 581 mean_reward=+59.4865 mean_length= 59.98 policy_loss=+0.00036 value_loss=+0.26950 ratio=1.0001 kl=0.0257
update= 582 mean_reward=+59.4835 mean_length= 59.98 policy_loss=+0.00140 value_loss=+0.17986 ratio=1.0001 kl=0.0296
update= 583 mean_reward=+59.5014 mean_length= 59.99 policy_loss=+0.00343 value_loss=+0.04208 ratio=0.9998 kl=0.0326
update= 584 mean_reward=+59.4730 mean_length= 59.98 policy_loss=+0.00137 value_loss=+0.25059 ratio=1.0000 kl=0.0278
update= 585 mean_reward=+59.4770 mean_length= 59.97 policy_loss=+0.00193 value_loss=+0.28230 ratio=1.0001 kl=0.0241 | eval_reward=+59.5802 eval_length= 60.00
update= 586 mean_reward=+59.4738 mean_length= 59.98 policy_loss=+0.00202 value_loss=+0.13861 ratio=1.0000 kl=0.0315
update= 587 mean_reward=+59.4852 mean_length= 59.99 policy_loss=+0.00337 value_loss=+0.03672 ratio=0.9998 kl=0.0316
update= 588 mean_reward=+59.4744 mean_length= 59.98 policy_loss=+0.00257 value_loss=+0.11736 ratio=0.9998 kl=0.0297
update= 589 mean_reward=+59.4724 mean_length= 59.97 policy_loss=-0.00033 value_loss=+0.22989 ratio=0.9994 kl=0.0292
update= 590 mean_reward=+59.4898 mean_length= 59.99 policy_loss=+0.00121 value_loss=+0.06665 ratio=0.9995 kl=0.0280 | eval_reward=+59.5926 eval_length= 60.00
update= 591 mean_reward=+59.4833 mean_length= 59.99 policy_loss=+0.00495 value_loss=+0.03185 ratio=1.0003 kl=0.0304
update= 592 mean_reward=+59.4915 mean_length= 59.99 policy_loss=+0.00262 value_loss=+0.03030 ratio=0.9999 kl=0.0224
update= 593 mean_reward=+59.4714 mean_length= 59.97 policy_loss=-0.00011 value_loss=+0.22499 ratio=1.0001 kl=0.0239
update= 594 mean_reward=+59.4776 mean_length= 59.98 policy_loss=+0.00242 value_loss=+0.19444 ratio=0.9998 kl=0.0287
update= 595 mean_reward=+59.4772 mean_length= 59.99 policy_loss=+0.00310 value_loss=+0.05763 ratio=0.9999 kl=0.0335 | eval_reward=+59.6065 eval_length= 60.00  [new_best]
update= 596 mean_reward=+59.4787 mean_length= 59.98 policy_loss=+0.00117 value_loss=+0.14127 ratio=0.9998 kl=0.0320
update= 597 mean_reward=+59.4994 mean_length= 60.00 policy_loss=+0.00088 value_loss=+0.08369 ratio=0.9999 kl=0.0250
update= 598 mean_reward=+59.4953 mean_length= 59.99 policy_loss=-0.00035 value_loss=+0.05921 ratio=1.0002 kl=0.0257
update= 599 mean_reward=+59.4851 mean_length= 59.98 policy_loss=+0.00246 value_loss=+0.21465 ratio=1.0002 kl=0.0336
update= 600 mean_reward=+59.4765 mean_length= 59.98 policy_loss=+0.00205 value_loss=+0.13344 ratio=0.9997 kl=0.0297 | eval_reward=+59.6020 eval_length= 60.00
update= 601 mean_reward=+59.4949 mean_length= 59.99 policy_loss=+0.00326 value_loss=+0.03484 ratio=1.0000 kl=0.0292
update= 602 mean_reward=+59.5088 mean_length= 60.00 policy_loss=+0.00512 value_loss=+0.00401 ratio=0.9999 kl=0.0273
update= 603 mean_reward=+59.4946 mean_length= 59.99 policy_loss=+0.00028 value_loss=+0.14889 ratio=1.0004 kl=0.0257
update= 604 mean_reward=+59.5049 mean_length= 59.99 policy_loss=+0.00082 value_loss=+0.17548 ratio=1.0001 kl=0.0261
update= 605 mean_reward=+59.4947 mean_length= 59.99 policy_loss=+0.00216 value_loss=+0.15338 ratio=0.9997 kl=0.0349 | eval_reward=+59.6091 eval_length= 60.00  [new_best]
update= 606 mean_reward=+59.4971 mean_length= 59.99 policy_loss=+0.00159 value_loss=+0.27446 ratio=1.0001 kl=0.0263
update= 607 mean_reward=+59.4885 mean_length= 59.97 policy_loss=-0.00008 value_loss=+0.34763 ratio=0.9998 kl=0.0185
update= 608 mean_reward=+59.4880 mean_length= 59.99 policy_loss=-0.00089 value_loss=+0.21755 ratio=1.0001 kl=0.0311
update= 609 mean_reward=+59.5018 mean_length= 60.00 policy_loss=+0.00155 value_loss=+0.00803 ratio=0.9999 kl=0.0213
update= 610 mean_reward=+59.4932 mean_length= 59.98 policy_loss=+0.00107 value_loss=+0.20528 ratio=1.0000 kl=0.0267 | eval_reward=+59.6011 eval_length= 60.00
update= 611 mean_reward=+59.4931 mean_length= 59.98 policy_loss=+0.00119 value_loss=+0.17631 ratio=0.9997 kl=0.0297
update= 612 mean_reward=+59.4923 mean_length= 59.98 policy_loss=+0.00005 value_loss=+0.20739 ratio=0.9998 kl=0.0243
update= 613 mean_reward=+59.4969 mean_length= 59.99 policy_loss=+0.00284 value_loss=+0.14773 ratio=1.0003 kl=0.0322
update= 614 mean_reward=+59.5002 mean_length= 59.98 policy_loss=+0.00243 value_loss=+0.22178 ratio=1.0001 kl=0.0368
update= 615 mean_reward=+59.4814 mean_length= 59.97 policy_loss=+0.00124 value_loss=+0.21540 ratio=0.9997 kl=0.0273 | eval_reward=+59.6007 eval_length= 60.00
update= 616 mean_reward=+59.5005 mean_length= 59.99 policy_loss=+0.00211 value_loss=+0.23996 ratio=1.0001 kl=0.0253
update= 617 mean_reward=+59.5029 mean_length= 59.99 policy_loss=+0.00157 value_loss=+0.08264 ratio=1.0001 kl=0.0168
update= 618 mean_reward=+59.4990 mean_length= 59.99 policy_loss=+0.00232 value_loss=+0.10650 ratio=1.0001 kl=0.0319
update= 619 mean_reward=+59.4767 mean_length= 59.96 policy_loss=-0.00039 value_loss=+0.35326 ratio=0.9996 kl=0.0272
update= 620 mean_reward=+59.4985 mean_length= 59.99 policy_loss=+0.00081 value_loss=+0.12150 ratio=1.0001 kl=0.0244 | eval_reward=+59.5397 eval_length= 60.00
update= 621 mean_reward=+59.4551 mean_length= 59.95 policy_loss=+0.00056 value_loss=+0.56743 ratio=1.0002 kl=0.0290
update= 622 mean_reward=+59.4849 mean_length= 59.98 policy_loss=-0.00048 value_loss=+0.17875 ratio=0.9998 kl=0.0294
update= 623 mean_reward=+59.4961 mean_length= 60.00 policy_loss=+0.00132 value_loss=+0.09053 ratio=0.9998 kl=0.0289
update= 624 mean_reward=+59.4791 mean_length= 59.98 policy_loss=+0.00331 value_loss=+0.17951 ratio=0.9994 kl=0.0306
update= 625 mean_reward=+59.4799 mean_length= 59.98 policy_loss=+0.00145 value_loss=+0.21779 ratio=1.0000 kl=0.0273 | eval_reward=+59.5529 eval_length= 60.00
update= 626 mean_reward=+59.4834 mean_length= 59.99 policy_loss=-0.00007 value_loss=+0.19849 ratio=1.0002 kl=0.0308
update= 627 mean_reward=+59.4653 mean_length= 59.96 policy_loss=+0.00148 value_loss=+0.31261 ratio=1.0005 kl=0.0266
update= 628 mean_reward=+59.4781 mean_length= 59.98 policy_loss=+0.00242 value_loss=+0.09151 ratio=1.0000 kl=0.0315
update= 629 mean_reward=+59.4773 mean_length= 59.98 policy_loss=+0.00151 value_loss=+0.15995 ratio=0.9998 kl=0.0294
update= 630 mean_reward=+59.4900 mean_length= 59.99 policy_loss=+0.00246 value_loss=+0.22279 ratio=0.9994 kl=0.0268 | eval_reward=+59.6104 eval_length= 60.00  [new_best]
update= 631 mean_reward=+59.4702 mean_length= 59.98 policy_loss=+0.00208 value_loss=+0.27478 ratio=0.9998 kl=0.0309
update= 632 mean_reward=+59.4916 mean_length= 60.00 policy_loss=+0.00046 value_loss=+0.15062 ratio=0.9998 kl=0.0317
update= 633 mean_reward=+59.4960 mean_length= 59.99 policy_loss=+0.00110 value_loss=+0.12643 ratio=0.9999 kl=0.0163
update= 634 mean_reward=+59.4928 mean_length= 59.98 policy_loss=+0.00036 value_loss=+0.19315 ratio=0.9999 kl=0.0278
update= 635 mean_reward=+59.4940 mean_length= 59.99 policy_loss=+0.00157 value_loss=+0.03198 ratio=0.9999 kl=0.0205 | eval_reward=+59.5391 eval_length= 60.00
update= 636 mean_reward=+59.4887 mean_length= 59.98 policy_loss=+0.00182 value_loss=+0.18692 ratio=0.9998 kl=0.0340
update= 637 mean_reward=+59.5039 mean_length= 59.99 policy_loss=-0.00110 value_loss=+0.07247 ratio=1.0001 kl=0.0293
update= 638 mean_reward=+59.5181 mean_length= 60.00 policy_loss=+0.00396 value_loss=+0.00461 ratio=1.0001 kl=0.0251
update= 639 mean_reward=+59.4722 mean_length= 59.97 policy_loss=+0.00078 value_loss=+0.30167 ratio=0.9999 kl=0.0248
update= 640 mean_reward=+59.4907 mean_length= 59.98 policy_loss=+0.00041 value_loss=+0.17035 ratio=1.0002 kl=0.0319 | eval_reward=+59.5624 eval_length= 60.00
update= 641 mean_reward=+59.5085 mean_length= 60.00 policy_loss=+0.00202 value_loss=+0.07776 ratio=1.0003 kl=0.0320
update= 642 mean_reward=+59.4913 mean_length= 59.99 policy_loss=+0.00194 value_loss=+0.09679 ratio=1.0002 kl=0.0337
update= 643 mean_reward=+59.5033 mean_length= 59.99 policy_loss=+0.00254 value_loss=+0.03124 ratio=0.9999 kl=0.0273
update= 644 mean_reward=+59.4930 mean_length= 59.98 policy_loss=+0.00078 value_loss=+0.25387 ratio=0.9995 kl=0.0232
update= 645 mean_reward=+59.5076 mean_length= 60.00 policy_loss=+0.00128 value_loss=+0.00535 ratio=1.0001 kl=0.0166 | eval_reward=+59.5797 eval_length= 60.00
update= 646 mean_reward=+59.4981 mean_length= 59.98 policy_loss=-0.00022 value_loss=+0.11231 ratio=1.0000 kl=0.0263
update= 647 mean_reward=+59.5121 mean_length= 60.00 policy_loss=+0.00149 value_loss=+0.00452 ratio=0.9998 kl=0.0176
update= 648 mean_reward=+59.5088 mean_length= 59.99 policy_loss=+0.00099 value_loss=+0.12432 ratio=1.0002 kl=0.0212
update= 649 mean_reward=+59.5207 mean_length= 60.00 policy_loss=-0.00021 value_loss=+0.07236 ratio=1.0002 kl=0.0306
update= 650 mean_reward=+59.4949 mean_length= 59.99 policy_loss=+0.00087 value_loss=+0.11849 ratio=0.9995 kl=0.0260 | eval_reward=+59.5584 eval_length= 60.00
update= 651 mean_reward=+59.5026 mean_length= 59.99 policy_loss=+0.00230 value_loss=+0.03429 ratio=1.0001 kl=0.0282
update= 652 mean_reward=+59.4987 mean_length= 59.99 policy_loss=+0.00267 value_loss=+0.02820 ratio=1.0000 kl=0.0301
update= 653 mean_reward=+59.5052 mean_length= 59.99 policy_loss=+0.00237 value_loss=+0.03490 ratio=0.9998 kl=0.0262
update= 654 mean_reward=+59.5067 mean_length= 59.99 policy_loss=+0.00082 value_loss=+0.14786 ratio=1.0001 kl=0.0246
update= 655 mean_reward=+59.5139 mean_length= 59.99 policy_loss=+0.00083 value_loss=+0.06339 ratio=0.9999 kl=0.0288 | eval_reward=+59.5653 eval_length= 60.00
update= 656 mean_reward=+59.5109 mean_length= 60.00 policy_loss=+0.00114 value_loss=+0.09854 ratio=0.9998 kl=0.0348
update= 657 mean_reward=+59.5086 mean_length= 59.99 policy_loss=+0.00037 value_loss=+0.10632 ratio=1.0001 kl=0.0288
update= 658 mean_reward=+59.5010 mean_length= 59.99 policy_loss=+0.00095 value_loss=+0.12033 ratio=1.0001 kl=0.0347
update= 659 mean_reward=+59.4971 mean_length= 59.98 policy_loss=-0.00020 value_loss=+0.20120 ratio=0.9998 kl=0.0290
update= 660 mean_reward=+59.5244 mean_length= 60.00 policy_loss=+0.00129 value_loss=+0.09125 ratio=1.0008 kl=0.0368 | eval_reward=+59.5776 eval_length= 60.00
update= 661 mean_reward=+59.5164 mean_length= 60.00 policy_loss=+0.00127 value_loss=+0.09106 ratio=1.0002 kl=0.0247
update= 662 mean_reward=+59.5196 mean_length= 60.00 policy_loss=+0.00114 value_loss=+0.15312 ratio=1.0000 kl=0.0273
update= 663 mean_reward=+59.5165 mean_length= 60.00 policy_loss=+0.00214 value_loss=+0.01622 ratio=0.9999 kl=0.0177
update= 664 mean_reward=+59.5192 mean_length= 59.99 policy_loss=+0.00057 value_loss=+0.06651 ratio=1.0002 kl=0.0219
update= 665 mean_reward=+59.5271 mean_length= 60.00 policy_loss=+0.00121 value_loss=+0.00535 ratio=1.0000 kl=0.0146 | eval_reward=+59.5665 eval_length= 60.00
update= 666 mean_reward=+59.5185 mean_length= 59.99 policy_loss=+0.00116 value_loss=+0.15630 ratio=0.9998 kl=0.0313
update= 667 mean_reward=+59.5114 mean_length= 59.99 policy_loss=+0.00054 value_loss=+0.14589 ratio=1.0004 kl=0.0343
update= 668 mean_reward=+59.5146 mean_length= 59.99 policy_loss=+0.00157 value_loss=+0.06479 ratio=1.0001 kl=0.0298
update= 669 mean_reward=+59.5188 mean_length= 59.99 policy_loss=+0.00223 value_loss=+0.03331 ratio=1.0003 kl=0.0235
update= 670 mean_reward=+59.5053 mean_length= 59.98 policy_loss=+0.00146 value_loss=+0.08479 ratio=0.9999 kl=0.0282 | eval_reward=+59.5661 eval_length= 60.00
update= 671 mean_reward=+59.5063 mean_length= 59.98 policy_loss=+0.00099 value_loss=+0.13829 ratio=1.0004 kl=0.0298
update= 672 mean_reward=+59.5288 mean_length= 60.00 policy_loss=+0.00416 value_loss=+0.00413 ratio=1.0000 kl=0.0198
update= 673 mean_reward=+59.5370 mean_length= 60.00 policy_loss=+0.00101 value_loss=+0.00344 ratio=1.0000 kl=0.0146
update= 674 mean_reward=+59.5362 mean_length= 60.00 policy_loss=+0.00808 value_loss=+0.00331 ratio=1.0003 kl=0.0331
update= 675 mean_reward=+59.5315 mean_length= 59.99 policy_loss=+0.00231 value_loss=+0.03251 ratio=0.9998 kl=0.0223 | eval_reward=+59.5854 eval_length= 60.00
update= 676 mean_reward=+59.5158 mean_length= 59.98 policy_loss=+0.00052 value_loss=+0.14119 ratio=1.0003 kl=0.0296
update= 677 mean_reward=+59.5273 mean_length= 60.00 policy_loss=+0.00101 value_loss=+0.09555 ratio=1.0000 kl=0.0348
update= 678 mean_reward=+59.5279 mean_length= 60.00 policy_loss=-0.00001 value_loss=+0.08251 ratio=1.0003 kl=0.0264
update= 679 mean_reward=+59.5268 mean_length= 60.00 policy_loss=+0.00134 value_loss=+0.00884 ratio=1.0000 kl=0.0140
update= 680 mean_reward=+59.5243 mean_length= 59.99 policy_loss=+0.00057 value_loss=+0.23461 ratio=0.9999 kl=0.0296 | eval_reward=+59.5962 eval_length= 60.00
update= 681 mean_reward=+59.5342 mean_length= 60.00 policy_loss=+0.00152 value_loss=+0.00686 ratio=1.0000 kl=0.0213
update= 682 mean_reward=+59.5176 mean_length= 59.99 policy_loss=+0.00224 value_loss=+0.08008 ratio=0.9999 kl=0.0368
update= 683 mean_reward=+59.5273 mean_length= 59.99 policy_loss=+0.00097 value_loss=+0.17284 ratio=1.0004 kl=0.0316
update= 684 mean_reward=+59.5363 mean_length= 60.00 policy_loss=+0.00060 value_loss=+0.08366 ratio=0.9999 kl=0.0344
update= 685 mean_reward=+59.5376 mean_length= 59.99 policy_loss=-0.00084 value_loss=+0.06142 ratio=1.0000 kl=0.0273 | eval_reward=+59.6339 eval_length= 60.00  [new_best]
update= 686 mean_reward=+59.5381 mean_length= 59.99 policy_loss=+0.00081 value_loss=+0.05626 ratio=1.0001 kl=0.0298
update= 687 mean_reward=+59.5156 mean_length= 59.98 policy_loss=+0.00058 value_loss=+0.25264 ratio=1.0000 kl=0.0299
update= 688 mean_reward=+59.5372 mean_length= 59.99 policy_loss=+0.00135 value_loss=+0.24913 ratio=0.9999 kl=0.0302
update= 689 mean_reward=+59.5159 mean_length= 59.98 policy_loss=+0.00062 value_loss=+0.16859 ratio=0.9999 kl=0.0313
update= 690 mean_reward=+59.5352 mean_length= 60.00 policy_loss=+0.00185 value_loss=+0.08791 ratio=0.9997 kl=0.0283 | eval_reward=+59.6327 eval_length= 60.00
update= 691 mean_reward=+59.5229 mean_length= 59.98 policy_loss=+0.00189 value_loss=+0.19082 ratio=0.9998 kl=0.0340
update= 692 mean_reward=+59.5287 mean_length= 59.99 policy_loss=+0.00366 value_loss=+0.09795 ratio=1.0001 kl=0.0298
update= 693 mean_reward=+59.5252 mean_length= 59.99 policy_loss=+0.00098 value_loss=+0.13855 ratio=0.9998 kl=0.0339
update= 694 mean_reward=+59.5251 mean_length= 60.00 policy_loss=+0.00221 value_loss=+0.08791 ratio=1.0001 kl=0.0250
update= 695 mean_reward=+59.5325 mean_length= 59.99 policy_loss=+0.00119 value_loss=+0.22794 ratio=0.9999 kl=0.0335 | eval_reward=+59.6284 eval_length= 60.00
update= 696 mean_reward=+59.5287 mean_length= 59.99 policy_loss=+0.00251 value_loss=+0.09517 ratio=0.9998 kl=0.0270
update= 697 mean_reward=+59.5175 mean_length= 59.99 policy_loss=-0.00052 value_loss=+0.08453 ratio=1.0003 kl=0.0294
update= 698 mean_reward=+59.5237 mean_length= 59.99 policy_loss=-0.00018 value_loss=+0.12286 ratio=1.0003 kl=0.0293
update= 699 mean_reward=+59.5340 mean_length= 60.00 policy_loss=+0.00078 value_loss=+0.00737 ratio=0.9999 kl=0.0173
update= 700 mean_reward=+59.5411 mean_length= 60.00 policy_loss=+0.00079 value_loss=+0.00452 ratio=0.9999 kl=0.0141 | eval_reward=+59.6166 eval_length= 60.00
update= 701 mean_reward=+59.5388 mean_length= 59.99 policy_loss=+0.00222 value_loss=+0.06688 ratio=1.0004 kl=0.0289
update= 702 mean_reward=+59.5433 mean_length= 59.99 policy_loss=+0.00449 value_loss=+0.02891 ratio=1.0002 kl=0.0339
update= 703 mean_reward=+59.5384 mean_length= 59.99 policy_loss=+0.00240 value_loss=+0.07692 ratio=0.9999 kl=0.0283
update= 704 mean_reward=+59.5233 mean_length= 59.99 policy_loss=+0.00196 value_loss=+0.16723 ratio=1.0000 kl=0.0349
update= 705 mean_reward=+59.5489 mean_length= 60.00 policy_loss=+0.00150 value_loss=+0.00397 ratio=1.0000 kl=0.0132 | eval_reward=+59.6152 eval_length= 60.00
update= 706 mean_reward=+59.5367 mean_length= 59.99 policy_loss=-0.00000 value_loss=+0.14301 ratio=1.0001 kl=0.0324
update= 707 mean_reward=+59.5382 mean_length= 60.00 policy_loss=+0.00078 value_loss=+0.01424 ratio=0.9998 kl=0.0186
update= 708 mean_reward=+59.5408 mean_length= 60.00 policy_loss=+0.00080 value_loss=+0.00480 ratio=1.0000 kl=0.0121
update= 709 mean_reward=+59.5500 mean_length= 60.00 policy_loss=+0.00140 value_loss=+0.00498 ratio=0.9998 kl=0.0173
update= 710 mean_reward=+59.5334 mean_length= 59.99 policy_loss=+0.00149 value_loss=+0.13164 ratio=0.9997 kl=0.0309 | eval_reward=+59.6222 eval_length= 60.00
update= 711 mean_reward=+59.5240 mean_length= 59.98 policy_loss=+0.00357 value_loss=+0.26988 ratio=0.9995 kl=0.0296
update= 712 mean_reward=+59.5336 mean_length= 59.99 policy_loss=+0.00155 value_loss=+0.10528 ratio=1.0000 kl=0.0258
update= 713 mean_reward=+59.5260 mean_length= 59.98 policy_loss=+0.00107 value_loss=+0.22841 ratio=0.9999 kl=0.0328
update= 714 mean_reward=+59.5360 mean_length= 59.99 policy_loss=+0.00244 value_loss=+0.07171 ratio=0.9999 kl=0.0281
update= 715 mean_reward=+59.5385 mean_length= 59.99 policy_loss=+0.00212 value_loss=+0.09760 ratio=0.9998 kl=0.0294 | eval_reward=+59.6249 eval_length= 60.00
update= 716 mean_reward=+59.5334 mean_length= 59.99 policy_loss=+0.00131 value_loss=+0.13894 ratio=1.0006 kl=0.0222
update= 717 mean_reward=+59.5315 mean_length= 59.98 policy_loss=+0.00002 value_loss=+0.22482 ratio=1.0000 kl=0.0302
update= 718 mean_reward=+59.5346 mean_length= 59.99 policy_loss=+0.00176 value_loss=+0.16591 ratio=1.0003 kl=0.0233
update= 719 mean_reward=+59.5468 mean_length= 60.00 policy_loss=+0.00003 value_loss=+0.06938 ratio=1.0002 kl=0.0292
update= 720 mean_reward=+59.5375 mean_length= 59.99 policy_loss=+0.00065 value_loss=+0.09417 ratio=1.0006 kl=0.0281 | eval_reward=+59.6173 eval_length= 60.00
update= 721 mean_reward=+59.5451 mean_length= 60.00 policy_loss=+0.00263 value_loss=+0.01264 ratio=1.0000 kl=0.0165
update= 722 mean_reward=+59.5372 mean_length= 59.99 policy_loss=+0.00230 value_loss=+0.03069 ratio=0.9999 kl=0.0249
update= 723 mean_reward=+59.5425 mean_length= 59.99 policy_loss=+0.00112 value_loss=+0.13848 ratio=1.0004 kl=0.0242
update= 724 mean_reward=+59.5511 mean_length= 60.00 policy_loss=+0.00172 value_loss=+0.00383 ratio=0.9999 kl=0.0192
update= 725 mean_reward=+59.5511 mean_length= 59.99 policy_loss=+0.00078 value_loss=+0.09075 ratio=0.9998 kl=0.0316 | eval_reward=+59.6271 eval_length= 60.00
update= 726 mean_reward=+59.5560 mean_length= 60.00 policy_loss=+0.00103 value_loss=+0.08028 ratio=1.0000 kl=0.0305
update= 727 mean_reward=+59.5300 mean_length= 59.98 policy_loss=+0.00033 value_loss=+0.22455 ratio=0.9998 kl=0.0331
update= 728 mean_reward=+59.5238 mean_length= 59.98 policy_loss=+0.00050 value_loss=+0.28273 ratio=0.9999 kl=0.0245
update= 729 mean_reward=+59.5385 mean_length= 59.99 policy_loss=+0.00215 value_loss=+0.14315 ratio=1.0002 kl=0.0286
update= 730 mean_reward=+59.5403 mean_length= 60.00 policy_loss=+0.00089 value_loss=+0.08629 ratio=1.0004 kl=0.0303 | eval_reward=+59.6172 eval_length= 60.00
update= 731 mean_reward=+59.5401 mean_length= 60.00 policy_loss=+0.00086 value_loss=+0.10674 ratio=1.0001 kl=0.0270
update= 732 mean_reward=+59.5412 mean_length= 59.99 policy_loss=+0.00010 value_loss=+0.18711 ratio=1.0000 kl=0.0254
update= 733 mean_reward=+59.5395 mean_length= 59.99 policy_loss=+0.00255 value_loss=+0.25117 ratio=1.0004 kl=0.0311
update= 734 mean_reward=+59.5443 mean_length= 60.00 policy_loss=+0.00260 value_loss=+0.11418 ratio=0.9995 kl=0.0229
update= 735 mean_reward=+59.5536 mean_length= 60.00 policy_loss=+0.00205 value_loss=+0.00972 ratio=1.0001 kl=0.0278 | eval_reward=+59.6241 eval_length= 60.00
update= 736 mean_reward=+59.5558 mean_length= 60.00 policy_loss=+0.00104 value_loss=+0.00394 ratio=0.9998 kl=0.0150
update= 737 mean_reward=+59.5639 mean_length= 60.00 policy_loss=+0.00123 value_loss=+0.00470 ratio=0.9999 kl=0.0196
update= 738 mean_reward=+59.5502 mean_length= 59.99 policy_loss=+0.00192 value_loss=+0.13030 ratio=0.9999 kl=0.0308
update= 739 mean_reward=+59.5619 mean_length= 60.00 policy_loss=-0.00070 value_loss=+0.06553 ratio=0.9996 kl=0.0377
update= 740 mean_reward=+59.5586 mean_length= 59.99 policy_loss=+0.00006 value_loss=+0.08138 ratio=1.0003 kl=0.0229 | eval_reward=+59.6329 eval_length= 60.00
update= 741 mean_reward=+59.5557 mean_length= 59.99 policy_loss=+0.00077 value_loss=+0.07714 ratio=1.0001 kl=0.0223
update= 742 mean_reward=+59.5640 mean_length= 60.00 policy_loss=+0.00262 value_loss=+0.00311 ratio=1.0001 kl=0.0183
update= 743 mean_reward=+59.5578 mean_length= 59.99 policy_loss=+0.00045 value_loss=+0.18308 ratio=0.9998 kl=0.0231
update= 744 mean_reward=+59.5545 mean_length= 59.99 policy_loss=-0.00003 value_loss=+0.16817 ratio=1.0003 kl=0.0248
update= 745 mean_reward=+59.5603 mean_length= 60.00 policy_loss=+0.00182 value_loss=+0.00357 ratio=0.9999 kl=0.0191 | eval_reward=+59.6271 eval_length= 60.00
update= 746 mean_reward=+59.5539 mean_length= 59.99 policy_loss=+0.00179 value_loss=+0.12717 ratio=1.0002 kl=0.0277
update= 747 mean_reward=+59.5565 mean_length= 59.99 policy_loss=-0.00037 value_loss=+0.09025 ratio=1.0002 kl=0.0270
update= 748 mean_reward=+59.5653 mean_length= 59.99 policy_loss=+0.00192 value_loss=+0.10219 ratio=0.9996 kl=0.0247
update= 749 mean_reward=+59.5557 mean_length= 59.99 policy_loss=-0.00002 value_loss=+0.13839 ratio=0.9997 kl=0.0260
update= 750 mean_reward=+59.5699 mean_length= 60.00 policy_loss=+0.00020 value_loss=+0.08710 ratio=1.0003 kl=0.0294 | eval_reward=+59.6184 eval_length= 60.00
update= 751 mean_reward=+59.5536 mean_length= 59.99 policy_loss=+0.00067 value_loss=+0.14494 ratio=0.9999 kl=0.0254
update= 752 mean_reward=+59.5660 mean_length= 60.00 policy_loss=+0.00248 value_loss=+0.00365 ratio=0.9998 kl=0.0197
update= 753 mean_reward=+59.5595 mean_length= 59.99 policy_loss=+0.00195 value_loss=+0.06796 ratio=0.9997 kl=0.0241
update= 754 mean_reward=+59.5753 mean_length= 60.00 policy_loss=+0.00371 value_loss=+0.00321 ratio=0.9998 kl=0.0223
update= 755 mean_reward=+59.5813 mean_length= 60.00 policy_loss=+0.00212 value_loss=+0.00321 ratio=0.9999 kl=0.0177 | eval_reward=+59.6182 eval_length= 60.00
update= 756 mean_reward=+59.5720 mean_length= 59.99 policy_loss=+0.00065 value_loss=+0.16790 ratio=0.9999 kl=0.0276
update= 757 mean_reward=+59.5676 mean_length= 59.99 policy_loss=+0.00227 value_loss=+0.03025 ratio=1.0002 kl=0.0259
update= 758 mean_reward=+59.5787 mean_length= 60.00 policy_loss=+0.00163 value_loss=+0.00310 ratio=0.9999 kl=0.0167
update= 759 mean_reward=+59.5644 mean_length= 59.99 policy_loss=-0.00043 value_loss=+0.12911 ratio=1.0004 kl=0.0235
update= 760 mean_reward=+59.5706 mean_length= 59.99 policy_loss=+0.00161 value_loss=+0.06871 ratio=0.9996 kl=0.0311 | eval_reward=+59.6357 eval_length= 60.00  [new_best]
update= 761 mean_reward=+59.5709 mean_length= 60.00 policy_loss=+0.00022 value_loss=+0.07108 ratio=1.0000 kl=0.0265
update= 762 mean_reward=+59.5748 mean_length= 60.00 policy_loss=+0.00267 value_loss=+0.00357 ratio=0.9998 kl=0.0220
update= 763 mean_reward=+59.5721 mean_length= 59.99 policy_loss=+0.00312 value_loss=+0.11109 ratio=1.0000 kl=0.0363
update= 764 mean_reward=+59.5811 mean_length= 60.00 policy_loss=+0.00104 value_loss=+0.07437 ratio=0.9997 kl=0.0312
update= 765 mean_reward=+59.5814 mean_length= 60.00 policy_loss=+0.00206 value_loss=+0.10645 ratio=1.0001 kl=0.0243 | eval_reward=+59.6269 eval_length= 60.00
update= 766 mean_reward=+59.5759 mean_length= 59.99 policy_loss=+0.00089 value_loss=+0.03542 ratio=1.0001 kl=0.0265
update= 767 mean_reward=+59.5735 mean_length= 60.00 policy_loss=-0.00030 value_loss=+0.07035 ratio=1.0000 kl=0.0325
update= 768 mean_reward=+59.5775 mean_length= 59.99 policy_loss=+0.00109 value_loss=+0.08759 ratio=1.0001 kl=0.0247
update= 769 mean_reward=+59.5874 mean_length= 60.00 policy_loss=+0.00144 value_loss=+0.00291 ratio=1.0000 kl=0.0175
update= 770 mean_reward=+59.5830 mean_length= 59.99 policy_loss=+0.00274 value_loss=+0.09792 ratio=0.9999 kl=0.0276 | eval_reward=+59.6471 eval_length= 60.00  [new_best]
update= 771 mean_reward=+59.5816 mean_length= 59.99 policy_loss=+0.00219 value_loss=+0.07981 ratio=1.0004 kl=0.0395
update= 772 mean_reward=+59.5739 mean_length= 59.99 policy_loss=+0.00015 value_loss=+0.14582 ratio=0.9997 kl=0.0292
update= 773 mean_reward=+59.5723 mean_length= 59.99 policy_loss=+0.00039 value_loss=+0.13914 ratio=1.0000 kl=0.0273
update= 774 mean_reward=+59.5781 mean_length= 60.00 policy_loss=+0.00109 value_loss=+0.08275 ratio=1.0001 kl=0.0222
update= 775 mean_reward=+59.5596 mean_length= 59.99 policy_loss=+0.00266 value_loss=+0.13485 ratio=1.0002 kl=0.0248 | eval_reward=+59.6377 eval_length= 60.00
update= 776 mean_reward=+59.5745 mean_length= 59.99 policy_loss=+0.00015 value_loss=+0.12126 ratio=1.0000 kl=0.0258
update= 777 mean_reward=+59.5806 mean_length= 60.00 policy_loss=+0.00325 value_loss=+0.00323 ratio=0.9998 kl=0.0231
update= 778 mean_reward=+59.5764 mean_length= 60.00 policy_loss=+0.00097 value_loss=+0.00407 ratio=1.0001 kl=0.0168
update= 779 mean_reward=+59.5831 mean_length= 60.00 policy_loss=-0.00016 value_loss=+0.08703 ratio=1.0001 kl=0.0266
update= 780 mean_reward=+59.5702 mean_length= 59.98 policy_loss=+0.00041 value_loss=+0.30122 ratio=1.0000 kl=0.0227 | eval_reward=+59.6491 eval_length= 60.00  [new_best]
update= 781 mean_reward=+59.5754 mean_length= 59.99 policy_loss=+0.00143 value_loss=+0.13036 ratio=0.9999 kl=0.0334
update= 782 mean_reward=+59.5816 mean_length= 59.99 policy_loss=+0.00410 value_loss=+0.11913 ratio=0.9997 kl=0.0375
update= 783 mean_reward=+59.5712 mean_length= 59.99 policy_loss=+0.00089 value_loss=+0.25218 ratio=1.0003 kl=0.0317
update= 784 mean_reward=+59.5773 mean_length= 59.99 policy_loss=-0.00151 value_loss=+0.10546 ratio=0.9997 kl=0.0287
update= 785 mean_reward=+59.5773 mean_length= 59.99 policy_loss=+0.00114 value_loss=+0.16781 ratio=1.0000 kl=0.0296 | eval_reward=+59.6357 eval_length= 60.00
update= 786 mean_reward=+59.5737 mean_length= 60.00 policy_loss=+0.00220 value_loss=+0.11339 ratio=1.0004 kl=0.0251
update= 787 mean_reward=+59.5646 mean_length= 59.99 policy_loss=+0.00130 value_loss=+0.16420 ratio=1.0001 kl=0.0212
update= 788 mean_reward=+59.5739 mean_length= 60.00 policy_loss=+0.00038 value_loss=+0.08978 ratio=1.0000 kl=0.0245
update= 789 mean_reward=+59.5700 mean_length= 59.99 policy_loss=+0.00055 value_loss=+0.08170 ratio=1.0001 kl=0.0299
update= 790 mean_reward=+59.5721 mean_length= 60.00 policy_loss=+0.00094 value_loss=+0.09528 ratio=1.0003 kl=0.0253 | eval_reward=+59.6383 eval_length= 60.00
update= 791 mean_reward=+59.5608 mean_length= 59.98 policy_loss=+0.00127 value_loss=+0.31353 ratio=0.9999 kl=0.0243
update= 792 mean_reward=+59.5822 mean_length= 60.00 policy_loss=+0.00146 value_loss=+0.00419 ratio=1.0000 kl=0.0143
update= 793 mean_reward=+59.5720 mean_length= 59.99 policy_loss=+0.00195 value_loss=+0.11586 ratio=1.0001 kl=0.0193
update= 794 mean_reward=+59.5761 mean_length= 59.99 policy_loss=+0.00210 value_loss=+0.07627 ratio=1.0001 kl=0.0283
update= 795 mean_reward=+59.5738 mean_length= 60.00 policy_loss=+0.00192 value_loss=+0.08955 ratio=0.9997 kl=0.0318 | eval_reward=+59.6457 eval_length= 60.00
update= 796 mean_reward=+59.5818 mean_length= 60.00 policy_loss=+0.00194 value_loss=+0.00695 ratio=0.9998 kl=0.0152
update= 797 mean_reward=+59.5844 mean_length= 60.00 policy_loss=+0.00079 value_loss=+0.00289 ratio=1.0000 kl=0.0133
update= 798 mean_reward=+59.5809 mean_length= 59.99 policy_loss=+0.00211 value_loss=+0.10195 ratio=1.0001 kl=0.0251
update= 799 mean_reward=+59.5757 mean_length= 59.99 policy_loss=+0.00038 value_loss=+0.24341 ratio=0.9997 kl=0.0295
update= 800 mean_reward=+59.5695 mean_length= 59.99 policy_loss=+0.00263 value_loss=+0.06099 ratio=1.0003 kl=0.0341 | eval_reward=+59.6577 eval_length= 60.00  [new_best]
update= 801 mean_reward=+59.5876 mean_length= 60.00 policy_loss=+0.00114 value_loss=+0.09945 ratio=0.9992 kl=0.0285
update= 802 mean_reward=+59.5840 mean_length= 60.00 policy_loss=+0.00241 value_loss=+0.00315 ratio=1.0000 kl=0.0170
update= 803 mean_reward=+59.5844 mean_length= 60.00 policy_loss=+0.00041 value_loss=+0.00397 ratio=0.9999 kl=0.0178
update= 804 mean_reward=+59.5941 mean_length= 60.00 policy_loss=+0.00316 value_loss=+0.00296 ratio=0.9999 kl=0.0194
update= 805 mean_reward=+59.5684 mean_length= 59.98 policy_loss=-0.00096 value_loss=+0.31706 ratio=1.0002 kl=0.0262 | eval_reward=+59.6641 eval_length= 60.00  [new_best]
update= 806 mean_reward=+59.5909 mean_length= 60.00 policy_loss=+0.00171 value_loss=+0.14912 ratio=1.0000 kl=0.0291
update= 807 mean_reward=+59.5935 mean_length= 60.00 policy_loss=+0.00040 value_loss=+0.00871 ratio=0.9998 kl=0.0102
update= 808 mean_reward=+59.5832 mean_length= 59.99 policy_loss=+0.00119 value_loss=+0.24909 ratio=1.0002 kl=0.0310
update= 809 mean_reward=+59.5965 mean_length= 60.00 policy_loss=+0.00501 value_loss=+0.03654 ratio=0.9998 kl=0.0273
update= 810 mean_reward=+59.5928 mean_length= 60.00 policy_loss=+0.00080 value_loss=+0.09611 ratio=0.9999 kl=0.0191 | eval_reward=+59.6562 eval_length= 60.00
update= 811 mean_reward=+59.5866 mean_length= 59.99 policy_loss=+0.00133 value_loss=+0.02509 ratio=0.9996 kl=0.0288
update= 812 mean_reward=+59.5742 mean_length= 60.00 policy_loss=+0.00099 value_loss=+0.00500 ratio=1.0000 kl=0.0229
update= 813 mean_reward=+59.5876 mean_length= 59.99 policy_loss=+0.00123 value_loss=+0.18970 ratio=1.0002 kl=0.0266
update= 814 mean_reward=+59.5855 mean_length= 60.00 policy_loss=-0.00020 value_loss=+0.09517 ratio=1.0002 kl=0.0210
update= 815 mean_reward=+59.5662 mean_length= 59.98 policy_loss=+0.00274 value_loss=+0.49177 ratio=1.0001 kl=0.0212 | eval_reward=+59.6533 eval_length= 60.00
update= 816 mean_reward=+59.5749 mean_length= 59.99 policy_loss=+0.00139 value_loss=+0.14618 ratio=0.9997 kl=0.0265
update= 817 mean_reward=+59.5891 mean_length= 60.00 policy_loss=+0.00161 value_loss=+0.00897 ratio=1.0001 kl=0.0291
update= 818 mean_reward=+59.5778 mean_length= 59.99 policy_loss=+0.00169 value_loss=+0.19442 ratio=1.0005 kl=0.0371
update= 819 mean_reward=+59.5872 mean_length= 59.99 policy_loss=-0.00006 value_loss=+0.07357 ratio=1.0002 kl=0.0268
update= 820 mean_reward=+59.5904 mean_length= 60.00 policy_loss=+0.00148 value_loss=+0.08289 ratio=1.0006 kl=0.0302 | eval_reward=+59.6633 eval_length= 60.00
update= 821 mean_reward=+59.6014 mean_length= 60.00 policy_loss=+0.00078 value_loss=+0.00505 ratio=1.0000 kl=0.0157
update= 822 mean_reward=+59.5686 mean_length= 59.97 policy_loss=+0.00087 value_loss=+0.38842 ratio=1.0000 kl=0.0274
update= 823 mean_reward=+59.5886 mean_length= 59.99 policy_loss=+0.00178 value_loss=+0.17387 ratio=1.0002 kl=0.0298
update= 824 mean_reward=+59.5776 mean_length= 59.99 policy_loss=+0.00123 value_loss=+0.08680 ratio=1.0000 kl=0.0254
update= 825 mean_reward=+59.5678 mean_length= 59.98 policy_loss=+0.00315 value_loss=+0.12520 ratio=1.0000 kl=0.0288 | eval_reward=+59.6674 eval_length= 60.00  [new_best]
update= 826 mean_reward=+59.5752 mean_length= 60.00 policy_loss=+0.00126 value_loss=+0.06920 ratio=1.0003 kl=0.0268
update= 827 mean_reward=+59.5802 mean_length= 59.99 policy_loss=+0.00154 value_loss=+0.07559 ratio=0.9999 kl=0.0265
update= 828 mean_reward=+59.5863 mean_length= 59.99 policy_loss=+0.00207 value_loss=+0.07595 ratio=1.0005 kl=0.0295
update= 829 mean_reward=+59.5777 mean_length= 59.99 policy_loss=+0.00090 value_loss=+0.12758 ratio=1.0001 kl=0.0293
update= 830 mean_reward=+59.5857 mean_length= 60.00 policy_loss=+0.00190 value_loss=+0.00345 ratio=1.0001 kl=0.0185 | eval_reward=+59.6392 eval_length= 60.00
update= 831 mean_reward=+59.5768 mean_length= 59.98 policy_loss=+0.00038 value_loss=+0.19344 ratio=0.9992 kl=0.0282
update= 832 mean_reward=+59.5673 mean_length= 59.97 policy_loss=-0.00044 value_loss=+0.27146 ratio=1.0003 kl=0.0241
update= 833 mean_reward=+59.5785 mean_length= 59.99 policy_loss=+0.00242 value_loss=+0.06838 ratio=1.0004 kl=0.0273
update= 834 mean_reward=+59.5767 mean_length= 59.99 policy_loss=+0.00158 value_loss=+0.12263 ratio=0.9997 kl=0.0283
update= 835 mean_reward=+59.5782 mean_length= 59.99 policy_loss=+0.00071 value_loss=+0.06851 ratio=1.0007 kl=0.0288 | eval_reward=+59.6585 eval_length= 60.00
update= 836 mean_reward=+59.5660 mean_length= 59.98 policy_loss=-0.00008 value_loss=+0.17863 ratio=1.0005 kl=0.0272
update= 837 mean_reward=+59.5723 mean_length= 59.99 policy_loss=+0.00098 value_loss=+0.20973 ratio=1.0001 kl=0.0303
update= 838 mean_reward=+59.5692 mean_length= 59.99 policy_loss=+0.00168 value_loss=+0.12919 ratio=0.9999 kl=0.0364
update= 839 mean_reward=+59.5589 mean_length= 59.98 policy_loss=+0.00177 value_loss=+0.21360 ratio=1.0003 kl=0.0288
update= 840 mean_reward=+59.5670 mean_length= 59.99 policy_loss=+0.00131 value_loss=+0.27959 ratio=0.9998 kl=0.0361 | eval_reward=+59.6658 eval_length= 60.00
update= 841 mean_reward=+59.5788 mean_length= 59.99 policy_loss=+0.00092 value_loss=+0.09081 ratio=0.9999 kl=0.0167
update= 842 mean_reward=+59.5859 mean_length= 59.99 policy_loss=+0.00104 value_loss=+0.06484 ratio=0.9998 kl=0.0282
update= 843 mean_reward=+59.5772 mean_length= 59.99 policy_loss=+0.00130 value_loss=+0.10341 ratio=1.0000 kl=0.0272
update= 844 mean_reward=+59.5870 mean_length= 60.00 policy_loss=+0.00054 value_loss=+0.08466 ratio=0.9996 kl=0.0295
update= 845 mean_reward=+59.5810 mean_length= 59.99 policy_loss=+0.00103 value_loss=+0.08313 ratio=0.9995 kl=0.0270 | eval_reward=+59.6804 eval_length= 60.00  [new_best]
update= 846 mean_reward=+59.5841 mean_length= 59.99 policy_loss=+0.00196 value_loss=+0.07540 ratio=1.0003 kl=0.0320
update= 847 mean_reward=+59.5864 mean_length= 60.00 policy_loss=+0.00051 value_loss=+0.00443 ratio=1.0000 kl=0.0176
update= 848 mean_reward=+59.5771 mean_length= 59.99 policy_loss=+0.00228 value_loss=+0.13150 ratio=0.9999 kl=0.0271
update= 849 mean_reward=+59.5903 mean_length= 59.99 policy_loss=+0.00217 value_loss=+0.06069 ratio=1.0000 kl=0.0273
update= 850 mean_reward=+59.5869 mean_length= 59.99 policy_loss=+0.00018 value_loss=+0.03786 ratio=0.9997 kl=0.0302 | eval_reward=+59.6631 eval_length= 60.00
update= 851 mean_reward=+59.5824 mean_length= 59.99 policy_loss=+0.00038 value_loss=+0.12992 ratio=0.9997 kl=0.0271
update= 852 mean_reward=+59.5773 mean_length= 59.99 policy_loss=+0.00276 value_loss=+0.10244 ratio=0.9998 kl=0.0269
update= 853 mean_reward=+59.5861 mean_length= 59.99 policy_loss=+0.00353 value_loss=+0.03357 ratio=1.0001 kl=0.0311
update= 854 mean_reward=+59.5855 mean_length= 59.99 policy_loss=+0.00045 value_loss=+0.05641 ratio=0.9996 kl=0.0262
update= 855 mean_reward=+59.5808 mean_length= 59.98 policy_loss=+0.00276 value_loss=+0.23438 ratio=1.0002 kl=0.0306 | eval_reward=+59.6737 eval_length= 60.00
update= 856 mean_reward=+59.5775 mean_length= 59.98 policy_loss=+0.00116 value_loss=+0.18564 ratio=1.0001 kl=0.0313
update= 857 mean_reward=+59.5895 mean_length= 59.99 policy_loss=+0.00090 value_loss=+0.12502 ratio=1.0003 kl=0.0301
update= 858 mean_reward=+59.5761 mean_length= 59.98 policy_loss=+0.00101 value_loss=+0.16402 ratio=1.0004 kl=0.0229
update= 859 mean_reward=+59.5960 mean_length= 60.00 policy_loss=+0.00351 value_loss=+0.00322 ratio=1.0001 kl=0.0224
update= 860 mean_reward=+59.5877 mean_length= 60.00 policy_loss=+0.00179 value_loss=+0.08730 ratio=0.9998 kl=0.0328 | eval_reward=+59.6636 eval_length= 60.00
update= 861 mean_reward=+59.5830 mean_length= 59.99 policy_loss=+0.00246 value_loss=+0.05174 ratio=1.0002 kl=0.0250
update= 862 mean_reward=+59.5901 mean_length= 60.00 policy_loss=+0.00120 value_loss=+0.00317 ratio=1.0000 kl=0.0145
update= 863 mean_reward=+59.5975 mean_length= 60.00 policy_loss=+0.00165 value_loss=+0.00286 ratio=0.9999 kl=0.0152
update= 864 mean_reward=+59.5809 mean_length= 59.99 policy_loss=+0.00117 value_loss=+0.10848 ratio=0.9999 kl=0.0294
update= 865 mean_reward=+59.5798 mean_length= 59.99 policy_loss=+0.00131 value_loss=+0.03694 ratio=1.0003 kl=0.0242 | eval_reward=+59.6646 eval_length= 60.00
update= 866 mean_reward=+59.5859 mean_length= 60.00 policy_loss=+0.00386 value_loss=+0.00283 ratio=0.9999 kl=0.0197
update= 867 mean_reward=+59.5945 mean_length= 60.00 policy_loss=+0.00165 value_loss=+0.00264 ratio=0.9999 kl=0.0147
update= 868 mean_reward=+59.5932 mean_length= 60.00 policy_loss=-0.00078 value_loss=+0.07609 ratio=0.9998 kl=0.0253
update= 869 mean_reward=+59.6038 mean_length= 60.00 policy_loss=+0.00176 value_loss=+0.00283 ratio=1.0001 kl=0.0215
update= 870 mean_reward=+59.5963 mean_length= 60.00 policy_loss=+0.00192 value_loss=+0.00279 ratio=0.9998 kl=0.0166 | eval_reward=+59.6437 eval_length= 60.00
update= 871 mean_reward=+59.5947 mean_length= 59.99 policy_loss=-0.00082 value_loss=+0.07661 ratio=1.0000 kl=0.0319
update= 872 mean_reward=+59.6076 mean_length= 60.00 policy_loss=+0.00076 value_loss=+0.00270 ratio=0.9997 kl=0.0138
update= 873 mean_reward=+59.6043 mean_length= 60.00 policy_loss=+0.00111 value_loss=+0.00270 ratio=0.9999 kl=0.0143
update= 874 mean_reward=+59.5987 mean_length= 59.99 policy_loss=+0.00048 value_loss=+0.05239 ratio=0.9996 kl=0.0201
update= 875 mean_reward=+59.5947 mean_length= 59.99 policy_loss=+0.00080 value_loss=+0.15024 ratio=0.9999 kl=0.0241 | eval_reward=+59.6629 eval_length= 60.00
update= 876 mean_reward=+59.5957 mean_length= 60.00 policy_loss=+0.00148 value_loss=+0.10312 ratio=0.9999 kl=0.0244
update= 877 mean_reward=+59.5891 mean_length= 59.99 policy_loss=+0.00055 value_loss=+0.16265 ratio=1.0000 kl=0.0382
update= 878 mean_reward=+59.5962 mean_length= 60.00 policy_loss=+0.00192 value_loss=+0.00301 ratio=1.0000 kl=0.0197
update= 879 mean_reward=+59.5958 mean_length= 59.99 policy_loss=+0.00124 value_loss=+0.07619 ratio=0.9998 kl=0.0253
update= 880 mean_reward=+59.6094 mean_length= 60.00 policy_loss=+0.00307 value_loss=+0.00250 ratio=0.9998 kl=0.0194 | eval_reward=+59.6614 eval_length= 60.00
update= 881 mean_reward=+59.5924 mean_length= 59.99 policy_loss=-0.00043 value_loss=+0.13538 ratio=1.0001 kl=0.0252
update= 882 mean_reward=+59.6069 mean_length= 59.99 policy_loss=-0.00048 value_loss=+0.07054 ratio=0.9998 kl=0.0273
update= 883 mean_reward=+59.6013 mean_length= 59.99 policy_loss=+0.00198 value_loss=+0.03220 ratio=0.9999 kl=0.0286
update= 884 mean_reward=+59.6037 mean_length= 59.99 policy_loss=+0.00034 value_loss=+0.14744 ratio=1.0003 kl=0.0289
update= 885 mean_reward=+59.6028 mean_length= 59.99 policy_loss=+0.00176 value_loss=+0.18359 ratio=1.0002 kl=0.0322 | eval_reward=+59.6766 eval_length= 60.00
update= 886 mean_reward=+59.6130 mean_length= 60.00 policy_loss=+0.00267 value_loss=+0.00253 ratio=1.0001 kl=0.0178
update= 887 mean_reward=+59.6033 mean_length= 59.99 policy_loss=+0.00106 value_loss=+0.06454 ratio=1.0007 kl=0.0239
update= 888 mean_reward=+59.6085 mean_length= 60.00 policy_loss=+0.00199 value_loss=+0.00323 ratio=0.9998 kl=0.0106
update= 889 mean_reward=+59.5886 mean_length= 59.98 policy_loss=+0.00125 value_loss=+0.29868 ratio=1.0001 kl=0.0267
update= 890 mean_reward=+59.6153 mean_length= 60.00 policy_loss=+0.00166 value_loss=+0.10004 ratio=1.0000 kl=0.0308 | eval_reward=+59.6755 eval_length= 60.00
update= 891 mean_reward=+59.6051 mean_length= 59.99 policy_loss=+0.00161 value_loss=+0.09160 ratio=1.0002 kl=0.0285
update= 892 mean_reward=+59.6039 mean_length= 59.99 policy_loss=+0.00159 value_loss=+0.05710 ratio=1.0002 kl=0.0255
update= 893 mean_reward=+59.6105 mean_length= 59.99 policy_loss=+0.00224 value_loss=+0.22577 ratio=1.0003 kl=0.0314
update= 894 mean_reward=+59.5887 mean_length= 59.99 policy_loss=+0.00125 value_loss=+0.21783 ratio=0.9998 kl=0.0311
update= 895 mean_reward=+59.6008 mean_length= 60.00 policy_loss=+0.00022 value_loss=+0.07882 ratio=1.0002 kl=0.0245 | eval_reward=+59.6739 eval_length= 60.00
update= 896 mean_reward=+59.6017 mean_length= 59.99 policy_loss=+0.00166 value_loss=+0.07980 ratio=1.0000 kl=0.0154
update= 897 mean_reward=+59.6008 mean_length= 59.99 policy_loss=+0.00134 value_loss=+0.12357 ratio=1.0002 kl=0.0310
update= 898 mean_reward=+59.6028 mean_length= 59.99 policy_loss=+0.00168 value_loss=+0.07703 ratio=0.9996 kl=0.0268
update= 899 mean_reward=+59.5944 mean_length= 59.98 policy_loss=+0.00069 value_loss=+0.20015 ratio=0.9999 kl=0.0317
update= 900 mean_reward=+59.5908 mean_length= 59.99 policy_loss=+0.00062 value_loss=+0.13972 ratio=1.0007 kl=0.0242 | eval_reward=+59.6887 eval_length= 60.00  [new_best]
update= 901 mean_reward=+59.5986 mean_length= 60.00 policy_loss=+0.00408 value_loss=+0.00361 ratio=0.9999 kl=0.0257
update= 902 mean_reward=+59.5801 mean_length= 59.99 policy_loss=+0.00198 value_loss=+0.22995 ratio=0.9998 kl=0.0311
update= 903 mean_reward=+59.5897 mean_length= 60.00 policy_loss=+0.00054 value_loss=+0.09039 ratio=0.9999 kl=0.0204
update= 904 mean_reward=+59.5957 mean_length= 60.00 policy_loss=+0.00064 value_loss=+0.00521 ratio=0.9999 kl=0.0159
update= 905 mean_reward=+59.5931 mean_length= 60.00 policy_loss=+0.00012 value_loss=+0.09294 ratio=1.0001 kl=0.0269 | eval_reward=+59.6912 eval_length= 60.00  [new_best]
update= 906 mean_reward=+59.5935 mean_length= 60.00 policy_loss=+0.00236 value_loss=+0.11243 ratio=1.0009 kl=0.0350
update= 907 mean_reward=+59.5845 mean_length= 59.99 policy_loss=+0.00171 value_loss=+0.03156 ratio=0.9999 kl=0.0297
update= 908 mean_reward=+59.5990 mean_length= 60.00 policy_loss=+0.00051 value_loss=+0.00448 ratio=0.9998 kl=0.0171
update= 909 mean_reward=+59.5979 mean_length= 60.00 policy_loss=+0.00296 value_loss=+0.10287 ratio=0.9997 kl=0.0289
update= 910 mean_reward=+59.6085 mean_length= 60.00 policy_loss=+0.00147 value_loss=+0.00351 ratio=0.9999 kl=0.0167 | eval_reward=+59.6915 eval_length= 60.00  [new_best]
update= 911 mean_reward=+59.6048 mean_length= 59.99 policy_loss=+0.00185 value_loss=+0.06631 ratio=0.9999 kl=0.0237
update= 912 mean_reward=+59.6077 mean_length= 60.00 policy_loss=+0.00126 value_loss=+0.09079 ratio=1.0006 kl=0.0337
update= 913 mean_reward=+59.5921 mean_length= 59.98 policy_loss=+0.00086 value_loss=+0.19763 ratio=1.0001 kl=0.0314
update= 914 mean_reward=+59.5977 mean_length= 59.99 policy_loss=+0.00166 value_loss=+0.03155 ratio=0.9999 kl=0.0205
update= 915 mean_reward=+59.5919 mean_length= 59.98 policy_loss=+0.00002 value_loss=+0.18785 ratio=0.9994 kl=0.0263 | eval_reward=+59.7063 eval_length= 60.00  [new_best]
update= 916 mean_reward=+59.6062 mean_length= 59.99 policy_loss=+0.00219 value_loss=+0.02333 ratio=0.9998 kl=0.0261
update= 917 mean_reward=+59.6082 mean_length= 59.99 policy_loss=+0.00251 value_loss=+0.08754 ratio=1.0003 kl=0.0235
update= 918 mean_reward=+59.6049 mean_length= 59.99 policy_loss=+0.00101 value_loss=+0.06136 ratio=1.0003 kl=0.0303
update= 919 mean_reward=+59.6043 mean_length= 60.00 policy_loss=+0.00043 value_loss=+0.10893 ratio=0.9999 kl=0.0268
update= 920 mean_reward=+59.5971 mean_length= 60.00 policy_loss=+0.00202 value_loss=+0.01163 ratio=1.0003 kl=0.0273 | eval_reward=+59.6871 eval_length= 60.00
update= 921 mean_reward=+59.6046 mean_length= 60.00 policy_loss=+0.00313 value_loss=+0.00317 ratio=0.9997 kl=0.0237
update= 922 mean_reward=+59.5985 mean_length= 59.99 policy_loss=-0.00074 value_loss=+0.06880 ratio=1.0001 kl=0.0271
update= 923 mean_reward=+59.6034 mean_length= 59.99 policy_loss=+0.00168 value_loss=+0.08844 ratio=1.0000 kl=0.0328
update= 924 mean_reward=+59.5937 mean_length= 59.99 policy_loss=-0.00011 value_loss=+0.11404 ratio=1.0000 kl=0.0266
update= 925 mean_reward=+59.5880 mean_length= 59.98 policy_loss=-0.00039 value_loss=+0.26245 ratio=0.9999 kl=0.0346 | eval_reward=+59.6735 eval_length= 60.00
update= 926 mean_reward=+59.5794 mean_length= 59.98 policy_loss=+0.00135 value_loss=+0.30768 ratio=0.9999 kl=0.0361
update= 927 mean_reward=+59.5835 mean_length= 59.99 policy_loss=+0.00324 value_loss=+0.11315 ratio=1.0006 kl=0.0296
update= 928 mean_reward=+59.6072 mean_length= 60.00 policy_loss=+0.00173 value_loss=+0.00311 ratio=1.0000 kl=0.0170
update= 929 mean_reward=+59.5978 mean_length= 59.99 policy_loss=+0.00148 value_loss=+0.16081 ratio=1.0003 kl=0.0335
update= 930 mean_reward=+59.6045 mean_length= 59.99 policy_loss=-0.00103 value_loss=+0.14107 ratio=1.0004 kl=0.0338 | eval_reward=+59.6748 eval_length= 60.00
update= 931 mean_reward=+59.6065 mean_length= 59.99 policy_loss=+0.00018 value_loss=+0.16652 ratio=0.9996 kl=0.0354
update= 932 mean_reward=+59.6059 mean_length= 59.99 policy_loss=+0.00024 value_loss=+0.06366 ratio=1.0001 kl=0.0255
update= 933 mean_reward=+59.6093 mean_length= 59.99 policy_loss=-0.00060 value_loss=+0.05935 ratio=1.0001 kl=0.0274
update= 934 mean_reward=+59.6163 mean_length= 60.00 policy_loss=+0.00201 value_loss=+0.00299 ratio=1.0002 kl=0.0172
update= 935 mean_reward=+59.6178 mean_length= 60.00 policy_loss=+0.00137 value_loss=+0.00297 ratio=1.0001 kl=0.0143 | eval_reward=+59.7041 eval_length= 60.00
update= 936 mean_reward=+59.6030 mean_length= 59.99 policy_loss=+0.00123 value_loss=+0.07903 ratio=1.0003 kl=0.0372
update= 937 mean_reward=+59.6018 mean_length= 59.99 policy_loss=-0.00021 value_loss=+0.11261 ratio=1.0001 kl=0.0222
update= 938 mean_reward=+59.6160 mean_length= 60.00 policy_loss=+0.00268 value_loss=+0.00243 ratio=1.0001 kl=0.0159
update= 939 mean_reward=+59.6036 mean_length= 59.99 policy_loss=+0.00028 value_loss=+0.16482 ratio=0.9997 kl=0.0233
update= 940 mean_reward=+59.6213 mean_length= 60.00 policy_loss=+0.00082 value_loss=+0.00339 ratio=0.9999 kl=0.0119 | eval_reward=+59.6984 eval_length= 60.00
update= 941 mean_reward=+59.6138 mean_length= 59.99 policy_loss=-0.00055 value_loss=+0.15552 ratio=1.0004 kl=0.0219
update= 942 mean_reward=+59.5991 mean_length= 59.98 policy_loss=+0.00077 value_loss=+0.28595 ratio=0.9999 kl=0.0290
update= 943 mean_reward=+59.6235 mean_length= 60.00 policy_loss=+0.00102 value_loss=+0.00747 ratio=1.0000 kl=0.0312
update= 944 mean_reward=+59.6231 mean_length= 59.99 policy_loss=+0.00117 value_loss=+0.08350 ratio=1.0003 kl=0.0316
update= 945 mean_reward=+59.6202 mean_length= 59.99 policy_loss=+0.00142 value_loss=+0.07562 ratio=1.0000 kl=0.0708 | eval_reward=+59.7082 eval_length= 60.00  [new_best]
update= 946 mean_reward=+59.6248 mean_length= 59.99 policy_loss=+0.00357 value_loss=+0.12714 ratio=1.0002 kl=0.0316
update= 947 mean_reward=+59.6245 mean_length= 59.99 policy_loss=+0.00171 value_loss=+0.09419 ratio=1.0002 kl=0.0299
update= 948 mean_reward=+59.6149 mean_length= 59.99 policy_loss=+0.00100 value_loss=+0.08176 ratio=0.9997 kl=0.0307
update= 949 mean_reward=+59.5989 mean_length= 59.98 policy_loss=+0.00006 value_loss=+0.20423 ratio=1.0002 kl=0.0288
update= 950 mean_reward=+59.6108 mean_length= 59.99 policy_loss=+0.00065 value_loss=+0.06277 ratio=0.9999 kl=0.0277 | eval_reward=+59.6679 eval_length= 60.00
update= 951 mean_reward=+59.6169 mean_length= 60.00 policy_loss=+0.00128 value_loss=+0.00389 ratio=1.0000 kl=0.0177
update= 952 mean_reward=+59.6191 mean_length= 59.99 policy_loss=-0.00062 value_loss=+0.16663 ratio=0.9999 kl=0.0257
update= 953 mean_reward=+59.6108 mean_length= 59.99 policy_loss=+0.00100 value_loss=+0.10057 ratio=1.0002 kl=0.0241
update= 954 mean_reward=+59.6067 mean_length= 59.99 policy_loss=+0.00066 value_loss=+0.32567 ratio=1.0004 kl=0.0272
update= 955 mean_reward=+59.6099 mean_length= 59.99 policy_loss=+0.00235 value_loss=+0.10103 ratio=1.0006 kl=0.0249 | eval_reward=+59.6707 eval_length= 60.00
update= 956 mean_reward=+59.6145 mean_length= 59.99 policy_loss=+0.00138 value_loss=+0.07209 ratio=0.9999 kl=0.0305
update= 957 mean_reward=+59.6112 mean_length= 59.99 policy_loss=+0.00090 value_loss=+0.24954 ratio=1.0000 kl=0.0337
update= 958 mean_reward=+59.6070 mean_length= 59.99 policy_loss=+0.00170 value_loss=+0.13211 ratio=1.0002 kl=0.0308
update= 959 mean_reward=+59.6219 mean_length= 60.00 policy_loss=+0.00117 value_loss=+0.00307 ratio=1.0000 kl=0.0155
update= 960 mean_reward=+59.6171 mean_length= 59.99 policy_loss=+0.00264 value_loss=+0.03198 ratio=1.0001 kl=0.0271 | eval_reward=+59.6813 eval_length= 60.00
update= 961 mean_reward=+59.6049 mean_length= 59.99 policy_loss=+0.00129 value_loss=+0.22312 ratio=1.0003 kl=0.0309
update= 962 mean_reward=+59.6264 mean_length= 60.00 policy_loss=+0.00081 value_loss=+0.09507 ratio=1.0000 kl=0.0327
update= 963 mean_reward=+59.6112 mean_length= 59.99 policy_loss=+0.00162 value_loss=+0.15722 ratio=0.9994 kl=0.0330
update= 964 mean_reward=+59.6140 mean_length= 60.00 policy_loss=+0.00053 value_loss=+0.06027 ratio=0.9996 kl=0.0251
update= 965 mean_reward=+59.6198 mean_length= 60.00 policy_loss=+0.00123 value_loss=+0.00350 ratio=1.0001 kl=0.0187 | eval_reward=+59.6620 eval_length= 60.00
update= 966 mean_reward=+59.6202 mean_length= 59.99 policy_loss=+0.00160 value_loss=+0.09303 ratio=1.0000 kl=0.0277
update= 967 mean_reward=+59.6065 mean_length= 59.99 policy_loss=-0.00290 value_loss=+0.11213 ratio=0.9999 kl=0.0247
update= 968 mean_reward=+59.6235 mean_length= 60.00 policy_loss=+0.00130 value_loss=+0.00298 ratio=1.0000 kl=0.0198
update= 969 mean_reward=+59.6226 mean_length= 60.00 policy_loss=+0.00401 value_loss=+0.00355 ratio=1.0002 kl=0.0276
update= 970 mean_reward=+59.6173 mean_length= 59.99 policy_loss=+0.00281 value_loss=+0.22695 ratio=0.9998 kl=0.0212 | eval_reward=+59.6808 eval_length= 60.00
update= 971 mean_reward=+59.6244 mean_length= 60.00 policy_loss=-0.00013 value_loss=+0.06862 ratio=1.0000 kl=0.0200
update= 972 mean_reward=+59.6306 mean_length= 60.00 policy_loss=+0.00230 value_loss=+0.00536 ratio=0.9999 kl=0.0242
update= 973 mean_reward=+59.6229 mean_length= 60.00 policy_loss=+0.00246 value_loss=+0.15328 ratio=1.0000 kl=0.0344
update= 974 mean_reward=+59.6060 mean_length= 59.98 policy_loss=+0.00045 value_loss=+0.28780 ratio=1.0002 kl=0.0239
update= 975 mean_reward=+59.6231 mean_length= 59.99 policy_loss=+0.00182 value_loss=+0.08808 ratio=0.9998 kl=0.0256 | eval_reward=+59.6794 eval_length= 60.00
update= 976 mean_reward=+59.6092 mean_length= 59.98 policy_loss=-0.00020 value_loss=+0.25293 ratio=1.0002 kl=0.0241
update= 977 mean_reward=+59.6204 mean_length= 60.00 policy_loss=+0.00133 value_loss=+0.00692 ratio=0.9999 kl=0.0153
update= 978 mean_reward=+59.6200 mean_length= 60.00 policy_loss=+0.00306 value_loss=+0.00299 ratio=1.0001 kl=0.0203
update= 979 mean_reward=+59.6030 mean_length= 59.98 policy_loss=+0.00021 value_loss=+0.18688 ratio=1.0000 kl=0.0288
update= 980 mean_reward=+59.6107 mean_length= 59.99 policy_loss=+0.00135 value_loss=+0.10366 ratio=1.0005 kl=0.0343 | eval_reward=+59.6752 eval_length= 60.00
update= 981 mean_reward=+59.6201 mean_length= 59.99 policy_loss=+0.00023 value_loss=+0.16819 ratio=1.0004 kl=0.0304
update= 982 mean_reward=+59.6161 mean_length= 60.00 policy_loss=+0.00221 value_loss=+0.13412 ratio=0.9997 kl=0.0253
update= 983 mean_reward=+59.6008 mean_length= 59.98 policy_loss=-0.00116 value_loss=+0.24905 ratio=1.0002 kl=0.0223
update= 984 mean_reward=+59.6096 mean_length= 59.99 policy_loss=-0.00071 value_loss=+0.06378 ratio=1.0002 kl=0.0307
update= 985 mean_reward=+59.6037 mean_length= 59.99 policy_loss=+0.00104 value_loss=+0.22967 ratio=1.0000 kl=0.0262 | eval_reward=+59.6834 eval_length= 60.00
update= 986 mean_reward=+59.6075 mean_length= 59.99 policy_loss=+0.00187 value_loss=+0.20023 ratio=0.9993 kl=0.0260
update= 987 mean_reward=+59.6117 mean_length= 60.00 policy_loss=+0.00315 value_loss=+0.00351 ratio=1.0000 kl=0.0167
update= 988 mean_reward=+59.6054 mean_length= 59.99 policy_loss=+0.00065 value_loss=+0.15061 ratio=1.0001 kl=0.0321
update= 989 mean_reward=+59.5979 mean_length= 59.98 policy_loss=+0.00383 value_loss=+0.28251 ratio=1.0001 kl=0.0278
update= 990 mean_reward=+59.5970 mean_length= 59.98 policy_loss=+0.00087 value_loss=+0.25273 ratio=1.0005 kl=0.0298 | eval_reward=+59.6773 eval_length= 60.00
update= 991 mean_reward=+59.6148 mean_length= 60.00 policy_loss=+0.00243 value_loss=+0.00310 ratio=0.9998 kl=0.0181
update= 992 mean_reward=+59.6031 mean_length= 59.98 policy_loss=+0.00077 value_loss=+0.23136 ratio=1.0000 kl=0.0289
update= 993 mean_reward=+59.5755 mean_length= 59.96 policy_loss=+0.00134 value_loss=+0.53514 ratio=1.0002 kl=0.0269
update= 994 mean_reward=+59.6160 mean_length= 59.99 policy_loss=+0.00081 value_loss=+0.03322 ratio=1.0001 kl=0.0110
update= 995 mean_reward=+59.6033 mean_length= 59.99 policy_loss=+0.00037 value_loss=+0.29794 ratio=1.0002 kl=0.0269 | eval_reward=+59.6742 eval_length= 60.00
update= 996 mean_reward=+59.6070 mean_length= 59.99 policy_loss=+0.00009 value_loss=+0.10448 ratio=0.9995 kl=0.0302
update= 997 mean_reward=+59.6164 mean_length= 59.99 policy_loss=+0.00143 value_loss=+0.07619 ratio=1.0004 kl=0.0314
update= 998 mean_reward=+59.5933 mean_length= 59.98 policy_loss=-0.00015 value_loss=+0.28905 ratio=1.0001 kl=0.0232
update= 999 mean_reward=+59.6050 mean_length= 60.00 policy_loss=+0.00525 value_loss=+0.00500 ratio=1.0000 kl=0.0309
update=1000 mean_reward=+59.6029 mean_length= 59.99 policy_loss=+0.00021 value_loss=+0.21572 ratio=1.0001 kl=0.0276 | eval_reward=+59.6680 eval_length= 60.00
update=1001 mean_reward=+59.5925 mean_length= 59.97 policy_loss=+0.00139 value_loss=+0.47121 ratio=0.9999 kl=0.0268
update=1002 mean_reward=+59.5888 mean_length= 59.99 policy_loss=+0.00029 value_loss=+0.22190 ratio=0.9998 kl=0.0238
update=1003 mean_reward=+59.5988 mean_length= 59.99 policy_loss=+0.00046 value_loss=+0.14120 ratio=1.0004 kl=0.0280
update=1004 mean_reward=+59.6112 mean_length= 60.00 policy_loss=+0.00079 value_loss=+0.15174 ratio=1.0001 kl=0.0262
update=1005 mean_reward=+59.6126 mean_length= 59.99 policy_loss=+0.00047 value_loss=+0.14807 ratio=1.0000 kl=0.0290 | eval_reward=+59.6697 eval_length= 60.00
update=1006 mean_reward=+59.6143 mean_length= 59.99 policy_loss=+0.00041 value_loss=+0.07536 ratio=1.0001 kl=0.0194
update=1007 mean_reward=+59.6101 mean_length= 59.98 policy_loss=-0.00016 value_loss=+0.15681 ratio=1.0000 kl=0.0281
update=1008 mean_reward=+59.6137 mean_length= 59.99 policy_loss=+0.00135 value_loss=+0.07998 ratio=0.9998 kl=0.0259
update=1009 mean_reward=+59.6224 mean_length= 60.00 policy_loss=+0.00249 value_loss=+0.02613 ratio=1.0003 kl=0.0270
update=1010 mean_reward=+59.6209 mean_length= 59.99 policy_loss=-0.00101 value_loss=+0.05824 ratio=0.9996 kl=0.0262 | eval_reward=+59.6782 eval_length= 60.00
update=1011 mean_reward=+59.6044 mean_length= 59.98 policy_loss=+0.00120 value_loss=+0.21555 ratio=1.0005 kl=0.0267
update=1012 mean_reward=+59.6136 mean_length= 60.00 policy_loss=+0.00155 value_loss=+0.09802 ratio=0.9998 kl=0.0325
update=1013 mean_reward=+59.6216 mean_length= 60.00 policy_loss=+0.00076 value_loss=+0.08601 ratio=0.9993 kl=0.0294
update=1014 mean_reward=+59.6159 mean_length= 59.99 policy_loss=+0.00040 value_loss=+0.24508 ratio=0.9997 kl=0.0244
update=1015 mean_reward=+59.5998 mean_length= 59.98 policy_loss=+0.00141 value_loss=+0.34422 ratio=1.0000 kl=0.0355 | eval_reward=+59.6662 eval_length= 60.00
update=1016 mean_reward=+59.6027 mean_length= 59.99 policy_loss=+0.00188 value_loss=+0.24112 ratio=1.0001 kl=0.0268
update=1017 mean_reward=+59.6222 mean_length= 60.00 policy_loss=+0.00231 value_loss=+0.09001 ratio=1.0002 kl=0.0282
update=1018 mean_reward=+59.6106 mean_length= 60.00 policy_loss=+0.00069 value_loss=+0.08071 ratio=0.9999 kl=0.0206
update=1019 mean_reward=+59.5991 mean_length= 59.98 policy_loss=-0.00093 value_loss=+0.35128 ratio=0.9998 kl=0.0230
update=1020 mean_reward=+59.6138 mean_length= 59.99 policy_loss=+0.00042 value_loss=+0.06078 ratio=0.9995 kl=0.0230 | eval_reward=+59.6647 eval_length= 60.00
update=1021 mean_reward=+59.6175 mean_length= 59.99 policy_loss=+0.00169 value_loss=+0.15422 ratio=0.9997 kl=0.0298
update=1022 mean_reward=+59.6126 mean_length= 59.99 policy_loss=+0.00234 value_loss=+0.09217 ratio=0.9996 kl=0.0227
update=1023 mean_reward=+59.6136 mean_length= 60.00 policy_loss=+0.00507 value_loss=+0.16250 ratio=0.9999 kl=0.0230
update=1024 mean_reward=+59.6118 mean_length= 59.99 policy_loss=+0.00404 value_loss=+0.14138 ratio=1.0002 kl=0.0285
update=1025 mean_reward=+59.6077 mean_length= 59.99 policy_loss=-0.00099 value_loss=+0.05631 ratio=0.9998 kl=0.0286 | eval_reward=+59.6929 eval_length= 60.00
update=1026 mean_reward=+59.6028 mean_length= 60.00 policy_loss=+0.00163 value_loss=+0.00607 ratio=0.9998 kl=0.0193
update=1027 mean_reward=+59.5933 mean_length= 59.99 policy_loss=+0.00059 value_loss=+0.14722 ratio=0.9999 kl=0.0266
update=1028 mean_reward=+59.6062 mean_length= 60.00 policy_loss=+0.00100 value_loss=+0.00278 ratio=0.9998 kl=0.0149
update=1029 mean_reward=+59.6119 mean_length= 60.00 policy_loss=+0.00225 value_loss=+0.00238 ratio=0.9999 kl=0.0174
update=1030 mean_reward=+59.6128 mean_length= 60.00 policy_loss=-0.00031 value_loss=+0.07838 ratio=0.9999 kl=0.0250 | eval_reward=+59.6672 eval_length= 60.00
update=1031 mean_reward=+59.6101 mean_length= 59.99 policy_loss=+0.00140 value_loss=+0.09498 ratio=0.9999 kl=0.0252
update=1032 mean_reward=+59.6218 mean_length= 60.00 policy_loss=+0.00193 value_loss=+0.00264 ratio=1.0000 kl=0.0177
update=1033 mean_reward=+59.6189 mean_length= 59.99 policy_loss=+0.00233 value_loss=+0.10775 ratio=0.9997 kl=0.0250
update=1034 mean_reward=+59.6199 mean_length= 60.00 policy_loss=+0.00158 value_loss=+0.00264 ratio=1.0000 kl=0.0167
update=1035 mean_reward=+59.6213 mean_length= 60.00 policy_loss=+0.00254 value_loss=+0.00226 ratio=0.9998 kl=0.0218 | eval_reward=+59.6851 eval_length= 60.00
update=1036 mean_reward=+59.6153 mean_length= 59.99 policy_loss=+0.00141 value_loss=+0.10013 ratio=0.9997 kl=0.0296
update=1037 mean_reward=+59.6068 mean_length= 59.99 policy_loss=+0.00273 value_loss=+0.15434 ratio=1.0001 kl=0.0283
update=1038 mean_reward=+59.6254 mean_length= 60.00 policy_loss=+0.00228 value_loss=+0.00327 ratio=0.9997 kl=0.0204
update=1039 mean_reward=+59.6127 mean_length= 59.99 policy_loss=+0.00119 value_loss=+0.17598 ratio=0.9997 kl=0.0283
update=1040 mean_reward=+59.6284 mean_length= 60.00 policy_loss=+0.00147 value_loss=+0.13250 ratio=0.9998 kl=0.0302 | eval_reward=+59.6535 eval_length= 60.00
update=1041 mean_reward=+59.6195 mean_length= 59.99 policy_loss=+0.00150 value_loss=+0.10151 ratio=1.0001 kl=0.0330
update=1042 mean_reward=+59.6120 mean_length= 60.00 policy_loss=-0.00127 value_loss=+0.07459 ratio=0.9998 kl=0.0229
update=1043 mean_reward=+59.6177 mean_length= 59.99 policy_loss=+0.00047 value_loss=+0.06886 ratio=0.9998 kl=0.0215
update=1044 mean_reward=+59.6246 mean_length= 60.00 policy_loss=+0.00145 value_loss=+0.00384 ratio=0.9999 kl=0.0210
update=1045 mean_reward=+59.6216 mean_length= 60.00 policy_loss=+0.00185 value_loss=+0.00233 ratio=1.0002 kl=0.0151 | eval_reward=+59.7135 eval_length= 60.00  [new_best]
update=1046 mean_reward=+59.6175 mean_length= 59.99 policy_loss=+0.00146 value_loss=+0.12808 ratio=1.0003 kl=0.0257
update=1047 mean_reward=+59.6250 mean_length= 60.00 policy_loss=+0.00045 value_loss=+0.06603 ratio=1.0000 kl=0.0339
update=1048 mean_reward=+59.6321 mean_length= 60.00 policy_loss=+0.00178 value_loss=+0.09011 ratio=1.0006 kl=0.0315
update=1049 mean_reward=+59.6281 mean_length= 60.00 policy_loss=+0.00286 value_loss=+0.01422 ratio=1.0002 kl=0.0271
update=1050 mean_reward=+59.6223 mean_length= 60.00 policy_loss=+0.00047 value_loss=+0.01178 ratio=1.0000 kl=0.0189 | eval_reward=+59.6700 eval_length= 60.00
update=1051 mean_reward=+59.6131 mean_length= 59.99 policy_loss=+0.00167 value_loss=+0.20580 ratio=1.0003 kl=0.0318
update=1052 mean_reward=+59.6132 mean_length= 59.99 policy_loss=+0.00135 value_loss=+0.07262 ratio=1.0000 kl=0.0270
update=1053 mean_reward=+59.6254 mean_length= 60.00 policy_loss=+0.00223 value_loss=+0.00245 ratio=0.9998 kl=0.0196
update=1054 mean_reward=+59.6269 mean_length= 60.00 policy_loss=+0.00138 value_loss=+0.00387 ratio=1.0014 kl=0.0214
update=1055 mean_reward=+59.6347 mean_length= 60.00 policy_loss=+0.00257 value_loss=+0.00213 ratio=0.9999 kl=0.0328 | eval_reward=+59.7022 eval_length= 60.00
update=1056 mean_reward=+59.6330 mean_length= 60.00 policy_loss=+0.00297 value_loss=+0.00248 ratio=0.9999 kl=0.0232
update=1057 mean_reward=+59.6389 mean_length= 60.00 policy_loss=+0.00187 value_loss=+0.00217 ratio=0.9999 kl=0.0157
update=1058 mean_reward=+59.6411 mean_length= 60.00 policy_loss=+0.00187 value_loss=+0.09255 ratio=1.0003 kl=0.0245
update=1059 mean_reward=+59.6361 mean_length= 60.00 policy_loss=+0.00150 value_loss=+0.00422 ratio=0.9998 kl=0.0174
update=1060 mean_reward=+59.6432 mean_length= 60.00 policy_loss=+0.00147 value_loss=+0.00210 ratio=0.9998 kl=0.0142 | eval_reward=+59.6987 eval_length= 60.00
update=1061 mean_reward=+59.6290 mean_length= 59.99 policy_loss=+0.00130 value_loss=+0.22911 ratio=1.0001 kl=0.0255
update=1062 mean_reward=+59.6316 mean_length= 60.00 policy_loss=+0.00078 value_loss=+0.10598 ratio=0.9999 kl=0.0434
update=1063 mean_reward=+59.6433 mean_length= 60.00 policy_loss=-0.00008 value_loss=+0.00206 ratio=1.0001 kl=0.0271
update=1064 mean_reward=+59.6362 mean_length= 60.00 policy_loss=+0.00148 value_loss=+0.00731 ratio=1.0001 kl=0.0300
update=1065 mean_reward=+59.6498 mean_length= 60.00 policy_loss=+0.00083 value_loss=+0.00274 ratio=1.0000 kl=0.0180 | eval_reward=+59.7011 eval_length= 60.00
update=1066 mean_reward=+59.6405 mean_length= 60.00 policy_loss=+0.00093 value_loss=+0.09375 ratio=1.0003 kl=0.0266
update=1067 mean_reward=+59.6405 mean_length= 59.99 policy_loss=+0.00069 value_loss=+0.07254 ratio=0.9999 kl=0.0262
update=1068 mean_reward=+59.6327 mean_length= 59.99 policy_loss=+0.00141 value_loss=+0.21106 ratio=1.0002 kl=0.0317
update=1069 mean_reward=+59.6458 mean_length= 60.00 policy_loss=+0.00199 value_loss=+0.01114 ratio=0.9999 kl=0.0202
update=1070 mean_reward=+59.6388 mean_length= 60.00 policy_loss=+0.00002 value_loss=+0.01143 ratio=1.0002 kl=0.0208 | eval_reward=+59.7020 eval_length= 60.00
update=1071 mean_reward=+59.6438 mean_length= 60.00 policy_loss=+0.00217 value_loss=+0.00248 ratio=0.9999 kl=0.0184
update=1072 mean_reward=+59.6468 mean_length= 60.00 policy_loss=-0.00023 value_loss=+0.06170 ratio=1.0004 kl=0.0310
update=1073 mean_reward=+59.6277 mean_length= 59.99 policy_loss=-0.00162 value_loss=+0.13204 ratio=1.0003 kl=0.0252
update=1074 mean_reward=+59.6416 mean_length= 59.99 policy_loss=+0.00098 value_loss=+0.06007 ratio=0.9996 kl=0.0244
update=1075 mean_reward=+59.6471 mean_length= 60.00 policy_loss=-0.00076 value_loss=+0.05292 ratio=0.9996 kl=0.0279 | eval_reward=+59.7009 eval_length= 60.00
update=1076 mean_reward=+59.6348 mean_length= 59.99 policy_loss=+0.00085 value_loss=+0.05176 ratio=0.9997 kl=0.0301
update=1077 mean_reward=+59.6367 mean_length= 60.00 policy_loss=+0.00152 value_loss=+0.09542 ratio=1.0000 kl=0.0261
update=1078 mean_reward=+59.6356 mean_length= 60.00 policy_loss=+0.00205 value_loss=+0.00269 ratio=1.0001 kl=0.0171
update=1079 mean_reward=+59.6387 mean_length= 60.00 policy_loss=+0.00187 value_loss=+0.01022 ratio=1.0002 kl=0.0340
update=1080 mean_reward=+59.6498 mean_length= 60.00 policy_loss=+0.00160 value_loss=+0.00360 ratio=0.9998 kl=0.0266 | eval_reward=+59.7087 eval_length= 60.00
update=1081 mean_reward=+59.6410 mean_length= 60.00 policy_loss=+0.00122 value_loss=+0.00376 ratio=0.9998 kl=0.0208
update=1082 mean_reward=+59.6400 mean_length= 59.99 policy_loss=-0.00007 value_loss=+0.20774 ratio=0.9999 kl=0.0262
update=1083 mean_reward=+59.6345 mean_length= 60.00 policy_loss=+0.00015 value_loss=+0.10641 ratio=1.0004 kl=0.0217
update=1084 mean_reward=+59.6240 mean_length= 59.99 policy_loss=+0.00439 value_loss=+0.31933 ratio=0.9995 kl=0.0273
update=1085 mean_reward=+59.6374 mean_length= 60.00 policy_loss=+0.00125 value_loss=+0.00978 ratio=1.0000 kl=0.0261 | eval_reward=+59.7003 eval_length= 60.00
update=1086 mean_reward=+59.6375 mean_length= 59.99 policy_loss=+0.00074 value_loss=+0.08980 ratio=0.9999 kl=0.0264
update=1087 mean_reward=+59.6402 mean_length= 60.00 policy_loss=-0.00203 value_loss=+0.06709 ratio=1.0001 kl=0.0327
update=1088 mean_reward=+59.6383 mean_length= 59.99 policy_loss=-0.00041 value_loss=+0.05112 ratio=0.9997 kl=0.0254
update=1089 mean_reward=+59.6033 mean_length= 59.97 policy_loss=+0.00318 value_loss=+0.34066 ratio=1.0005 kl=0.0260
update=1090 mean_reward=+59.6169 mean_length= 59.98 policy_loss=-0.00073 value_loss=+0.24492 ratio=0.9999 kl=0.0216 | eval_reward=+59.7103 eval_length= 60.00
update=1091 mean_reward=+59.6258 mean_length= 59.98 policy_loss=-0.00110 value_loss=+0.29289 ratio=1.0003 kl=0.0362
update=1092 mean_reward=+59.6346 mean_length= 59.98 policy_loss=+0.00002 value_loss=+0.28362 ratio=1.0002 kl=0.0337
update=1093 mean_reward=+59.6216 mean_length= 59.99 policy_loss=+0.00200 value_loss=+0.33235 ratio=0.9999 kl=0.0301
update=1094 mean_reward=+59.6071 mean_length= 59.97 policy_loss=+0.00172 value_loss=+0.49857 ratio=1.0000 kl=0.0237
update=1095 mean_reward=+59.6271 mean_length= 59.99 policy_loss=+0.00076 value_loss=+0.15475 ratio=0.9996 kl=0.0305 | eval_reward=+59.7154 eval_length= 60.00  [new_best]
update=1096 mean_reward=+59.6075 mean_length= 59.98 policy_loss=-0.00068 value_loss=+0.12047 ratio=1.0000 kl=0.0268
update=1097 mean_reward=+59.6042 mean_length= 59.97 policy_loss=+0.00164 value_loss=+0.33405 ratio=1.0002 kl=0.0285
update=1098 mean_reward=+59.6187 mean_length= 59.99 policy_loss=+0.00104 value_loss=+0.16941 ratio=1.0001 kl=0.0214
update=1099 mean_reward=+59.6250 mean_length= 59.99 policy_loss=+0.00254 value_loss=+0.10297 ratio=0.9998 kl=0.0219
update=1100 mean_reward=+59.5920 mean_length= 59.97 policy_loss=+0.00067 value_loss=+0.42431 ratio=1.0001 kl=0.0324 | eval_reward=+59.7131 eval_length= 60.00
update=1101 mean_reward=+59.6187 mean_length= 59.98 policy_loss=-0.00222 value_loss=+0.13368 ratio=0.9998 kl=0.0331
update=1102 mean_reward=+59.6312 mean_length= 59.99 policy_loss=+0.00212 value_loss=+0.09115 ratio=0.9999 kl=0.0307
update=1103 mean_reward=+59.6262 mean_length= 59.99 policy_loss=+0.00067 value_loss=+0.21215 ratio=0.9997 kl=0.0330
update=1104 mean_reward=+59.6283 mean_length= 59.99 policy_loss=+0.00107 value_loss=+0.16956 ratio=0.9997 kl=0.0316
update=1105 mean_reward=+59.6197 mean_length= 59.99 policy_loss=+0.00017 value_loss=+0.21297 ratio=1.0001 kl=0.0263 | eval_reward=+59.7112 eval_length= 60.00
update=1106 mean_reward=+59.5976 mean_length= 59.97 policy_loss=-0.00067 value_loss=+0.37849 ratio=0.9999 kl=0.0297
update=1107 mean_reward=+59.6141 mean_length= 59.98 policy_loss=+0.00173 value_loss=+0.31374 ratio=0.9996 kl=0.0280
update=1108 mean_reward=+59.6146 mean_length= 59.99 policy_loss=+0.00218 value_loss=+0.18466 ratio=1.0002 kl=0.0254
update=1109 mean_reward=+59.6134 mean_length= 59.98 policy_loss=+0.00025 value_loss=+0.23094 ratio=0.9999 kl=0.0217
update=1110 mean_reward=+59.6135 mean_length= 59.99 policy_loss=+0.00263 value_loss=+0.10126 ratio=0.9999 kl=0.0257 | eval_reward=+59.7349 eval_length= 60.00  [new_best]
update=1111 mean_reward=+59.6262 mean_length= 60.00 policy_loss=+0.00312 value_loss=+0.00290 ratio=1.0002 kl=0.0243
update=1112 mean_reward=+59.6280 mean_length= 60.00 policy_loss=+0.00073 value_loss=+0.00316 ratio=1.0000 kl=0.0162
update=1113 mean_reward=+59.6266 mean_length= 59.99 policy_loss=-0.00040 value_loss=+0.14657 ratio=1.0001 kl=0.0239
update=1114 mean_reward=+59.6198 mean_length= 59.99 policy_loss=+0.00054 value_loss=+0.16176 ratio=0.9999 kl=0.0298
update=1115 mean_reward=+59.6358 mean_length= 60.00 policy_loss=+0.00136 value_loss=+0.00824 ratio=1.0005 kl=0.0287 | eval_reward=+59.7192 eval_length= 60.00
update=1116 mean_reward=+59.6337 mean_length= 60.00 policy_loss=+0.00194 value_loss=+0.09633 ratio=1.0001 kl=0.0242
update=1117 mean_reward=+59.6162 mean_length= 59.98 policy_loss=-0.00051 value_loss=+0.21924 ratio=1.0003 kl=0.0242
update=1118 mean_reward=+59.6324 mean_length= 60.00 policy_loss=+0.00197 value_loss=+0.00261 ratio=1.0000 kl=0.0184
update=1119 mean_reward=+59.6348 mean_length= 59.99 policy_loss=+0.00015 value_loss=+0.08607 ratio=1.0003 kl=0.0308
update=1120 mean_reward=+59.6349 mean_length= 59.99 policy_loss=+0.00206 value_loss=+0.09811 ratio=1.0002 kl=0.0258 | eval_reward=+59.7172 eval_length= 60.00
update=1121 mean_reward=+59.6263 mean_length= 59.99 policy_loss=+0.00038 value_loss=+0.15917 ratio=0.9998 kl=0.0322
update=1122 mean_reward=+59.6244 mean_length= 60.00 policy_loss=+0.00161 value_loss=+0.10418 ratio=0.9999 kl=0.0321
update=1123 mean_reward=+59.6369 mean_length= 60.00 policy_loss=+0.00105 value_loss=+0.00238 ratio=0.9999 kl=0.0188
update=1124 mean_reward=+59.6344 mean_length= 60.00 policy_loss=+0.00227 value_loss=+0.00233 ratio=0.9998 kl=0.0174
update=1125 mean_reward=+59.6370 mean_length= 60.00 policy_loss=+0.00147 value_loss=+0.00226 ratio=0.9999 kl=0.0154 | eval_reward=+59.7082 eval_length= 60.00
update=1126 mean_reward=+59.6380 mean_length= 60.00 policy_loss=+0.00157 value_loss=+0.00238 ratio=0.9998 kl=0.0161
update=1127 mean_reward=+59.6453 mean_length= 60.00 policy_loss=+0.00080 value_loss=+0.00241 ratio=1.0000 kl=0.0144
update=1128 mean_reward=+59.6466 mean_length= 60.00 policy_loss=+0.00276 value_loss=+0.00224 ratio=0.9999 kl=0.0208
update=1129 mean_reward=+59.6294 mean_length= 59.99 policy_loss=+0.00388 value_loss=+0.20277 ratio=0.9994 kl=0.0337
update=1130 mean_reward=+59.6453 mean_length= 60.00 policy_loss=+0.00206 value_loss=+0.08983 ratio=1.0000 kl=0.0283 | eval_reward=+59.7257 eval_length= 60.00
update=1131 mean_reward=+59.6310 mean_length= 59.99 policy_loss=+0.00216 value_loss=+0.24401 ratio=1.0001 kl=0.0306
update=1132 mean_reward=+59.6223 mean_length= 59.98 policy_loss=+0.00007 value_loss=+0.21095 ratio=1.0000 kl=0.0287
update=1133 mean_reward=+59.6301 mean_length= 59.99 policy_loss=+0.00103 value_loss=+0.16021 ratio=1.0000 kl=0.0306
update=1134 mean_reward=+59.6321 mean_length= 59.99 policy_loss=-0.00109 value_loss=+0.09625 ratio=0.9996 kl=0.0287
update=1135 mean_reward=+59.6411 mean_length= 60.00 policy_loss=+0.00173 value_loss=+0.00281 ratio=1.0001 kl=0.0176 | eval_reward=+59.7234 eval_length= 60.00
update=1136 mean_reward=+59.6386 mean_length= 60.00 policy_loss=+0.00178 value_loss=+0.09715 ratio=1.0006 kl=0.0308
update=1137 mean_reward=+59.6404 mean_length= 60.00 policy_loss=+0.00156 value_loss=+0.00577 ratio=1.0001 kl=0.0246
update=1138 mean_reward=+59.6400 mean_length= 59.99 policy_loss=+0.00091 value_loss=+0.15642 ratio=1.0001 kl=0.0285
update=1139 mean_reward=+59.6255 mean_length= 59.99 policy_loss=+0.00070 value_loss=+0.22036 ratio=0.9994 kl=0.0257
update=1140 mean_reward=+59.6382 mean_length= 60.00 policy_loss=+0.00060 value_loss=+0.08886 ratio=1.0002 kl=0.0324 | eval_reward=+59.7159 eval_length= 60.00
update=1141 mean_reward=+59.6334 mean_length= 59.99 policy_loss=+0.00230 value_loss=+0.15630 ratio=0.9998 kl=0.0309
update=1142 mean_reward=+59.6334 mean_length= 60.00 policy_loss=+0.00147 value_loss=+0.00412 ratio=1.0002 kl=0.0203
update=1143 mean_reward=+59.6348 mean_length= 59.99 policy_loss=+0.00128 value_loss=+0.19028 ratio=1.0000 kl=0.0229
update=1144 mean_reward=+59.6288 mean_length= 59.99 policy_loss=+0.00117 value_loss=+0.15722 ratio=1.0001 kl=0.0216
update=1145 mean_reward=+59.6200 mean_length= 59.98 policy_loss=-0.00046 value_loss=+0.21374 ratio=1.0006 kl=0.0228 | eval_reward=+59.7238 eval_length= 60.00
update=1146 mean_reward=+59.6367 mean_length= 60.00 policy_loss=+0.00150 value_loss=+0.10054 ratio=0.9998 kl=0.0371
update=1147 mean_reward=+59.6402 mean_length= 60.00 policy_loss=+0.00133 value_loss=+0.00300 ratio=0.9999 kl=0.0182
update=1148 mean_reward=+59.6329 mean_length= 59.99 policy_loss=-0.00129 value_loss=+0.11171 ratio=1.0003 kl=0.0298
update=1149 mean_reward=+59.6328 mean_length= 59.99 policy_loss=+0.00065 value_loss=+0.14344 ratio=1.0003 kl=0.0280
update=1150 mean_reward=+59.6432 mean_length= 60.00 policy_loss=-0.00112 value_loss=+0.07550 ratio=0.9999 kl=0.0217 | eval_reward=+59.7138 eval_length= 60.00
update=1151 mean_reward=+59.6319 mean_length= 59.99 policy_loss=+0.00132 value_loss=+0.23431 ratio=0.9995 kl=0.0264
update=1152 mean_reward=+59.6383 mean_length= 59.99 policy_loss=+0.00193 value_loss=+0.06311 ratio=1.0003 kl=0.0281
update=1153 mean_reward=+59.6152 mean_length= 59.98 policy_loss=+0.00144 value_loss=+0.21424 ratio=0.9997 kl=0.0224
update=1154 mean_reward=+59.6271 mean_length= 59.99 policy_loss=+0.00046 value_loss=+0.15252 ratio=0.9999 kl=0.0276
update=1155 mean_reward=+59.6332 mean_length= 60.00 policy_loss=-0.00123 value_loss=+0.05362 ratio=1.0005 kl=0.0249 | eval_reward=+59.7116 eval_length= 60.00
update=1156 mean_reward=+59.6377 mean_length= 60.00 policy_loss=+0.00005 value_loss=+0.05860 ratio=0.9996 kl=0.0330
update=1157 mean_reward=+59.6309 mean_length= 60.00 policy_loss=+0.00197 value_loss=+0.07918 ratio=1.0001 kl=0.0222
update=1158 mean_reward=+59.6377 mean_length= 59.99 policy_loss=+0.00155 value_loss=+0.14874 ratio=1.0000 kl=0.0268
update=1159 mean_reward=+59.6301 mean_length= 59.99 policy_loss=-0.00036 value_loss=+0.12363 ratio=1.0002 kl=0.0268
update=1160 mean_reward=+59.6391 mean_length= 60.00 policy_loss=+0.00163 value_loss=+0.00241 ratio=1.0001 kl=0.0150 | eval_reward=+59.7109 eval_length= 60.00
update=1161 mean_reward=+59.6445 mean_length= 60.00 policy_loss=+0.00429 value_loss=+0.00243 ratio=1.0001 kl=0.0223
update=1162 mean_reward=+59.6495 mean_length= 60.00 policy_loss=+0.00138 value_loss=+0.00223 ratio=1.0000 kl=0.0145
update=1163 mean_reward=+59.6423 mean_length= 59.99 policy_loss=+0.00166 value_loss=+0.09266 ratio=0.9998 kl=0.0298
update=1164 mean_reward=+59.6422 mean_length= 59.99 policy_loss=+0.00017 value_loss=+0.03971 ratio=0.9997 kl=0.0218
update=1165 mean_reward=+59.6385 mean_length= 60.00 policy_loss=+0.00476 value_loss=+0.00386 ratio=1.0001 kl=0.0344 | eval_reward=+59.6934 eval_length= 60.00
update=1166 mean_reward=+59.6368 mean_length= 60.00 policy_loss=+0.00153 value_loss=+0.16197 ratio=1.0001 kl=0.0298
update=1167 mean_reward=+59.6392 mean_length= 60.00 policy_loss=+0.00157 value_loss=+0.00376 ratio=0.9998 kl=0.0130
update=1168 mean_reward=+59.6338 mean_length= 59.99 policy_loss=+0.00063 value_loss=+0.06442 ratio=0.9998 kl=0.0277
update=1169 mean_reward=+59.6349 mean_length= 59.99 policy_loss=-0.00193 value_loss=+0.03783 ratio=0.9997 kl=0.0306
update=1170 mean_reward=+59.6320 mean_length= 59.99 policy_loss=+0.00144 value_loss=+0.07835 ratio=1.0001 kl=0.0303 | eval_reward=+59.6966 eval_length= 60.00
update=1171 mean_reward=+59.6275 mean_length= 59.99 policy_loss=-0.00026 value_loss=+0.13413 ratio=0.9999 kl=0.0288
update=1172 mean_reward=+59.6275 mean_length= 59.99 policy_loss=+0.00267 value_loss=+0.11843 ratio=1.0004 kl=0.0310
update=1173 mean_reward=+59.6127 mean_length= 59.99 policy_loss=+0.00002 value_loss=+0.12517 ratio=1.0001 kl=0.0283
update=1174 mean_reward=+59.6216 mean_length= 59.99 policy_loss=+0.00071 value_loss=+0.13730 ratio=1.0003 kl=0.0320
update=1175 mean_reward=+59.6384 mean_length= 60.00 policy_loss=+0.00307 value_loss=+0.00294 ratio=0.9998 kl=0.0177 | eval_reward=+59.6904 eval_length= 60.00
update=1176 mean_reward=+59.6337 mean_length= 60.00 policy_loss=+0.00224 value_loss=+0.00211 ratio=0.9999 kl=0.0173
update=1177 mean_reward=+59.6417 mean_length= 60.00 policy_loss=+0.00160 value_loss=+0.00200 ratio=0.9999 kl=0.0125
update=1178 mean_reward=+59.6373 mean_length= 60.00 policy_loss=+0.00065 value_loss=+0.00298 ratio=1.0003 kl=0.0136
update=1179 mean_reward=+59.6395 mean_length= 59.99 policy_loss=-0.00175 value_loss=+0.03682 ratio=0.9999 kl=0.0200
update=1180 mean_reward=+59.6287 mean_length= 59.99 policy_loss=+0.00152 value_loss=+0.19305 ratio=1.0003 kl=0.0272 | eval_reward=+59.7115 eval_length= 60.00
update=1181 mean_reward=+59.6427 mean_length= 60.00 policy_loss=+0.00202 value_loss=+0.00241 ratio=0.9998 kl=0.0202
update=1182 mean_reward=+59.6347 mean_length= 59.99 policy_loss=+0.00118 value_loss=+0.18328 ratio=0.9999 kl=0.0265
update=1183 mean_reward=+59.6421 mean_length= 60.00 policy_loss=+0.00134 value_loss=+0.00195 ratio=1.0000 kl=0.0152
update=1184 mean_reward=+59.6396 mean_length= 60.00 policy_loss=+0.00221 value_loss=+0.00197 ratio=1.0000 kl=0.0193
update=1185 mean_reward=+59.6315 mean_length= 59.99 policy_loss=+0.00097 value_loss=+0.17818 ratio=1.0002 kl=0.0270 | eval_reward=+59.7156 eval_length= 60.00
update=1186 mean_reward=+59.6347 mean_length= 60.00 policy_loss=-0.00024 value_loss=+0.09051 ratio=1.0001 kl=0.0310
update=1187 mean_reward=+59.6340 mean_length= 59.99 policy_loss=+0.00027 value_loss=+0.14109 ratio=0.9999 kl=0.0296
update=1188 mean_reward=+59.6270 mean_length= 59.99 policy_loss=-0.00009 value_loss=+0.14730 ratio=1.0000 kl=0.0219
update=1189 mean_reward=+59.6402 mean_length= 60.00 policy_loss=+0.00178 value_loss=+0.00272 ratio=1.0000 kl=0.0198
update=1190 mean_reward=+59.6412 mean_length= 60.00 policy_loss=+0.00132 value_loss=+0.00198 ratio=1.0000 kl=0.0145 | eval_reward=+59.7120 eval_length= 60.00
update=1191 mean_reward=+59.6341 mean_length= 60.00 policy_loss=+0.00161 value_loss=+0.07882 ratio=0.9997 kl=0.0299
update=1192 mean_reward=+59.6369 mean_length= 60.00 policy_loss=+0.00109 value_loss=+0.07458 ratio=0.9998 kl=0.0337
update=1193 mean_reward=+59.6441 mean_length= 60.00 policy_loss=+0.00089 value_loss=+0.01293 ratio=0.9999 kl=0.0210
update=1194 mean_reward=+59.6462 mean_length= 60.00 policy_loss=+0.00216 value_loss=+0.00191 ratio=1.0000 kl=0.0167
update=1195 mean_reward=+59.6343 mean_length= 59.99 policy_loss=+0.00253 value_loss=+0.27448 ratio=1.0001 kl=0.0292 | eval_reward=+59.7142 eval_length= 60.00
update=1196 mean_reward=+59.6393 mean_length= 60.00 policy_loss=-0.00049 value_loss=+0.08213 ratio=1.0004 kl=0.0261
update=1197 mean_reward=+59.6405 mean_length= 59.99 policy_loss=+0.00166 value_loss=+0.17464 ratio=0.9999 kl=0.0217
update=1198 mean_reward=+59.6315 mean_length= 59.98 policy_loss=+0.00084 value_loss=+0.29667 ratio=0.9999 kl=0.0260
update=1199 mean_reward=+59.6160 mean_length= 59.98 policy_loss=-0.00022 value_loss=+0.34156 ratio=0.9999 kl=0.0231
update=1200 mean_reward=+59.6216 mean_length= 59.98 policy_loss=+0.00071 value_loss=+0.38332 ratio=1.0000 kl=0.0235 | eval_reward=+59.7094 eval_length= 60.00
update=1201 mean_reward=+59.6391 mean_length= 60.00 policy_loss=+0.00029 value_loss=+0.09177 ratio=0.9998 kl=0.0254
update=1202 mean_reward=+59.6249 mean_length= 59.98 policy_loss=+0.00112 value_loss=+0.38316 ratio=0.9996 kl=0.0255
update=1203 mean_reward=+59.6150 mean_length= 59.97 policy_loss=-0.00005 value_loss=+0.42936 ratio=1.0000 kl=0.0261
update=1204 mean_reward=+59.6203 mean_length= 59.98 policy_loss=+0.00123 value_loss=+0.23160 ratio=1.0000 kl=0.0273
update=1205 mean_reward=+59.6204 mean_length= 59.98 policy_loss=+0.00284 value_loss=+0.33576 ratio=1.0003 kl=0.0242 | eval_reward=+59.7122 eval_length= 60.00
update=1206 mean_reward=+59.6462 mean_length= 60.00 policy_loss=+0.00206 value_loss=+0.00386 ratio=0.9997 kl=0.0220
update=1207 mean_reward=+59.6426 mean_length= 60.00 policy_loss=+0.00013 value_loss=+0.07575 ratio=1.0005 kl=0.0279
update=1208 mean_reward=+59.6398 mean_length= 59.99 policy_loss=+0.00045 value_loss=+0.07313 ratio=0.9999 kl=0.0231
update=1209 mean_reward=+59.6328 mean_length= 59.99 policy_loss=-0.00032 value_loss=+0.05857 ratio=1.0002 kl=0.0335
update=1210 mean_reward=+59.6374 mean_length= 59.99 policy_loss=+0.00118 value_loss=+0.07664 ratio=0.9999 kl=0.0269 | eval_reward=+59.6971 eval_length= 60.00
update=1211 mean_reward=+59.6427 mean_length= 59.99 policy_loss=-0.00026 value_loss=+0.13695 ratio=1.0003 kl=0.0221
update=1212 mean_reward=+59.6298 mean_length= 59.99 policy_loss=+0.00162 value_loss=+0.29085 ratio=0.9995 kl=0.0281
update=1213 mean_reward=+59.6392 mean_length= 59.99 policy_loss=+0.00179 value_loss=+0.19113 ratio=0.9997 kl=0.0261
update=1214 mean_reward=+59.6242 mean_length= 59.98 policy_loss=+0.00165 value_loss=+0.22302 ratio=1.0005 kl=0.0279
update=1215 mean_reward=+59.6403 mean_length= 59.99 policy_loss=+0.00132 value_loss=+0.13221 ratio=0.9996 kl=0.0293 | eval_reward=+59.6991 eval_length= 60.00
update=1216 mean_reward=+59.6485 mean_length= 60.00 policy_loss=+0.00129 value_loss=+0.00247 ratio=0.9999 kl=0.0134
update=1217 mean_reward=+59.6486 mean_length= 60.00 policy_loss=+0.00252 value_loss=+0.00236 ratio=1.0001 kl=0.0174
update=1218 mean_reward=+59.6416 mean_length= 59.99 policy_loss=+0.00238 value_loss=+0.18800 ratio=0.9994 kl=0.0245
update=1219 mean_reward=+59.6524 mean_length= 60.00 policy_loss=+0.00225 value_loss=+0.00204 ratio=0.9997 kl=0.0296
update=1220 mean_reward=+59.6548 mean_length= 60.00 policy_loss=+0.00257 value_loss=+0.00233 ratio=1.0001 kl=0.0254 | eval_reward=+59.6908 eval_length= 60.00
update=1221 mean_reward=+59.6413 mean_length= 59.99 policy_loss=+0.00002 value_loss=+0.12617 ratio=1.0004 kl=0.0240
update=1222 mean_reward=+59.6549 mean_length= 60.00 policy_loss=+0.00167 value_loss=+0.00213 ratio=0.9999 kl=0.0154
update=1223 mean_reward=+59.6441 mean_length= 59.99 policy_loss=+0.00109 value_loss=+0.13859 ratio=0.9997 kl=0.0225
update=1224 mean_reward=+59.6530 mean_length= 60.00 policy_loss=+0.00422 value_loss=+0.00196 ratio=0.9999 kl=0.0265
update=1225 mean_reward=+59.6571 mean_length= 60.00 policy_loss=+0.00243 value_loss=+0.00189 ratio=0.9999 kl=0.0164 | eval_reward=+59.7140 eval_length= 60.00
update=1226 mean_reward=+59.6510 mean_length= 59.99 policy_loss=+0.00125 value_loss=+0.24612 ratio=1.0001 kl=0.0284
update=1227 mean_reward=+59.6483 mean_length= 59.99 policy_loss=+0.00012 value_loss=+0.06388 ratio=1.0001 kl=0.0236
update=1228 mean_reward=+59.6564 mean_length= 60.00 policy_loss=+0.00129 value_loss=+0.00509 ratio=0.9999 kl=0.0218
update=1229 mean_reward=+59.6496 mean_length= 59.99 policy_loss=+0.00164 value_loss=+0.06436 ratio=1.0002 kl=0.0358
update=1230 mean_reward=+59.6626 mean_length= 60.00 policy_loss=+0.00176 value_loss=+0.00245 ratio=0.9999 kl=0.0184 | eval_reward=+59.7109 eval_length= 60.00
update=1231 mean_reward=+59.6539 mean_length= 60.00 policy_loss=-0.00046 value_loss=+0.06365 ratio=1.0003 kl=0.0224
update=1232 mean_reward=+59.6647 mean_length= 60.00 policy_loss=+0.00093 value_loss=+0.00254 ratio=0.9998 kl=0.0190
update=1233 mean_reward=+59.6572 mean_length= 59.99 policy_loss=+0.00103 value_loss=+0.07849 ratio=0.9999 kl=0.0322
update=1234 mean_reward=+59.6569 mean_length= 60.00 policy_loss=+0.00281 value_loss=+0.00194 ratio=0.9997 kl=0.0186
update=1235 mean_reward=+59.6474 mean_length= 59.99 policy_loss=+0.00108 value_loss=+0.10093 ratio=1.0000 kl=0.0314 | eval_reward=+59.6834 eval_length= 60.00
update=1236 mean_reward=+59.6627 mean_length= 60.00 policy_loss=+0.00130 value_loss=+0.00286 ratio=0.9999 kl=0.0223
update=1237 mean_reward=+59.6545 mean_length= 59.99 policy_loss=+0.00135 value_loss=+0.17503 ratio=0.9998 kl=0.0285
update=1238 mean_reward=+59.6591 mean_length= 59.99 policy_loss=+0.00006 value_loss=+0.14284 ratio=0.9998 kl=0.0281
update=1239 mean_reward=+59.6540 mean_length= 59.99 policy_loss=+0.00027 value_loss=+0.16313 ratio=0.9997 kl=0.0331
update=1240 mean_reward=+59.6557 mean_length= 59.99 policy_loss=+0.00054 value_loss=+0.06111 ratio=1.0002 kl=0.0317 | eval_reward=+59.6765 eval_length= 60.00
update=1241 mean_reward=+59.6614 mean_length= 60.00 policy_loss=+0.00197 value_loss=+0.00210 ratio=1.0000 kl=0.0156
update=1242 mean_reward=+59.6560 mean_length= 59.99 policy_loss=+0.00134 value_loss=+0.08624 ratio=1.0005 kl=0.0267
update=1243 mean_reward=+59.6510 mean_length= 59.99 policy_loss=+0.00150 value_loss=+0.17500 ratio=1.0003 kl=0.0227
update=1244 mean_reward=+59.6519 mean_length= 59.99 policy_loss=+0.00032 value_loss=+0.15003 ratio=1.0002 kl=0.0322
update=1245 mean_reward=+59.6566 mean_length= 60.00 policy_loss=+0.00204 value_loss=+0.00351 ratio=0.9999 kl=0.0192 | eval_reward=+59.7063 eval_length= 60.00
update=1246 mean_reward=+59.6520 mean_length= 59.99 policy_loss=+0.00042 value_loss=+0.12532 ratio=0.9999 kl=0.0213
update=1247 mean_reward=+59.6433 mean_length= 59.98 policy_loss=+0.00040 value_loss=+0.29473 ratio=1.0001 kl=0.0258
update=1248 mean_reward=+59.6536 mean_length= 59.99 policy_loss=+0.00207 value_loss=+0.11141 ratio=1.0004 kl=0.0238
update=1249 mean_reward=+59.6546 mean_length= 60.00 policy_loss=+0.00037 value_loss=+0.15253 ratio=0.9998 kl=0.0227
update=1250 mean_reward=+59.6547 mean_length= 60.00 policy_loss=+0.00120 value_loss=+0.00349 ratio=1.0001 kl=0.0198 | eval_reward=+59.7086 eval_length= 60.00
update=1251 mean_reward=+59.6568 mean_length= 60.00 policy_loss=+0.00155 value_loss=+0.00207 ratio=1.0000 kl=0.0182
update=1252 mean_reward=+59.6546 mean_length= 60.00 policy_loss=+0.00123 value_loss=+0.06783 ratio=1.0001 kl=0.0335
update=1253 mean_reward=+59.6562 mean_length= 60.00 policy_loss=+0.00146 value_loss=+0.00346 ratio=1.0001 kl=0.0178
update=1254 mean_reward=+59.6602 mean_length= 60.00 policy_loss=+0.00209 value_loss=+0.00861 ratio=0.9995 kl=0.0298
update=1255 mean_reward=+59.6520 mean_length= 59.99 policy_loss=+0.00032 value_loss=+0.14708 ratio=1.0000 kl=0.0245 | eval_reward=+59.7006 eval_length= 60.00
update=1256 mean_reward=+59.6524 mean_length= 59.99 policy_loss=-0.00016 value_loss=+0.05457 ratio=1.0001 kl=0.0257
update=1257 mean_reward=+59.6578 mean_length= 59.99 policy_loss=+0.00000 value_loss=+0.14060 ratio=0.9999 kl=0.0221
update=1258 mean_reward=+59.6434 mean_length= 59.99 policy_loss=+0.00024 value_loss=+0.14572 ratio=0.9996 kl=0.0321
update=1259 mean_reward=+59.6608 mean_length= 60.00 policy_loss=+0.00284 value_loss=+0.00187 ratio=0.9999 kl=0.0173
update=1260 mean_reward=+59.6531 mean_length= 59.99 policy_loss=+0.00078 value_loss=+0.06875 ratio=1.0001 kl=0.0351 | eval_reward=+59.7116 eval_length= 60.00
update=1261 mean_reward=+59.6611 mean_length= 60.00 policy_loss=+0.00204 value_loss=+0.00182 ratio=1.0002 kl=0.0169
update=1262 mean_reward=+59.6455 mean_length= 59.99 policy_loss=-0.00082 value_loss=+0.11510 ratio=0.9999 kl=0.0250
update=1263 mean_reward=+59.6575 mean_length= 60.00 policy_loss=+0.00262 value_loss=+0.01874 ratio=1.0008 kl=0.0255
update=1264 mean_reward=+59.6603 mean_length= 60.00 policy_loss=+0.00142 value_loss=+0.00210 ratio=0.9998 kl=0.0171
update=1265 mean_reward=+59.6479 mean_length= 59.98 policy_loss=+0.00050 value_loss=+0.17308 ratio=1.0002 kl=0.0279 | eval_reward=+59.7274 eval_length= 60.00
update=1266 mean_reward=+59.6603 mean_length= 60.00 policy_loss=+0.00341 value_loss=+0.00210 ratio=1.0003 kl=0.0222
update=1267 mean_reward=+59.6271 mean_length= 59.97 policy_loss=-0.00093 value_loss=+0.39470 ratio=0.9999 kl=0.0318
update=1268 mean_reward=+59.6376 mean_length= 59.99 policy_loss=+0.00245 value_loss=+0.26273 ratio=0.9998 kl=0.0268
update=1269 mean_reward=+59.6449 mean_length= 59.99 policy_loss=+0.00098 value_loss=+0.06075 ratio=0.9999 kl=0.0367
update=1270 mean_reward=+59.6324 mean_length= 59.99 policy_loss=+0.00163 value_loss=+0.17035 ratio=0.9999 kl=0.0288 | eval_reward=+59.7092 eval_length= 60.00
update=1271 mean_reward=+59.6227 mean_length= 59.98 policy_loss=-0.00147 value_loss=+0.22420 ratio=1.0002 kl=0.0232
update=1272 mean_reward=+59.6331 mean_length= 59.99 policy_loss=+0.00084 value_loss=+0.26012 ratio=1.0005 kl=0.0281
update=1273 mean_reward=+59.6380 mean_length= 60.00 policy_loss=+0.00085 value_loss=+0.09917 ratio=1.0002 kl=0.0202
update=1274 mean_reward=+59.6391 mean_length= 60.00 policy_loss=+0.00061 value_loss=+0.06133 ratio=1.0000 kl=0.0283
update=1275 mean_reward=+59.6422 mean_length= 59.99 policy_loss=+0.00190 value_loss=+0.10045 ratio=0.9999 kl=0.0326 | eval_reward=+59.7047 eval_length= 60.00
update=1276 mean_reward=+59.6416 mean_length= 59.99 policy_loss=+0.00118 value_loss=+0.06779 ratio=0.9998 kl=0.0337
update=1277 mean_reward=+59.6433 mean_length= 59.99 policy_loss=-0.00057 value_loss=+0.12419 ratio=0.9999 kl=0.0280
update=1278 mean_reward=+59.6498 mean_length= 60.00 policy_loss=+0.00125 value_loss=+0.00366 ratio=1.0001 kl=0.0246
update=1279 mean_reward=+59.6475 mean_length= 60.00 policy_loss=+0.00181 value_loss=+0.00211 ratio=0.9999 kl=0.0172
update=1280 mean_reward=+59.6488 mean_length= 60.00 policy_loss=+0.00111 value_loss=+0.00223 ratio=1.0002 kl=0.0204 | eval_reward=+59.6992 eval_length= 60.00
update=1281 mean_reward=+59.6495 mean_length= 60.00 policy_loss=+0.00102 value_loss=+0.00188 ratio=0.9999 kl=0.0141
update=1282 mean_reward=+59.6272 mean_length= 59.98 policy_loss=-0.00012 value_loss=+0.33359 ratio=1.0001 kl=0.0230
update=1283 mean_reward=+59.6517 mean_length= 59.99 policy_loss=-0.00029 value_loss=+0.14026 ratio=1.0002 kl=0.0239
update=1284 mean_reward=+59.6317 mean_length= 59.98 policy_loss=+0.00227 value_loss=+0.40098 ratio=1.0005 kl=0.0297
update=1285 mean_reward=+59.6522 mean_length= 59.99 policy_loss=+0.00062 value_loss=+0.07475 ratio=0.9997 kl=0.0288 | eval_reward=+59.7016 eval_length= 60.00
update=1286 mean_reward=+59.6631 mean_length= 60.00 policy_loss=+0.00078 value_loss=+0.00305 ratio=1.0001 kl=0.0175
update=1287 mean_reward=+59.6490 mean_length= 59.99 policy_loss=+0.00041 value_loss=+0.22606 ratio=1.0001 kl=0.0257
update=1288 mean_reward=+59.6421 mean_length= 59.98 policy_loss=-0.00057 value_loss=+0.17029 ratio=1.0001 kl=0.0217
update=1289 mean_reward=+59.6489 mean_length= 59.99 policy_loss=-0.00057 value_loss=+0.22236 ratio=1.0003 kl=0.0226
update=1290 mean_reward=+59.6460 mean_length= 59.99 policy_loss=-0.00087 value_loss=+0.10132 ratio=1.0002 kl=0.0281 | eval_reward=+59.7040 eval_length= 60.00
update=1291 mean_reward=+59.6556 mean_length= 59.99 policy_loss=+0.00181 value_loss=+0.06158 ratio=1.0000 kl=0.0326
update=1292 mean_reward=+59.6457 mean_length= 59.99 policy_loss=+0.00064 value_loss=+0.23454 ratio=1.0003 kl=0.0312
update=1293 mean_reward=+59.6449 mean_length= 59.99 policy_loss=+0.00208 value_loss=+0.07520 ratio=1.0003 kl=0.0318
update=1294 mean_reward=+59.6385 mean_length= 59.99 policy_loss=+0.00199 value_loss=+0.24257 ratio=0.9999 kl=0.0304
update=1295 mean_reward=+59.6496 mean_length= 59.99 policy_loss=+0.00182 value_loss=+0.03662 ratio=1.0001 kl=0.0295 | eval_reward=+59.7158 eval_length= 60.00
update=1296 mean_reward=+59.6554 mean_length= 60.00 policy_loss=+0.00096 value_loss=+0.00271 ratio=1.0001 kl=0.0160
update=1297 mean_reward=+59.6532 mean_length= 59.99 policy_loss=+0.00112 value_loss=+0.06421 ratio=0.9998 kl=0.0284
update=1298 mean_reward=+59.6485 mean_length= 60.00 policy_loss=+0.00031 value_loss=+0.08382 ratio=0.9999 kl=0.0245
update=1299 mean_reward=+59.6438 mean_length= 59.99 policy_loss=-0.00032 value_loss=+0.25194 ratio=0.9998 kl=0.0335
update=1300 mean_reward=+59.6529 mean_length= 60.00 policy_loss=+0.00129 value_loss=+0.00225 ratio=0.9999 kl=0.0153 | eval_reward=+59.6931 eval_length= 60.00
update=1301 mean_reward=+59.6569 mean_length= 60.00 policy_loss=+0.00109 value_loss=+0.00252 ratio=0.9999 kl=0.0157
update=1302 mean_reward=+59.6501 mean_length= 59.99 policy_loss=+0.00089 value_loss=+0.06708 ratio=0.9998 kl=0.0277
update=1303 mean_reward=+59.6513 mean_length= 59.99 policy_loss=+0.00128 value_loss=+0.06470 ratio=1.0003 kl=0.0267
update=1304 mean_reward=+59.6586 mean_length= 60.00 policy_loss=+0.00560 value_loss=+0.00204 ratio=1.0004 kl=0.0294
update=1305 mean_reward=+59.6627 mean_length= 60.00 policy_loss=+0.00221 value_loss=+0.00172 ratio=0.9996 kl=0.0158 | eval_reward=+59.6694 eval_length= 60.00
update=1306 mean_reward=+59.6490 mean_length= 59.99 policy_loss=+0.00169 value_loss=+0.06084 ratio=1.0001 kl=0.0312
update=1307 mean_reward=+59.6610 mean_length= 60.00 policy_loss=+0.00338 value_loss=+0.00230 ratio=0.9999 kl=0.0193
update=1308 mean_reward=+59.6631 mean_length= 60.00 policy_loss=+0.00211 value_loss=+0.00241 ratio=1.0000 kl=0.0223
update=1309 mean_reward=+59.6594 mean_length= 59.99 policy_loss=+0.00044 value_loss=+0.06528 ratio=0.9998 kl=0.0270
update=1310 mean_reward=+59.6594 mean_length= 59.99 policy_loss=+0.00099 value_loss=+0.06670 ratio=1.0000 kl=0.0270 | eval_reward=+59.6899 eval_length= 60.00
update=1311 mean_reward=+59.6600 mean_length= 59.99 policy_loss=-0.00028 value_loss=+0.17942 ratio=1.0005 kl=0.0305
update=1312 mean_reward=+59.6629 mean_length= 60.00 policy_loss=+0.00177 value_loss=+0.00239 ratio=1.0000 kl=0.0189
update=1313 mean_reward=+59.6570 mean_length= 59.99 policy_loss=-0.00256 value_loss=+0.11488 ratio=1.0001 kl=0.0279
update=1314 mean_reward=+59.6506 mean_length= 59.99 policy_loss=-0.00056 value_loss=+0.21231 ratio=1.0000 kl=0.0294
update=1315 mean_reward=+59.6478 mean_length= 59.99 policy_loss=-0.00057 value_loss=+0.12883 ratio=0.9999 kl=0.0271 | eval_reward=+59.7056 eval_length= 60.00
update=1316 mean_reward=+59.6498 mean_length= 60.00 policy_loss=+0.00139 value_loss=+0.09063 ratio=1.0000 kl=0.0298
update=1317 mean_reward=+59.6294 mean_length= 59.98 policy_loss=-0.00020 value_loss=+0.39487 ratio=1.0005 kl=0.0540
update=1318 mean_reward=+59.6434 mean_length= 59.98 policy_loss=-0.00048 value_loss=+0.18760 ratio=1.0003 kl=0.0338
update=1319 mean_reward=+59.6523 mean_length= 59.99 policy_loss=-0.00166 value_loss=+0.13399 ratio=0.9998 kl=0.0383
update=1320 mean_reward=+59.6520 mean_length= 59.99 policy_loss=+0.00089 value_loss=+0.06056 ratio=1.0001 kl=0.0342 | eval_reward=+59.7165 eval_length= 60.00
update=1321 mean_reward=+59.6429 mean_length= 59.99 policy_loss=+0.00046 value_loss=+0.24446 ratio=1.0002 kl=0.0297
update=1322 mean_reward=+59.6279 mean_length= 59.97 policy_loss=+0.00218 value_loss=+0.34620 ratio=0.9995 kl=0.0211
update=1323 mean_reward=+59.6513 mean_length= 59.99 policy_loss=+0.00114 value_loss=+0.05972 ratio=1.0000 kl=0.0289
update=1324 mean_reward=+59.6392 mean_length= 59.98 policy_loss=+0.00174 value_loss=+0.24296 ratio=1.0000 kl=0.0278
update=1325 mean_reward=+59.6377 mean_length= 59.98 policy_loss=-0.00031 value_loss=+0.23761 ratio=0.9997 kl=0.0273 | eval_reward=+59.7121 eval_length= 60.00
update=1326 mean_reward=+59.6650 mean_length= 60.00 policy_loss=+0.00077 value_loss=+0.07860 ratio=0.9997 kl=0.0247
update=1327 mean_reward=+59.6475 mean_length= 59.98 policy_loss=-0.00039 value_loss=+0.29580 ratio=0.9996 kl=0.0313
update=1328 mean_reward=+59.6584 mean_length= 60.00 policy_loss=+0.00125 value_loss=+0.08442 ratio=0.9998 kl=0.0366
update=1329 mean_reward=+59.6623 mean_length= 59.99 policy_loss=-0.00046 value_loss=+0.09214 ratio=0.9998 kl=0.0341
update=1330 mean_reward=+59.6532 mean_length= 59.99 policy_loss=+0.00140 value_loss=+0.16514 ratio=1.0001 kl=0.0276 | eval_reward=+59.7009 eval_length= 60.00
update=1331 mean_reward=+59.6452 mean_length= 59.99 policy_loss=+0.00216 value_loss=+0.29761 ratio=1.0000 kl=0.0237
update=1332 mean_reward=+59.6578 mean_length= 59.99 policy_loss=-0.00177 value_loss=+0.04563 ratio=1.0006 kl=0.0321
update=1333 mean_reward=+59.6505 mean_length= 59.99 policy_loss=-0.00025 value_loss=+0.06201 ratio=1.0003 kl=0.0286
update=1334 mean_reward=+59.6576 mean_length= 60.00 policy_loss=+0.00144 value_loss=+0.00276 ratio=1.0000 kl=0.0196
update=1335 mean_reward=+59.6605 mean_length= 60.00 policy_loss=+0.00024 value_loss=+0.00308 ratio=1.0001 kl=0.0156 | eval_reward=+59.7027 eval_length= 60.00
update=1336 mean_reward=+59.6645 mean_length= 60.00 policy_loss=+0.00034 value_loss=+0.06984 ratio=0.9999 kl=0.0270
update=1337 mean_reward=+59.6469 mean_length= 59.99 policy_loss=+0.00029 value_loss=+0.14123 ratio=1.0005 kl=0.0275
update=1338 mean_reward=+59.6483 mean_length= 59.99 policy_loss=-0.00162 value_loss=+0.09525 ratio=0.9997 kl=0.0265
update=1339 mean_reward=+59.6561 mean_length= 59.99 policy_loss=-0.00007 value_loss=+0.10489 ratio=1.0001 kl=0.0284
update=1340 mean_reward=+59.6553 mean_length= 60.00 policy_loss=-0.00085 value_loss=+0.06708 ratio=1.0002 kl=0.0217 | eval_reward=+59.7053 eval_length= 60.00
update=1341 mean_reward=+59.6539 mean_length= 60.00 policy_loss=+0.00145 value_loss=+0.10336 ratio=1.0004 kl=0.0331
update=1342 mean_reward=+59.6555 mean_length= 60.00 policy_loss=+0.00336 value_loss=+0.13495 ratio=1.0004 kl=0.0231
update=1343 mean_reward=+59.6465 mean_length= 59.98 policy_loss=-0.00062 value_loss=+0.19118 ratio=1.0004 kl=0.0247
update=1344 mean_reward=+59.6610 mean_length= 60.00 policy_loss=+0.00177 value_loss=+0.00203 ratio=0.9998 kl=0.0165
update=1345 mean_reward=+59.6629 mean_length= 60.00 policy_loss=+0.00078 value_loss=+0.00326 ratio=1.0001 kl=0.0168 | eval_reward=+59.7089 eval_length= 60.00
update=1346 mean_reward=+59.6711 mean_length= 60.00 policy_loss=+0.00140 value_loss=+0.00319 ratio=1.0001 kl=0.0236
update=1347 mean_reward=+59.6661 mean_length= 60.00 policy_loss=+0.00106 value_loss=+0.00187 ratio=1.0000 kl=0.0152
update=1348 mean_reward=+59.6648 mean_length= 60.00 policy_loss=+0.00051 value_loss=+0.08691 ratio=1.0001 kl=0.0305
update=1349 mean_reward=+59.6727 mean_length= 60.00 policy_loss=+0.00065 value_loss=+0.01130 ratio=0.9999 kl=0.0159
update=1350 mean_reward=+59.6659 mean_length= 60.00 policy_loss=+0.00123 value_loss=+0.08336 ratio=0.9999 kl=0.0308 | eval_reward=+59.7006 eval_length= 60.00
update=1351 mean_reward=+59.6601 mean_length= 59.99 policy_loss=+0.00041 value_loss=+0.06071 ratio=1.0000 kl=0.0211
update=1352 mean_reward=+59.6668 mean_length= 60.00 policy_loss=+0.00060 value_loss=+0.00339 ratio=1.0002 kl=0.0202
update=1353 mean_reward=+59.6436 mean_length= 59.97 policy_loss=+0.00238 value_loss=+0.43118 ratio=0.9992 kl=0.0334
update=1354 mean_reward=+59.6518 mean_length= 59.98 policy_loss=+0.00257 value_loss=+0.24905 ratio=0.9997 kl=0.0316
update=1355 mean_reward=+59.6547 mean_length= 59.99 policy_loss=+0.00155 value_loss=+0.10978 ratio=1.0004 kl=0.0266 | eval_reward=+59.7032 eval_length= 60.00
update=1356 mean_reward=+59.6607 mean_length= 59.99 policy_loss=+0.00112 value_loss=+0.07371 ratio=0.9999 kl=0.0275
update=1357 mean_reward=+59.6558 mean_length= 59.99 policy_loss=+0.00111 value_loss=+0.05861 ratio=1.0001 kl=0.0266
update=1358 mean_reward=+59.6568 mean_length= 59.99 policy_loss=+0.00163 value_loss=+0.18026 ratio=1.0002 kl=0.0229
update=1359 mean_reward=+59.6620 mean_length= 59.99 policy_loss=+0.00133 value_loss=+0.06385 ratio=0.9999 kl=0.0283
update=1360 mean_reward=+59.6634 mean_length= 60.00 policy_loss=+0.00117 value_loss=+0.09961 ratio=1.0002 kl=0.0248 | eval_reward=+59.7058 eval_length= 60.00
update=1361 mean_reward=+59.6513 mean_length= 59.99 policy_loss=+0.00071 value_loss=+0.14823 ratio=1.0002 kl=0.0289
update=1362 mean_reward=+59.6649 mean_length= 60.00 policy_loss=+0.00226 value_loss=+0.00225 ratio=0.9998 kl=0.0188
update=1363 mean_reward=+59.6671 mean_length= 60.00 policy_loss=+0.00084 value_loss=+0.00216 ratio=1.0000 kl=0.0134
update=1364 mean_reward=+59.6633 mean_length= 59.99 policy_loss=+0.00131 value_loss=+0.08201 ratio=1.0002 kl=0.0302
update=1365 mean_reward=+59.6603 mean_length= 60.00 policy_loss=+0.00019 value_loss=+0.07641 ratio=1.0000 kl=0.0308 | eval_reward=+59.7087 eval_length= 60.00
update=1366 mean_reward=+59.6390 mean_length= 59.98 policy_loss=+0.00054 value_loss=+0.30004 ratio=0.9995 kl=0.0284
update=1367 mean_reward=+59.6411 mean_length= 59.99 policy_loss=+0.00107 value_loss=+0.08126 ratio=1.0004 kl=0.0296
update=1368 mean_reward=+59.6513 mean_length= 59.99 policy_loss=+0.00047 value_loss=+0.13354 ratio=0.9998 kl=0.0251
update=1369 mean_reward=+59.6551 mean_length= 60.00 policy_loss=+0.00186 value_loss=+0.09406 ratio=0.9996 kl=0.0324
update=1370 mean_reward=+59.6691 mean_length= 60.00 policy_loss=+0.00134 value_loss=+0.00386 ratio=0.9998 kl=0.0145 | eval_reward=+59.7025 eval_length= 60.00
update=1371 mean_reward=+59.6535 mean_length= 59.99 policy_loss=+0.00086 value_loss=+0.30986 ratio=0.9995 kl=0.0291
update=1372 mean_reward=+59.6638 mean_length= 60.00 policy_loss=+0.00123 value_loss=+0.01793 ratio=0.9997 kl=0.0146
update=1373 mean_reward=+59.6612 mean_length= 59.99 policy_loss=+0.00067 value_loss=+0.06480 ratio=1.0000 kl=0.0307
update=1374 mean_reward=+59.6736 mean_length= 60.00 policy_loss=+0.00207 value_loss=+0.00228 ratio=0.9999 kl=0.0202
update=1375 mean_reward=+59.6722 mean_length= 60.00 policy_loss=+0.00106 value_loss=+0.00204 ratio=1.0000 kl=0.0133 | eval_reward=+59.6967 eval_length= 60.00
update=1376 mean_reward=+59.6695 mean_length= 60.00 policy_loss=+0.00131 value_loss=+0.00220 ratio=1.0001 kl=0.0151
update=1377 mean_reward=+59.6601 mean_length= 59.99 policy_loss=-0.00157 value_loss=+0.18394 ratio=0.9998 kl=0.0298
update=1378 mean_reward=+59.6719 mean_length= 60.00 policy_loss=+0.00205 value_loss=+0.00230 ratio=1.0000 kl=0.0200
update=1379 mean_reward=+59.6730 mean_length= 60.00 policy_loss=+0.00075 value_loss=+0.00174 ratio=1.0001 kl=0.0115
update=1380 mean_reward=+59.6670 mean_length= 59.99 policy_loss=+0.00025 value_loss=+0.07660 ratio=0.9999 kl=0.0262 | eval_reward=+59.7097 eval_length= 60.00
update=1381 mean_reward=+59.6718 mean_length= 60.00 policy_loss=+0.00238 value_loss=+0.00172 ratio=1.0000 kl=0.0158
update=1382 mean_reward=+59.6662 mean_length= 59.99 policy_loss=-0.00094 value_loss=+0.13477 ratio=1.0002 kl=0.0250
update=1383 mean_reward=+59.6643 mean_length= 59.99 policy_loss=+0.00076 value_loss=+0.13370 ratio=0.9998 kl=0.0214
update=1384 mean_reward=+59.6742 mean_length= 60.00 policy_loss=+0.00011 value_loss=+0.08439 ratio=0.9999 kl=0.0289
update=1385 mean_reward=+59.6616 mean_length= 59.99 policy_loss=-0.00031 value_loss=+0.22367 ratio=1.0001 kl=0.0272 | eval_reward=+59.7145 eval_length= 60.00
update=1386 mean_reward=+59.6690 mean_length= 59.99 policy_loss=+0.00041 value_loss=+0.08205 ratio=0.9998 kl=0.0267
update=1387 mean_reward=+59.6617 mean_length= 59.99 policy_loss=+0.00075 value_loss=+0.28745 ratio=0.9997 kl=0.0264
update=1388 mean_reward=+59.6715 mean_length= 60.00 policy_loss=+0.00070 value_loss=+0.00740 ratio=0.9998 kl=0.0138
update=1389 mean_reward=+59.6696 mean_length= 59.99 policy_loss=+0.00087 value_loss=+0.07867 ratio=1.0001 kl=0.0198
update=1390 mean_reward=+59.6764 mean_length= 60.00 policy_loss=+0.00246 value_loss=+0.00188 ratio=1.0000 kl=0.0189 | eval_reward=+59.7020 eval_length= 60.00
update=1391 mean_reward=+59.6719 mean_length= 60.00 policy_loss=+0.00125 value_loss=+0.00184 ratio=1.0000 kl=0.0131
update=1392 mean_reward=+59.6635 mean_length= 59.98 policy_loss=+0.00117 value_loss=+0.22725 ratio=1.0008 kl=0.0296
update=1393 mean_reward=+59.6750 mean_length= 60.00 policy_loss=+0.00193 value_loss=+0.12368 ratio=1.0001 kl=0.0315
update=1394 mean_reward=+59.6738 mean_length= 59.99 policy_loss=-0.00005 value_loss=+0.15365 ratio=1.0002 kl=0.0319
update=1395 mean_reward=+59.6611 mean_length= 59.99 policy_loss=+0.00140 value_loss=+0.16204 ratio=0.9995 kl=0.0246 | eval_reward=+59.7089 eval_length= 60.00
update=1396 mean_reward=+59.6540 mean_length= 59.99 policy_loss=+0.00144 value_loss=+0.29977 ratio=0.9998 kl=0.0389
update=1397 mean_reward=+59.6674 mean_length= 60.00 policy_loss=+0.00258 value_loss=+0.11224 ratio=1.0001 kl=0.0300
update=1398 mean_reward=+59.6658 mean_length= 60.00 policy_loss=+0.00153 value_loss=+0.09018 ratio=0.9998 kl=0.0211
update=1399 mean_reward=+59.6613 mean_length= 59.99 policy_loss=-0.00113 value_loss=+0.05532 ratio=1.0003 kl=0.0292
update=1400 mean_reward=+59.6555 mean_length= 59.99 policy_loss=-0.00076 value_loss=+0.11621 ratio=1.0000 kl=0.0242 | eval_reward=+59.7183 eval_length= 60.00
update=1401 mean_reward=+59.6620 mean_length= 60.00 policy_loss=-0.00238 value_loss=+0.05863 ratio=1.0001 kl=0.0217
update=1402 mean_reward=+59.6552 mean_length= 59.99 policy_loss=+0.00137 value_loss=+0.11861 ratio=0.9999 kl=0.0321
update=1403 mean_reward=+59.6430 mean_length= 59.98 policy_loss=-0.00013 value_loss=+0.26608 ratio=1.0003 kl=0.0326
update=1404 mean_reward=+59.6493 mean_length= 59.98 policy_loss=+0.00093 value_loss=+0.20057 ratio=0.9997 kl=0.0253
update=1405 mean_reward=+59.6645 mean_length= 60.00 policy_loss=+0.00050 value_loss=+0.00763 ratio=1.0000 kl=0.0142 | eval_reward=+59.7366 eval_length= 60.00  [new_best]
update=1406 mean_reward=+59.6617 mean_length= 60.00 policy_loss=+0.00090 value_loss=+0.01147 ratio=1.0004 kl=0.0319
update=1407 mean_reward=+59.6631 mean_length= 59.99 policy_loss=+0.00056 value_loss=+0.07223 ratio=1.0002 kl=0.0362
update=1408 mean_reward=+59.6656 mean_length= 60.00 policy_loss=+0.00004 value_loss=+0.08702 ratio=0.9997 kl=0.0305
update=1409 mean_reward=+59.6557 mean_length= 59.99 policy_loss=-0.00063 value_loss=+0.23911 ratio=1.0001 kl=0.0297
update=1410 mean_reward=+59.6623 mean_length= 60.00 policy_loss=+0.00144 value_loss=+0.00826 ratio=1.0002 kl=0.0325 | eval_reward=+59.7445 eval_length= 60.00  [new_best]
update=1411 mean_reward=+59.6567 mean_length= 59.99 policy_loss=+0.00213 value_loss=+0.13833 ratio=1.0000 kl=0.0272
update=1412 mean_reward=+59.6473 mean_length= 59.98 policy_loss=+0.00073 value_loss=+0.17993 ratio=1.0001 kl=0.0302
update=1413 mean_reward=+59.6487 mean_length= 59.99 policy_loss=+0.00264 value_loss=+0.32519 ratio=1.0004 kl=0.0338
update=1414 mean_reward=+59.6531 mean_length= 59.99 policy_loss=-0.00013 value_loss=+0.13750 ratio=0.9999 kl=0.0285
update=1415 mean_reward=+59.6588 mean_length= 60.00 policy_loss=+0.00197 value_loss=+0.00305 ratio=1.0000 kl=0.0180 | eval_reward=+59.7408 eval_length= 60.00
update=1416 mean_reward=+59.6473 mean_length= 59.99 policy_loss=+0.00123 value_loss=+0.23455 ratio=0.9998 kl=0.0257
update=1417 mean_reward=+59.6532 mean_length= 59.99 policy_loss=+0.00203 value_loss=+0.26050 ratio=0.9998 kl=0.0217
update=1418 mean_reward=+59.6516 mean_length= 59.99 policy_loss=-0.00030 value_loss=+0.29762 ratio=0.9999 kl=0.0303
update=1419 mean_reward=+59.6597 mean_length= 59.99 policy_loss=+0.00084 value_loss=+0.08919 ratio=1.0005 kl=0.0230
update=1420 mean_reward=+59.6529 mean_length= 60.00 policy_loss=+0.00018 value_loss=+0.19359 ratio=1.0002 kl=0.0228 | eval_reward=+59.7166 eval_length= 60.00
update=1421 mean_reward=+59.6605 mean_length= 60.00 policy_loss=-0.00013 value_loss=+0.06810 ratio=1.0001 kl=0.0299
update=1422 mean_reward=+59.6450 mean_length= 59.98 policy_loss=+0.00341 value_loss=+0.35026 ratio=1.0001 kl=0.0297
update=1423 mean_reward=+59.6603 mean_length= 59.99 policy_loss=+0.00105 value_loss=+0.06983 ratio=1.0000 kl=0.0304
update=1424 mean_reward=+59.6588 mean_length= 59.99 policy_loss=+0.00183 value_loss=+0.16357 ratio=1.0004 kl=0.0265
update=1425 mean_reward=+59.6509 mean_length= 59.99 policy_loss=+0.00006 value_loss=+0.21444 ratio=0.9999 kl=0.0274 | eval_reward=+59.7221 eval_length= 60.00
update=1426 mean_reward=+59.6689 mean_length= 60.00 policy_loss=+0.00013 value_loss=+0.00863 ratio=1.0002 kl=0.0168
update=1427 mean_reward=+59.6667 mean_length= 60.00 policy_loss=+0.00035 value_loss=+0.00510 ratio=1.0002 kl=0.0137
update=1428 mean_reward=+59.6531 mean_length= 59.99 policy_loss=+0.00065 value_loss=+0.15881 ratio=0.9997 kl=0.0224
update=1429 mean_reward=+59.6571 mean_length= 59.99 policy_loss=+0.00140 value_loss=+0.13612 ratio=1.0005 kl=0.0340
update=1430 mean_reward=+59.6617 mean_length= 59.99 policy_loss=+0.00207 value_loss=+0.10988 ratio=1.0000 kl=0.0252 | eval_reward=+59.7235 eval_length= 60.00
update=1431 mean_reward=+59.6387 mean_length= 59.98 policy_loss=-0.00077 value_loss=+0.33605 ratio=0.9997 kl=0.0253
update=1432 mean_reward=+59.6549 mean_length= 59.99 policy_loss=+0.00179 value_loss=+0.06554 ratio=0.9999 kl=0.0348
update=1433 mean_reward=+59.6505 mean_length= 60.00 policy_loss=+0.00161 value_loss=+0.00290 ratio=0.9998 kl=0.0141
update=1434 mean_reward=+59.6534 mean_length= 59.99 policy_loss=-0.00088 value_loss=+0.10134 ratio=1.0001 kl=0.0198
update=1435 mean_reward=+59.6498 mean_length= 59.98 policy_loss=+0.00040 value_loss=+0.30567 ratio=0.9998 kl=0.0272 | eval_reward=+59.7253 eval_length= 60.00
update=1436 mean_reward=+59.6456 mean_length= 59.98 policy_loss=-0.00170 value_loss=+0.23058 ratio=1.0000 kl=0.0329
update=1437 mean_reward=+59.6412 mean_length= 59.98 policy_loss=+0.00388 value_loss=+0.38135 ratio=1.0000 kl=0.0297
update=1438 mean_reward=+59.6599 mean_length= 60.00 policy_loss=+0.00072 value_loss=+0.08060 ratio=0.9999 kl=0.0221
update=1439 mean_reward=+59.6545 mean_length= 59.99 policy_loss=+0.00022 value_loss=+0.07631 ratio=1.0000 kl=0.0412
update=1440 mean_reward=+59.6541 mean_length= 59.98 policy_loss=+0.00251 value_loss=+0.33712 ratio=1.0005 kl=0.0309 | eval_reward=+59.7195 eval_length= 60.00
update=1441 mean_reward=+59.6665 mean_length= 60.00 policy_loss=+0.00140 value_loss=+0.00381 ratio=1.0002 kl=0.0184
update=1442 mean_reward=+59.6488 mean_length= 59.99 policy_loss=+0.00200 value_loss=+0.15979 ratio=1.0004 kl=0.0280
update=1443 mean_reward=+59.6368 mean_length= 59.97 policy_loss=-0.00171 value_loss=+0.27428 ratio=0.9995 kl=0.0268
update=1444 mean_reward=+59.6290 mean_length= 59.98 policy_loss=-0.00242 value_loss=+0.23411 ratio=1.0003 kl=0.0231
update=1445 mean_reward=+59.6541 mean_length= 59.99 policy_loss=+0.00053 value_loss=+0.22263 ratio=1.0001 kl=0.0279 | eval_reward=+59.7222 eval_length= 60.00
update=1446 mean_reward=+59.6506 mean_length= 59.99 policy_loss=+0.00141 value_loss=+0.25658 ratio=1.0002 kl=0.0277
update=1447 mean_reward=+59.6592 mean_length= 60.00 policy_loss=+0.00181 value_loss=+0.10026 ratio=0.9999 kl=0.0326
update=1448 mean_reward=+59.6558 mean_length= 59.99 policy_loss=+0.00168 value_loss=+0.20693 ratio=0.9997 kl=0.0231
update=1449 mean_reward=+59.6613 mean_length= 60.00 policy_loss=+0.00199 value_loss=+0.00563 ratio=0.9997 kl=0.0236
update=1450 mean_reward=+59.6648 mean_length= 60.00 policy_loss=+0.00120 value_loss=+0.17256 ratio=1.0005 kl=0.0285 | eval_reward=+59.7245 eval_length= 60.00
update=1451 mean_reward=+59.6622 mean_length= 59.99 policy_loss=+0.00111 value_loss=+0.09310 ratio=0.9999 kl=0.0278
update=1452 mean_reward=+59.6543 mean_length= 59.99 policy_loss=+0.00140 value_loss=+0.05659 ratio=0.9998 kl=0.0298
update=1453 mean_reward=+59.6548 mean_length= 59.99 policy_loss=+0.00120 value_loss=+0.02879 ratio=1.0002 kl=0.0221
update=1454 mean_reward=+59.6496 mean_length= 59.99 policy_loss=-0.00005 value_loss=+0.14768 ratio=1.0000 kl=0.0225
update=1455 mean_reward=+59.6531 mean_length= 59.99 policy_loss=-0.00034 value_loss=+0.14741 ratio=1.0000 kl=0.0196 | eval_reward=+59.7249 eval_length= 60.00
update=1456 mean_reward=+59.6533 mean_length= 60.00 policy_loss=+0.00036 value_loss=+0.09035 ratio=1.0001 kl=0.0247
update=1457 mean_reward=+59.6369 mean_length= 59.99 policy_loss=-0.00066 value_loss=+0.16746 ratio=0.9999 kl=0.0298
update=1458 mean_reward=+59.6421 mean_length= 59.98 policy_loss=+0.00157 value_loss=+0.23520 ratio=0.9997 kl=0.0300
update=1459 mean_reward=+59.6563 mean_length= 60.00 policy_loss=+0.00166 value_loss=+0.01532 ratio=1.0000 kl=0.0244
update=1460 mean_reward=+59.6538 mean_length= 60.00 policy_loss=+0.00064 value_loss=+0.07856 ratio=0.9996 kl=0.0292 | eval_reward=+59.7246 eval_length= 60.00
update=1461 mean_reward=+59.6483 mean_length= 59.99 policy_loss=+0.00134 value_loss=+0.13006 ratio=0.9997 kl=0.0306
update=1462 mean_reward=+59.6551 mean_length= 60.00 policy_loss=+0.00052 value_loss=+0.07994 ratio=1.0005 kl=0.0232
update=1463 mean_reward=+59.6613 mean_length= 60.00 policy_loss=+0.00282 value_loss=+0.00351 ratio=1.0000 kl=0.0214
update=1464 mean_reward=+59.6617 mean_length= 60.00 policy_loss=+0.00083 value_loss=+0.00219 ratio=0.9999 kl=0.0118
update=1465 mean_reward=+59.6547 mean_length= 59.99 policy_loss=+0.00091 value_loss=+0.17580 ratio=0.9998 kl=0.0288 | eval_reward=+59.7166 eval_length= 60.00
update=1466 mean_reward=+59.6603 mean_length= 59.99 policy_loss=+0.00155 value_loss=+0.16489 ratio=0.9999 kl=0.0248
update=1467 mean_reward=+59.6676 mean_length= 60.00 policy_loss=+0.00066 value_loss=+0.09749 ratio=1.0000 kl=0.0354
update=1468 mean_reward=+59.6590 mean_length= 59.99 policy_loss=+0.00152 value_loss=+0.20697 ratio=0.9997 kl=0.0283
update=1469 mean_reward=+59.6579 mean_length= 59.99 policy_loss=+0.00079 value_loss=+0.23492 ratio=1.0002 kl=0.0263
update=1470 mean_reward=+59.6588 mean_length= 59.99 policy_loss=+0.00116 value_loss=+0.04080 ratio=0.9997 kl=0.0231 | eval_reward=+59.7091 eval_length= 60.00
update=1471 mean_reward=+59.6523 mean_length= 59.99 policy_loss=-0.00174 value_loss=+0.15776 ratio=1.0001 kl=0.0294
update=1472 mean_reward=+59.6604 mean_length= 59.99 policy_loss=+0.00100 value_loss=+0.25439 ratio=1.0001 kl=0.0248
update=1473 mean_reward=+59.6613 mean_length= 59.99 policy_loss=+0.00100 value_loss=+0.17886 ratio=0.9999 kl=0.0294
update=1474 mean_reward=+59.6592 mean_length= 60.00 policy_loss=+0.00142 value_loss=+0.00577 ratio=0.9997 kl=0.0184
update=1475 mean_reward=+59.6502 mean_length= 59.99 policy_loss=+0.00123 value_loss=+0.19963 ratio=0.9997 kl=0.0320 | eval_reward=+59.7119 eval_length= 60.00
update=1476 mean_reward=+59.6604 mean_length= 59.99 policy_loss=+0.00190 value_loss=+0.03825 ratio=1.0000 kl=0.0331
update=1477 mean_reward=+59.6570 mean_length= 59.99 policy_loss=-0.00049 value_loss=+0.10502 ratio=1.0002 kl=0.0303
update=1478 mean_reward=+59.6506 mean_length= 59.99 policy_loss=+0.00016 value_loss=+0.14900 ratio=0.9995 kl=0.0266
update=1479 mean_reward=+59.6533 mean_length= 59.99 policy_loss=+0.00215 value_loss=+0.10373 ratio=0.9999 kl=0.0269
update=1480 mean_reward=+59.6553 mean_length= 60.00 policy_loss=+0.00138 value_loss=+0.00393 ratio=1.0001 kl=0.0236 | eval_reward=+59.7220 eval_length= 60.00
update=1481 mean_reward=+59.6582 mean_length= 60.00 policy_loss=+0.00113 value_loss=+0.09676 ratio=0.9992 kl=0.0272
update=1482 mean_reward=+59.6642 mean_length= 59.99 policy_loss=-0.00144 value_loss=+0.04743 ratio=1.0000 kl=0.0265
update=1483 mean_reward=+59.6646 mean_length= 59.99 policy_loss=+0.00130 value_loss=+0.09026 ratio=1.0000 kl=0.0239
update=1484 mean_reward=+59.6677 mean_length= 60.00 policy_loss=+0.00112 value_loss=+0.00271 ratio=0.9999 kl=0.0242
update=1485 mean_reward=+59.6606 mean_length= 59.99 policy_loss=+0.00141 value_loss=+0.17657 ratio=0.9999 kl=0.0244 | eval_reward=+59.7439 eval_length= 60.00
update=1486 mean_reward=+59.6709 mean_length= 60.00 policy_loss=+0.00119 value_loss=+0.00196 ratio=0.9997 kl=0.0146
update=1487 mean_reward=+59.6631 mean_length= 59.99 policy_loss=+0.00242 value_loss=+0.18007 ratio=1.0004 kl=0.0232
update=1488 mean_reward=+59.6638 mean_length= 59.99 policy_loss=+0.00080 value_loss=+0.06605 ratio=0.9997 kl=0.0273
update=1489 mean_reward=+59.6625 mean_length= 59.99 policy_loss=+0.00215 value_loss=+0.09559 ratio=0.9999 kl=0.0313
update=1490 mean_reward=+59.6646 mean_length= 59.99 policy_loss=-0.00151 value_loss=+0.05952 ratio=1.0002 kl=0.0271 | eval_reward=+59.7475 eval_length= 60.00  [new_best]
update=1491 mean_reward=+59.6643 mean_length= 59.99 policy_loss=-0.00024 value_loss=+0.13430 ratio=0.9997 kl=0.0236
update=1492 mean_reward=+59.6729 mean_length= 60.00 policy_loss=+0.00117 value_loss=+0.00210 ratio=0.9998 kl=0.0148
update=1493 mean_reward=+59.6723 mean_length= 60.00 policy_loss=+0.00163 value_loss=+0.00926 ratio=1.0001 kl=0.0345
update=1494 mean_reward=+59.6677 mean_length= 59.99 policy_loss=+0.00065 value_loss=+0.07661 ratio=0.9999 kl=0.0304
update=1495 mean_reward=+59.6570 mean_length= 59.99 policy_loss=+0.00100 value_loss=+0.10326 ratio=0.9996 kl=0.0306 | eval_reward=+59.7375 eval_length= 60.00
update=1496 mean_reward=+59.6657 mean_length= 59.99 policy_loss=-0.00121 value_loss=+0.12610 ratio=0.9997 kl=0.0292
update=1497 mean_reward=+59.6634 mean_length= 59.99 policy_loss=+0.00151 value_loss=+0.08981 ratio=1.0005 kl=0.0347
update=1498 mean_reward=+59.6742 mean_length= 60.00 policy_loss=+0.00220 value_loss=+0.00187 ratio=1.0001 kl=0.0180
update=1499 mean_reward=+59.6718 mean_length= 60.00 policy_loss=+0.00128 value_loss=+0.00195 ratio=1.0000 kl=0.0128
update=1500 mean_reward=+59.6723 mean_length= 60.00 policy_loss=+0.00098 value_loss=+0.09427 ratio=0.9998 kl=0.0318 | eval_reward=+59.7153 eval_length= 60.00
update=1501 mean_reward=+59.6540 mean_length= 59.99 policy_loss=+0.00163 value_loss=+0.16835 ratio=0.9999 kl=0.0218
update=1502 mean_reward=+59.6614 mean_length= 59.99 policy_loss=+0.00022 value_loss=+0.09505 ratio=1.0005 kl=0.0254
update=1503 mean_reward=+59.6651 mean_length= 60.00 policy_loss=-0.00027 value_loss=+0.08496 ratio=0.9997 kl=0.0277
update=1504 mean_reward=+59.6579 mean_length= 59.99 policy_loss=-0.00032 value_loss=+0.11644 ratio=1.0001 kl=0.0258
update=1505 mean_reward=+59.6480 mean_length= 59.98 policy_loss=+0.00151 value_loss=+0.32174 ratio=0.9999 kl=0.0242 | eval_reward=+59.7076 eval_length= 60.00
update=1506 mean_reward=+59.6729 mean_length= 60.00 policy_loss=+0.00231 value_loss=+0.00199 ratio=0.9999 kl=0.0184
update=1507 mean_reward=+59.6588 mean_length= 59.99 policy_loss=-0.00063 value_loss=+0.13364 ratio=0.9997 kl=0.0351
update=1508 mean_reward=+59.6517 mean_length= 59.99 policy_loss=+0.00083 value_loss=+0.11945 ratio=1.0002 kl=0.0281
update=1509 mean_reward=+59.6554 mean_length= 59.99 policy_loss=+0.00130 value_loss=+0.05766 ratio=0.9996 kl=0.0327
update=1510 mean_reward=+59.6470 mean_length= 59.98 policy_loss=+0.00047 value_loss=+0.20464 ratio=1.0001 kl=0.0248 | eval_reward=+59.7182 eval_length= 60.00
update=1511 mean_reward=+59.6658 mean_length= 60.00 policy_loss=+0.00239 value_loss=+0.00422 ratio=1.0000 kl=0.0141
update=1512 mean_reward=+59.6667 mean_length= 60.00 policy_loss=+0.00017 value_loss=+0.07350 ratio=1.0002 kl=0.0300
update=1513 mean_reward=+59.6602 mean_length= 59.99 policy_loss=+0.00084 value_loss=+0.06450 ratio=1.0005 kl=0.0285
update=1514 mean_reward=+59.6643 mean_length= 59.99 policy_loss=+0.00164 value_loss=+0.06896 ratio=0.9999 kl=0.0286
update=1515 mean_reward=+59.6589 mean_length= 59.99 policy_loss=+0.00089 value_loss=+0.07388 ratio=1.0005 kl=0.0305 | eval_reward=+59.7197 eval_length= 60.00
update=1516 mean_reward=+59.6568 mean_length= 59.99 policy_loss=-0.00005 value_loss=+0.06136 ratio=1.0004 kl=0.0325
update=1517 mean_reward=+59.6559 mean_length= 59.99 policy_loss=+0.00001 value_loss=+0.05466 ratio=1.0006 kl=0.0264
update=1518 mean_reward=+59.6672 mean_length= 60.00 policy_loss=+0.00221 value_loss=+0.00206 ratio=1.0002 kl=0.0156
update=1519 mean_reward=+59.6615 mean_length= 59.99 policy_loss=+0.00269 value_loss=+0.06348 ratio=1.0003 kl=0.0326
update=1520 mean_reward=+59.6610 mean_length= 60.00 policy_loss=+0.00127 value_loss=+0.00251 ratio=0.9999 kl=0.0143 | eval_reward=+59.7194 eval_length= 60.00
update=1521 mean_reward=+59.6501 mean_length= 59.99 policy_loss=+0.00209 value_loss=+0.07115 ratio=0.9996 kl=0.0289
update=1522 mean_reward=+59.6432 mean_length= 59.98 policy_loss=+0.00020 value_loss=+0.26543 ratio=0.9998 kl=0.0271
update=1523 mean_reward=+59.6616 mean_length= 60.00 policy_loss=+0.00160 value_loss=+0.00231 ratio=1.0000 kl=0.0149
update=1524 mean_reward=+59.6649 mean_length= 60.00 policy_loss=+0.00222 value_loss=+0.10994 ratio=0.9998 kl=0.0234
update=1525 mean_reward=+59.6579 mean_length= 59.99 policy_loss=+0.00213 value_loss=+0.16806 ratio=0.9999 kl=0.0259 | eval_reward=+59.6995 eval_length= 60.00
update=1526 mean_reward=+59.6486 mean_length= 59.98 policy_loss=+0.00038 value_loss=+0.20299 ratio=1.0004 kl=0.0290
update=1527 mean_reward=+59.6657 mean_length= 59.99 policy_loss=+0.00195 value_loss=+0.07373 ratio=1.0004 kl=0.0285
update=1528 mean_reward=+59.6614 mean_length= 60.00 policy_loss=+0.00085 value_loss=+0.00322 ratio=1.0001 kl=0.0145
update=1529 mean_reward=+59.6377 mean_length= 59.98 policy_loss=+0.00032 value_loss=+0.24812 ratio=1.0004 kl=0.0298
update=1530 mean_reward=+59.6520 mean_length= 59.99 policy_loss=+0.00225 value_loss=+0.14361 ratio=1.0001 kl=0.0276 | eval_reward=+59.7055 eval_length= 60.00
update=1531 mean_reward=+59.6384 mean_length= 59.97 policy_loss=+0.00099 value_loss=+0.14291 ratio=1.0004 kl=0.0285
update=1532 mean_reward=+59.6576 mean_length= 59.99 policy_loss=+0.00061 value_loss=+0.16822 ratio=0.9999 kl=0.0207
update=1533 mean_reward=+59.6562 mean_length= 59.99 policy_loss=+0.00140 value_loss=+0.17159 ratio=0.9998 kl=0.0218
update=1534 mean_reward=+59.6187 mean_length= 59.96 policy_loss=+0.00250 value_loss=+0.77334 ratio=1.0000 kl=0.0281
update=1535 mean_reward=+59.6433 mean_length= 59.98 policy_loss=-0.00011 value_loss=+0.32995 ratio=1.0001 kl=0.0272 | eval_reward=+59.7055 eval_length= 60.00
update=1536 mean_reward=+59.6624 mean_length= 59.99 policy_loss=+0.00186 value_loss=+0.10230 ratio=1.0002 kl=0.0222
update=1537 mean_reward=+59.6450 mean_length= 59.99 policy_loss=+0.00139 value_loss=+0.16142 ratio=1.0005 kl=0.0220
update=1538 mean_reward=+59.6404 mean_length= 59.99 policy_loss=-0.00002 value_loss=+0.38172 ratio=0.9998 kl=0.0219
update=1539 mean_reward=+59.6417 mean_length= 59.98 policy_loss=+0.00133 value_loss=+0.35486 ratio=1.0003 kl=0.0252
update=1540 mean_reward=+59.6490 mean_length= 59.99 policy_loss=+0.00076 value_loss=+0.13177 ratio=0.9999 kl=0.0310 | eval_reward=+59.6917 eval_length= 60.00
update=1541 mean_reward=+59.6311 mean_length= 59.98 policy_loss=+0.00267 value_loss=+0.47369 ratio=1.0000 kl=0.0267
update=1542 mean_reward=+59.6525 mean_length= 60.00 policy_loss=+0.00132 value_loss=+0.08441 ratio=0.9999 kl=0.0224
update=1543 mean_reward=+59.6389 mean_length= 59.99 policy_loss=+0.00013 value_loss=+0.12705 ratio=1.0001 kl=0.0316
update=1544 mean_reward=+59.6288 mean_length= 59.99 policy_loss=+0.00189 value_loss=+0.39842 ratio=1.0004 kl=0.0243
update=1545 mean_reward=+59.6346 mean_length= 59.98 policy_loss=+0.00146 value_loss=+0.28732 ratio=0.9999 kl=0.0343 | eval_reward=+59.6972 eval_length= 60.00
update=1546 mean_reward=+59.6404 mean_length= 59.99 policy_loss=+0.00091 value_loss=+0.22402 ratio=0.9997 kl=0.0298
update=1547 mean_reward=+59.6363 mean_length= 59.99 policy_loss=+0.00057 value_loss=+0.24541 ratio=1.0001 kl=0.0255
update=1548 mean_reward=+59.6569 mean_length= 60.00 policy_loss=+0.00155 value_loss=+0.09322 ratio=0.9999 kl=0.0269
update=1549 mean_reward=+59.6497 mean_length= 59.99 policy_loss=+0.00109 value_loss=+0.17594 ratio=1.0000 kl=0.0312
update=1550 mean_reward=+59.6568 mean_length= 60.00 policy_loss=+0.00147 value_loss=+0.08309 ratio=1.0001 kl=0.0298 | eval_reward=+59.6961 eval_length= 60.00
update=1551 mean_reward=+59.6514 mean_length= 59.99 policy_loss=-0.00214 value_loss=+0.11772 ratio=0.9995 kl=0.0371
update=1552 mean_reward=+59.6366 mean_length= 59.98 policy_loss=+0.00048 value_loss=+0.37703 ratio=0.9997 kl=0.0249
update=1553 mean_reward=+59.6514 mean_length= 59.99 policy_loss=+0.00035 value_loss=+0.22699 ratio=1.0002 kl=0.0257
update=1554 mean_reward=+59.6456 mean_length= 59.99 policy_loss=+0.00009 value_loss=+0.18832 ratio=0.9990 kl=0.0282
update=1555 mean_reward=+59.6465 mean_length= 59.99 policy_loss=+0.00136 value_loss=+0.14442 ratio=1.0001 kl=0.0242 | eval_reward=+59.6916 eval_length= 60.00
update=1556 mean_reward=+59.6571 mean_length= 59.99 policy_loss=+0.00134 value_loss=+0.07114 ratio=1.0000 kl=0.0240
update=1557 mean_reward=+59.6572 mean_length= 60.00 policy_loss=+0.00200 value_loss=+0.10591 ratio=0.9999 kl=0.0227
update=1558 mean_reward=+59.6587 mean_length= 60.00 policy_loss=+0.00114 value_loss=+0.07481 ratio=0.9994 kl=0.0292
update=1559 mean_reward=+59.6503 mean_length= 59.99 policy_loss=+0.00135 value_loss=+0.16696 ratio=1.0002 kl=0.0328
update=1560 mean_reward=+59.6602 mean_length= 60.00 policy_loss=+0.00179 value_loss=+0.00224 ratio=0.9999 kl=0.0189 | eval_reward=+59.7079 eval_length= 60.00
update=1561 mean_reward=+59.6643 mean_length= 60.00 policy_loss=+0.00137 value_loss=+0.00203 ratio=1.0000 kl=0.0147
update=1562 mean_reward=+59.6659 mean_length= 60.00 policy_loss=+0.00131 value_loss=+0.00204 ratio=0.9997 kl=0.0142
update=1563 mean_reward=+59.6720 mean_length= 60.00 policy_loss=+0.00338 value_loss=+0.00187 ratio=1.0001 kl=0.0189
update=1564 mean_reward=+59.6613 mean_length= 59.99 policy_loss=+0.00061 value_loss=+0.15307 ratio=1.0001 kl=0.0235
update=1565 mean_reward=+59.6643 mean_length= 59.99 policy_loss=+0.00048 value_loss=+0.05800 ratio=0.9999 kl=0.0250 | eval_reward=+59.7001 eval_length= 60.00
update=1566 mean_reward=+59.6648 mean_length= 59.99 policy_loss=-0.00147 value_loss=+0.12043 ratio=0.9999 kl=0.0271
update=1567 mean_reward=+59.6582 mean_length= 59.99 policy_loss=-0.00053 value_loss=+0.12201 ratio=1.0002 kl=0.0254
update=1568 mean_reward=+59.6659 mean_length= 60.00 policy_loss=+0.00191 value_loss=+0.07956 ratio=1.0001 kl=0.0310
update=1569 mean_reward=+59.6605 mean_length= 59.99 policy_loss=+0.00245 value_loss=+0.02892 ratio=0.9998 kl=0.0240
update=1570 mean_reward=+59.6611 mean_length= 59.99 policy_loss=+0.00160 value_loss=+0.06322 ratio=1.0000 kl=0.0307 | eval_reward=+59.7096 eval_length= 60.00
update=1571 mean_reward=+59.6654 mean_length= 60.00 policy_loss=+0.00086 value_loss=+0.00421 ratio=1.0000 kl=0.0159
update=1572 mean_reward=+59.6728 mean_length= 60.00 policy_loss=+0.00097 value_loss=+0.09802 ratio=0.9998 kl=0.0227
update=1573 mean_reward=+59.6660 mean_length= 60.00 policy_loss=+0.00025 value_loss=+0.00627 ratio=1.0000 kl=0.0155
update=1574 mean_reward=+59.6740 mean_length= 60.00 policy_loss=+0.00045 value_loss=+0.09043 ratio=1.0000 kl=0.0269
update=1575 mean_reward=+59.6691 mean_length= 59.99 policy_loss=+0.00054 value_loss=+0.05737 ratio=0.9998 kl=0.0240 | eval_reward=+59.7108 eval_length= 60.00
update=1576 mean_reward=+59.6636 mean_length= 59.99 policy_loss=+0.00058 value_loss=+0.14425 ratio=1.0001 kl=0.0254
update=1577 mean_reward=+59.6705 mean_length= 60.00 policy_loss=+0.00209 value_loss=+0.00251 ratio=1.0002 kl=0.0163
update=1578 mean_reward=+59.6713 mean_length= 60.00 policy_loss=+0.00136 value_loss=+0.00178 ratio=1.0002 kl=0.0119
update=1579 mean_reward=+59.6722 mean_length= 60.00 policy_loss=+0.00366 value_loss=+0.00174 ratio=1.0001 kl=0.0214
update=1580 mean_reward=+59.6703 mean_length= 59.99 policy_loss=+0.00095 value_loss=+0.08926 ratio=1.0005 kl=0.0280 | eval_reward=+59.7098 eval_length= 60.00
update=1581 mean_reward=+59.6770 mean_length= 60.00 policy_loss=+0.00148 value_loss=+0.00190 ratio=1.0001 kl=0.0175
update=1582 mean_reward=+59.6627 mean_length= 59.99 policy_loss=+0.00038 value_loss=+0.25523 ratio=1.0000 kl=0.0202
update=1583 mean_reward=+59.6746 mean_length= 60.00 policy_loss=+0.00131 value_loss=+0.00183 ratio=1.0000 kl=0.0128
update=1584 mean_reward=+59.6531 mean_length= 59.98 policy_loss=+0.00074 value_loss=+0.36215 ratio=1.0000 kl=0.0252
update=1585 mean_reward=+59.6774 mean_length= 60.00 policy_loss=+0.00060 value_loss=+0.00487 ratio=1.0000 kl=0.0213 | eval_reward=+59.7135 eval_length= 60.00
update=1586 mean_reward=+59.6821 mean_length= 60.00 policy_loss=+0.00119 value_loss=+0.00182 ratio=1.0011 kl=0.0131
update=1587 mean_reward=+59.6769 mean_length= 60.00 policy_loss=+0.00059 value_loss=+0.00207 ratio=1.0001 kl=0.0113
update=1588 mean_reward=+59.6784 mean_length= 60.00 policy_loss=+0.00077 value_loss=+0.08021 ratio=1.0003 kl=0.0292
update=1589 mean_reward=+59.6740 mean_length= 59.99 policy_loss=-0.00128 value_loss=+0.11129 ratio=1.0004 kl=0.0287
update=1590 mean_reward=+59.6728 mean_length= 59.99 policy_loss=+0.00096 value_loss=+0.08406 ratio=1.0002 kl=0.0235 | eval_reward=+59.7157 eval_length= 60.00
update=1591 mean_reward=+59.6800 mean_length= 60.00 policy_loss=+0.00058 value_loss=+0.09452 ratio=1.0003 kl=0.0363
update=1592 mean_reward=+59.6657 mean_length= 59.99 policy_loss=-0.00017 value_loss=+0.15773 ratio=0.9998 kl=0.0263
update=1593 mean_reward=+59.6625 mean_length= 59.98 policy_loss=+0.00095 value_loss=+0.33271 ratio=1.0001 kl=0.0341
update=1594 mean_reward=+59.6774 mean_length= 59.99 policy_loss=-0.00032 value_loss=+0.05149 ratio=1.0006 kl=0.0310
update=1595 mean_reward=+59.6811 mean_length= 60.00 policy_loss=+0.00135 value_loss=+0.00286 ratio=1.0000 kl=0.0138 | eval_reward=+59.7091 eval_length= 60.00
update=1596 mean_reward=+59.6827 mean_length= 60.00 policy_loss=+0.00099 value_loss=+0.07624 ratio=0.9998 kl=0.0282
update=1597 mean_reward=+59.6855 mean_length= 60.00 policy_loss=+0.00086 value_loss=+0.00166 ratio=1.0001 kl=0.0109
update=1598 mean_reward=+59.6809 mean_length= 59.99 policy_loss=+0.00264 value_loss=+0.08019 ratio=0.9998 kl=0.0288
update=1599 mean_reward=+59.6839 mean_length= 59.99 policy_loss=+0.00055 value_loss=+0.08873 ratio=0.9999 kl=0.0245
update=1600 mean_reward=+59.6850 mean_length= 60.00 policy_loss=+0.00207 value_loss=+0.00161 ratio=1.0000 kl=0.0188 | eval_reward=+59.7064 eval_length= 60.00
update=1601 mean_reward=+59.6832 mean_length= 60.00 policy_loss=+0.00137 value_loss=+0.00183 ratio=1.0001 kl=0.0128
update=1602 mean_reward=+59.6868 mean_length= 60.00 policy_loss=+0.00139 value_loss=+0.00158 ratio=1.0002 kl=0.0107
update=1603 mean_reward=+59.6890 mean_length= 60.00 policy_loss=+0.00138 value_loss=+0.00160 ratio=0.9999 kl=0.0112
update=1604 mean_reward=+59.6752 mean_length= 59.99 policy_loss=+0.00115 value_loss=+0.05701 ratio=1.0002 kl=0.0299
update=1605 mean_reward=+59.6759 mean_length= 59.99 policy_loss=+0.00075 value_loss=+0.10597 ratio=1.0003 kl=0.0299 | eval_reward=+59.7132 eval_length= 60.00
update=1606 mean_reward=+59.6871 mean_length= 60.00 policy_loss=+0.00215 value_loss=+0.00223 ratio=1.0001 kl=0.0196
update=1607 mean_reward=+59.6904 mean_length= 60.00 policy_loss=+0.00122 value_loss=+0.00298 ratio=1.0002 kl=0.0207
update=1608 mean_reward=+59.6851 mean_length= 60.00 policy_loss=-0.00080 value_loss=+0.05726 ratio=1.0000 kl=0.0267
update=1609 mean_reward=+59.6838 mean_length= 60.00 policy_loss=+0.00201 value_loss=+0.11410 ratio=1.0007 kl=0.0245
update=1610 mean_reward=+59.6757 mean_length= 59.99 policy_loss=+0.00022 value_loss=+0.12192 ratio=0.9999 kl=0.0341 | eval_reward=+59.7176 eval_length= 60.00
update=1611 mean_reward=+59.6813 mean_length= 59.99 policy_loss=+0.00176 value_loss=+0.07442 ratio=0.9996 kl=0.0239
update=1612 mean_reward=+59.6746 mean_length= 59.99 policy_loss=+0.00065 value_loss=+0.19408 ratio=1.0004 kl=0.0226
update=1613 mean_reward=+59.6699 mean_length= 59.99 policy_loss=+0.00087 value_loss=+0.14200 ratio=1.0002 kl=0.0327
update=1614 mean_reward=+59.6840 mean_length= 60.00 policy_loss=+0.00333 value_loss=+0.00215 ratio=1.0000 kl=0.0137
update=1615 mean_reward=+59.6837 mean_length= 60.00 policy_loss=+0.00046 value_loss=+0.00145 ratio=1.0000 kl=0.0107 | eval_reward=+59.6958 eval_length= 60.00
update=1616 mean_reward=+59.6766 mean_length= 60.00 policy_loss=+0.00139 value_loss=+0.09815 ratio=0.9997 kl=0.0316
update=1617 mean_reward=+59.6749 mean_length= 59.99 policy_loss=+0.00087 value_loss=+0.07268 ratio=1.0002 kl=0.0241
update=1618 mean_reward=+59.6791 mean_length= 60.00 policy_loss=+0.00161 value_loss=+0.00153 ratio=1.0000 kl=0.0147
update=1619 mean_reward=+59.6855 mean_length= 60.00 policy_loss=+0.00135 value_loss=+0.00155 ratio=1.0000 kl=0.0141
update=1620 mean_reward=+59.6806 mean_length= 59.99 policy_loss=+0.00016 value_loss=+0.06619 ratio=1.0003 kl=0.0238 | eval_reward=+59.7070 eval_length= 60.00
update=1621 mean_reward=+59.6774 mean_length= 59.99 policy_loss=+0.00236 value_loss=+0.02868 ratio=1.0001 kl=0.0313
update=1622 mean_reward=+59.6787 mean_length= 60.00 policy_loss=+0.00034 value_loss=+0.07630 ratio=1.0004 kl=0.0273
update=1623 mean_reward=+59.6727 mean_length= 59.99 policy_loss=+0.00111 value_loss=+0.13552 ratio=0.9996 kl=0.0298
update=1624 mean_reward=+59.6900 mean_length= 60.00 policy_loss=-0.00095 value_loss=+0.05433 ratio=1.0006 kl=0.0286
update=1625 mean_reward=+59.6824 mean_length= 60.00 policy_loss=+0.00114 value_loss=+0.08257 ratio=1.0006 kl=0.0369 | eval_reward=+59.7093 eval_length= 60.00
update=1626 mean_reward=+59.6745 mean_length= 59.99 policy_loss=-0.00069 value_loss=+0.07628 ratio=1.0002 kl=0.0230
update=1627 mean_reward=+59.6806 mean_length= 60.00 policy_loss=+0.00036 value_loss=+0.00228 ratio=1.0001 kl=0.0161
update=1628 mean_reward=+59.6831 mean_length= 60.00 policy_loss=+0.00085 value_loss=+0.00255 ratio=1.0000 kl=0.0176
update=1629 mean_reward=+59.6826 mean_length= 60.00 policy_loss=+0.00180 value_loss=+0.00140 ratio=1.0000 kl=0.0150
update=1630 mean_reward=+59.6729 mean_length= 59.98 policy_loss=+0.00092 value_loss=+0.21338 ratio=0.9999 kl=0.0325 | eval_reward=+59.7043 eval_length= 60.00
update=1631 mean_reward=+59.6819 mean_length= 60.00 policy_loss=+0.00138 value_loss=+0.00255 ratio=0.9998 kl=0.0225
update=1632 mean_reward=+59.6712 mean_length= 59.99 policy_loss=+0.00052 value_loss=+0.21508 ratio=1.0003 kl=0.0258
update=1633 mean_reward=+59.6789 mean_length= 59.99 policy_loss=+0.00104 value_loss=+0.17634 ratio=1.0000 kl=0.0206
update=1634 mean_reward=+59.6736 mean_length= 59.98 policy_loss=+0.00100 value_loss=+0.32127 ratio=0.9998 kl=0.0355
update=1635 mean_reward=+59.6801 mean_length= 59.99 policy_loss=+0.00190 value_loss=+0.09591 ratio=0.9999 kl=0.0247 | eval_reward=+59.7112 eval_length= 60.00
update=1636 mean_reward=+59.6672 mean_length= 59.98 policy_loss=+0.00134 value_loss=+0.23517 ratio=1.0003 kl=0.0269
update=1637 mean_reward=+59.6738 mean_length= 59.99 policy_loss=+0.00120 value_loss=+0.14329 ratio=0.9999 kl=0.0302
update=1638 mean_reward=+59.6698 mean_length= 59.99 policy_loss=+0.00108 value_loss=+0.31566 ratio=1.0001 kl=0.0280
update=1639 mean_reward=+59.6877 mean_length= 60.00 policy_loss=+0.00035 value_loss=+0.00460 ratio=1.0000 kl=0.0109
update=1640 mean_reward=+59.6762 mean_length= 59.99 policy_loss=-0.00010 value_loss=+0.22226 ratio=1.0003 kl=0.0228 | eval_reward=+59.7135 eval_length= 60.00
update=1641 mean_reward=+59.6684 mean_length= 59.98 policy_loss=-0.00009 value_loss=+0.29315 ratio=0.9997 kl=0.0220
update=1642 mean_reward=+59.6848 mean_length= 60.00 policy_loss=+0.00284 value_loss=+0.00775 ratio=1.0000 kl=0.0096
update=1643 mean_reward=+59.6809 mean_length= 60.00 policy_loss=+0.00081 value_loss=+0.07708 ratio=1.0000 kl=0.0307
update=1644 mean_reward=+59.6733 mean_length= 59.99 policy_loss=-0.00157 value_loss=+0.05207 ratio=1.0002 kl=0.0337
update=1645 mean_reward=+59.6696 mean_length= 59.99 policy_loss=+0.00190 value_loss=+0.31986 ratio=0.9998 kl=0.0272 | eval_reward=+59.7120 eval_length= 60.00
update=1646 mean_reward=+59.6828 mean_length= 60.00 policy_loss=+0.00009 value_loss=+0.08453 ratio=1.0002 kl=0.0252
update=1647 mean_reward=+59.6754 mean_length= 59.99 policy_loss=+0.00087 value_loss=+0.19346 ratio=1.0002 kl=0.0278
update=1648 mean_reward=+59.6736 mean_length= 59.99 policy_loss=+0.00074 value_loss=+0.25746 ratio=0.9999 kl=0.0288
update=1649 mean_reward=+59.6754 mean_length= 60.00 policy_loss=-0.00106 value_loss=+0.12434 ratio=0.9999 kl=0.0182
update=1650 mean_reward=+59.6747 mean_length= 59.99 policy_loss=-0.00073 value_loss=+0.05729 ratio=1.0001 kl=0.0199 | eval_reward=+59.7105 eval_length= 60.00
update=1651 mean_reward=+59.6711 mean_length= 59.99 policy_loss=-0.00097 value_loss=+0.22626 ratio=1.0002 kl=0.0288
update=1652 mean_reward=+59.6807 mean_length= 59.99 policy_loss=+0.00006 value_loss=+0.06952 ratio=0.9999 kl=0.0248
update=1653 mean_reward=+59.6820 mean_length= 60.00 policy_loss=+0.00248 value_loss=+0.00176 ratio=1.0001 kl=0.0187
update=1654 mean_reward=+59.6763 mean_length= 59.99 policy_loss=+0.00150 value_loss=+0.06189 ratio=1.0002 kl=0.0246
update=1655 mean_reward=+59.6869 mean_length= 60.00 policy_loss=-0.00034 value_loss=+0.07144 ratio=1.0004 kl=0.0340 | eval_reward=+59.6982 eval_length= 60.00
update=1656 mean_reward=+59.6844 mean_length= 60.00 policy_loss=+0.00235 value_loss=+0.00165 ratio=1.0003 kl=0.0152
update=1657 mean_reward=+59.6837 mean_length= 60.00 policy_loss=+0.00053 value_loss=+0.00172 ratio=1.0001 kl=0.0101
update=1658 mean_reward=+59.6792 mean_length= 59.99 policy_loss=+0.00187 value_loss=+0.16703 ratio=0.9996 kl=0.0274
update=1659 mean_reward=+59.6804 mean_length= 60.00 policy_loss=+0.00128 value_loss=+0.07744 ratio=0.9996 kl=0.0333
update=1660 mean_reward=+59.6856 mean_length= 59.99 policy_loss=-0.00006 value_loss=+0.05214 ratio=1.0002 kl=0.0465 | eval_reward=+59.7094 eval_length= 60.00
update=1661 mean_reward=+59.6844 mean_length= 59.99 policy_loss=-0.00099 value_loss=+0.05609 ratio=0.9999 kl=0.0234
update=1662 mean_reward=+59.6769 mean_length= 59.99 policy_loss=+0.00103 value_loss=+0.23008 ratio=1.0002 kl=0.0314
update=1663 mean_reward=+59.6783 mean_length= 59.99 policy_loss=+0.00161 value_loss=+0.14608 ratio=1.0001 kl=0.0328
update=1664 mean_reward=+59.6831 mean_length= 59.99 policy_loss=+0.00011 value_loss=+0.15303 ratio=1.0002 kl=0.0268
update=1665 mean_reward=+59.6843 mean_length= 60.00 policy_loss=+0.00085 value_loss=+0.00381 ratio=1.0000 kl=0.0162 | eval_reward=+59.7145 eval_length= 60.00
update=1666 mean_reward=+59.6753 mean_length= 59.98 policy_loss=+0.00012 value_loss=+0.19708 ratio=1.0006 kl=0.0253
update=1667 mean_reward=+59.6820 mean_length= 59.99 policy_loss=-0.00033 value_loss=+0.16313 ratio=0.9995 kl=0.0265
update=1668 mean_reward=+59.6779 mean_length= 59.99 policy_loss=+0.00018 value_loss=+0.20112 ratio=1.0002 kl=0.0321
update=1669 mean_reward=+59.6843 mean_length= 59.99 policy_loss=+0.00209 value_loss=+0.10509 ratio=1.0022 kl=0.0243
update=1670 mean_reward=+59.6917 mean_length= 60.00 policy_loss=+0.00092 value_loss=+0.09675 ratio=1.0003 kl=0.0276 | eval_reward=+59.7165 eval_length= 60.00
update=1671 mean_reward=+59.6808 mean_length= 59.99 policy_loss=-0.00128 value_loss=+0.21321 ratio=1.0001 kl=0.0268
update=1672 mean_reward=+59.6791 mean_length= 59.99 policy_loss=+0.00273 value_loss=+0.28178 ratio=1.0008 kl=0.0318
update=1673 mean_reward=+59.6779 mean_length= 59.99 policy_loss=+0.00075 value_loss=+0.21517 ratio=0.9999 kl=0.0350
update=1674 mean_reward=+59.6795 mean_length= 59.99 policy_loss=+0.00042 value_loss=+0.15438 ratio=1.0000 kl=0.0321
update=1675 mean_reward=+59.6799 mean_length= 59.99 policy_loss=+0.00083 value_loss=+0.16441 ratio=1.0000 kl=0.0329 | eval_reward=+59.7130 eval_length= 60.00
update=1676 mean_reward=+59.6732 mean_length= 59.99 policy_loss=+0.00112 value_loss=+0.16144 ratio=1.0001 kl=0.0237
update=1677 mean_reward=+59.6817 mean_length= 59.99 policy_loss=+0.00102 value_loss=+0.08344 ratio=1.0004 kl=0.0281
update=1678 mean_reward=+59.6754 mean_length= 59.99 policy_loss=+0.00084 value_loss=+0.17712 ratio=1.0001 kl=0.0272
update=1679 mean_reward=+59.6737 mean_length= 59.99 policy_loss=+0.00038 value_loss=+0.13809 ratio=1.0000 kl=0.0254
update=1680 mean_reward=+59.6798 mean_length= 60.00 policy_loss=+0.00105 value_loss=+0.00339 ratio=1.0003 kl=0.0166 | eval_reward=+59.7357 eval_length= 60.00
update=1681 mean_reward=+59.6784 mean_length= 60.00 policy_loss=+0.00070 value_loss=+0.08119 ratio=0.9999 kl=0.0309
update=1682 mean_reward=+59.6882 mean_length= 60.00 policy_loss=+0.00199 value_loss=+0.00174 ratio=1.0006 kl=0.0283
update=1683 mean_reward=+59.6865 mean_length= 60.00 policy_loss=+0.00283 value_loss=+0.12273 ratio=1.0008 kl=0.0285
update=1684 mean_reward=+59.6829 mean_length= 59.99 policy_loss=-0.00114 value_loss=+0.04595 ratio=1.0005 kl=0.0309
update=1685 mean_reward=+59.6809 mean_length= 60.00 policy_loss=-0.00022 value_loss=+0.06850 ratio=1.0003 kl=0.0289 | eval_reward=+59.7364 eval_length= 60.00
update=1686 mean_reward=+59.6799 mean_length= 60.00 policy_loss=+0.00162 value_loss=+0.00155 ratio=1.0007 kl=0.0158
update=1687 mean_reward=+59.6769 mean_length= 59.99 policy_loss=+0.00143 value_loss=+0.05338 ratio=1.0004 kl=0.0310
update=1688 mean_reward=+59.6855 mean_length= 60.00 policy_loss=+0.00311 value_loss=+0.00163 ratio=1.0008 kl=0.0151
update=1689 mean_reward=+59.6761 mean_length= 59.99 policy_loss=+0.00181 value_loss=+0.16727 ratio=1.0027 kl=0.0231
update=1690 mean_reward=+59.6892 mean_length= 60.00 policy_loss=+0.00128 value_loss=+0.00203 ratio=1.0001 kl=0.0137 | eval_reward=+59.7273 eval_length= 60.00
update=1691 mean_reward=+59.6893 mean_length= 60.00 policy_loss=-0.00129 value_loss=+0.07654 ratio=0.9999 kl=0.0282
update=1692 mean_reward=+59.6804 mean_length= 60.00 policy_loss=+0.00034 value_loss=+0.06823 ratio=1.0004 kl=0.0244
update=1693 mean_reward=+59.6892 mean_length= 60.00 policy_loss=+0.00154 value_loss=+0.00185 ratio=1.0000 kl=0.0136
update=1694 mean_reward=+59.6907 mean_length= 60.00 policy_loss=+0.00092 value_loss=+0.00151 ratio=0.9999 kl=0.0116
update=1695 mean_reward=+59.6846 mean_length= 59.99 policy_loss=+0.00070 value_loss=+0.15471 ratio=1.0002 kl=0.0356 | eval_reward=+59.7134 eval_length= 60.00
update=1696 mean_reward=+59.6685 mean_length= 59.98 policy_loss=-0.00079 value_loss=+0.29551 ratio=1.0001 kl=0.0265
update=1697 mean_reward=+59.6705 mean_length= 59.99 policy_loss=+0.00168 value_loss=+0.23847 ratio=1.0000 kl=0.0306
update=1698 mean_reward=+59.6863 mean_length= 60.00 policy_loss=+0.00254 value_loss=+0.00256 ratio=1.0002 kl=0.0134
update=1699 mean_reward=+59.6844 mean_length= 59.99 policy_loss=+0.00096 value_loss=+0.06363 ratio=1.0002 kl=0.0226
update=1700 mean_reward=+59.6857 mean_length= 60.00 policy_loss=+0.00163 value_loss=+0.08562 ratio=1.0001 kl=0.0297 | eval_reward=+59.7281 eval_length= 60.00
update=1701 mean_reward=+59.6707 mean_length= 59.99 policy_loss=+0.00129 value_loss=+0.15029 ratio=1.0005 kl=0.0385
update=1702 mean_reward=+59.6556 mean_length= 59.98 policy_loss=-0.00072 value_loss=+0.27772 ratio=1.0000 kl=0.0219
update=1703 mean_reward=+59.6726 mean_length= 60.00 policy_loss=+0.00389 value_loss=+0.00245 ratio=1.0004 kl=0.0187
update=1704 mean_reward=+59.6620 mean_length= 59.98 policy_loss=+0.00189 value_loss=+0.20643 ratio=0.9999 kl=0.0303
update=1705 mean_reward=+59.6686 mean_length= 59.99 policy_loss=-0.00025 value_loss=+0.05842 ratio=1.0000 kl=0.0264 | eval_reward=+59.7286 eval_length= 60.00
update=1706 mean_reward=+59.6698 mean_length= 60.00 policy_loss=+0.00175 value_loss=+0.00297 ratio=1.0004 kl=0.0169
update=1707 mean_reward=+59.6636 mean_length= 59.99 policy_loss=+0.00066 value_loss=+0.07899 ratio=1.0007 kl=0.0259
update=1708 mean_reward=+59.6795 mean_length= 60.00 policy_loss=+0.00232 value_loss=+0.00149 ratio=1.0003 kl=0.0137
update=1709 mean_reward=+59.6761 mean_length= 59.99 policy_loss=+0.00076 value_loss=+0.05913 ratio=0.9999 kl=0.0261
update=1710 mean_reward=+59.6682 mean_length= 59.99 policy_loss=+0.00108 value_loss=+0.08230 ratio=1.0003 kl=0.0284 | eval_reward=+59.7295 eval_length= 60.00
update=1711 mean_reward=+59.6872 mean_length= 60.00 policy_loss=+0.00176 value_loss=+0.00146 ratio=1.0003 kl=0.0117
update=1712 mean_reward=+59.6831 mean_length= 60.00 policy_loss=+0.00040 value_loss=+0.00195 ratio=1.0004 kl=0.0131
update=1713 mean_reward=+59.6860 mean_length= 60.00 policy_loss=+0.00250 value_loss=+0.00154 ratio=1.0002 kl=0.0129
update=1714 mean_reward=+59.6856 mean_length= 60.00 policy_loss=+0.00149 value_loss=+0.00184 ratio=0.9999 kl=0.0154
update=1715 mean_reward=+59.6828 mean_length= 59.99 policy_loss=+0.00025 value_loss=+0.06513 ratio=1.0002 kl=0.0282 | eval_reward=+59.7066 eval_length= 60.00
update=1716 mean_reward=+59.6798 mean_length= 59.99 policy_loss=-0.00034 value_loss=+0.06339 ratio=1.0009 kl=0.0254
update=1717 mean_reward=+59.6839 mean_length= 60.00 policy_loss=+0.00087 value_loss=+0.09029 ratio=1.0001 kl=0.0226
update=1718 mean_reward=+59.6896 mean_length= 60.00 policy_loss=+0.00058 value_loss=+0.14256 ratio=1.0002 kl=0.0301
update=1719 mean_reward=+59.6750 mean_length= 59.99 policy_loss=+0.00080 value_loss=+0.15717 ratio=1.0000 kl=0.0158
update=1720 mean_reward=+59.6783 mean_length= 59.98 policy_loss=+0.00075 value_loss=+0.24487 ratio=1.0002 kl=0.0288 | eval_reward=+59.7155 eval_length= 60.00
update=1721 mean_reward=+59.6797 mean_length= 59.99 policy_loss=+0.00071 value_loss=+0.13859 ratio=0.9997 kl=0.0274
update=1722 mean_reward=+59.6742 mean_length= 59.99 policy_loss=+0.00183 value_loss=+0.14793 ratio=0.9999 kl=0.0253
update=1723 mean_reward=+59.6876 mean_length= 60.00 policy_loss=+0.00203 value_loss=+0.00216 ratio=1.0004 kl=0.0135
update=1724 mean_reward=+59.6873 mean_length= 60.00 policy_loss=+0.00075 value_loss=+0.07667 ratio=1.0001 kl=0.0320
update=1725 mean_reward=+59.6768 mean_length= 59.99 policy_loss=+0.00009 value_loss=+0.14616 ratio=1.0001 kl=0.0252 | eval_reward=+59.7239 eval_length= 60.00
update=1726 mean_reward=+59.6863 mean_length= 60.00 policy_loss=+0.00137 value_loss=+0.01399 ratio=1.0003 kl=0.0253
update=1727 mean_reward=+59.6820 mean_length= 59.99 policy_loss=+0.00074 value_loss=+0.15908 ratio=1.0001 kl=0.0364
update=1728 mean_reward=+59.6863 mean_length= 59.99 policy_loss=-0.00017 value_loss=+0.07256 ratio=1.0005 kl=0.0259
update=1729 mean_reward=+59.6887 mean_length= 60.00 policy_loss=+0.00291 value_loss=+0.00152 ratio=0.9998 kl=0.0193
update=1730 mean_reward=+59.6785 mean_length= 59.99 policy_loss=+0.00201 value_loss=+0.20084 ratio=1.0000 kl=0.0235 | eval_reward=+59.7165 eval_length= 60.00
update=1731 mean_reward=+59.6823 mean_length= 59.99 policy_loss=-0.00020 value_loss=+0.05672 ratio=1.0006 kl=0.0314
update=1732 mean_reward=+59.6886 mean_length= 60.00 policy_loss=+0.00248 value_loss=+0.00175 ratio=0.9999 kl=0.0184
update=1733 mean_reward=+59.6889 mean_length= 60.00 policy_loss=+0.00146 value_loss=+0.00169 ratio=0.9999 kl=0.0131
update=1734 mean_reward=+59.6836 mean_length= 59.99 policy_loss=+0.00010 value_loss=+0.14256 ratio=1.0003 kl=0.0258
update=1735 mean_reward=+59.6918 mean_length= 60.00 policy_loss=+0.00247 value_loss=+0.00183 ratio=0.9999 kl=0.0195 | eval_reward=+59.7058 eval_length= 60.00
update=1736 mean_reward=+59.6888 mean_length= 59.99 policy_loss=+0.00022 value_loss=+0.14765 ratio=1.0003 kl=0.0213
update=1737 mean_reward=+59.6935 mean_length= 60.00 policy_loss=+0.00116 value_loss=+0.00212 ratio=1.0000 kl=0.0154
update=1738 mean_reward=+59.6911 mean_length= 60.00 policy_loss=+0.00058 value_loss=+0.00217 ratio=1.0000 kl=0.0151
update=1739 mean_reward=+59.6857 mean_length= 59.99 policy_loss=-0.00121 value_loss=+0.15649 ratio=1.0003 kl=0.0228
update=1740 mean_reward=+59.6839 mean_length= 59.99 policy_loss=+0.00130 value_loss=+0.08589 ratio=1.0006 kl=0.0300 | eval_reward=+59.7252 eval_length= 60.00
update=1741 mean_reward=+59.6911 mean_length= 60.00 policy_loss=+0.00151 value_loss=+0.00157 ratio=1.0000 kl=0.0157
update=1742 mean_reward=+59.6863 mean_length= 60.00 policy_loss=+0.00105 value_loss=+0.08592 ratio=1.0002 kl=0.0381
update=1743 mean_reward=+59.6798 mean_length= 59.99 policy_loss=+0.00087 value_loss=+0.23039 ratio=1.0000 kl=0.0218
update=1744 mean_reward=+59.6812 mean_length= 59.99 policy_loss=-0.00046 value_loss=+0.05497 ratio=1.0002 kl=0.0200
update=1745 mean_reward=+59.6737 mean_length= 59.99 policy_loss=+0.00125 value_loss=+0.11766 ratio=0.9999 kl=0.0290 | eval_reward=+59.7161 eval_length= 60.00
update=1746 mean_reward=+59.6739 mean_length= 59.99 policy_loss=+0.00140 value_loss=+0.26886 ratio=1.0005 kl=0.0220
update=1747 mean_reward=+59.6844 mean_length= 60.00 policy_loss=+0.00104 value_loss=+0.00203 ratio=1.0002 kl=0.0137
update=1748 mean_reward=+59.6816 mean_length= 60.00 policy_loss=+0.00059 value_loss=+0.08201 ratio=1.0003 kl=0.0258
update=1749 mean_reward=+59.6787 mean_length= 59.99 policy_loss=-0.00092 value_loss=+0.13270 ratio=1.0003 kl=0.0334
update=1750 mean_reward=+59.6743 mean_length= 59.98 policy_loss=+0.00127 value_loss=+0.25667 ratio=1.0002 kl=0.0311 | eval_reward=+59.7156 eval_length= 60.00
update=1751 mean_reward=+59.6726 mean_length= 59.99 policy_loss=+0.00082 value_loss=+0.16227 ratio=1.0001 kl=0.0308
update=1752 mean_reward=+59.6869 mean_length= 60.00 policy_loss=+0.00221 value_loss=+0.00704 ratio=1.0004 kl=0.0233
update=1753 mean_reward=+59.6704 mean_length= 59.99 policy_loss=+0.00058 value_loss=+0.14941 ratio=1.0003 kl=0.0288
update=1754 mean_reward=+59.6833 mean_length= 60.00 policy_loss=+0.00163 value_loss=+0.00239 ratio=1.0013 kl=0.0209
update=1755 mean_reward=+59.6761 mean_length= 59.99 policy_loss=+0.00218 value_loss=+0.08991 ratio=0.9999 kl=0.0265 | eval_reward=+59.7011 eval_length= 60.00
update=1756 mean_reward=+59.6800 mean_length= 60.00 policy_loss=+0.00005 value_loss=+0.08565 ratio=0.9999 kl=0.0344
update=1757 mean_reward=+59.6772 mean_length= 59.99 policy_loss=+0.00106 value_loss=+0.12896 ratio=1.0003 kl=0.0221
update=1758 mean_reward=+59.6804 mean_length= 59.99 policy_loss=+0.00029 value_loss=+0.16550 ratio=1.0006 kl=0.0365
update=1759 mean_reward=+59.6792 mean_length= 60.00 policy_loss=+0.00101 value_loss=+0.09839 ratio=0.9998 kl=0.0271
update=1760 mean_reward=+59.6670 mean_length= 59.98 policy_loss=+0.00002 value_loss=+0.18198 ratio=0.9997 kl=0.0308 | eval_reward=+59.6990 eval_length= 60.00
update=1761 mean_reward=+59.6677 mean_length= 59.99 policy_loss=+0.00227 value_loss=+0.23810 ratio=1.0004 kl=0.0305
update=1762 mean_reward=+59.6593 mean_length= 59.99 policy_loss=+0.00168 value_loss=+0.22311 ratio=1.0002 kl=0.0224
update=1763 mean_reward=+59.6740 mean_length= 59.99 policy_loss=+0.00161 value_loss=+0.08613 ratio=0.9999 kl=0.0335
update=1764 mean_reward=+59.6764 mean_length= 60.00 policy_loss=+0.00119 value_loss=+0.08179 ratio=1.0000 kl=0.0277
update=1765 mean_reward=+59.6674 mean_length= 60.00 policy_loss=+0.00110 value_loss=+0.08044 ratio=1.0005 kl=0.0320 | eval_reward=+59.7098 eval_length= 60.00
update=1766 mean_reward=+59.6711 mean_length= 59.99 policy_loss=+0.00152 value_loss=+0.08318 ratio=1.0007 kl=0.0319
update=1767 mean_reward=+59.6675 mean_length= 59.99 policy_loss=-0.00076 value_loss=+0.13555 ratio=1.0000 kl=0.0260
update=1768 mean_reward=+59.6639 mean_length= 59.99 policy_loss=+0.00094 value_loss=+0.17499 ratio=1.0000 kl=0.0255
update=1769 mean_reward=+59.6587 mean_length= 59.98 policy_loss=+0.00165 value_loss=+0.48947 ratio=1.0001 kl=0.0252
update=1770 mean_reward=+59.6816 mean_length= 60.00 policy_loss=+0.00045 value_loss=+0.10474 ratio=1.0004 kl=0.0133 | eval_reward=+59.7067 eval_length= 60.00
update=1771 mean_reward=+59.6744 mean_length= 59.99 policy_loss=+0.00180 value_loss=+0.05321 ratio=1.0003 kl=0.0274
update=1772 mean_reward=+59.6684 mean_length= 59.99 policy_loss=-0.00150 value_loss=+0.16755 ratio=1.0004 kl=0.0247
update=1773 mean_reward=+59.6610 mean_length= 59.99 policy_loss=-0.00088 value_loss=+0.17239 ratio=0.9999 kl=0.0264
update=1774 mean_reward=+59.6730 mean_length= 59.99 policy_loss=+0.00105 value_loss=+0.07089 ratio=1.0004 kl=0.0309
update=1775 mean_reward=+59.6685 mean_length= 59.99 policy_loss=-0.00051 value_loss=+0.11294 ratio=1.0002 kl=0.0243 | eval_reward=+59.7005 eval_length= 60.00
update=1776 mean_reward=+59.6729 mean_length= 59.99 policy_loss=+0.00155 value_loss=+0.27539 ratio=1.0001 kl=0.0304
update=1777 mean_reward=+59.6669 mean_length= 59.99 policy_loss=+0.00170 value_loss=+0.22109 ratio=1.0007 kl=0.0302
update=1778 mean_reward=+59.6680 mean_length= 59.99 policy_loss=+0.00193 value_loss=+0.16923 ratio=1.0001 kl=0.0243
update=1779 mean_reward=+59.6725 mean_length= 59.99 policy_loss=+0.00112 value_loss=+0.08055 ratio=1.0000 kl=0.0223
update=1780 mean_reward=+59.6687 mean_length= 59.99 policy_loss=-0.00059 value_loss=+0.13790 ratio=1.0004 kl=0.0249 | eval_reward=+59.7038 eval_length= 60.00
update=1781 mean_reward=+59.6653 mean_length= 59.99 policy_loss=-0.00049 value_loss=+0.21367 ratio=1.0000 kl=0.0253
update=1782 mean_reward=+59.6657 mean_length= 60.00 policy_loss=-0.00049 value_loss=+0.12514 ratio=1.0005 kl=0.0240
update=1783 mean_reward=+59.6639 mean_length= 60.00 policy_loss=+0.00107 value_loss=+0.09260 ratio=1.0003 kl=0.0322
update=1784 mean_reward=+59.6689 mean_length= 60.00 policy_loss=+0.00048 value_loss=+0.02834 ratio=1.0004 kl=0.0200
update=1785 mean_reward=+59.6644 mean_length= 60.00 policy_loss=+0.00006 value_loss=+0.07357 ratio=0.9997 kl=0.0255 | eval_reward=+59.7266 eval_length= 60.00
update=1786 mean_reward=+59.6633 mean_length= 59.99 policy_loss=+0.00040 value_loss=+0.16859 ratio=1.0006 kl=0.0294
update=1787 mean_reward=+59.6625 mean_length= 59.99 policy_loss=+0.00171 value_loss=+0.17223 ratio=0.9998 kl=0.0282
update=1788 mean_reward=+59.6734 mean_length= 60.00 policy_loss=+0.00075 value_loss=+0.00304 ratio=1.0004 kl=0.0113
update=1789 mean_reward=+59.6782 mean_length= 60.00 policy_loss=+0.00043 value_loss=+0.00161 ratio=1.0003 kl=0.0102
update=1790 mean_reward=+59.6729 mean_length= 60.00 policy_loss=+0.00018 value_loss=+0.08102 ratio=1.0000 kl=0.0226 | eval_reward=+59.7316 eval_length= 60.00
update=1791 mean_reward=+59.6794 mean_length= 60.00 policy_loss=-0.00009 value_loss=+0.07413 ratio=1.0006 kl=0.0379
update=1792 mean_reward=+59.6785 mean_length= 60.00 policy_loss=+0.00111 value_loss=+0.00234 ratio=1.0005 kl=0.0186
update=1793 mean_reward=+59.6774 mean_length= 60.00 policy_loss=+0.00090 value_loss=+0.08408 ratio=1.0007 kl=0.0286
update=1794 mean_reward=+59.6736 mean_length= 59.99 policy_loss=-0.00203 value_loss=+0.12242 ratio=1.0003 kl=0.0364
update=1795 mean_reward=+59.6805 mean_length= 60.00 policy_loss=+0.00155 value_loss=+0.01223 ratio=1.0005 kl=0.0344 | eval_reward=+59.7177 eval_length= 60.00
update=1796 mean_reward=+59.6803 mean_length= 59.99 policy_loss=+0.00099 value_loss=+0.08533 ratio=1.0003 kl=0.0261
update=1797 mean_reward=+59.6819 mean_length= 60.00 policy_loss=+0.00112 value_loss=+0.07357 ratio=1.0013 kl=0.0352
update=1798 mean_reward=+59.6810 mean_length= 59.99 policy_loss=-0.00246 value_loss=+0.09110 ratio=0.9997 kl=0.0272
update=1799 mean_reward=+59.6820 mean_length= 59.99 policy_loss=+0.00219 value_loss=+0.16576 ratio=1.0001 kl=0.0278
update=1800 mean_reward=+59.6788 mean_length= 59.99 policy_loss=+0.00068 value_loss=+0.29125 ratio=1.0003 kl=0.0192 | eval_reward=+59.7046 eval_length= 60.00
update=1801 mean_reward=+59.6797 mean_length= 60.00 policy_loss=+0.00155 value_loss=+0.00529 ratio=1.0002 kl=0.0164
update=1802 mean_reward=+59.6749 mean_length= 59.99 policy_loss=+0.00292 value_loss=+0.08213 ratio=1.0051 kl=0.0250
update=1803 mean_reward=+59.6775 mean_length= 59.99 policy_loss=+0.00057 value_loss=+0.07382 ratio=1.0003 kl=0.0244
update=1804 mean_reward=+59.6828 mean_length= 60.00 policy_loss=+0.00221 value_loss=+0.00169 ratio=1.0001 kl=0.0159
update=1805 mean_reward=+59.6726 mean_length= 59.99 policy_loss=+0.00063 value_loss=+0.20608 ratio=1.0001 kl=0.0230 | eval_reward=+59.7136 eval_length= 60.00
update=1806 mean_reward=+59.6824 mean_length= 60.00 policy_loss=+0.00092 value_loss=+0.00308 ratio=1.0004 kl=0.0115
update=1807 mean_reward=+59.6771 mean_length= 60.00 policy_loss=+0.00111 value_loss=+0.08654 ratio=1.0004 kl=0.0222
update=1808 mean_reward=+59.6874 mean_length= 60.00 policy_loss=+0.00189 value_loss=+0.00152 ratio=1.0002 kl=0.0152
update=1809 mean_reward=+59.6933 mean_length= 60.00 policy_loss=+0.00077 value_loss=+0.00299 ratio=1.0002 kl=0.0146
update=1810 mean_reward=+59.6876 mean_length= 60.00 policy_loss=+0.00178 value_loss=+0.00149 ratio=1.0002 kl=0.0137 | eval_reward=+59.7162 eval_length= 60.00
update=1811 mean_reward=+59.6874 mean_length= 60.00 policy_loss=+0.00125 value_loss=+0.00152 ratio=1.0001 kl=0.0118
update=1812 mean_reward=+59.6931 mean_length= 60.00 policy_loss=+0.00085 value_loss=+0.00221 ratio=1.0001 kl=0.0149
update=1813 mean_reward=+59.7007 mean_length= 60.00 policy_loss=+0.00188 value_loss=+0.00130 ratio=1.0003 kl=0.0122
update=1814 mean_reward=+59.6881 mean_length= 59.99 policy_loss=+0.00189 value_loss=+0.19005 ratio=1.0003 kl=0.0324
update=1815 mean_reward=+59.6897 mean_length= 60.00 policy_loss=+0.00263 value_loss=+0.10489 ratio=1.0006 kl=0.0370 | eval_reward=+59.7134 eval_length= 60.00
update=1816 mean_reward=+59.6929 mean_length= 60.00 policy_loss=+0.00127 value_loss=+0.00183 ratio=1.0000 kl=0.0158
update=1817 mean_reward=+59.6886 mean_length= 60.00 policy_loss=+0.00074 value_loss=+0.09369 ratio=0.9999 kl=0.0237
update=1818 mean_reward=+59.6723 mean_length= 59.98 policy_loss=+0.00163 value_loss=+0.31708 ratio=1.0005 kl=0.0277
update=1819 mean_reward=+59.6714 mean_length= 59.98 policy_loss=+0.00129 value_loss=+0.32599 ratio=1.0005 kl=0.0277
update=1820 mean_reward=+59.6844 mean_length= 60.00 policy_loss=-0.00033 value_loss=+0.07337 ratio=1.0005 kl=0.0268 | eval_reward=+59.7147 eval_length= 60.00
update=1821 mean_reward=+59.6756 mean_length= 59.98 policy_loss=+0.00214 value_loss=+0.35564 ratio=1.0001 kl=0.0274
update=1822 mean_reward=+59.6784 mean_length= 59.99 policy_loss=+0.00088 value_loss=+0.22506 ratio=0.9999 kl=0.0241
update=1823 mean_reward=+59.6687 mean_length= 59.98 policy_loss=-0.00006 value_loss=+0.31288 ratio=1.0005 kl=0.0278
update=1824 mean_reward=+59.6827 mean_length= 59.99 policy_loss=+0.00066 value_loss=+0.13726 ratio=1.0000 kl=0.0350
update=1825 mean_reward=+59.6710 mean_length= 59.98 policy_loss=+0.00028 value_loss=+0.39834 ratio=1.0000 kl=0.0234 | eval_reward=+59.7112 eval_length= 60.00
update=1826 mean_reward=+59.6835 mean_length= 59.99 policy_loss=+0.00102 value_loss=+0.06891 ratio=1.0003 kl=0.0294
update=1827 mean_reward=+59.6855 mean_length= 59.99 policy_loss=+0.00132 value_loss=+0.17536 ratio=1.0004 kl=0.0292
update=1828 mean_reward=+59.6853 mean_length= 59.99 policy_loss=+0.00255 value_loss=+0.08835 ratio=1.0002 kl=0.0281
update=1829 mean_reward=+59.6780 mean_length= 59.99 policy_loss=+0.00038 value_loss=+0.15187 ratio=1.0003 kl=0.0241
update=1830 mean_reward=+59.6683 mean_length= 59.99 policy_loss=-0.00105 value_loss=+0.17004 ratio=0.9996 kl=0.0302 | eval_reward=+59.7023 eval_length= 60.00
update=1831 mean_reward=+59.6795 mean_length= 60.00 policy_loss=+0.00128 value_loss=+0.08140 ratio=1.0006 kl=0.0273
update=1832 mean_reward=+59.6849 mean_length= 60.00 policy_loss=+0.00163 value_loss=+0.16199 ratio=0.9998 kl=0.0273
update=1833 mean_reward=+59.6863 mean_length= 60.00 policy_loss=+0.00125 value_loss=+0.00336 ratio=1.0002 kl=0.0122
update=1834 mean_reward=+59.6833 mean_length= 60.00 policy_loss=+0.00075 value_loss=+0.00284 ratio=1.0002 kl=0.0113
update=1835 mean_reward=+59.6796 mean_length= 59.99 policy_loss=+0.00097 value_loss=+0.09245 ratio=1.0008 kl=0.0259 | eval_reward=+59.7051 eval_length= 60.00
update=1836 mean_reward=+59.6802 mean_length= 59.99 policy_loss=+0.00290 value_loss=+0.07971 ratio=1.0001 kl=0.0255
update=1837 mean_reward=+59.6751 mean_length= 59.98 policy_loss=+0.00156 value_loss=+0.25956 ratio=1.0003 kl=0.0215
update=1838 mean_reward=+59.6881 mean_length= 60.00 policy_loss=+0.00261 value_loss=+0.10438 ratio=1.0003 kl=0.0286
update=1839 mean_reward=+59.6814 mean_length= 59.99 policy_loss=+0.00153 value_loss=+0.16858 ratio=1.0002 kl=0.0241
update=1840 mean_reward=+59.6676 mean_length= 59.98 policy_loss=+0.00046 value_loss=+0.32182 ratio=1.0005 kl=0.0217 | eval_reward=+59.7190 eval_length= 60.00
update=1841 mean_reward=+59.6869 mean_length= 60.00 policy_loss=+0.00088 value_loss=+0.00558 ratio=1.0009 kl=0.0131
update=1842 mean_reward=+59.6665 mean_length= 59.98 policy_loss=+0.00217 value_loss=+0.24749 ratio=1.0000 kl=0.0282
update=1843 mean_reward=+59.6747 mean_length= 59.98 policy_loss=+0.00040 value_loss=+0.21635 ratio=1.0008 kl=0.0228
update=1844 mean_reward=+59.6853 mean_length= 60.00 policy_loss=+0.00213 value_loss=+0.00228 ratio=1.0003 kl=0.0166
update=1845 mean_reward=+59.6855 mean_length= 59.99 policy_loss=+0.00129 value_loss=+0.09679 ratio=0.9999 kl=0.0225 | eval_reward=+59.7144 eval_length= 60.00
update=1846 mean_reward=+59.6822 mean_length= 59.99 policy_loss=+0.00253 value_loss=+0.17286 ratio=1.0000 kl=0.0276
update=1847 mean_reward=+59.6866 mean_length= 60.00 policy_loss=+0.00138 value_loss=+0.00154 ratio=0.9999 kl=0.0125
update=1848 mean_reward=+59.6853 mean_length= 59.99 policy_loss=+0.00086 value_loss=+0.14826 ratio=1.0004 kl=0.0293
update=1849 mean_reward=+59.6819 mean_length= 60.00 policy_loss=+0.00147 value_loss=+0.08172 ratio=0.9999 kl=0.0251
update=1850 mean_reward=+59.6877 mean_length= 60.00 policy_loss=+0.00144 value_loss=+0.00316 ratio=1.0001 kl=0.0160 | eval_reward=+59.7140 eval_length= 60.00
update=1851 mean_reward=+59.6905 mean_length= 60.00 policy_loss=+0.00099 value_loss=+0.08222 ratio=1.0004 kl=0.0294
update=1852 mean_reward=+59.6886 mean_length= 59.99 policy_loss=-0.00006 value_loss=+0.07065 ratio=1.0004 kl=0.0270
update=1853 mean_reward=+59.6830 mean_length= 59.99 policy_loss=+0.00072 value_loss=+0.19999 ratio=0.9998 kl=0.0261
update=1854 mean_reward=+59.6926 mean_length= 59.99 policy_loss=+0.00191 value_loss=+0.15148 ratio=1.0004 kl=0.0241
update=1855 mean_reward=+59.6852 mean_length= 59.99 policy_loss=+0.00327 value_loss=+0.20364 ratio=0.9996 kl=0.0323 | eval_reward=+59.7203 eval_length= 60.00
update=1856 mean_reward=+59.6860 mean_length= 60.00 policy_loss=+0.00131 value_loss=+0.00786 ratio=1.0000 kl=0.0160
update=1857 mean_reward=+59.6823 mean_length= 60.00 policy_loss=+0.00119 value_loss=+0.16929 ratio=1.0006 kl=0.0292
update=1858 mean_reward=+59.6937 mean_length= 60.00 policy_loss=+0.00120 value_loss=+0.00643 ratio=1.0002 kl=0.0241
update=1859 mean_reward=+59.6632 mean_length= 59.98 policy_loss=-0.00013 value_loss=+0.22872 ratio=1.0003 kl=0.0248
update=1860 mean_reward=+59.6794 mean_length= 59.99 policy_loss=+0.00035 value_loss=+0.15061 ratio=1.0001 kl=0.0303 | eval_reward=+59.7221 eval_length= 60.00
update=1861 mean_reward=+59.6861 mean_length= 59.99 policy_loss=-0.00015 value_loss=+0.09235 ratio=1.0005 kl=0.0222
update=1862 mean_reward=+59.6645 mean_length= 59.98 policy_loss=+0.00100 value_loss=+0.29860 ratio=1.0000 kl=0.0279
update=1863 mean_reward=+59.6834 mean_length= 59.99 policy_loss=+0.00316 value_loss=+0.08484 ratio=1.0000 kl=0.0286
update=1864 mean_reward=+59.6748 mean_length= 59.99 policy_loss=-0.00061 value_loss=+0.11904 ratio=1.0012 kl=0.0288
update=1865 mean_reward=+59.6850 mean_length= 60.00 policy_loss=+0.00105 value_loss=+0.01345 ratio=1.0012 kl=0.0337 | eval_reward=+59.7092 eval_length= 60.00
update=1866 mean_reward=+59.6723 mean_length= 59.99 policy_loss=+0.00176 value_loss=+0.11861 ratio=1.0006 kl=0.0212
update=1867 mean_reward=+59.6778 mean_length= 60.00 policy_loss=+0.00071 value_loss=+0.08734 ratio=1.0001 kl=0.0250
update=1868 mean_reward=+59.6616 mean_length= 59.98 policy_loss=+0.00164 value_loss=+0.31500 ratio=1.0013 kl=0.0229
update=1869 mean_reward=+59.6638 mean_length= 59.98 policy_loss=-0.00177 value_loss=+0.17417 ratio=1.0007 kl=0.0313
update=1870 mean_reward=+59.6664 mean_length= 59.98 policy_loss=+0.00140 value_loss=+0.23340 ratio=1.0007 kl=0.0262 | eval_reward=+59.7065 eval_length= 60.00
update=1871 mean_reward=+59.6610 mean_length= 59.98 policy_loss=-0.00019 value_loss=+0.26019 ratio=1.0003 kl=0.0253
update=1872 mean_reward=+59.6720 mean_length= 59.98 policy_loss=+0.00060 value_loss=+0.21219 ratio=1.0011 kl=0.0296
update=1873 mean_reward=+59.6722 mean_length= 59.99 policy_loss=+0.00040 value_loss=+0.14384 ratio=1.0002 kl=0.0289
update=1874 mean_reward=+59.6862 mean_length= 60.00 policy_loss=+0.00207 value_loss=+0.00519 ratio=1.0003 kl=0.0196
update=1875 mean_reward=+59.6892 mean_length= 60.00 policy_loss=+0.00059 value_loss=+0.00168 ratio=1.0004 kl=0.0110 | eval_reward=+59.7049 eval_length= 60.00
update=1876 mean_reward=+59.6967 mean_length= 60.00 policy_loss=+0.00276 value_loss=+0.00162 ratio=1.0004 kl=0.0178
update=1877 mean_reward=+59.6911 mean_length= 59.99 policy_loss=+0.00075 value_loss=+0.07329 ratio=1.0005 kl=0.0261
update=1878 mean_reward=+59.6871 mean_length= 59.99 policy_loss=+0.00172 value_loss=+0.08456 ratio=1.0007 kl=0.0309
update=1879 mean_reward=+59.6909 mean_length= 60.00 policy_loss=+0.00118 value_loss=+0.00196 ratio=1.0001 kl=0.0148
update=1880 mean_reward=+59.6933 mean_length= 60.00 policy_loss=+0.00145 value_loss=+0.00207 ratio=1.0005 kl=0.0156 | eval_reward=+59.7107 eval_length= 60.00
update=1881 mean_reward=+59.6960 mean_length= 60.00 policy_loss=+0.00156 value_loss=+0.00224 ratio=1.0040 kl=0.0186
update=1882 mean_reward=+59.6793 mean_length= 59.99 policy_loss=+0.00176 value_loss=+0.24185 ratio=1.0007 kl=0.0256
update=1883 mean_reward=+59.6920 mean_length= 60.00 policy_loss=+0.00089 value_loss=+0.00312 ratio=1.0005 kl=0.0209
update=1884 mean_reward=+59.6809 mean_length= 59.99 policy_loss=+0.00071 value_loss=+0.18933 ratio=1.0005 kl=0.0262
update=1885 mean_reward=+59.6480 mean_length= 59.96 policy_loss=+0.00110 value_loss=+0.47483 ratio=1.0017 kl=0.0248 | eval_reward=+59.7041 eval_length= 60.00
update=1886 mean_reward=+59.6841 mean_length= 60.00 policy_loss=+0.00105 value_loss=+0.08953 ratio=1.0006 kl=0.0266
update=1887 mean_reward=+59.6866 mean_length= 59.99 policy_loss=+0.00094 value_loss=+0.06157 ratio=1.0009 kl=0.0247
update=1888 mean_reward=+59.6905 mean_length= 60.00 policy_loss=+0.00297 value_loss=+0.00160 ratio=1.0004 kl=0.0155
update=1889 mean_reward=+59.6786 mean_length= 59.99 policy_loss=-0.00057 value_loss=+0.10405 ratio=1.0007 kl=0.0272
update=1890 mean_reward=+59.6724 mean_length= 59.98 policy_loss=+0.00267 value_loss=+0.24062 ratio=1.0001 kl=0.0317 | eval_reward=+59.7084 eval_length= 60.00
update=1891 mean_reward=+59.6769 mean_length= 59.98 policy_loss=+0.00136 value_loss=+0.25015 ratio=1.0007 kl=0.0260
update=1892 mean_reward=+59.6777 mean_length= 59.99 policy_loss=-0.00143 value_loss=+0.08993 ratio=1.0007 kl=0.0275
update=1893 mean_reward=+59.6855 mean_length= 60.00 policy_loss=+0.00225 value_loss=+0.00170 ratio=1.0018 kl=0.0163
update=1894 mean_reward=+59.6794 mean_length= 59.99 policy_loss=+0.00121 value_loss=+0.06344 ratio=1.0007 kl=0.0215
update=1895 mean_reward=+59.6848 mean_length= 60.00 policy_loss=+0.00416 value_loss=+0.00149 ratio=1.0008 kl=0.0182 | eval_reward=+59.7001 eval_length= 60.00
update=1896 mean_reward=+59.6926 mean_length= 60.00 policy_loss=+0.00073 value_loss=+0.00151 ratio=1.0003 kl=0.0122
update=1897 mean_reward=+59.6865 mean_length= 59.99 policy_loss=+0.00248 value_loss=+0.08389 ratio=1.0002 kl=0.0230
update=1898 mean_reward=+59.6809 mean_length= 60.00 policy_loss=+0.00098 value_loss=+0.08207 ratio=1.0000 kl=0.0271
update=1899 mean_reward=+59.6783 mean_length= 59.99 policy_loss=+0.00014 value_loss=+0.10803 ratio=1.0001 kl=0.0308
update=1900 mean_reward=+59.6734 mean_length= 59.98 policy_loss=+0.00064 value_loss=+0.20497 ratio=1.0002 kl=0.0234 | eval_reward=+59.7061 eval_length= 60.00
update=1901 mean_reward=+59.6739 mean_length= 59.99 policy_loss=-0.00015 value_loss=+0.12398 ratio=1.0003 kl=0.0292
update=1902 mean_reward=+59.6656 mean_length= 59.98 policy_loss=-0.00093 value_loss=+0.19512 ratio=0.9999 kl=0.0271
update=1903 mean_reward=+59.6567 mean_length= 59.98 policy_loss=+0.00073 value_loss=+0.28319 ratio=1.0005 kl=0.0293
update=1904 mean_reward=+59.6568 mean_length= 59.99 policy_loss=+0.00146 value_loss=+0.17388 ratio=1.0003 kl=0.0234
update=1905 mean_reward=+59.6658 mean_length= 59.99 policy_loss=+0.00229 value_loss=+0.10293 ratio=0.9997 kl=0.0268 | eval_reward=+59.7098 eval_length= 60.00
update=1906 mean_reward=+59.6671 mean_length= 60.00 policy_loss=-0.00053 value_loss=+0.07695 ratio=1.0000 kl=0.0328
update=1907 mean_reward=+59.6630 mean_length= 59.99 policy_loss=+0.00082 value_loss=+0.15604 ratio=1.0002 kl=0.0275
update=1908 mean_reward=+59.6738 mean_length= 60.00 policy_loss=+0.00204 value_loss=+0.11927 ratio=1.0000 kl=0.0218
update=1909 mean_reward=+59.6735 mean_length= 60.00 policy_loss=+0.00104 value_loss=+0.08867 ratio=0.9999 kl=0.0278
update=1910 mean_reward=+59.6782 mean_length= 60.00 policy_loss=+0.00123 value_loss=+0.06258 ratio=0.9999 kl=0.0302 | eval_reward=+59.7058 eval_length= 60.00
update=1911 mean_reward=+59.6856 mean_length= 60.00 policy_loss=+0.00008 value_loss=+0.05357 ratio=1.0003 kl=0.0261
update=1912 mean_reward=+59.6744 mean_length= 59.99 policy_loss=+0.00115 value_loss=+0.08067 ratio=1.0001 kl=0.0233
update=1913 mean_reward=+59.6829 mean_length= 59.99 policy_loss=+0.00054 value_loss=+0.05058 ratio=0.9998 kl=0.0227
update=1914 mean_reward=+59.6844 mean_length= 59.99 policy_loss=+0.00223 value_loss=+0.07439 ratio=1.0003 kl=0.0247
update=1915 mean_reward=+59.6757 mean_length= 59.99 policy_loss=+0.00093 value_loss=+0.16774 ratio=0.9993 kl=0.0305 | eval_reward=+59.7174 eval_length= 60.00
update=1916 mean_reward=+59.6796 mean_length= 60.00 policy_loss=+0.00199 value_loss=+0.00186 ratio=1.0001 kl=0.0174
update=1917 mean_reward=+59.6905 mean_length= 60.00 policy_loss=+0.00147 value_loss=+0.00261 ratio=1.0000 kl=0.0185
update=1918 mean_reward=+59.6805 mean_length= 59.99 policy_loss=+0.00173 value_loss=+0.19047 ratio=1.0015 kl=0.0244
update=1919 mean_reward=+59.6789 mean_length= 59.99 policy_loss=-0.00085 value_loss=+0.10369 ratio=0.9998 kl=0.0277
update=1920 mean_reward=+59.6762 mean_length= 59.99 policy_loss=+0.00144 value_loss=+0.08223 ratio=1.0001 kl=0.0299 | eval_reward=+59.7243 eval_length= 60.00
update=1921 mean_reward=+59.6806 mean_length= 59.99 policy_loss=+0.00162 value_loss=+0.08518 ratio=0.9999 kl=0.0291
update=1922 mean_reward=+59.6838 mean_length= 60.00 policy_loss=+0.00141 value_loss=+0.00402 ratio=1.0000 kl=0.0219
update=1923 mean_reward=+59.6786 mean_length= 59.99 policy_loss=+0.00024 value_loss=+0.05929 ratio=1.0004 kl=0.0255
update=1924 mean_reward=+59.6760 mean_length= 59.99 policy_loss=+0.00137 value_loss=+0.06017 ratio=1.0001 kl=0.0258
update=1925 mean_reward=+59.6792 mean_length= 60.00 policy_loss=+0.00173 value_loss=+0.00221 ratio=1.0000 kl=0.0175 | eval_reward=+59.7114 eval_length= 60.00
update=1926 mean_reward=+59.6891 mean_length= 60.00 policy_loss=+0.00400 value_loss=+0.00151 ratio=0.9999 kl=0.0208
update=1927 mean_reward=+59.6844 mean_length= 60.00 policy_loss=+0.00023 value_loss=+0.07413 ratio=0.9996 kl=0.0206
update=1928 mean_reward=+59.6914 mean_length= 60.00 policy_loss=+0.00158 value_loss=+0.00425 ratio=1.0003 kl=0.0309
update=1929 mean_reward=+59.6934 mean_length= 60.00 policy_loss=+0.00111 value_loss=+0.00165 ratio=1.0003 kl=0.0135
update=1930 mean_reward=+59.6785 mean_length= 59.98 policy_loss=+0.00160 value_loss=+0.21810 ratio=1.0001 kl=0.0292 | eval_reward=+59.7171 eval_length= 60.00
update=1931 mean_reward=+59.6843 mean_length= 60.00 policy_loss=+0.00222 value_loss=+0.10158 ratio=0.9998 kl=0.0270
update=1932 mean_reward=+59.6933 mean_length= 60.00 policy_loss=+0.00504 value_loss=+0.00149 ratio=1.0003 kl=0.0276
update=1933 mean_reward=+59.6917 mean_length= 60.00 policy_loss=+0.00089 value_loss=+0.08673 ratio=1.0001 kl=0.0297
update=1934 mean_reward=+59.7010 mean_length= 60.00 policy_loss=+0.00210 value_loss=+0.00151 ratio=1.0001 kl=0.0149
update=1935 mean_reward=+59.6937 mean_length= 60.00 policy_loss=+0.00099 value_loss=+0.00164 ratio=1.0005 kl=0.0136 | eval_reward=+59.7176 eval_length= 60.00
update=1936 mean_reward=+59.6990 mean_length= 60.00 policy_loss=+0.00093 value_loss=+0.00374 ratio=1.0003 kl=0.0164
update=1937 mean_reward=+59.6931 mean_length= 60.00 policy_loss=+0.00077 value_loss=+0.07934 ratio=0.9996 kl=0.0212
update=1938 mean_reward=+59.6995 mean_length= 60.00 policy_loss=+0.00113 value_loss=+0.00159 ratio=1.0002 kl=0.0143
update=1939 mean_reward=+59.7077 mean_length= 60.00 policy_loss=+0.00355 value_loss=+0.00126 ratio=1.0001 kl=0.0186
update=1940 mean_reward=+59.6983 mean_length= 60.00 policy_loss=+0.00223 value_loss=+0.09682 ratio=1.0005 kl=0.0300 | eval_reward=+59.7209 eval_length= 60.00
update=1941 mean_reward=+59.6939 mean_length= 59.99 policy_loss=-0.00067 value_loss=+0.11373 ratio=1.0005 kl=0.0345
update=1942 mean_reward=+59.7027 mean_length= 60.00 policy_loss=+0.00196 value_loss=+0.00150 ratio=1.0000 kl=0.0171
update=1943 mean_reward=+59.7023 mean_length= 60.00 policy_loss=+0.00052 value_loss=+0.00134 ratio=1.0004 kl=0.0099
update=1944 mean_reward=+59.7018 mean_length= 60.00 policy_loss=+0.00105 value_loss=+0.00140 ratio=1.0001 kl=0.0116
update=1945 mean_reward=+59.7017 mean_length= 59.99 policy_loss=+0.00159 value_loss=+0.06876 ratio=1.0007 kl=0.0260 | eval_reward=+59.7146 eval_length= 60.00
update=1946 mean_reward=+59.7055 mean_length= 60.00 policy_loss=+0.00393 value_loss=+0.00127 ratio=1.0000 kl=0.0226
update=1947 mean_reward=+59.6979 mean_length= 59.99 policy_loss=+0.00057 value_loss=+0.06465 ratio=1.0001 kl=0.0248
update=1948 mean_reward=+59.7043 mean_length= 60.00 policy_loss=+0.00190 value_loss=+0.00999 ratio=1.0001 kl=0.0347
update=1949 mean_reward=+59.7006 mean_length= 59.99 policy_loss=+0.00224 value_loss=+0.07592 ratio=1.0001 kl=0.0316
update=1950 mean_reward=+59.7051 mean_length= 60.00 policy_loss=+0.00185 value_loss=+0.00233 ratio=1.0001 kl=0.0218 | eval_reward=+59.7141 eval_length= 60.00
update=1951 mean_reward=+59.6984 mean_length= 60.00 policy_loss=-0.00035 value_loss=+0.06965 ratio=1.0001 kl=0.0271
update=1952 mean_reward=+59.7041 mean_length= 60.00 policy_loss=+0.00142 value_loss=+0.00166 ratio=1.0000 kl=0.0146
update=1953 mean_reward=+59.7072 mean_length= 60.00 policy_loss=+0.00480 value_loss=+0.00138 ratio=0.9999 kl=0.0285
update=1954 mean_reward=+59.6809 mean_length= 59.98 policy_loss=-0.00098 value_loss=+0.23931 ratio=1.0004 kl=0.0262
update=1955 mean_reward=+59.7000 mean_length= 59.99 policy_loss=+0.00151 value_loss=+0.15476 ratio=1.0003 kl=0.0256 | eval_reward=+59.7237 eval_length= 60.00
update=1956 mean_reward=+59.7052 mean_length= 60.00 policy_loss=+0.00117 value_loss=+0.07251 ratio=1.0002 kl=0.0254
update=1957 mean_reward=+59.6921 mean_length= 59.98 policy_loss=-0.00154 value_loss=+0.15386 ratio=1.0006 kl=0.0296
update=1958 mean_reward=+59.7012 mean_length= 59.99 policy_loss=+0.00191 value_loss=+0.06147 ratio=0.9998 kl=0.0289
update=1959 mean_reward=+59.7078 mean_length= 60.00 policy_loss=+0.00268 value_loss=+0.00142 ratio=1.0004 kl=0.0168
update=1960 mean_reward=+59.6955 mean_length= 59.99 policy_loss=+0.00247 value_loss=+0.17341 ratio=1.0000 kl=0.0238 | eval_reward=+59.7235 eval_length= 60.00
update=1961 mean_reward=+59.7033 mean_length= 60.00 policy_loss=+0.00220 value_loss=+0.10358 ratio=1.0003 kl=0.0259
update=1962 mean_reward=+59.7013 mean_length= 60.00 policy_loss=+0.00424 value_loss=+0.13142 ratio=1.0001 kl=0.0252
update=1963 mean_reward=+59.7068 mean_length= 60.00 policy_loss=-0.00090 value_loss=+0.05934 ratio=1.0005 kl=0.0255
update=1964 mean_reward=+59.6973 mean_length= 59.99 policy_loss=+0.00051 value_loss=+0.14724 ratio=0.9998 kl=0.0238
update=1965 mean_reward=+59.6990 mean_length= 59.99 policy_loss=+0.00274 value_loss=+0.10010 ratio=0.9999 kl=0.0320 | eval_reward=+59.7171 eval_length= 60.00
update=1966 mean_reward=+59.6907 mean_length= 59.99 policy_loss=+0.00120 value_loss=+0.14567 ratio=1.0001 kl=0.0315
update=1967 mean_reward=+59.6849 mean_length= 59.98 policy_loss=+0.00081 value_loss=+0.22323 ratio=1.0007 kl=0.0265
update=1968 mean_reward=+59.6911 mean_length= 59.99 policy_loss=+0.00165 value_loss=+0.06156 ratio=1.0000 kl=0.0280
update=1969 mean_reward=+59.6853 mean_length= 59.99 policy_loss=+0.00055 value_loss=+0.24396 ratio=1.0050 kl=0.0310
update=1970 mean_reward=+59.6962 mean_length= 59.99 policy_loss=-0.00104 value_loss=+0.05596 ratio=1.0005 kl=0.0272 | eval_reward=+59.7101 eval_length= 60.00
update=1971 mean_reward=+59.6940 mean_length= 60.00 policy_loss=+0.00257 value_loss=+0.08952 ratio=1.0003 kl=0.0318
update=1972 mean_reward=+59.6912 mean_length= 60.00 policy_loss=+0.00252 value_loss=+0.10452 ratio=1.0001 kl=0.0306
update=1973 mean_reward=+59.6772 mean_length= 59.98 policy_loss=-0.00051 value_loss=+0.17559 ratio=0.9999 kl=0.0269
update=1974 mean_reward=+59.6862 mean_length= 59.99 policy_loss=+0.00161 value_loss=+0.14403 ratio=1.0008 kl=0.0224
update=1975 mean_reward=+59.6959 mean_length= 60.00 policy_loss=+0.00061 value_loss=+0.01254 ratio=1.0003 kl=0.0221 | eval_reward=+59.7341 eval_length= 60.00
update=1976 mean_reward=+59.6859 mean_length= 59.99 policy_loss=+0.00179 value_loss=+0.16325 ratio=1.0005 kl=0.0293
update=1977 mean_reward=+59.6845 mean_length= 59.99 policy_loss=-0.00098 value_loss=+0.11413 ratio=1.0003 kl=0.0224
update=1978 mean_reward=+59.6923 mean_length= 59.99 policy_loss=+0.00080 value_loss=+0.08530 ratio=1.0000 kl=0.0342
update=1979 mean_reward=+59.6799 mean_length= 59.98 policy_loss=-0.00120 value_loss=+0.17020 ratio=1.0005 kl=0.0253
update=1980 mean_reward=+59.6930 mean_length= 59.99 policy_loss=-0.00020 value_loss=+0.07894 ratio=1.0008 kl=0.0266 | eval_reward=+59.7204 eval_length= 60.00
update=1981 mean_reward=+59.6918 mean_length= 59.99 policy_loss=+0.00116 value_loss=+0.25824 ratio=1.0005 kl=0.0313
update=1982 mean_reward=+59.6866 mean_length= 59.99 policy_loss=+0.00081 value_loss=+0.15244 ratio=1.0007 kl=0.0265
update=1983 mean_reward=+59.6940 mean_length= 60.00 policy_loss=+0.00223 value_loss=+0.03347 ratio=1.0009 kl=0.0292
update=1984 mean_reward=+59.6843 mean_length= 59.99 policy_loss=+0.00033 value_loss=+0.18562 ratio=1.0007 kl=0.0206
update=1985 mean_reward=+59.6819 mean_length= 59.99 policy_loss=+0.00072 value_loss=+0.21915 ratio=1.0006 kl=0.0265 | eval_reward=+59.7107 eval_length= 60.00
update=1986 mean_reward=+59.6937 mean_length= 60.00 policy_loss=+0.00116 value_loss=+0.00794 ratio=1.0006 kl=0.0194
update=1987 mean_reward=+59.6893 mean_length= 59.99 policy_loss=+0.00115 value_loss=+0.17826 ratio=1.0019 kl=0.0290
update=1988 mean_reward=+59.6905 mean_length= 60.00 policy_loss=+0.00052 value_loss=+0.08751 ratio=0.9999 kl=0.0262
update=1989 mean_reward=+59.6919 mean_length= 59.99 policy_loss=+0.00082 value_loss=+0.06519 ratio=1.0007 kl=0.0381
update=1990 mean_reward=+59.6952 mean_length= 60.00 policy_loss=+0.00182 value_loss=+0.00154 ratio=1.0003 kl=0.0154 | eval_reward=+59.7243 eval_length= 60.00
update=1991 mean_reward=+59.6831 mean_length= 59.99 policy_loss=+0.00169 value_loss=+0.16479 ratio=1.0003 kl=0.0279
update=1992 mean_reward=+59.6985 mean_length= 60.00 policy_loss=+0.00096 value_loss=+0.08236 ratio=1.0004 kl=0.0255
update=1993 mean_reward=+59.6937 mean_length= 60.00 policy_loss=-0.00111 value_loss=+0.06264 ratio=1.0007 kl=0.0282
update=1994 mean_reward=+59.6920 mean_length= 60.00 policy_loss=-0.00123 value_loss=+0.05952 ratio=1.0004 kl=0.0271
update=1995 mean_reward=+59.6931 mean_length= 60.00 policy_loss=+0.00167 value_loss=+0.00512 ratio=1.0007 kl=0.0167 | eval_reward=+59.7212 eval_length= 60.00
update=1996 mean_reward=+59.6958 mean_length= 60.00 policy_loss=+0.00119 value_loss=+0.00172 ratio=1.0002 kl=0.0152
update=1997 mean_reward=+59.6976 mean_length= 60.00 policy_loss=+0.00077 value_loss=+0.07057 ratio=1.0003 kl=0.0268
update=1998 mean_reward=+59.6948 mean_length= 60.00 policy_loss=+0.00057 value_loss=+0.08944 ratio=1.0003 kl=0.0286
update=1999 mean_reward=+59.6891 mean_length= 59.99 policy_loss=+0.00079 value_loss=+0.08843 ratio=1.0006 kl=0.0251
update=2000 mean_reward=+59.6935 mean_length= 60.00 policy_loss=+0.00042 value_loss=+0.00950 ratio=1.0001 kl=0.0219 | eval_reward=+59.7211 eval_length= 60.00
update=2001 mean_reward=+59.7029 mean_length= 60.00 policy_loss=+0.00070 value_loss=+0.00937 ratio=1.0014 kl=0.0203
update=2002 mean_reward=+59.7040 mean_length= 60.00 policy_loss=+0.00045 value_loss=+0.01044 ratio=1.0004 kl=0.0233
update=2003 mean_reward=+59.6933 mean_length= 59.99 policy_loss=+0.00101 value_loss=+0.07355 ratio=1.0002 kl=0.0267
update=2004 mean_reward=+59.7024 mean_length= 60.00 policy_loss=+0.00082 value_loss=+0.00181 ratio=1.0004 kl=0.0134
update=2005 mean_reward=+59.6984 mean_length= 59.99 policy_loss=+0.00115 value_loss=+0.07448 ratio=1.0002 kl=0.0251 | eval_reward=+59.7208 eval_length= 60.00
update=2006 mean_reward=+59.6949 mean_length= 59.99 policy_loss=+0.00008 value_loss=+0.13064 ratio=1.0003 kl=0.0283
update=2007 mean_reward=+59.6962 mean_length= 59.99 policy_loss=+0.00103 value_loss=+0.07276 ratio=1.0003 kl=0.0234
update=2008 mean_reward=+59.6952 mean_length= 60.00 policy_loss=-0.00115 value_loss=+0.07127 ratio=1.0005 kl=0.0271
update=2009 mean_reward=+59.6908 mean_length= 60.00 policy_loss=+0.00040 value_loss=+0.09532 ratio=1.0003 kl=0.0272
update=2010 mean_reward=+59.6955 mean_length= 60.00 policy_loss=+0.00164 value_loss=+0.00202 ratio=1.0004 kl=0.0263 | eval_reward=+59.7173 eval_length= 60.00
update=2011 mean_reward=+59.6957 mean_length= 60.00 policy_loss=+0.00088 value_loss=+0.00145 ratio=1.0010 kl=0.0156
update=2012 mean_reward=+59.6816 mean_length= 59.99 policy_loss=-0.00010 value_loss=+0.21858 ratio=1.0004 kl=0.0269
update=2013 mean_reward=+59.6938 mean_length= 60.00 policy_loss=+0.00219 value_loss=+0.00156 ratio=1.0009 kl=0.0187
update=2014 mean_reward=+59.6942 mean_length= 60.00 policy_loss=+0.00155 value_loss=+0.09169 ratio=1.0003 kl=0.0270
update=2015 mean_reward=+59.7008 mean_length= 60.00 policy_loss=+0.00055 value_loss=+0.00884 ratio=1.0008 kl=0.0245 | eval_reward=+59.7224 eval_length= 60.00
update=2016 mean_reward=+59.6992 mean_length= 60.00 policy_loss=+0.00053 value_loss=+0.07051 ratio=1.0006 kl=0.0280
update=2017 mean_reward=+59.7011 mean_length= 60.00 policy_loss=+0.00143 value_loss=+0.00236 ratio=1.0005 kl=0.0170
update=2018 mean_reward=+59.6966 mean_length= 60.00 policy_loss=+0.00089 value_loss=+0.09028 ratio=1.0036 kl=0.0297
update=2019 mean_reward=+59.7050 mean_length= 60.00 policy_loss=+0.00130 value_loss=+0.00243 ratio=1.0006 kl=0.0179
update=2020 mean_reward=+59.6810 mean_length= 59.98 policy_loss=+0.00154 value_loss=+0.39843 ratio=1.0000 kl=0.0332 | eval_reward=+59.7186 eval_length= 60.00
update=2021 mean_reward=+59.6952 mean_length= 59.99 policy_loss=+0.00122 value_loss=+0.16236 ratio=1.0003 kl=0.0279
update=2022 mean_reward=+59.6953 mean_length= 59.99 policy_loss=+0.00133 value_loss=+0.21022 ratio=1.0008 kl=0.0276
update=2023 mean_reward=+59.7004 mean_length= 60.00 policy_loss=+0.00153 value_loss=+0.00504 ratio=1.0005 kl=0.0154
update=2024 mean_reward=+59.6973 mean_length= 59.99 policy_loss=-0.00091 value_loss=+0.06045 ratio=1.0013 kl=0.0304
update=2025 mean_reward=+59.6944 mean_length= 59.99 policy_loss=-0.00007 value_loss=+0.15756 ratio=1.0004 kl=0.0224 | eval_reward=+59.7212 eval_length= 60.00
update=2026 mean_reward=+59.6986 mean_length= 60.00 policy_loss=+0.00133 value_loss=+0.02653 ratio=1.0000 kl=0.0236
update=2027 mean_reward=+59.6836 mean_length= 59.98 policy_loss=+0.00211 value_loss=+0.24476 ratio=1.0006 kl=0.0247
update=2028 mean_reward=+59.6989 mean_length= 59.99 policy_loss=+0.00170 value_loss=+0.02890 ratio=1.0011 kl=0.0311
update=2029 mean_reward=+59.6902 mean_length= 59.99 policy_loss=-0.00065 value_loss=+0.17954 ratio=1.0007 kl=0.0240
update=2030 mean_reward=+59.6856 mean_length= 59.98 policy_loss=+0.00170 value_loss=+0.30412 ratio=1.0007 kl=0.0271 | eval_reward=+59.7186 eval_length= 60.00
update=2031 mean_reward=+59.7036 mean_length= 60.00 policy_loss=+0.00134 value_loss=+0.08197 ratio=1.0014 kl=0.0282
update=2032 mean_reward=+59.6986 mean_length= 60.00 policy_loss=+0.00153 value_loss=+0.07369 ratio=1.0008 kl=0.0304
update=2033 mean_reward=+59.6959 mean_length= 59.99 policy_loss=+0.00057 value_loss=+0.13480 ratio=1.0010 kl=0.0328
update=2034 mean_reward=+59.6940 mean_length= 59.99 policy_loss=-0.00119 value_loss=+0.12655 ratio=1.0011 kl=0.0253
update=2035 mean_reward=+59.6980 mean_length= 60.00 policy_loss=+0.00102 value_loss=+0.00196 ratio=1.0012 kl=0.0157 | eval_reward=+59.7241 eval_length= 60.00
update=2036 mean_reward=+59.7043 mean_length= 60.00 policy_loss=+0.00096 value_loss=+0.00131 ratio=1.0010 kl=0.0109
update=2037 mean_reward=+59.6900 mean_length= 59.98 policy_loss=+0.00003 value_loss=+0.19821 ratio=1.0026 kl=0.0249
update=2038 mean_reward=+59.7019 mean_length= 60.00 policy_loss=+0.00154 value_loss=+0.00153 ratio=1.0010 kl=0.0144
update=2039 mean_reward=+59.6974 mean_length= 59.99 policy_loss=+0.00030 value_loss=+0.14145 ratio=1.0013 kl=0.0319
update=2040 mean_reward=+59.7033 mean_length= 60.00 policy_loss=+0.00250 value_loss=+0.00143 ratio=1.0023 kl=0.0285 | eval_reward=+59.7262 eval_length= 60.00
update=2041 mean_reward=+59.7079 mean_length= 60.00 policy_loss=+0.00052 value_loss=+0.00212 ratio=1.0014 kl=0.0150
update=2042 mean_reward=+59.7070 mean_length= 60.00 policy_loss=+0.00167 value_loss=+0.00125 ratio=1.0009 kl=0.0126
update=2043 mean_reward=+59.6980 mean_length= 59.99 policy_loss=+0.00052 value_loss=+0.20652 ratio=1.0005 kl=0.0281
update=2044 mean_reward=+59.6998 mean_length= 59.99 policy_loss=+0.00080 value_loss=+0.25000 ratio=1.0016 kl=0.0251
update=2045 mean_reward=+59.7049 mean_length= 60.00 policy_loss=-0.00065 value_loss=+0.05949 ratio=1.0021 kl=0.0304 | eval_reward=+59.7194 eval_length= 60.00
update=2046 mean_reward=+59.6962 mean_length= 59.99 policy_loss=+0.00012 value_loss=+0.17865 ratio=1.0008 kl=0.0246
update=2047 mean_reward=+59.7045 mean_length= 60.00 policy_loss=-0.00060 value_loss=+0.07828 ratio=1.0009 kl=0.0242
update=2048 mean_reward=+59.7001 mean_length= 60.00 policy_loss=+0.00113 value_loss=+0.08510 ratio=1.0009 kl=0.0303
update=2049 mean_reward=+59.6954 mean_length= 59.99 policy_loss=-0.00126 value_loss=+0.11711 ratio=1.0009 kl=0.0282
update=2050 mean_reward=+59.6965 mean_length= 59.99 policy_loss=+0.00057 value_loss=+0.07995 ratio=1.0015 kl=0.0295 | eval_reward=+59.7179 eval_length= 60.00
update=2051 mean_reward=+59.7090 mean_length= 60.00 policy_loss=+0.00168 value_loss=+0.00162 ratio=1.0014 kl=0.0126
update=2052 mean_reward=+59.6920 mean_length= 59.99 policy_loss=+0.00108 value_loss=+0.13477 ratio=1.0007 kl=0.0280
update=2053 mean_reward=+59.6951 mean_length= 59.99 policy_loss=+0.00172 value_loss=+0.09690 ratio=1.0018 kl=0.0299
update=2054 mean_reward=+59.7047 mean_length= 60.00 policy_loss=+0.00180 value_loss=+0.00383 ratio=1.0024 kl=0.0246
update=2055 mean_reward=+59.7034 mean_length= 60.00 policy_loss=+0.00097 value_loss=+0.00263 ratio=1.0024 kl=0.0196 | eval_reward=+59.7141 eval_length= 60.00
update=2056 mean_reward=+59.6927 mean_length= 60.00 policy_loss=+0.00125 value_loss=+0.08144 ratio=1.0025 kl=0.0307
update=2057 mean_reward=+59.7069 mean_length= 60.00 policy_loss=+0.00178 value_loss=+0.07123 ratio=1.0010 kl=0.0374
update=2058 mean_reward=+59.7003 mean_length= 59.99 policy_loss=-0.00048 value_loss=+0.04943 ratio=1.0030 kl=0.0341
update=2059 mean_reward=+59.6869 mean_length= 59.99 policy_loss=-0.00095 value_loss=+0.18309 ratio=1.0016 kl=0.0298
update=2060 mean_reward=+59.7045 mean_length= 60.00 policy_loss=+0.00181 value_loss=+0.00132 ratio=1.0014 kl=0.0158 | eval_reward=+59.7081 eval_length= 60.00
update=2061 mean_reward=+59.7011 mean_length= 60.00 policy_loss=+0.00040 value_loss=+0.00386 ratio=1.0016 kl=0.0148
update=2062 mean_reward=+59.6978 mean_length= 60.00 policy_loss=+0.00060 value_loss=+0.08276 ratio=1.0011 kl=0.0301
update=2063 mean_reward=+59.7019 mean_length= 60.00 policy_loss=+0.00175 value_loss=+0.00125 ratio=1.0051 kl=0.0169
update=2064 mean_reward=+59.7055 mean_length= 60.00 policy_loss=+0.00088 value_loss=+0.00115 ratio=1.0021 kl=0.0101
update=2065 mean_reward=+59.6965 mean_length= 59.99 policy_loss=+0.00385 value_loss=+0.10995 ratio=1.0012 kl=0.0242 | eval_reward=+59.7082 eval_length= 60.00
update=2066 mean_reward=+59.6974 mean_length= 59.99 policy_loss=+0.00054 value_loss=+0.23203 ratio=1.0015 kl=0.0244
update=2067 mean_reward=+59.7056 mean_length= 60.00 policy_loss=+0.00376 value_loss=+0.00204 ratio=1.0023 kl=0.0202
update=2068 mean_reward=+59.6979 mean_length= 59.99 policy_loss=+0.00078 value_loss=+0.15389 ratio=1.0020 kl=0.0276
update=2069 mean_reward=+59.6981 mean_length= 60.00 policy_loss=+0.00113 value_loss=+0.09345 ratio=1.0025 kl=0.0297
update=2070 mean_reward=+59.6927 mean_length= 59.98 policy_loss=-0.00027 value_loss=+0.29926 ratio=1.0012 kl=0.0250 | eval_reward=+59.7139 eval_length= 60.00
update=2071 mean_reward=+59.6983 mean_length= 59.99 policy_loss=+0.00192 value_loss=+0.24249 ratio=1.0013 kl=0.0252
update=2072 mean_reward=+59.6970 mean_length= 59.99 policy_loss=+0.00132 value_loss=+0.18019 ratio=1.0011 kl=0.0273
update=2073 mean_reward=+59.6947 mean_length= 59.99 policy_loss=+0.00104 value_loss=+0.23607 ratio=1.0067 kl=0.0278
update=2074 mean_reward=+59.7057 mean_length= 60.00 policy_loss=+0.00131 value_loss=+0.10065 ratio=1.0011 kl=0.0228
update=2075 mean_reward=+59.6998 mean_length= 59.99 policy_loss=-0.00059 value_loss=+0.13380 ratio=1.0015 kl=0.0272 | eval_reward=+59.7140 eval_length= 60.00
update=2076 mean_reward=+59.6959 mean_length= 59.99 policy_loss=+0.00036 value_loss=+0.23634 ratio=1.0010 kl=0.0236
update=2077 mean_reward=+59.6960 mean_length= 59.99 policy_loss=+0.00143 value_loss=+0.16716 ratio=1.0007 kl=0.0286
update=2078 mean_reward=+59.6897 mean_length= 59.98 policy_loss=+0.00057 value_loss=+0.38296 ratio=1.0018 kl=0.0300
update=2079 mean_reward=+59.6931 mean_length= 59.99 policy_loss=+0.00134 value_loss=+0.32159 ratio=1.0013 kl=0.0212
update=2080 mean_reward=+59.6951 mean_length= 59.99 policy_loss=-0.00082 value_loss=+0.19232 ratio=1.0012 kl=0.0298 | eval_reward=+59.7143 eval_length= 60.00
update=2081 mean_reward=+59.7073 mean_length= 60.00 policy_loss=+0.00303 value_loss=+0.13036 ratio=1.0020 kl=0.0239
update=2082 mean_reward=+59.6926 mean_length= 59.99 policy_loss=+0.00106 value_loss=+0.17893 ratio=1.0018 kl=0.0299
update=2083 mean_reward=+59.7065 mean_length= 60.00 policy_loss=+0.00095 value_loss=+0.01247 ratio=1.0013 kl=0.0179
update=2084 mean_reward=+59.6976 mean_length= 59.99 policy_loss=+0.00059 value_loss=+0.03376 ratio=1.0011 kl=0.0304
update=2085 mean_reward=+59.7092 mean_length= 60.00 policy_loss=+0.00167 value_loss=+0.08833 ratio=1.0015 kl=0.0272 | eval_reward=+59.7177 eval_length= 60.00
update=2086 mean_reward=+59.6917 mean_length= 59.98 policy_loss=+0.00223 value_loss=+0.29448 ratio=1.0017 kl=0.0292
update=2087 mean_reward=+59.6933 mean_length= 59.99 policy_loss=+0.00197 value_loss=+0.29216 ratio=1.0022 kl=0.0232
update=2088 mean_reward=+59.7075 mean_length= 60.00 policy_loss=+0.00123 value_loss=+0.10052 ratio=1.0021 kl=0.0190
update=2089 mean_reward=+59.6962 mean_length= 59.99 policy_loss=+0.00021 value_loss=+0.16329 ratio=1.0020 kl=0.0310
update=2090 mean_reward=+59.7048 mean_length= 60.00 policy_loss=+0.00183 value_loss=+0.00187 ratio=1.0085 kl=0.0146 | eval_reward=+59.6991 eval_length= 60.00
update=2091 mean_reward=+59.6997 mean_length= 60.00 policy_loss=+0.00091 value_loss=+0.06334 ratio=1.0045 kl=0.0321
update=2092 mean_reward=+59.7036 mean_length= 60.00 policy_loss=+0.00099 value_loss=+0.08968 ratio=1.0026 kl=0.0299
update=2093 mean_reward=+59.7036 mean_length= 60.00 policy_loss=+0.00108 value_loss=+0.00911 ratio=1.0030 kl=0.0304
update=2094 mean_reward=+59.7030 mean_length= 60.00 policy_loss=+0.00496 value_loss=+0.15253 ratio=1.0042 kl=0.0219
update=2095 mean_reward=+59.7010 mean_length= 60.00 policy_loss=+0.00159 value_loss=+0.09640 ratio=1.0039 kl=0.0273 | eval_reward=+59.7217 eval_length= 60.00
update=2096 mean_reward=+59.6987 mean_length= 60.00 policy_loss=-0.00024 value_loss=+0.07666 ratio=1.0027 kl=0.0230
update=2097 mean_reward=+59.6851 mean_length= 59.98 policy_loss=-0.00184 value_loss=+0.31426 ratio=1.0010 kl=0.0271
update=2098 mean_reward=+59.6901 mean_length= 59.99 policy_loss=-0.00140 value_loss=+0.20437 ratio=1.0021 kl=0.0324
update=2099 mean_reward=+59.6862 mean_length= 59.98 policy_loss=+0.00449 value_loss=+0.34105 ratio=1.0020 kl=0.0327
update=2100 mean_reward=+59.7091 mean_length= 60.00 policy_loss=+0.00154 value_loss=+0.00720 ratio=1.0021 kl=0.0170 | eval_reward=+59.7240 eval_length= 60.00
update=2101 mean_reward=+59.6846 mean_length= 59.98 policy_loss=+0.00090 value_loss=+0.36873 ratio=1.0018 kl=0.0335
update=2102 mean_reward=+59.7062 mean_length= 60.00 policy_loss=+0.00155 value_loss=+0.01425 ratio=1.0020 kl=0.0121
update=2103 mean_reward=+59.6958 mean_length= 59.99 policy_loss=-0.00078 value_loss=+0.05778 ratio=1.0025 kl=0.0230
update=2104 mean_reward=+59.7003 mean_length= 59.99 policy_loss=+0.00043 value_loss=+0.12416 ratio=1.0021 kl=0.0335
update=2105 mean_reward=+59.6822 mean_length= 59.97 policy_loss=+0.00174 value_loss=+0.65053 ratio=1.0021 kl=0.0278 | eval_reward=+59.7231 eval_length= 60.00
update=2106 mean_reward=+59.7008 mean_length= 60.00 policy_loss=-0.00077 value_loss=+0.28768 ratio=1.0043 kl=0.0127
update=2107 mean_reward=+59.6963 mean_length= 59.99 policy_loss=+0.00029 value_loss=+0.17939 ratio=1.0025 kl=0.0204
update=2108 mean_reward=+59.6984 mean_length= 59.99 policy_loss=+0.00077 value_loss=+0.17479 ratio=1.0076 kl=0.0218
update=2109 mean_reward=+59.6792 mean_length= 59.97 policy_loss=-0.00001 value_loss=+0.39007 ratio=1.0039 kl=0.0201
update=2110 mean_reward=+59.6853 mean_length= 59.98 policy_loss=+0.00002 value_loss=+0.28161 ratio=1.0016 kl=0.0281 | eval_reward=+59.7216 eval_length= 60.00
update=2111 mean_reward=+59.7044 mean_length= 60.00 policy_loss=+0.00081 value_loss=+0.00419 ratio=1.0017 kl=0.0171
update=2112 mean_reward=+59.6980 mean_length= 59.99 policy_loss=+0.00202 value_loss=+0.06659 ratio=1.0021 kl=0.0240
update=2113 mean_reward=+59.7023 mean_length= 60.00 policy_loss=+0.00109 value_loss=+0.08159 ratio=1.0019 kl=0.0262
update=2114 mean_reward=+59.6961 mean_length= 59.99 policy_loss=-0.00074 value_loss=+0.13430 ratio=1.0021 kl=0.0277
update=2115 mean_reward=+59.6903 mean_length= 59.98 policy_loss=+0.00089 value_loss=+0.23926 ratio=1.0017 kl=0.0256 | eval_reward=+59.7213 eval_length= 60.00
update=2116 mean_reward=+59.6918 mean_length= 59.99 policy_loss=+0.00107 value_loss=+0.14602 ratio=1.0021 kl=0.0291
update=2117 mean_reward=+59.6969 mean_length= 59.99 policy_loss=+0.00119 value_loss=+0.15837 ratio=1.0006 kl=0.0267
update=2118 mean_reward=+59.6905 mean_length= 59.98 policy_loss=+0.00238 value_loss=+0.34447 ratio=1.0007 kl=0.0190
update=2119 mean_reward=+59.7084 mean_length= 60.00 policy_loss=+0.00132 value_loss=+0.00291 ratio=1.0006 kl=0.0181
update=2120 mean_reward=+59.6917 mean_length= 59.99 policy_loss=+0.00107 value_loss=+0.22431 ratio=1.0008 kl=0.0270 | eval_reward=+59.7154 eval_length= 60.00
update=2121 mean_reward=+59.6883 mean_length= 59.98 policy_loss=-0.00088 value_loss=+0.26352 ratio=1.0011 kl=0.0237
update=2122 mean_reward=+59.6967 mean_length= 59.99 policy_loss=+0.00101 value_loss=+0.15683 ratio=1.0007 kl=0.0277
update=2123 mean_reward=+59.6943 mean_length= 59.99 policy_loss=+0.00193 value_loss=+0.09348 ratio=1.0004 kl=0.0226
update=2124 mean_reward=+59.7042 mean_length= 60.00 policy_loss=+0.00101 value_loss=+0.02355 ratio=1.0007 kl=0.0196
update=2125 mean_reward=+59.7032 mean_length= 60.00 policy_loss=+0.00086 value_loss=+0.00780 ratio=1.0002 kl=0.0307 | eval_reward=+59.7168 eval_length= 60.00
update=2126 mean_reward=+59.6963 mean_length= 59.99 policy_loss=+0.00101 value_loss=+0.14833 ratio=1.0008 kl=0.0266
update=2127 mean_reward=+59.7008 mean_length= 60.00 policy_loss=+0.00226 value_loss=+0.00179 ratio=1.0008 kl=0.0139
update=2128 mean_reward=+59.7106 mean_length= 60.00 policy_loss=+0.00158 value_loss=+0.00729 ratio=1.0008 kl=0.0314
update=2129 mean_reward=+59.7106 mean_length= 60.00 policy_loss=+0.00098 value_loss=+0.00138 ratio=1.0008 kl=0.0144
update=2130 mean_reward=+59.6968 mean_length= 59.99 policy_loss=+0.00015 value_loss=+0.13483 ratio=1.0007 kl=0.0245 | eval_reward=+59.7168 eval_length= 60.00
update=2131 mean_reward=+59.6915 mean_length= 59.98 policy_loss=+0.00042 value_loss=+0.20688 ratio=0.9998 kl=0.0306
update=2132 mean_reward=+59.6998 mean_length= 59.99 policy_loss=+0.00047 value_loss=+0.15889 ratio=1.0002 kl=0.0292
update=2133 mean_reward=+59.7027 mean_length= 60.00 policy_loss=+0.00036 value_loss=+0.09095 ratio=1.0011 kl=0.0237
update=2134 mean_reward=+59.6998 mean_length= 59.99 policy_loss=+0.00146 value_loss=+0.08783 ratio=0.9999 kl=0.0261
update=2135 mean_reward=+59.6925 mean_length= 59.99 policy_loss=+0.00048 value_loss=+0.08095 ratio=1.0001 kl=0.0253 | eval_reward=+59.7173 eval_length= 60.00
update=2136 mean_reward=+59.7004 mean_length= 60.00 policy_loss=+0.00188 value_loss=+0.00262 ratio=1.0001 kl=0.0282
update=2137 mean_reward=+59.6918 mean_length= 59.99 policy_loss=-0.00089 value_loss=+0.21842 ratio=1.0018 kl=0.0343
update=2138 mean_reward=+59.6864 mean_length= 59.98 policy_loss=+0.00100 value_loss=+0.30119 ratio=1.0008 kl=0.0217
update=2139 mean_reward=+59.7027 mean_length= 59.99 policy_loss=+0.00177 value_loss=+0.10782 ratio=1.0011 kl=0.0299
update=2140 mean_reward=+59.7037 mean_length= 59.99 policy_loss=+0.00035 value_loss=+0.05606 ratio=1.0000 kl=0.0291 | eval_reward=+59.7299 eval_length= 60.00
update=2141 mean_reward=+59.6952 mean_length= 60.00 policy_loss=+0.00269 value_loss=+0.11403 ratio=1.0001 kl=0.0229
update=2142 mean_reward=+59.6884 mean_length= 59.99 policy_loss=+0.00026 value_loss=+0.14533 ratio=1.0004 kl=0.0217
update=2143 mean_reward=+59.6949 mean_length= 60.00 policy_loss=+0.00001 value_loss=+0.01993 ratio=1.0000 kl=0.0312
update=2144 mean_reward=+59.6849 mean_length= 59.99 policy_loss=+0.00009 value_loss=+0.10737 ratio=1.0004 kl=0.0302
update=2145 mean_reward=+59.6904 mean_length= 59.99 policy_loss=+0.00075 value_loss=+0.06183 ratio=1.0004 kl=0.0265 | eval_reward=+59.7338 eval_length= 60.00
update=2146 mean_reward=+59.6763 mean_length= 59.98 policy_loss=+0.00036 value_loss=+0.29659 ratio=1.0000 kl=0.0268
update=2147 mean_reward=+59.6929 mean_length= 60.00 policy_loss=-0.00072 value_loss=+0.06399 ratio=1.0005 kl=0.0261
update=2148 mean_reward=+59.6853 mean_length= 59.99 policy_loss=+0.00121 value_loss=+0.15616 ratio=1.0000 kl=0.0261
update=2149 mean_reward=+59.6881 mean_length= 59.99 policy_loss=+0.00197 value_loss=+0.10180 ratio=0.9999 kl=0.0252
update=2150 mean_reward=+59.6986 mean_length= 60.00 policy_loss=+0.00147 value_loss=+0.00191 ratio=1.0003 kl=0.0125 | eval_reward=+59.7104 eval_length= 60.00
update=2151 mean_reward=+59.6844 mean_length= 59.99 policy_loss=+0.00116 value_loss=+0.15747 ratio=1.0002 kl=0.0219
update=2152 mean_reward=+59.6882 mean_length= 59.99 policy_loss=-0.00082 value_loss=+0.06085 ratio=1.0004 kl=0.0223
update=2153 mean_reward=+59.6917 mean_length= 59.99 policy_loss=+0.00041 value_loss=+0.08292 ratio=1.0008 kl=0.0262
update=2154 mean_reward=+59.6883 mean_length= 59.99 policy_loss=+0.00012 value_loss=+0.15520 ratio=0.9999 kl=0.0367
update=2155 mean_reward=+59.6882 mean_length= 59.99 policy_loss=+0.00061 value_loss=+0.07370 ratio=1.0018 kl=0.0239 | eval_reward=+59.7122 eval_length= 60.00
update=2156 mean_reward=+59.6895 mean_length= 59.99 policy_loss=+0.00035 value_loss=+0.14304 ratio=1.0012 kl=0.0367
update=2157 mean_reward=+59.6938 mean_length= 60.00 policy_loss=+0.00200 value_loss=+0.00173 ratio=1.0000 kl=0.0147
update=2158 mean_reward=+59.6758 mean_length= 59.98 policy_loss=-0.00057 value_loss=+0.18515 ratio=1.0002 kl=0.0253
update=2159 mean_reward=+59.6845 mean_length= 59.99 policy_loss=+0.00039 value_loss=+0.11892 ratio=1.0002 kl=0.0210
update=2160 mean_reward=+59.6950 mean_length= 60.00 policy_loss=+0.00305 value_loss=+0.00149 ratio=1.0004 kl=0.0180 | eval_reward=+59.7073 eval_length= 60.00
update=2161 mean_reward=+59.7026 mean_length= 60.00 policy_loss=+0.00096 value_loss=+0.00138 ratio=1.0003 kl=0.0119
update=2162 mean_reward=+59.6943 mean_length= 59.99 policy_loss=+0.00237 value_loss=+0.08910 ratio=1.0004 kl=0.0284
update=2163 mean_reward=+59.6924 mean_length= 59.99 policy_loss=+0.00169 value_loss=+0.07355 ratio=1.0008 kl=0.0254
update=2164 mean_reward=+59.6819 mean_length= 59.99 policy_loss=+0.00006 value_loss=+0.16648 ratio=1.0003 kl=0.0209
update=2165 mean_reward=+59.6917 mean_length= 60.00 policy_loss=+0.00144 value_loss=+0.11605 ratio=1.0004 kl=0.0245 | eval_reward=+59.7123 eval_length= 60.00
update=2166 mean_reward=+59.6584 mean_length= 59.97 policy_loss=+0.00040 value_loss=+0.46520 ratio=1.0003 kl=0.0320
update=2167 mean_reward=+59.6719 mean_length= 59.99 policy_loss=+0.00089 value_loss=+0.15509 ratio=1.0002 kl=0.0284
update=2168 mean_reward=+59.6717 mean_length= 59.98 policy_loss=+0.00092 value_loss=+0.20055 ratio=1.0004 kl=0.0292
update=2169 mean_reward=+59.6723 mean_length= 59.99 policy_loss=+0.00114 value_loss=+0.11051 ratio=1.0002 kl=0.0294
update=2170 mean_reward=+59.6759 mean_length= 59.99 policy_loss=+0.00100 value_loss=+0.07246 ratio=1.0003 kl=0.0280 | eval_reward=+59.7082 eval_length= 60.00
update=2171 mean_reward=+59.6652 mean_length= 59.99 policy_loss=+0.00096 value_loss=+0.14905 ratio=1.0000 kl=0.0310
update=2172 mean_reward=+59.6777 mean_length= 60.00 policy_loss=+0.00061 value_loss=+0.00179 ratio=1.0003 kl=0.0122
update=2173 mean_reward=+59.6789 mean_length= 60.00 policy_loss=+0.00041 value_loss=+0.01320 ratio=1.0004 kl=0.0270
update=2174 mean_reward=+59.6728 mean_length= 59.99 policy_loss=+0.00016 value_loss=+0.18736 ratio=0.9992 kl=0.0373
update=2175 mean_reward=+59.6837 mean_length= 60.00 policy_loss=+0.00114 value_loss=+0.00198 ratio=1.0003 kl=0.0192 | eval_reward=+59.7140 eval_length= 60.00
update=2176 mean_reward=+59.6792 mean_length= 60.00 policy_loss=-0.00034 value_loss=+0.07011 ratio=1.0006 kl=0.0299
update=2177 mean_reward=+59.6899 mean_length= 60.00 policy_loss=+0.00347 value_loss=+0.00166 ratio=1.0003 kl=0.0283
update=2178 mean_reward=+59.6891 mean_length= 60.00 policy_loss=+0.00117 value_loss=+0.00506 ratio=1.0002 kl=0.0202
update=2179 mean_reward=+59.6859 mean_length= 60.00 policy_loss=+0.00093 value_loss=+0.09182 ratio=1.0005 kl=0.0242
update=2180 mean_reward=+59.6822 mean_length= 60.00 policy_loss=+0.00072 value_loss=+0.00164 ratio=1.0006 kl=0.0125 | eval_reward=+59.7122 eval_length= 60.00
update=2181 mean_reward=+59.6853 mean_length= 59.99 policy_loss=+0.00073 value_loss=+0.07753 ratio=1.0007 kl=0.0273
update=2182 mean_reward=+59.6861 mean_length= 60.00 policy_loss=+0.00077 value_loss=+0.09072 ratio=1.0006 kl=0.0218
update=2183 mean_reward=+59.6908 mean_length= 60.00 policy_loss=+0.00078 value_loss=+0.00536 ratio=1.0002 kl=0.0185
update=2184 mean_reward=+59.6929 mean_length= 60.00 policy_loss=+0.00076 value_loss=+0.09155 ratio=1.0012 kl=0.0236
update=2185 mean_reward=+59.6880 mean_length= 59.99 policy_loss=+0.00031 value_loss=+0.25258 ratio=1.0006 kl=0.0299 | eval_reward=+59.7102 eval_length= 60.00
update=2186 mean_reward=+59.6922 mean_length= 60.00 policy_loss=+0.00158 value_loss=+0.09446 ratio=1.0011 kl=0.0286
update=2187 mean_reward=+59.6971 mean_length= 60.00 policy_loss=+0.00081 value_loss=+0.00315 ratio=1.0005 kl=0.0154
update=2188 mean_reward=+59.6814 mean_length= 59.99 policy_loss=+0.00150 value_loss=+0.22423 ratio=1.0002 kl=0.0319
update=2189 mean_reward=+59.6993 mean_length= 60.00 policy_loss=+0.00138 value_loss=+0.00261 ratio=1.0002 kl=0.0170
update=2190 mean_reward=+59.7027 mean_length= 60.00 policy_loss=+0.00061 value_loss=+0.08329 ratio=1.0004 kl=0.0259 | eval_reward=+59.7076 eval_length= 60.00
update=2191 mean_reward=+59.6983 mean_length= 60.00 policy_loss=+0.00123 value_loss=+0.08947 ratio=1.0007 kl=0.0289
update=2192 mean_reward=+59.7010 mean_length= 60.00 policy_loss=+0.00147 value_loss=+0.00634 ratio=1.0009 kl=0.0238
update=2193 mean_reward=+59.7012 mean_length= 60.00 policy_loss=+0.00055 value_loss=+0.00188 ratio=1.0003 kl=0.0128
update=2194 mean_reward=+59.7026 mean_length= 59.99 policy_loss=-0.00016 value_loss=+0.14095 ratio=1.0009 kl=0.0306
update=2195 mean_reward=+59.6985 mean_length= 60.00 policy_loss=+0.00113 value_loss=+0.08908 ratio=1.0000 kl=0.0297 | eval_reward=+59.7148 eval_length= 60.00
update=2196 mean_reward=+59.7026 mean_length= 60.00 policy_loss=-0.00026 value_loss=+0.06694 ratio=1.0004 kl=0.0278
update=2197 mean_reward=+59.6991 mean_length= 60.00 policy_loss=+0.00139 value_loss=+0.11195 ratio=1.0004 kl=0.0293
update=2198 mean_reward=+59.7047 mean_length= 60.00 policy_loss=+0.00015 value_loss=+0.00403 ratio=1.0003 kl=0.0177
update=2199 mean_reward=+59.7007 mean_length= 59.99 policy_loss=+0.00115 value_loss=+0.07663 ratio=0.9998 kl=0.0288
update=2200 mean_reward=+59.7047 mean_length= 60.00 policy_loss=+0.00188 value_loss=+0.00136 ratio=1.0002 kl=0.0133 | eval_reward=+59.7077 eval_length= 60.00
update=2201 mean_reward=+59.7066 mean_length= 60.00 policy_loss=+0.00499 value_loss=+0.00133 ratio=1.0006 kl=0.0165
update=2202 mean_reward=+59.7108 mean_length= 60.00 policy_loss=+0.00115 value_loss=+0.00128 ratio=1.0008 kl=0.0107
update=2203 mean_reward=+59.7109 mean_length= 60.00 policy_loss=+0.00137 value_loss=+0.00138 ratio=1.0003 kl=0.0116
update=2204 mean_reward=+59.7087 mean_length= 60.00 policy_loss=+0.00064 value_loss=+0.00129 ratio=1.0001 kl=0.0104
update=2205 mean_reward=+59.7028 mean_length= 59.99 policy_loss=+0.00006 value_loss=+0.14202 ratio=1.0000 kl=0.0215 | eval_reward=+59.7190 eval_length= 60.00
update=2206 mean_reward=+59.7038 mean_length= 59.99 policy_loss=+0.00066 value_loss=+0.07580 ratio=1.0021 kl=0.0322
update=2207 mean_reward=+59.6998 mean_length= 59.99 policy_loss=-0.00150 value_loss=+0.12571 ratio=1.0004 kl=0.0210
update=2208 mean_reward=+59.7106 mean_length= 60.00 policy_loss=+0.00089 value_loss=+0.00179 ratio=1.0007 kl=0.0178
update=2209 mean_reward=+59.7104 mean_length= 60.00 policy_loss=+0.00025 value_loss=+0.00163 ratio=1.0005 kl=0.0113
update=2210 mean_reward=+59.7049 mean_length= 60.00 policy_loss=+0.00119 value_loss=+0.00145 ratio=1.0003 kl=0.0122 | eval_reward=+59.7155 eval_length= 60.00
update=2211 mean_reward=+59.6900 mean_length= 59.98 policy_loss=+0.00128 value_loss=+0.33254 ratio=1.0004 kl=0.0254
update=2212 mean_reward=+59.6966 mean_length= 59.99 policy_loss=-0.00129 value_loss=+0.11163 ratio=1.0001 kl=0.0236
update=2213 mean_reward=+59.6940 mean_length= 59.99 policy_loss=+0.00072 value_loss=+0.13560 ratio=0.9997 kl=0.0272
update=2214 mean_reward=+59.6977 mean_length= 60.00 policy_loss=+0.00189 value_loss=+0.00197 ratio=1.0001 kl=0.0151
update=2215 mean_reward=+59.7022 mean_length= 60.00 policy_loss=-0.00106 value_loss=+0.05878 ratio=1.0004 kl=0.0259 | eval_reward=+59.7171 eval_length= 60.00
update=2216 mean_reward=+59.6870 mean_length= 59.98 policy_loss=+0.00144 value_loss=+0.22128 ratio=1.0002 kl=0.0360
update=2217 mean_reward=+59.7072 mean_length= 60.00 policy_loss=+0.00119 value_loss=+0.10034 ratio=1.0003 kl=0.0288
update=2218 mean_reward=+59.7071 mean_length= 60.00 policy_loss=+0.00086 value_loss=+0.00784 ratio=1.0004 kl=0.0252
update=2219 mean_reward=+59.7008 mean_length= 60.00 policy_loss=+0.00065 value_loss=+0.09032 ratio=1.0002 kl=0.0268
update=2220 mean_reward=+59.6887 mean_length= 59.98 policy_loss=+0.00048 value_loss=+0.23094 ratio=1.0003 kl=0.0269 | eval_reward=+59.7186 eval_length= 60.00
update=2221 mean_reward=+59.7029 mean_length= 59.99 policy_loss=+0.00027 value_loss=+0.04271 ratio=1.0003 kl=0.0308
update=2222 mean_reward=+59.6955 mean_length= 59.99 policy_loss=+0.00161 value_loss=+0.08909 ratio=1.0006 kl=0.0288
update=2223 mean_reward=+59.6972 mean_length= 59.99 policy_loss=+0.00222 value_loss=+0.08917 ratio=0.9999 kl=0.0318
update=2224 mean_reward=+59.7012 mean_length= 60.00 policy_loss=+0.00257 value_loss=+0.00173 ratio=1.0003 kl=0.0182
update=2225 mean_reward=+59.6998 mean_length= 60.00 policy_loss=+0.00218 value_loss=+0.09560 ratio=1.0003 kl=0.0288 | eval_reward=+59.7173 eval_length= 60.00
update=2226 mean_reward=+59.7024 mean_length= 60.00 policy_loss=+0.00079 value_loss=+0.00139 ratio=1.0004 kl=0.0135
update=2227 mean_reward=+59.7005 mean_length= 59.99 policy_loss=+0.00075 value_loss=+0.07217 ratio=1.0001 kl=0.0202
update=2228 mean_reward=+59.6997 mean_length= 59.99 policy_loss=+0.00046 value_loss=+0.07038 ratio=1.0005 kl=0.0262
update=2229 mean_reward=+59.7009 mean_length= 60.00 policy_loss=+0.00173 value_loss=+0.00159 ratio=1.0005 kl=0.0176
update=2230 mean_reward=+59.7023 mean_length= 60.00 policy_loss=-0.00023 value_loss=+0.06843 ratio=1.0005 kl=0.0310 | eval_reward=+59.7169 eval_length= 60.00
update=2231 mean_reward=+59.6999 mean_length= 59.99 policy_loss=+0.00055 value_loss=+0.06626 ratio=1.0019 kl=0.0294
update=2232 mean_reward=+59.7002 mean_length= 60.00 policy_loss=-0.00001 value_loss=+0.07481 ratio=1.0005 kl=0.0280
update=2233 mean_reward=+59.7019 mean_length= 60.00 policy_loss=+0.00060 value_loss=+0.00218 ratio=1.0000 kl=0.0199
update=2234 mean_reward=+59.7002 mean_length= 60.00 policy_loss=+0.00079 value_loss=+0.08176 ratio=1.0007 kl=0.0255
update=2235 mean_reward=+59.6929 mean_length= 59.99 policy_loss=+0.00065 value_loss=+0.13651 ratio=1.0003 kl=0.0222 | eval_reward=+59.7250 eval_length= 60.00
update=2236 mean_reward=+59.6899 mean_length= 59.99 policy_loss=+0.00034 value_loss=+0.14489 ratio=0.9998 kl=0.0262
update=2237 mean_reward=+59.7058 mean_length= 60.00 policy_loss=+0.00138 value_loss=+0.00238 ratio=1.0002 kl=0.0177
update=2238 mean_reward=+59.7001 mean_length= 59.99 policy_loss=+0.00167 value_loss=+0.05834 ratio=0.9999 kl=0.0284
update=2239 mean_reward=+59.7030 mean_length= 60.00 policy_loss=+0.00143 value_loss=+0.06427 ratio=1.0005 kl=0.0291
update=2240 mean_reward=+59.7055 mean_length= 60.00 policy_loss=+0.00202 value_loss=+0.00169 ratio=1.0004 kl=0.0190 | eval_reward=+59.7257 eval_length= 60.00
update=2241 mean_reward=+59.6897 mean_length= 59.99 policy_loss=+0.00096 value_loss=+0.33894 ratio=1.0005 kl=0.0285
update=2242 mean_reward=+59.6940 mean_length= 59.98 policy_loss=+0.00006 value_loss=+0.24933 ratio=1.0004 kl=0.0229
update=2243 mean_reward=+59.7061 mean_length= 60.00 policy_loss=+0.00088 value_loss=+0.00672 ratio=1.0002 kl=0.0213
update=2244 mean_reward=+59.7080 mean_length= 60.00 policy_loss=+0.00056 value_loss=+0.00272 ratio=1.0002 kl=0.0159
update=2245 mean_reward=+59.7073 mean_length= 60.00 policy_loss=+0.00065 value_loss=+0.00369 ratio=1.0000 kl=0.0212 | eval_reward=+59.7203 eval_length= 60.00
update=2246 mean_reward=+59.7011 mean_length= 60.00 policy_loss=+0.00143 value_loss=+0.08636 ratio=1.0002 kl=0.0315
update=2247 mean_reward=+59.7019 mean_length= 60.00 policy_loss=-0.00041 value_loss=+0.06675 ratio=1.0004 kl=0.0296
update=2248 mean_reward=+59.6979 mean_length= 59.99 policy_loss=-0.00054 value_loss=+0.13024 ratio=1.0001 kl=0.0298
update=2249 mean_reward=+59.6946 mean_length= 59.99 policy_loss=+0.00045 value_loss=+0.23622 ratio=1.0002 kl=0.0274
update=2250 mean_reward=+59.6882 mean_length= 59.98 policy_loss=+0.00069 value_loss=+0.21717 ratio=1.0005 kl=0.0238 | eval_reward=+59.7245 eval_length= 60.00
update=2251 mean_reward=+59.6835 mean_length= 59.98 policy_loss=+0.00206 value_loss=+0.33569 ratio=1.0003 kl=0.0311
update=2252 mean_reward=+59.6995 mean_length= 59.99 policy_loss=+0.00026 value_loss=+0.05535 ratio=1.0005 kl=0.0297
update=2253 mean_reward=+59.6885 mean_length= 59.99 policy_loss=-0.00183 value_loss=+0.12388 ratio=0.9998 kl=0.0277
update=2254 mean_reward=+59.6971 mean_length= 60.00 policy_loss=+0.00144 value_loss=+0.00205 ratio=1.0003 kl=0.0146
update=2255 mean_reward=+59.6974 mean_length= 59.99 policy_loss=+0.00113 value_loss=+0.07199 ratio=1.0006 kl=0.0237 | eval_reward=+59.7248 eval_length= 60.00
update=2256 mean_reward=+59.6929 mean_length= 59.99 policy_loss=-0.00108 value_loss=+0.18641 ratio=1.0006 kl=0.0196
update=2257 mean_reward=+59.7004 mean_length= 60.00 policy_loss=-0.00035 value_loss=+0.07418 ratio=1.0007 kl=0.0253
update=2258 mean_reward=+59.6942 mean_length= 59.99 policy_loss=-0.00233 value_loss=+0.11763 ratio=1.0010 kl=0.0266
update=2259 mean_reward=+59.6942 mean_length= 59.99 policy_loss=-0.00108 value_loss=+0.12117 ratio=1.0006 kl=0.0285
update=2260 mean_reward=+59.6962 mean_length= 60.00 policy_loss=-0.00044 value_loss=+0.07266 ratio=1.0007 kl=0.0285 | eval_reward=+59.7157 eval_length= 60.00
update=2261 mean_reward=+59.6978 mean_length= 60.00 policy_loss=+0.00067 value_loss=+0.08374 ratio=1.0008 kl=0.0273
update=2262 mean_reward=+59.7023 mean_length= 60.00 policy_loss=+0.00113 value_loss=+0.00219 ratio=1.0015 kl=0.0185
update=2263 mean_reward=+59.6943 mean_length= 59.99 policy_loss=+0.00110 value_loss=+0.15812 ratio=1.0005 kl=0.0282
update=2264 mean_reward=+59.6904 mean_length= 59.99 policy_loss=-0.00015 value_loss=+0.23067 ratio=1.0004 kl=0.0333
update=2265 mean_reward=+59.6849 mean_length= 59.98 policy_loss=+0.00154 value_loss=+0.25454 ratio=1.0010 kl=0.0226 | eval_reward=+59.7198 eval_length= 60.00
update=2266 mean_reward=+59.6882 mean_length= 59.98 policy_loss=+0.00225 value_loss=+0.24312 ratio=1.0003 kl=0.0278
update=2267 mean_reward=+59.6781 mean_length= 59.98 policy_loss=+0.00168 value_loss=+0.32374 ratio=1.0003 kl=0.0272
update=2268 mean_reward=+59.6815 mean_length= 59.99 policy_loss=-0.00067 value_loss=+0.18962 ratio=1.0007 kl=0.0300
update=2269 mean_reward=+59.6935 mean_length= 59.99 policy_loss=-0.00046 value_loss=+0.06950 ratio=1.0005 kl=0.0261
update=2270 mean_reward=+59.6938 mean_length= 59.99 policy_loss=-0.00001 value_loss=+0.14642 ratio=1.0008 kl=0.0281 | eval_reward=+59.7187 eval_length= 60.00
update=2271 mean_reward=+59.7002 mean_length= 60.00 policy_loss=+0.00093 value_loss=+0.00367 ratio=1.0005 kl=0.0165
update=2272 mean_reward=+59.6888 mean_length= 59.99 policy_loss=+0.00281 value_loss=+0.21415 ratio=1.0012 kl=0.0255
update=2273 mean_reward=+59.6888 mean_length= 59.99 policy_loss=+0.00076 value_loss=+0.17401 ratio=1.0007 kl=0.0285
update=2274 mean_reward=+59.6901 mean_length= 59.99 policy_loss=+0.00100 value_loss=+0.07997 ratio=1.0023 kl=0.0335
update=2275 mean_reward=+59.6818 mean_length= 59.99 policy_loss=+0.00063 value_loss=+0.15554 ratio=1.0011 kl=0.0219 | eval_reward=+59.7228 eval_length= 60.00
update=2276 mean_reward=+59.6817 mean_length= 59.99 policy_loss=+0.00101 value_loss=+0.07661 ratio=1.0012 kl=0.0250
update=2277 mean_reward=+59.6746 mean_length= 59.98 policy_loss=+0.00082 value_loss=+0.30710 ratio=1.0015 kl=0.0256
update=2278 mean_reward=+59.6663 mean_length= 59.98 policy_loss=+0.00087 value_loss=+0.29306 ratio=1.0021 kl=0.0238
update=2279 mean_reward=+59.6846 mean_length= 59.99 policy_loss=-0.00001 value_loss=+0.07008 ratio=1.0013 kl=0.0164
update=2280 mean_reward=+59.6863 mean_length= 59.99 policy_loss=+0.00136 value_loss=+0.07214 ratio=1.0010 kl=0.0284 | eval_reward=+59.7102 eval_length= 60.00
update=2281 mean_reward=+59.6925 mean_length= 60.00 policy_loss=+0.00077 value_loss=+0.00261 ratio=1.0016 kl=0.0134
update=2282 mean_reward=+59.6911 mean_length= 60.00 policy_loss=-0.00079 value_loss=+0.06243 ratio=1.0026 kl=0.0272
update=2283 mean_reward=+59.6903 mean_length= 60.00 policy_loss=+0.00118 value_loss=+0.07686 ratio=1.0005 kl=0.0252
update=2284 mean_reward=+59.6965 mean_length= 60.00 policy_loss=+0.00036 value_loss=+0.00268 ratio=1.0008 kl=0.0152
update=2285 mean_reward=+59.6845 mean_length= 59.99 policy_loss=-0.00014 value_loss=+0.12980 ratio=1.0006 kl=0.0315 | eval_reward=+59.7158 eval_length= 60.00
update=2286 mean_reward=+59.6881 mean_length= 59.99 policy_loss=+0.00072 value_loss=+0.13313 ratio=1.0017 kl=0.0261
update=2287 mean_reward=+59.6886 mean_length= 59.98 policy_loss=+0.00165 value_loss=+0.25504 ratio=1.0010 kl=0.0271
update=2288 mean_reward=+59.6881 mean_length= 59.99 policy_loss=+0.00109 value_loss=+0.22719 ratio=1.0009 kl=0.0239
update=2289 mean_reward=+59.6884 mean_length= 59.99 policy_loss=-0.00126 value_loss=+0.07321 ratio=1.0012 kl=0.0238
update=2290 mean_reward=+59.7009 mean_length= 60.00 policy_loss=+0.00159 value_loss=+0.00256 ratio=1.0013 kl=0.0155 | eval_reward=+59.7151 eval_length= 60.00
update=2291 mean_reward=+59.7010 mean_length= 59.99 policy_loss=-0.00015 value_loss=+0.06283 ratio=1.0011 kl=0.0250
update=2292 mean_reward=+59.6992 mean_length= 60.00 policy_loss=+0.00067 value_loss=+0.00694 ratio=1.0020 kl=0.0246
update=2293 mean_reward=+59.7049 mean_length= 60.00 policy_loss=+0.00119 value_loss=+0.00158 ratio=1.0022 kl=0.0129
update=2294 mean_reward=+59.6857 mean_length= 59.98 policy_loss=+0.00028 value_loss=+0.23508 ratio=1.0018 kl=0.0307
update=2295 mean_reward=+59.7015 mean_length= 60.00 policy_loss=+0.00128 value_loss=+0.00189 ratio=1.0014 kl=0.0180 | eval_reward=+59.7134 eval_length= 60.00
update=2296 mean_reward=+59.7088 mean_length= 60.00 policy_loss=+0.00052 value_loss=+0.00343 ratio=1.0010 kl=0.0162
update=2297 mean_reward=+59.7047 mean_length= 60.00 policy_loss=+0.00091 value_loss=+0.00188 ratio=1.0014 kl=0.0144
update=2298 mean_reward=+59.6925 mean_length= 59.99 policy_loss=+0.00030 value_loss=+0.23159 ratio=1.0013 kl=0.0225
update=2299 mean_reward=+59.6861 mean_length= 59.99 policy_loss=+0.00068 value_loss=+0.23093 ratio=1.0015 kl=0.0262
update=2300 mean_reward=+59.6978 mean_length= 59.99 policy_loss=+0.00066 value_loss=+0.15024 ratio=1.0012 kl=0.0251 | eval_reward=+59.7125 eval_length= 60.00
update=2301 mean_reward=+59.6943 mean_length= 59.99 policy_loss=+0.00047 value_loss=+0.11394 ratio=1.0025 kl=0.0297
update=2302 mean_reward=+59.6858 mean_length= 59.98 policy_loss=+0.00143 value_loss=+0.20698 ratio=1.0023 kl=0.0244
update=2303 mean_reward=+59.7027 mean_length= 60.00 policy_loss=+0.00086 value_loss=+0.00359 ratio=1.0018 kl=0.0099
update=2304 mean_reward=+59.7085 mean_length= 60.00 policy_loss=+0.00043 value_loss=+0.00190 ratio=1.0013 kl=0.0110
update=2305 mean_reward=+59.7103 mean_length= 60.00 policy_loss=+0.00184 value_loss=+0.00155 ratio=1.0013 kl=0.0146 | eval_reward=+59.7179 eval_length= 60.00
update=2306 mean_reward=+59.7022 mean_length= 59.99 policy_loss=+0.00050 value_loss=+0.16853 ratio=1.0017 kl=0.0204
update=2307 mean_reward=+59.7061 mean_length= 60.00 policy_loss=+0.00111 value_loss=+0.00244 ratio=1.0014 kl=0.0175
update=2308 mean_reward=+59.7003 mean_length= 59.99 policy_loss=+0.00034 value_loss=+0.05281 ratio=1.0020 kl=0.0264
update=2309 mean_reward=+59.7008 mean_length= 59.99 policy_loss=+0.00125 value_loss=+0.05257 ratio=1.0015 kl=0.0238
update=2310 mean_reward=+59.6974 mean_length= 59.99 policy_loss=+0.00396 value_loss=+0.11908 ratio=1.0017 kl=0.0299 | eval_reward=+59.7156 eval_length= 60.00
update=2311 mean_reward=+59.6814 mean_length= 59.98 policy_loss=+0.00072 value_loss=+0.29716 ratio=1.0013 kl=0.0232
update=2312 mean_reward=+59.6865 mean_length= 59.99 policy_loss=+0.00096 value_loss=+0.13876 ratio=1.0022 kl=0.0289
update=2313 mean_reward=+59.6876 mean_length= 59.99 policy_loss=-0.00076 value_loss=+0.11848 ratio=1.0023 kl=0.0248
update=2314 mean_reward=+59.6943 mean_length= 59.99 policy_loss=-0.00140 value_loss=+0.12120 ratio=1.0027 kl=0.0268
update=2315 mean_reward=+59.7025 mean_length= 60.00 policy_loss=+0.00191 value_loss=+0.00844 ratio=1.0023 kl=0.0183 | eval_reward=+59.7147 eval_length= 60.00
update=2316 mean_reward=+59.6807 mean_length= 59.98 policy_loss=+0.00052 value_loss=+0.41209 ratio=1.0024 kl=0.0246
update=2317 mean_reward=+59.6905 mean_length= 59.98 policy_loss=+0.00141 value_loss=+0.23028 ratio=1.0034 kl=0.0247
update=2318 mean_reward=+59.7017 mean_length= 60.00 policy_loss=+0.00200 value_loss=+0.10649 ratio=1.0024 kl=0.0254
update=2319 mean_reward=+59.7067 mean_length= 60.00 policy_loss=+0.00089 value_loss=+0.00402 ratio=1.0019 kl=0.0105
update=2320 mean_reward=+59.6902 mean_length= 59.99 policy_loss=+0.00419 value_loss=+0.14707 ratio=1.0019 kl=0.0287 | eval_reward=+59.7049 eval_length= 60.00
update=2321 mean_reward=+59.6914 mean_length= 59.99 policy_loss=+0.00089 value_loss=+0.15358 ratio=1.0014 kl=0.0267
update=2322 mean_reward=+59.6959 mean_length= 59.99 policy_loss=+0.00155 value_loss=+0.07398 ratio=1.0011 kl=0.0250
update=2323 mean_reward=+59.6874 mean_length= 59.99 policy_loss=+0.00035 value_loss=+0.20998 ratio=1.0006 kl=0.0277
update=2324 mean_reward=+59.6820 mean_length= 59.98 policy_loss=+0.00039 value_loss=+0.19051 ratio=1.0023 kl=0.0272
update=2325 mean_reward=+59.6918 mean_length= 59.99 policy_loss=+0.00329 value_loss=+0.22748 ratio=1.0040 kl=0.0275 | eval_reward=+59.7140 eval_length= 60.00
update=2326 mean_reward=+59.6928 mean_length= 59.99 policy_loss=+0.00142 value_loss=+0.14504 ratio=1.0012 kl=0.0296
update=2327 mean_reward=+59.6998 mean_length= 60.00 policy_loss=+0.00076 value_loss=+0.00948 ratio=1.0026 kl=0.0273
update=2328 mean_reward=+59.6974 mean_length= 60.00 policy_loss=+0.00076 value_loss=+0.09464 ratio=1.0010 kl=0.0292
update=2329 mean_reward=+59.7032 mean_length= 60.00 policy_loss=+0.00071 value_loss=+0.00201 ratio=1.0016 kl=0.0114
update=2330 mean_reward=+59.7050 mean_length= 59.99 policy_loss=+0.00073 value_loss=+0.05699 ratio=1.0023 kl=0.0234 | eval_reward=+59.7146 eval_length= 60.00
update=2331 mean_reward=+59.6867 mean_length= 60.00 policy_loss=+0.00273 value_loss=+0.00210 ratio=1.0036 kl=0.0179
update=2332 mean_reward=+59.6899 mean_length= 60.00 policy_loss=+0.00053 value_loss=+0.00193 ratio=1.0014 kl=0.0123
update=2333 mean_reward=+59.7006 mean_length= 60.00 policy_loss=+0.00040 value_loss=+0.00166 ratio=1.0018 kl=0.0101
update=2334 mean_reward=+59.6961 mean_length= 59.99 policy_loss=+0.00044 value_loss=+0.07990 ratio=1.0038 kl=0.0225
update=2335 mean_reward=+59.7017 mean_length= 60.00 policy_loss=+0.00349 value_loss=+0.00190 ratio=1.0018 kl=0.0288 | eval_reward=+59.7110 eval_length= 60.00
update=2336 mean_reward=+59.6967 mean_length= 60.00 policy_loss=+0.00111 value_loss=+0.09379 ratio=1.0017 kl=0.0279
update=2337 mean_reward=+59.7014 mean_length= 60.00 policy_loss=-0.00167 value_loss=+0.05748 ratio=1.0008 kl=0.0280
update=2338 mean_reward=+59.7018 mean_length= 59.99 policy_loss=+0.00204 value_loss=+0.10362 ratio=1.0016 kl=0.0273
update=2339 mean_reward=+59.6922 mean_length= 59.99 policy_loss=+0.00023 value_loss=+0.14428 ratio=1.0011 kl=0.0302
update=2340 mean_reward=+59.6927 mean_length= 59.99 policy_loss=+0.00042 value_loss=+0.09680 ratio=1.0010 kl=0.0251 | eval_reward=+59.7067 eval_length= 60.00
update=2341 mean_reward=+59.6913 mean_length= 59.99 policy_loss=+0.00076 value_loss=+0.13830 ratio=1.0114 kl=0.0243
update=2342 mean_reward=+59.6906 mean_length= 59.99 policy_loss=+0.00169 value_loss=+0.08661 ratio=1.0126 kl=0.0285
update=2343 mean_reward=+59.6880 mean_length= 59.99 policy_loss=+0.00151 value_loss=+0.19273 ratio=1.0012 kl=0.0221
update=2344 mean_reward=+59.6854 mean_length= 59.99 policy_loss=+0.00103 value_loss=+0.13873 ratio=1.0032 kl=0.0283
update=2345 mean_reward=+59.6967 mean_length= 60.00 policy_loss=+0.00194 value_loss=+0.00193 ratio=1.0008 kl=0.0154 | eval_reward=+59.7106 eval_length= 60.00
update=2346 mean_reward=+59.6905 mean_length= 59.99 policy_loss=+0.00179 value_loss=+0.08857 ratio=1.0003 kl=0.0260
update=2347 mean_reward=+59.7036 mean_length= 60.00 policy_loss=+0.00069 value_loss=+0.00185 ratio=1.0014 kl=0.0095
update=2348 mean_reward=+59.6940 mean_length= 60.00 policy_loss=+0.00037 value_loss=+0.07780 ratio=1.0013 kl=0.0215
update=2349 mean_reward=+59.6943 mean_length= 59.98 policy_loss=+0.00302 value_loss=+0.24970 ratio=1.0020 kl=0.0236
update=2350 mean_reward=+59.6998 mean_length= 59.99 policy_loss=+0.00033 value_loss=+0.06025 ratio=1.0021 kl=0.0276 | eval_reward=+59.7146 eval_length= 60.00
update=2351 mean_reward=+59.6921 mean_length= 60.00 policy_loss=+0.00035 value_loss=+0.07673 ratio=1.0019 kl=0.0241
update=2352 mean_reward=+59.6969 mean_length= 60.00 policy_loss=+0.00050 value_loss=+0.09722 ratio=1.0026 kl=0.0249
update=2353 mean_reward=+59.7037 mean_length= 60.00 policy_loss=+0.00093 value_loss=+0.00187 ratio=1.0015 kl=0.0122
update=2354 mean_reward=+59.7081 mean_length= 60.00 policy_loss=+0.00109 value_loss=+0.00155 ratio=1.0027 kl=0.0116
update=2355 mean_reward=+59.7075 mean_length= 60.00 policy_loss=+0.00024 value_loss=+0.00144 ratio=1.0014 kl=0.0105 | eval_reward=+59.7176 eval_length= 60.00
update=2356 mean_reward=+59.7069 mean_length= 60.00 policy_loss=+0.00101 value_loss=+0.00139 ratio=1.0019 kl=0.0097
update=2357 mean_reward=+59.6933 mean_length= 59.99 policy_loss=+0.00051 value_loss=+0.11742 ratio=1.0006 kl=0.0210
update=2358 mean_reward=+59.7094 mean_length= 60.00 policy_loss=+0.00102 value_loss=+0.00139 ratio=1.0016 kl=0.0130
update=2359 mean_reward=+59.7002 mean_length= 59.99 policy_loss=+0.00075 value_loss=+0.08653 ratio=1.0015 kl=0.0276
update=2360 mean_reward=+59.7003 mean_length= 59.99 policy_loss=-0.00060 value_loss=+0.06056 ratio=1.0015 kl=0.0282 | eval_reward=+59.7136 eval_length= 60.00
update=2361 mean_reward=+59.6872 mean_length= 59.99 policy_loss=+0.00203 value_loss=+0.10743 ratio=1.0056 kl=0.0266
update=2362 mean_reward=+59.6987 mean_length= 60.00 policy_loss=+0.00150 value_loss=+0.00151 ratio=1.0100 kl=0.0128
update=2363 mean_reward=+59.6976 mean_length= 60.00 policy_loss=+0.00261 value_loss=+0.00146 ratio=1.0012 kl=0.0153
update=2364 mean_reward=+59.7045 mean_length= 60.00 policy_loss=+0.00012 value_loss=+0.00171 ratio=1.0013 kl=0.0115
update=2365 mean_reward=+59.7030 mean_length= 60.00 policy_loss=+0.00047 value_loss=+0.07549 ratio=1.0012 kl=0.0276 | eval_reward=+59.7142 eval_length= 60.00
update=2366 mean_reward=+59.7032 mean_length= 60.00 policy_loss=+0.00126 value_loss=+0.00169 ratio=1.0019 kl=0.0138
update=2367 mean_reward=+59.7054 mean_length= 60.00 policy_loss=+0.00202 value_loss=+0.00131 ratio=1.0015 kl=0.0129
update=2368 mean_reward=+59.6983 mean_length= 59.99 policy_loss=+0.00001 value_loss=+0.14133 ratio=1.0014 kl=0.0250
update=2369 mean_reward=+59.7140 mean_length= 60.00 policy_loss=+0.00115 value_loss=+0.00147 ratio=1.0010 kl=0.0143
update=2370 mean_reward=+59.7040 mean_length= 59.99 policy_loss=+0.00079 value_loss=+0.07883 ratio=1.0019 kl=0.0263 | eval_reward=+59.7124 eval_length= 60.00
update=2371 mean_reward=+59.7115 mean_length= 60.00 policy_loss=+0.00232 value_loss=+0.00129 ratio=1.0016 kl=0.0171
update=2372 mean_reward=+59.7194 mean_length= 60.00 policy_loss=+0.00466 value_loss=+0.00128 ratio=1.0018 kl=0.0232
update=2373 mean_reward=+59.7068 mean_length= 60.00 policy_loss=+0.00068 value_loss=+0.07400 ratio=1.0016 kl=0.0326
update=2374 mean_reward=+59.6988 mean_length= 59.99 policy_loss=+0.00186 value_loss=+0.14861 ratio=1.0022 kl=0.0326
update=2375 mean_reward=+59.7127 mean_length= 60.00 policy_loss=+0.00127 value_loss=+0.00345 ratio=1.0015 kl=0.0224 | eval_reward=+59.7142 eval_length= 60.00
update=2376 mean_reward=+59.7075 mean_length= 59.99 policy_loss=-0.00014 value_loss=+0.13891 ratio=1.0024 kl=0.0231
update=2377 mean_reward=+59.7040 mean_length= 59.99 policy_loss=-0.00128 value_loss=+0.10364 ratio=1.0021 kl=0.0252
update=2378 mean_reward=+59.7044 mean_length= 59.99 policy_loss=-0.00203 value_loss=+0.11027 ratio=1.0056 kl=0.0232
update=2379 mean_reward=+59.7096 mean_length= 60.00 policy_loss=+0.00156 value_loss=+0.10888 ratio=1.0010 kl=0.0263
update=2380 mean_reward=+59.6916 mean_length= 59.98 policy_loss=+0.00119 value_loss=+0.29455 ratio=1.0034 kl=0.0234 | eval_reward=+59.7157 eval_length= 60.00
update=2381 mean_reward=+59.7065 mean_length= 60.00 policy_loss=+0.00250 value_loss=+0.19591 ratio=1.0028 kl=0.0235
update=2382 mean_reward=+59.7118 mean_length= 60.00 policy_loss=+0.00025 value_loss=+0.01756 ratio=1.0027 kl=0.0154
update=2383 mean_reward=+59.7153 mean_length= 60.00 policy_loss=+0.00015 value_loss=+0.00185 ratio=1.0027 kl=0.0129
update=2384 mean_reward=+59.7067 mean_length= 60.00 policy_loss=+0.00073 value_loss=+0.00184 ratio=1.0023 kl=0.0146
update=2385 mean_reward=+59.7175 mean_length= 60.00 policy_loss=+0.00074 value_loss=+0.00144 ratio=1.0012 kl=0.0112 | eval_reward=+59.7159 eval_length= 60.00
update=2386 mean_reward=+59.7113 mean_length= 60.00 policy_loss=+0.00180 value_loss=+0.10268 ratio=1.0024 kl=0.0276
update=2387 mean_reward=+59.7063 mean_length= 59.99 policy_loss=+0.00127 value_loss=+0.09186 ratio=1.0031 kl=0.0291
update=2388 mean_reward=+59.7057 mean_length= 60.00 policy_loss=+0.00294 value_loss=+0.12853 ratio=1.0014 kl=0.0352
update=2389 mean_reward=+59.6942 mean_length= 59.99 policy_loss=+0.00082 value_loss=+0.08285 ratio=1.0015 kl=0.0269
update=2390 mean_reward=+59.7141 mean_length= 60.00 policy_loss=+0.00169 value_loss=+0.00225 ratio=1.0015 kl=0.0207 | eval_reward=+59.7086 eval_length= 60.00
update=2391 mean_reward=+59.7025 mean_length= 59.99 policy_loss=+0.00008 value_loss=+0.07406 ratio=1.0014 kl=0.0228
update=2392 mean_reward=+59.7091 mean_length= 60.00 policy_loss=+0.00122 value_loss=+0.01486 ratio=1.0019 kl=0.0297
update=2393 mean_reward=+59.7037 mean_length= 59.99 policy_loss=+0.00043 value_loss=+0.14281 ratio=1.0016 kl=0.0250
update=2394 mean_reward=+59.7056 mean_length= 59.99 policy_loss=+0.00095 value_loss=+0.21290 ratio=1.0031 kl=0.0262
update=2395 mean_reward=+59.7072 mean_length= 60.00 policy_loss=+0.00111 value_loss=+0.07773 ratio=1.0014 kl=0.0268 | eval_reward=+59.7068 eval_length= 60.00
update=2396 mean_reward=+59.7071 mean_length= 60.00 policy_loss=+0.00107 value_loss=+0.00179 ratio=1.0016 kl=0.0122
update=2397 mean_reward=+59.7114 mean_length= 60.00 policy_loss=+0.00081 value_loss=+0.00170 ratio=1.0017 kl=0.0118
update=2398 mean_reward=+59.7086 mean_length= 59.99 policy_loss=+0.00031 value_loss=+0.15346 ratio=1.0019 kl=0.0284
update=2399 mean_reward=+59.7071 mean_length= 60.00 policy_loss=-0.00121 value_loss=+0.05304 ratio=1.0016 kl=0.0260
update=2400 mean_reward=+59.7090 mean_length= 59.99 policy_loss=+0.00054 value_loss=+0.20472 ratio=1.0013 kl=0.0219 | eval_reward=+59.7137 eval_length= 60.00
update=2401 mean_reward=+59.7056 mean_length= 59.99 policy_loss=+0.00097 value_loss=+0.06149 ratio=1.0027 kl=0.0287
update=2402 mean_reward=+59.6963 mean_length= 59.98 policy_loss=+0.00006 value_loss=+0.22232 ratio=1.0026 kl=0.0308
update=2403 mean_reward=+59.6985 mean_length= 59.99 policy_loss=-0.00066 value_loss=+0.10570 ratio=1.0016 kl=0.0212
update=2404 mean_reward=+59.7082 mean_length= 60.00 policy_loss=+0.00066 value_loss=+0.07288 ratio=1.0018 kl=0.0305
update=2405 mean_reward=+59.7118 mean_length= 60.00 policy_loss=+0.00166 value_loss=+0.09678 ratio=1.0024 kl=0.0237 | eval_reward=+59.7129 eval_length= 60.00
update=2406 mean_reward=+59.6969 mean_length= 59.99 policy_loss=-0.00000 value_loss=+0.13084 ratio=1.0007 kl=0.0293
update=2407 mean_reward=+59.6954 mean_length= 59.98 policy_loss=+0.00007 value_loss=+0.26585 ratio=1.0011 kl=0.0353
update=2408 mean_reward=+59.7033 mean_length= 60.00 policy_loss=+0.00112 value_loss=+0.00313 ratio=1.0018 kl=0.0190
update=2409 mean_reward=+59.7034 mean_length= 60.00 policy_loss=+0.00105 value_loss=+0.01394 ratio=1.0053 kl=0.0261
update=2410 mean_reward=+59.6973 mean_length= 59.99 policy_loss=+0.00064 value_loss=+0.16822 ratio=1.0030 kl=0.0240 | eval_reward=+59.7046 eval_length= 60.00
update=2411 mean_reward=+59.7010 mean_length= 60.00 policy_loss=+0.00224 value_loss=+0.21293 ratio=1.0012 kl=0.0208
update=2412 mean_reward=+59.7061 mean_length= 60.00 policy_loss=+0.00030 value_loss=+0.07082 ratio=1.0015 kl=0.0199
update=2413 mean_reward=+59.7010 mean_length= 59.99 policy_loss=+0.00056 value_loss=+0.21150 ratio=1.0024 kl=0.0268
update=2414 mean_reward=+59.7130 mean_length= 60.00 policy_loss=+0.00080 value_loss=+0.00294 ratio=1.0019 kl=0.0183
update=2415 mean_reward=+59.7103 mean_length= 60.00 policy_loss=-0.00078 value_loss=+0.07142 ratio=1.0016 kl=0.0276 | eval_reward=+59.7051 eval_length= 60.00
update=2416 mean_reward=+59.7114 mean_length= 60.00 policy_loss=+0.00170 value_loss=+0.11908 ratio=1.0021 kl=0.0284
update=2417 mean_reward=+59.7119 mean_length= 60.00 policy_loss=+0.00293 value_loss=+0.00174 ratio=1.0026 kl=0.0156
update=2418 mean_reward=+59.7163 mean_length= 60.00 policy_loss=+0.00088 value_loss=+0.00137 ratio=1.0016 kl=0.0125
update=2419 mean_reward=+59.7198 mean_length= 60.00 policy_loss=+0.00103 value_loss=+0.00119 ratio=1.0010 kl=0.0122
update=2420 mean_reward=+59.7146 mean_length= 60.00 policy_loss=+0.00113 value_loss=+0.00115 ratio=1.0036 kl=0.0117 | eval_reward=+59.7121 eval_length= 60.00
update=2421 mean_reward=+59.7124 mean_length= 60.00 policy_loss=-0.00063 value_loss=+0.06537 ratio=1.0010 kl=0.0316
update=2422 mean_reward=+59.7185 mean_length= 60.00 policy_loss=+0.00100 value_loss=+0.00270 ratio=1.0024 kl=0.0129
update=2423 mean_reward=+59.7217 mean_length= 60.00 policy_loss=+0.00031 value_loss=+0.00193 ratio=1.0021 kl=0.0118
update=2424 mean_reward=+59.7129 mean_length= 59.99 policy_loss=+0.00106 value_loss=+0.08547 ratio=1.0018 kl=0.0316
update=2425 mean_reward=+59.7170 mean_length= 60.00 policy_loss=+0.00119 value_loss=+0.00294 ratio=1.0030 kl=0.0239 | eval_reward=+59.7170 eval_length= 60.00
update=2426 mean_reward=+59.7171 mean_length= 60.00 policy_loss=+0.00054 value_loss=+0.00146 ratio=1.0024 kl=0.0125
update=2427 mean_reward=+59.7193 mean_length= 60.00 policy_loss=+0.00111 value_loss=+0.00113 ratio=1.0015 kl=0.0112
update=2428 mean_reward=+59.7155 mean_length= 60.00 policy_loss=+0.00108 value_loss=+0.00115 ratio=1.0015 kl=0.0104
update=2429 mean_reward=+59.7149 mean_length= 59.99 policy_loss=+0.00074 value_loss=+0.06541 ratio=1.0015 kl=0.0280
update=2430 mean_reward=+59.7142 mean_length= 60.00 policy_loss=+0.00199 value_loss=+0.00115 ratio=1.0017 kl=0.0148 | eval_reward=+59.7161 eval_length= 60.00
update=2431 mean_reward=+59.7175 mean_length= 60.00 policy_loss=+0.00130 value_loss=+0.00121 ratio=1.0020 kl=0.0127
update=2432 mean_reward=+59.7084 mean_length= 59.99 policy_loss=+0.00102 value_loss=+0.06550 ratio=1.0031 kl=0.0278
update=2433 mean_reward=+59.7199 mean_length= 60.00 policy_loss=+0.00249 value_loss=+0.00111 ratio=1.0019 kl=0.0176
update=2434 mean_reward=+59.7160 mean_length= 60.00 policy_loss=+0.00143 value_loss=+0.00117 ratio=1.0019 kl=0.0105
update=2435 mean_reward=+59.7195 mean_length= 60.00 policy_loss=+0.00133 value_loss=+0.00127 ratio=1.0021 kl=0.0097 | eval_reward=+59.7089 eval_length= 60.00
update=2436 mean_reward=+59.7203 mean_length= 60.00 policy_loss=+0.00140 value_loss=+0.00111 ratio=1.0021 kl=0.0093
update=2437 mean_reward=+59.7081 mean_length= 59.99 policy_loss=+0.00151 value_loss=+0.22961 ratio=1.0020 kl=0.0275
update=2438 mean_reward=+59.7163 mean_length= 60.00 policy_loss=+0.00142 value_loss=+0.00147 ratio=1.0017 kl=0.0106
update=2439 mean_reward=+59.7117 mean_length= 60.00 policy_loss=+0.00070 value_loss=+0.07770 ratio=1.0021 kl=0.0197
update=2440 mean_reward=+59.7054 mean_length= 59.99 policy_loss=-0.00222 value_loss=+0.11628 ratio=1.0017 kl=0.0449 | eval_reward=+59.7114 eval_length= 60.00
update=2441 mean_reward=+59.7252 mean_length= 60.00 policy_loss=+0.00256 value_loss=+0.00152 ratio=1.0014 kl=0.0164
update=2442 mean_reward=+59.7082 mean_length= 59.99 policy_loss=+0.00082 value_loss=+0.14465 ratio=1.0011 kl=0.0221
update=2443 mean_reward=+59.6963 mean_length= 59.98 policy_loss=+0.00101 value_loss=+0.29495 ratio=1.0019 kl=0.0273
update=2444 mean_reward=+59.7188 mean_length= 60.00 policy_loss=+0.00126 value_loss=+0.08437 ratio=1.0033 kl=0.0394
update=2445 mean_reward=+59.7077 mean_length= 59.99 policy_loss=+0.00174 value_loss=+0.16409 ratio=1.0025 kl=0.0251 | eval_reward=+59.7127 eval_length= 60.00
update=2446 mean_reward=+59.7126 mean_length= 60.00 policy_loss=+0.00123 value_loss=+0.08592 ratio=1.0027 kl=0.0290
update=2447 mean_reward=+59.7154 mean_length= 60.00 policy_loss=+0.00081 value_loss=+0.17763 ratio=1.0015 kl=0.0223
update=2448 mean_reward=+59.7021 mean_length= 59.99 policy_loss=-0.00046 value_loss=+0.17210 ratio=1.0019 kl=0.0198
update=2449 mean_reward=+59.6977 mean_length= 59.98 policy_loss=+0.00086 value_loss=+0.31810 ratio=1.0023 kl=0.0287
update=2450 mean_reward=+59.7143 mean_length= 60.00 policy_loss=+0.00205 value_loss=+0.09261 ratio=1.0125 kl=0.0252 | eval_reward=+59.7119 eval_length= 60.00
update=2451 mean_reward=+59.7135 mean_length= 60.00 policy_loss=+0.00103 value_loss=+0.09022 ratio=1.0013 kl=0.0252
update=2452 mean_reward=+59.7170 mean_length= 60.00 policy_loss=+0.00058 value_loss=+0.00364 ratio=1.0014 kl=0.0114
update=2453 mean_reward=+59.7101 mean_length= 59.99 policy_loss=+0.00153 value_loss=+0.17523 ratio=1.0020 kl=0.0246
update=2454 mean_reward=+59.7103 mean_length= 60.00 policy_loss=-0.00070 value_loss=+0.03173 ratio=1.0029 kl=0.0291
update=2455 mean_reward=+59.7125 mean_length= 60.00 policy_loss=+0.00127 value_loss=+0.09769 ratio=1.0022 kl=0.0312 | eval_reward=+59.7104 eval_length= 60.00
update=2456 mean_reward=+59.7070 mean_length= 60.00 policy_loss=-0.00033 value_loss=+0.17593 ratio=1.0019 kl=0.0220
update=2457 mean_reward=+59.7122 mean_length= 60.00 policy_loss=+0.00101 value_loss=+0.00278 ratio=1.0023 kl=0.0228
update=2458 mean_reward=+59.7154 mean_length= 60.00 policy_loss=+0.00097 value_loss=+0.00160 ratio=1.0034 kl=0.0115
update=2459 mean_reward=+59.7177 mean_length= 60.00 policy_loss=+0.00107 value_loss=+0.00173 ratio=1.0025 kl=0.0179
update=2460 mean_reward=+59.7182 mean_length= 60.00 policy_loss=+0.00217 value_loss=+0.00124 ratio=1.0053 kl=0.0142 | eval_reward=+59.7096 eval_length= 60.00
update=2461 mean_reward=+59.7180 mean_length= 60.00 policy_loss=+0.00143 value_loss=+0.00801 ratio=1.0029 kl=0.0288
update=2462 mean_reward=+59.7173 mean_length= 60.00 policy_loss=+0.00129 value_loss=+0.00604 ratio=1.0031 kl=0.0234
update=2463 mean_reward=+59.7146 mean_length= 60.00 policy_loss=+0.00073 value_loss=+0.09374 ratio=1.0031 kl=0.0265
update=2464 mean_reward=+59.7092 mean_length= 60.00 policy_loss=+0.01058 value_loss=+0.09306 ratio=1.0020 kl=0.0284
update=2465 mean_reward=+59.7114 mean_length= 60.00 policy_loss=+0.00032 value_loss=+0.07816 ratio=1.0034 kl=0.0311 | eval_reward=+59.7147 eval_length= 60.00
update=2466 mean_reward=+59.7111 mean_length= 59.99 policy_loss=+0.00014 value_loss=+0.05129 ratio=1.0024 kl=0.0325
update=2467 mean_reward=+59.7114 mean_length= 60.00 policy_loss=+0.00182 value_loss=+0.00149 ratio=1.0039 kl=0.0174
update=2468 mean_reward=+59.7133 mean_length= 60.00 policy_loss=+0.00112 value_loss=+0.00134 ratio=1.0046 kl=0.0118
update=2469 mean_reward=+59.7114 mean_length= 60.00 policy_loss=+0.00035 value_loss=+0.08984 ratio=1.0035 kl=0.0256
update=2470 mean_reward=+59.7096 mean_length= 59.99 policy_loss=+0.00101 value_loss=+0.17928 ratio=1.0028 kl=0.0241 | eval_reward=+59.7128 eval_length= 60.00
update=2471 mean_reward=+59.7182 mean_length= 60.00 policy_loss=+0.00066 value_loss=+0.18324 ratio=1.0039 kl=0.0243
update=2472 mean_reward=+59.7001 mean_length= 59.98 policy_loss=-0.00044 value_loss=+0.28952 ratio=1.0019 kl=0.0232
update=2473 mean_reward=+59.7162 mean_length= 60.00 policy_loss=+0.00157 value_loss=+0.00325 ratio=1.0021 kl=0.0116
update=2474 mean_reward=+59.7112 mean_length= 59.99 policy_loss=+0.00040 value_loss=+0.06859 ratio=1.0013 kl=0.0215
update=2475 mean_reward=+59.6866 mean_length= 59.97 policy_loss=-0.00050 value_loss=+0.39719 ratio=1.0018 kl=0.0270 | eval_reward=+59.7124 eval_length= 60.00
update=2476 mean_reward=+59.6926 mean_length= 59.98 policy_loss=-0.00110 value_loss=+0.28235 ratio=1.0017 kl=0.0292
update=2477 mean_reward=+59.7072 mean_length= 60.00 policy_loss=-0.00065 value_loss=+0.06763 ratio=1.0017 kl=0.0239
update=2478 mean_reward=+59.6991 mean_length= 59.99 policy_loss=+0.00174 value_loss=+0.18422 ratio=1.0020 kl=0.0287
update=2479 mean_reward=+59.6965 mean_length= 59.99 policy_loss=+0.00131 value_loss=+0.31383 ratio=1.0022 kl=0.0232
update=2480 mean_reward=+59.7151 mean_length= 60.00 policy_loss=-0.00051 value_loss=+0.07448 ratio=1.0018 kl=0.0259 | eval_reward=+59.7181 eval_length= 60.00
update=2481 mean_reward=+59.7103 mean_length= 59.99 policy_loss=-0.00057 value_loss=+0.08301 ratio=1.0025 kl=0.0338
update=2482 mean_reward=+59.7057 mean_length= 59.99 policy_loss=+0.00009 value_loss=+0.15713 ratio=1.0014 kl=0.0272
update=2483 mean_reward=+59.7013 mean_length= 59.99 policy_loss=+0.00052 value_loss=+0.16580 ratio=1.0075 kl=0.0240
update=2484 mean_reward=+59.6989 mean_length= 59.99 policy_loss=+0.00151 value_loss=+0.14821 ratio=1.0019 kl=0.0325
update=2485 mean_reward=+59.7087 mean_length= 60.00 policy_loss=+0.00009 value_loss=+0.09547 ratio=1.0029 kl=0.0233 | eval_reward=+59.7189 eval_length= 60.00
update=2486 mean_reward=+59.7068 mean_length= 60.00 policy_loss=+0.00128 value_loss=+0.00236 ratio=1.0017 kl=0.0151
update=2487 mean_reward=+59.6875 mean_length= 59.98 policy_loss=+0.00086 value_loss=+0.23543 ratio=1.0062 kl=0.0229
update=2488 mean_reward=+59.7127 mean_length= 60.00 policy_loss=+0.00164 value_loss=+0.00160 ratio=1.0015 kl=0.0117
update=2489 mean_reward=+59.6990 mean_length= 59.99 policy_loss=+0.00138 value_loss=+0.13969 ratio=1.0021 kl=0.0261
update=2490 mean_reward=+59.7055 mean_length= 60.00 policy_loss=-0.00055 value_loss=+0.05464 ratio=1.0018 kl=0.0278 | eval_reward=+59.7083 eval_length= 60.00
update=2491 mean_reward=+59.7076 mean_length= 60.00 policy_loss=+0.00197 value_loss=+0.00148 ratio=1.0016 kl=0.0129
update=2492 mean_reward=+59.7111 mean_length= 60.00 policy_loss=+0.00128 value_loss=+0.00176 ratio=1.0017 kl=0.0141
update=2493 mean_reward=+59.7045 mean_length= 59.99 policy_loss=+0.00117 value_loss=+0.06139 ratio=1.0032 kl=0.0210
update=2494 mean_reward=+59.7081 mean_length= 60.00 policy_loss=+0.00103 value_loss=+0.10418 ratio=1.0021 kl=0.0343
update=2495 mean_reward=+59.6996 mean_length= 59.99 policy_loss=+0.00149 value_loss=+0.08569 ratio=1.0042 kl=0.0210 | eval_reward=+59.6539 eval_length= 60.00
update=2496 mean_reward=+59.7094 mean_length= 60.00 policy_loss=+0.00276 value_loss=+0.00169 ratio=1.0015 kl=0.0190
update=2497 mean_reward=+59.7023 mean_length= 59.99 policy_loss=+0.00082 value_loss=+0.06745 ratio=1.0018 kl=0.0266
update=2498 mean_reward=+59.7074 mean_length= 60.00 policy_loss=+0.00072 value_loss=+0.08255 ratio=1.0016 kl=0.0246
update=2499 mean_reward=+59.6901 mean_length= 59.98 policy_loss=-0.00002 value_loss=+0.27771 ratio=1.0022 kl=0.0279
update=2500 mean_reward=+59.7011 mean_length= 59.99 policy_loss=+0.00211 value_loss=+0.20230 ratio=1.0004 kl=0.0250 | eval_reward=+59.7251 eval_length= 60.00
update=2501 mean_reward=+59.7006 mean_length= 60.00 policy_loss=+0.00077 value_loss=+0.10696 ratio=1.0018 kl=0.0222
update=2502 mean_reward=+59.7065 mean_length= 60.00 policy_loss=+0.00087 value_loss=+0.00207 ratio=1.0022 kl=0.0121
update=2503 mean_reward=+59.7025 mean_length= 60.00 policy_loss=+0.00034 value_loss=+0.00184 ratio=1.0018 kl=0.0117
update=2504 mean_reward=+59.6955 mean_length= 59.99 policy_loss=+0.00141 value_loss=+0.16000 ratio=1.0099 kl=0.0315
update=2505 mean_reward=+59.7095 mean_length= 60.00 policy_loss=+0.00182 value_loss=+0.00199 ratio=1.0024 kl=0.0209 | eval_reward=+59.7230 eval_length= 60.00
update=2506 mean_reward=+59.7050 mean_length= 60.00 policy_loss=-0.00038 value_loss=+0.15533 ratio=1.0024 kl=0.0276
update=2507 mean_reward=+59.6948 mean_length= 59.99 policy_loss=+0.00147 value_loss=+0.18517 ratio=1.0023 kl=0.0280
update=2508 mean_reward=+59.7006 mean_length= 59.99 policy_loss=+0.00102 value_loss=+0.10986 ratio=1.0015 kl=0.0287
update=2509 mean_reward=+59.7038 mean_length= 60.00 policy_loss=-0.00066 value_loss=+0.07927 ratio=1.0008 kl=0.0312
update=2510 mean_reward=+59.6977 mean_length= 60.00 policy_loss=+0.00032 value_loss=+0.07178 ratio=1.0022 kl=0.0288 | eval_reward=+59.7386 eval_length= 60.00
update=2511 mean_reward=+59.6906 mean_length= 59.99 policy_loss=+0.00072 value_loss=+0.05774 ratio=1.0016 kl=0.0366
update=2512 mean_reward=+59.6970 mean_length= 59.99 policy_loss=-0.00125 value_loss=+0.21519 ratio=1.0013 kl=0.0258
update=2513 mean_reward=+59.6941 mean_length= 59.99 policy_loss=+0.00094 value_loss=+0.09190 ratio=1.0008 kl=0.0398
update=2514 mean_reward=+59.6703 mean_length= 59.97 policy_loss=+0.00031 value_loss=+0.45180 ratio=1.0014 kl=0.0243
update=2515 mean_reward=+59.6972 mean_length= 59.99 policy_loss=+0.00168 value_loss=+0.05858 ratio=1.0027 kl=0.0357 | eval_reward=+59.7322 eval_length= 60.00
update=2516 mean_reward=+59.6904 mean_length= 59.99 policy_loss=-0.00097 value_loss=+0.19008 ratio=1.0024 kl=0.0314
update=2517 mean_reward=+59.6816 mean_length= 59.98 policy_loss=+0.00124 value_loss=+0.33229 ratio=1.0023 kl=0.0263
update=2518 mean_reward=+59.6626 mean_length= 59.98 policy_loss=+0.00149 value_loss=+0.45355 ratio=1.0016 kl=0.0305
update=2519 mean_reward=+59.6912 mean_length= 60.00 policy_loss=+0.00034 value_loss=+0.09206 ratio=1.0027 kl=0.0348
update=2520 mean_reward=+59.6814 mean_length= 59.99 policy_loss=+0.00034 value_loss=+0.21193 ratio=1.0024 kl=0.0300 | eval_reward=+59.7264 eval_length= 60.00
update=2521 mean_reward=+59.6906 mean_length= 60.00 policy_loss=+0.00151 value_loss=+0.00900 ratio=1.0023 kl=0.0230
update=2522 mean_reward=+59.6974 mean_length= 60.00 policy_loss=+0.00112 value_loss=+0.09742 ratio=1.0034 kl=0.0304
update=2523 mean_reward=+59.6916 mean_length= 60.00 policy_loss=-0.00018 value_loss=+0.05837 ratio=1.0062 kl=0.0214
update=2524 mean_reward=+59.6817 mean_length= 59.99 policy_loss=+0.00263 value_loss=+0.28429 ratio=1.0038 kl=0.0284
update=2525 mean_reward=+59.6945 mean_length= 60.00 policy_loss=+0.00234 value_loss=+0.12999 ratio=1.0018 kl=0.0252 | eval_reward=+59.7227 eval_length= 60.00
update=2526 mean_reward=+59.6726 mean_length= 59.98 policy_loss=+0.00095 value_loss=+0.24989 ratio=1.0017 kl=0.0319
update=2527 mean_reward=+59.6895 mean_length= 60.00 policy_loss=+0.00190 value_loss=+0.11249 ratio=1.0075 kl=0.0280
update=2528 mean_reward=+59.6839 mean_length= 59.99 policy_loss=+0.00160 value_loss=+0.11315 ratio=1.0033 kl=0.0265
update=2529 mean_reward=+59.6810 mean_length= 59.99 policy_loss=+0.00034 value_loss=+0.13619 ratio=1.0018 kl=0.0231
update=2530 mean_reward=+59.6783 mean_length= 59.98 policy_loss=+0.00184 value_loss=+0.31353 ratio=1.0021 kl=0.0307 | eval_reward=+59.7175 eval_length= 60.00
update=2531 mean_reward=+59.6988 mean_length= 59.99 policy_loss=+0.00210 value_loss=+0.06680 ratio=1.0015 kl=0.0321
update=2532 mean_reward=+59.6723 mean_length= 59.98 policy_loss=+0.00222 value_loss=+0.31078 ratio=1.0023 kl=0.0234
update=2533 mean_reward=+59.6578 mean_length= 59.96 policy_loss=+0.00026 value_loss=+0.48939 ratio=1.0041 kl=0.0232
update=2534 mean_reward=+59.6842 mean_length= 59.99 policy_loss=+0.00037 value_loss=+0.14738 ratio=1.0028 kl=0.0258
update=2535 mean_reward=+59.6903 mean_length= 60.00 policy_loss=+0.00226 value_loss=+0.10214 ratio=1.0026 kl=0.0335 | eval_reward=+59.7322 eval_length= 60.00
update=2536 mean_reward=+59.6885 mean_length= 60.00 policy_loss=-0.00133 value_loss=+0.05983 ratio=1.0040 kl=0.0227
update=2537 mean_reward=+59.6963 mean_length= 60.00 policy_loss=+0.00233 value_loss=+0.11756 ratio=1.0037 kl=0.0311
update=2538 mean_reward=+59.6764 mean_length= 59.98 policy_loss=+0.00164 value_loss=+0.25977 ratio=1.0051 kl=0.0254
update=2539 mean_reward=+59.7019 mean_length= 60.00 policy_loss=+0.00152 value_loss=+0.00237 ratio=1.0044 kl=0.0203
update=2540 mean_reward=+59.6906 mean_length= 59.99 policy_loss=+0.00058 value_loss=+0.23752 ratio=1.0032 kl=0.0270 | eval_reward=+59.7157 eval_length= 60.00
update=2541 mean_reward=+59.6779 mean_length= 59.98 policy_loss=-0.00164 value_loss=+0.22488 ratio=1.0558 kl=0.0252
update=2542 mean_reward=+59.6913 mean_length= 59.99 policy_loss=+0.00084 value_loss=+0.28044 ratio=1.0054 kl=0.0236
update=2543 mean_reward=+59.6874 mean_length= 59.99 policy_loss=+0.00013 value_loss=+0.17824 ratio=1.0025 kl=0.0309
update=2544 mean_reward=+59.6655 mean_length= 59.97 policy_loss=+0.00163 value_loss=+0.53698 ratio=1.0026 kl=0.0214
update=2545 mean_reward=+59.6965 mean_length= 60.00 policy_loss=-0.00049 value_loss=+0.08440 ratio=1.0032 kl=0.0231 | eval_reward=+59.7239 eval_length= 60.00
update=2546 mean_reward=+59.7011 mean_length= 60.00 policy_loss=+0.00159 value_loss=+0.11326 ratio=1.0031 kl=0.0277
update=2547 mean_reward=+59.6881 mean_length= 59.99 policy_loss=+0.00025 value_loss=+0.32439 ratio=1.0040 kl=0.0233
update=2548 mean_reward=+59.7015 mean_length= 60.00 policy_loss=+0.00138 value_loss=+0.08860 ratio=1.0030 kl=0.0248
update=2549 mean_reward=+59.7005 mean_length= 60.00 policy_loss=+0.00145 value_loss=+0.00568 ratio=1.0021 kl=0.0122
update=2550 mean_reward=+59.7067 mean_length= 60.00 policy_loss=+0.00009 value_loss=+0.00220 ratio=1.0022 kl=0.0103 | eval_reward=+59.7197 eval_length= 60.00
update=2551 mean_reward=+59.7035 mean_length= 60.00 policy_loss=+0.00106 value_loss=+0.10022 ratio=1.0017 kl=0.0213
update=2552 mean_reward=+59.6974 mean_length= 59.99 policy_loss=+0.00117 value_loss=+0.15637 ratio=1.0031 kl=0.0299
update=2553 mean_reward=+59.6974 mean_length= 59.99 policy_loss=+0.00109 value_loss=+0.17655 ratio=1.0020 kl=0.0271
update=2554 mean_reward=+59.7067 mean_length= 60.00 policy_loss=+0.00265 value_loss=+0.00784 ratio=1.0028 kl=0.0249
update=2555 mean_reward=+59.6907 mean_length= 59.99 policy_loss=+0.00082 value_loss=+0.23975 ratio=1.0042 kl=0.0272 | eval_reward=+59.7178 eval_length= 60.00
update=2556 mean_reward=+59.6909 mean_length= 59.99 policy_loss=+0.00005 value_loss=+0.34114 ratio=1.0029 kl=0.0207
update=2557 mean_reward=+59.6889 mean_length= 59.99 policy_loss=-0.00239 value_loss=+0.16111 ratio=1.0016 kl=0.0263
update=2558 mean_reward=+59.6883 mean_length= 59.99 policy_loss=+0.00031 value_loss=+0.31259 ratio=1.0016 kl=0.0297
update=2559 mean_reward=+59.6814 mean_length= 59.98 policy_loss=+0.00102 value_loss=+0.41177 ratio=1.0094 kl=0.0265
update=2560 mean_reward=+59.6845 mean_length= 59.98 policy_loss=+0.00038 value_loss=+0.31674 ratio=1.0032 kl=0.0190 | eval_reward=+59.7214 eval_length= 60.00
update=2561 mean_reward=+59.6853 mean_length= 59.98 policy_loss=+0.00019 value_loss=+0.40616 ratio=1.0031 kl=0.0299
update=2562 mean_reward=+59.6981 mean_length= 60.00 policy_loss=+0.00116 value_loss=+0.10912 ratio=1.0031 kl=0.0310
update=2563 mean_reward=+59.6995 mean_length= 60.00 policy_loss=+0.00015 value_loss=+0.14944 ratio=1.0035 kl=0.0315
update=2564 mean_reward=+59.7043 mean_length= 60.00 policy_loss=+0.00160 value_loss=+0.00370 ratio=1.0026 kl=0.0109
update=2565 mean_reward=+59.6958 mean_length= 59.99 policy_loss=-0.00143 value_loss=+0.13500 ratio=1.0016 kl=0.0260 | eval_reward=+59.7239 eval_length= 60.00
update=2566 mean_reward=+59.6910 mean_length= 59.99 policy_loss=-0.00047 value_loss=+0.08382 ratio=1.0026 kl=0.0209
update=2567 mean_reward=+59.7069 mean_length= 60.00 policy_loss=+0.00162 value_loss=+0.00205 ratio=1.0024 kl=0.0149
update=2568 mean_reward=+59.6934 mean_length= 59.99 policy_loss=+0.00114 value_loss=+0.17950 ratio=1.0030 kl=0.0214
update=2569 mean_reward=+59.6993 mean_length= 60.00 policy_loss=-0.00056 value_loss=+0.06888 ratio=1.0037 kl=0.0241
update=2570 mean_reward=+59.6863 mean_length= 59.98 policy_loss=+0.00043 value_loss=+0.39861 ratio=1.0029 kl=0.0262 | eval_reward=+59.7251 eval_length= 60.00
update=2571 mean_reward=+59.7029 mean_length= 60.00 policy_loss=+0.00145 value_loss=+0.09633 ratio=1.0019 kl=0.0244
update=2572 mean_reward=+59.7090 mean_length= 60.00 policy_loss=+0.00050 value_loss=+0.00835 ratio=1.0029 kl=0.0196
update=2573 mean_reward=+59.7117 mean_length= 60.00 policy_loss=+0.00076 value_loss=+0.00143 ratio=1.0039 kl=0.0084
update=2574 mean_reward=+59.6992 mean_length= 59.99 policy_loss=+0.00026 value_loss=+0.15018 ratio=1.0033 kl=0.0231
update=2575 mean_reward=+59.6966 mean_length= 59.99 policy_loss=-0.00013 value_loss=+0.23200 ratio=1.0020 kl=0.0320 | eval_reward=+59.7391 eval_length= 60.00
update=2576 mean_reward=+59.7039 mean_length= 60.00 policy_loss=+0.00108 value_loss=+0.07925 ratio=1.0046 kl=0.0275
update=2577 mean_reward=+59.7021 mean_length= 60.00 policy_loss=+0.00065 value_loss=+0.16439 ratio=1.0061 kl=0.0236
update=2578 mean_reward=+59.6950 mean_length= 59.98 policy_loss=+0.00022 value_loss=+0.23446 ratio=1.0045 kl=0.0311
update=2579 mean_reward=+59.7035 mean_length= 59.99 policy_loss=+0.00128 value_loss=+0.07041 ratio=1.0064 kl=0.0296
update=2580 mean_reward=+59.6918 mean_length= 59.98 policy_loss=+0.00205 value_loss=+0.26694 ratio=1.0066 kl=0.0282 | eval_reward=+59.7323 eval_length= 60.00
update=2581 mean_reward=+59.6816 mean_length= 59.98 policy_loss=-0.00015 value_loss=+0.38886 ratio=1.0052 kl=0.0401
update=2582 mean_reward=+59.6972 mean_length= 59.99 policy_loss=+0.00202 value_loss=+0.18440 ratio=1.0040 kl=0.0297
update=2583 mean_reward=+59.6959 mean_length= 59.99 policy_loss=-0.00071 value_loss=+0.13924 ratio=1.0065 kl=0.0237
update=2584 mean_reward=+59.7038 mean_length= 59.99 policy_loss=-0.00029 value_loss=+0.06567 ratio=1.0044 kl=0.0214
update=2585 mean_reward=+59.7067 mean_length= 60.00 policy_loss=+0.00066 value_loss=+0.00377 ratio=1.0044 kl=0.0187 | eval_reward=+59.7169 eval_length= 60.00
update=2586 mean_reward=+59.7031 mean_length= 59.99 policy_loss=-0.00069 value_loss=+0.06698 ratio=1.0033 kl=0.0275
update=2587 mean_reward=+59.6991 mean_length= 59.99 policy_loss=+0.00492 value_loss=+0.04311 ratio=1.0061 kl=0.0223
update=2588 mean_reward=+59.6899 mean_length= 59.99 policy_loss=-0.00027 value_loss=+0.21452 ratio=1.0050 kl=0.0273
update=2589 mean_reward=+59.7007 mean_length= 60.00 policy_loss=+0.00208 value_loss=+0.10671 ratio=1.0058 kl=0.0249
update=2590 mean_reward=+59.6780 mean_length= 59.99 policy_loss=+0.00106 value_loss=+0.26263 ratio=1.0046 kl=0.0325 | eval_reward=+59.6926 eval_length= 60.00
update=2591 mean_reward=+59.6798 mean_length= 60.00 policy_loss=+0.00229 value_loss=+0.21688 ratio=1.0069 kl=0.0238
update=2592 mean_reward=+59.6792 mean_length= 59.99 policy_loss=+0.00332 value_loss=+0.29138 ratio=1.0046 kl=0.0216
update=2593 mean_reward=+59.6913 mean_length= 60.00 policy_loss=+0.00073 value_loss=+0.00949 ratio=1.0052 kl=0.0121
update=2594 mean_reward=+59.6874 mean_length= 59.99 policy_loss=+0.00114 value_loss=+0.26763 ratio=1.0043 kl=0.0249
update=2595 mean_reward=+59.6873 mean_length= 59.99 policy_loss=+0.00001 value_loss=+0.29421 ratio=1.0100 kl=0.0349 | eval_reward=+59.7015 eval_length= 60.00
update=2596 mean_reward=+59.6947 mean_length= 59.99 policy_loss=+0.00127 value_loss=+0.06931 ratio=1.0055 kl=0.0333
update=2597 mean_reward=+59.6913 mean_length= 60.00 policy_loss=+0.00045 value_loss=+0.16418 ratio=1.0109 kl=0.0198
update=2598 mean_reward=+59.6951 mean_length= 60.00 policy_loss=+0.00181 value_loss=+0.00335 ratio=1.0077 kl=0.0187
update=2599 mean_reward=+59.6871 mean_length= 59.99 policy_loss=+0.00106 value_loss=+0.23728 ratio=1.0060 kl=0.0246
update=2600 mean_reward=+59.7021 mean_length= 60.00 policy_loss=+0.00143 value_loss=+0.00300 ratio=1.0081 kl=0.0167 | eval_reward=+59.7084 eval_length= 60.00
update=2601 mean_reward=+59.6947 mean_length= 59.99 policy_loss=+0.00148 value_loss=+0.24531 ratio=1.0060 kl=0.0270
update=2602 mean_reward=+59.7087 mean_length= 60.00 policy_loss=+0.00140 value_loss=+0.01116 ratio=1.0057 kl=0.0174
update=2603 mean_reward=+59.6946 mean_length= 59.99 policy_loss=+0.00036 value_loss=+0.12328 ratio=1.0063 kl=0.0290
update=2604 mean_reward=+59.7022 mean_length= 60.00 policy_loss=+0.00117 value_loss=+0.08402 ratio=1.0040 kl=0.0252
update=2605 mean_reward=+59.7051 mean_length= 60.00 policy_loss=+0.00129 value_loss=+0.00285 ratio=1.0050 kl=0.0161 | eval_reward=+59.7126 eval_length= 60.00
update=2606 mean_reward=+59.6913 mean_length= 59.98 policy_loss=+0.00046 value_loss=+0.29704 ratio=1.0043 kl=0.0271
update=2607 mean_reward=+59.7053 mean_length= 60.00 policy_loss=+0.00090 value_loss=+0.07924 ratio=1.0110 kl=0.0282
update=2608 mean_reward=+59.6981 mean_length= 59.99 policy_loss=-0.00076 value_loss=+0.22159 ratio=1.0040 kl=0.0239
update=2609 mean_reward=+59.6978 mean_length= 59.99 policy_loss=+0.00082 value_loss=+0.17578 ratio=1.0037 kl=0.0234
update=2610 mean_reward=+59.7078 mean_length= 60.00 policy_loss=+0.00069 value_loss=+0.00321 ratio=1.0041 kl=0.0156 | eval_reward=+59.7173 eval_length= 60.00
update=2611 mean_reward=+59.7084 mean_length= 60.00 policy_loss=+0.00134 value_loss=+0.10887 ratio=1.0043 kl=0.0297
update=2612 mean_reward=+59.7110 mean_length= 60.00 policy_loss=+0.00120 value_loss=+0.00158 ratio=1.0034 kl=0.0161
update=2613 mean_reward=+59.7151 mean_length= 60.00 policy_loss=+0.00131 value_loss=+0.00267 ratio=1.0032 kl=0.0143
update=2614 mean_reward=+59.7164 mean_length= 60.00 policy_loss=+0.00117 value_loss=+0.00116 ratio=1.0037 kl=0.0104
update=2615 mean_reward=+59.7093 mean_length= 59.99 policy_loss=+0.00069 value_loss=+0.06991 ratio=1.0040 kl=0.0285 | eval_reward=+59.7229 eval_length= 60.00
update=2616 mean_reward=+59.7131 mean_length= 60.00 policy_loss=+0.00167 value_loss=+0.00163 ratio=1.0032 kl=0.0182
update=2617 mean_reward=+59.7108 mean_length= 60.00 policy_loss=+0.00198 value_loss=+0.00193 ratio=1.0036 kl=0.0189
update=2618 mean_reward=+59.7192 mean_length= 60.00 policy_loss=+0.00135 value_loss=+0.00123 ratio=1.0027 kl=0.0116
update=2619 mean_reward=+59.7146 mean_length= 60.00 policy_loss=+0.00103 value_loss=+0.00151 ratio=1.0033 kl=0.0147
update=2620 mean_reward=+59.7129 mean_length= 60.00 policy_loss=+0.04777 value_loss=+0.00191 ratio=1.0431 kl=0.0182 | eval_reward=+59.7232 eval_length= 60.00
update=2621 mean_reward=+59.7100 mean_length= 59.99 policy_loss=+0.00133 value_loss=+0.07511 ratio=1.0055 kl=0.0259
update=2622 mean_reward=+59.7118 mean_length= 60.00 policy_loss=+0.00394 value_loss=+0.00160 ratio=1.0120 kl=0.0259
update=2623 mean_reward=+59.7025 mean_length= 59.99 policy_loss=+0.00030 value_loss=+0.14687 ratio=1.0039 kl=0.0237
update=2624 mean_reward=+59.7138 mean_length= 60.00 policy_loss=+0.00138 value_loss=+0.10125 ratio=1.0102 kl=0.0256
update=2625 mean_reward=+59.7118 mean_length= 59.99 policy_loss=-0.00138 value_loss=+0.29278 ratio=1.0040 kl=0.0232 | eval_reward=+59.7289 eval_length= 60.00
update=2626 mean_reward=+59.7136 mean_length= 60.00 policy_loss=+0.00236 value_loss=+0.00750 ratio=1.0041 kl=0.0262
update=2627 mean_reward=+59.7128 mean_length= 60.00 policy_loss=-0.00066 value_loss=+0.07486 ratio=1.0037 kl=0.0260
update=2628 mean_reward=+59.7123 mean_length= 59.99 policy_loss=+0.00084 value_loss=+0.16056 ratio=1.0072 kl=0.0260
update=2629 mean_reward=+59.7123 mean_length= 60.00 policy_loss=+0.00064 value_loss=+0.16080 ratio=1.0037 kl=0.0235
update=2630 mean_reward=+59.7168 mean_length= 60.00 policy_loss=+0.00100 value_loss=+0.00546 ratio=1.0054 kl=0.0254 | eval_reward=+59.7300 eval_length= 60.00
update=2631 mean_reward=+59.7188 mean_length= 60.00 policy_loss=+0.00203 value_loss=+0.00714 ratio=1.0049 kl=0.0377
update=2632 mean_reward=+59.7188 mean_length= 60.00 policy_loss=+0.00076 value_loss=+0.08513 ratio=1.0041 kl=0.0210
update=2633 mean_reward=+59.7146 mean_length= 60.00 policy_loss=+0.00078 value_loss=+0.00146 ratio=1.0049 kl=0.0126
update=2634 mean_reward=+59.7134 mean_length= 60.00 policy_loss=+0.00081 value_loss=+0.18005 ratio=1.0043 kl=0.0239
update=2635 mean_reward=+59.7075 mean_length= 59.99 policy_loss=+0.00153 value_loss=+0.39269 ratio=1.0071 kl=0.0262 | eval_reward=+59.7306 eval_length= 60.00
update=2636 mean_reward=+59.7076 mean_length= 59.99 policy_loss=+0.00085 value_loss=+0.06213 ratio=1.0036 kl=0.0302
update=2637 mean_reward=+59.7005 mean_length= 59.98 policy_loss=+0.00078 value_loss=+0.40092 ratio=1.0053 kl=0.0275
update=2638 mean_reward=+59.7137 mean_length= 60.00 policy_loss=+0.00198 value_loss=+0.00234 ratio=1.0047 kl=0.0151
update=2639 mean_reward=+59.7010 mean_length= 59.99 policy_loss=+0.00033 value_loss=+0.35667 ratio=1.0043 kl=0.0248
update=2640 mean_reward=+59.7055 mean_length= 59.98 policy_loss=+0.00110 value_loss=+0.38030 ratio=1.0041 kl=0.0266 | eval_reward=+59.7288 eval_length= 60.00
update=2641 mean_reward=+59.7071 mean_length= 59.99 policy_loss=+0.00179 value_loss=+0.23061 ratio=1.0044 kl=0.0211
update=2642 mean_reward=+59.6992 mean_length= 59.98 policy_loss=+0.00129 value_loss=+0.40419 ratio=1.0058 kl=0.0225
update=2643 mean_reward=+59.7137 mean_length= 60.00 policy_loss=+0.00055 value_loss=+0.08136 ratio=1.0078 kl=0.0190
update=2644 mean_reward=+59.7092 mean_length= 59.99 policy_loss=+0.00020 value_loss=+0.25043 ratio=1.0045 kl=0.0313
update=2645 mean_reward=+59.7025 mean_length= 59.99 policy_loss=+0.00055 value_loss=+0.37246 ratio=1.0047 kl=0.0277 | eval_reward=+59.7236 eval_length= 60.00
update=2646 mean_reward=+59.7048 mean_length= 59.99 policy_loss=+0.00096 value_loss=+0.09593 ratio=1.0066 kl=0.0308
update=2647 mean_reward=+59.7138 mean_length= 60.00 policy_loss=+0.00147 value_loss=+0.09821 ratio=1.0044 kl=0.0261
update=2648 mean_reward=+59.7146 mean_length= 60.00 policy_loss=-0.00071 value_loss=+0.06109 ratio=1.0040 kl=0.0264
update=2649 mean_reward=+59.6986 mean_length= 59.99 policy_loss=+0.00070 value_loss=+0.10784 ratio=1.0062 kl=0.0240
update=2650 mean_reward=+59.7161 mean_length= 60.00 policy_loss=+0.00203 value_loss=+0.00183 ratio=1.0066 kl=0.0182 | eval_reward=+59.7250 eval_length= 60.00
update=2651 mean_reward=+59.7141 mean_length= 60.00 policy_loss=+0.00026 value_loss=+0.00314 ratio=1.0079 kl=0.0158
update=2652 mean_reward=+59.7136 mean_length= 59.99 policy_loss=+0.00109 value_loss=+0.05913 ratio=1.0077 kl=0.0235
update=2653 mean_reward=+59.7176 mean_length= 60.00 policy_loss=+0.00097 value_loss=+0.00154 ratio=1.0086 kl=0.0137
update=2654 mean_reward=+59.7033 mean_length= 59.99 policy_loss=+0.00088 value_loss=+0.23612 ratio=1.0066 kl=0.0284
update=2655 mean_reward=+59.7036 mean_length= 59.99 policy_loss=+0.00212 value_loss=+0.23158 ratio=1.0071 kl=0.0274 | eval_reward=+59.7181 eval_length= 60.00
update=2656 mean_reward=+59.7052 mean_length= 59.99 policy_loss=+0.00011 value_loss=+0.16884 ratio=1.0050 kl=0.0232
update=2657 mean_reward=+59.7170 mean_length= 60.00 policy_loss=+0.00104 value_loss=+0.00382 ratio=1.0054 kl=0.0233
update=2658 mean_reward=+59.7019 mean_length= 59.99 policy_loss=+0.00041 value_loss=+0.10358 ratio=1.0060 kl=0.0290
update=2659 mean_reward=+59.7159 mean_length= 60.00 policy_loss=+0.00478 value_loss=+0.00124 ratio=1.0062 kl=0.0193
update=2660 mean_reward=+59.7057 mean_length= 59.99 policy_loss=-0.00005 value_loss=+0.06207 ratio=1.0111 kl=0.0339 | eval_reward=+59.7188 eval_length= 60.00
update=2661 mean_reward=+59.7156 mean_length= 60.00 policy_loss=+0.00066 value_loss=+0.00239 ratio=1.0052 kl=0.0182
update=2662 mean_reward=+59.7126 mean_length= 60.00 policy_loss=+0.00019 value_loss=+0.07449 ratio=1.0129 kl=0.0212
update=2663 mean_reward=+59.7062 mean_length= 59.99 policy_loss=+0.00117 value_loss=+0.07549 ratio=1.0071 kl=0.0298
update=2664 mean_reward=+59.7107 mean_length= 60.00 policy_loss=+0.00105 value_loss=+0.08343 ratio=1.0053 kl=0.0294
update=2665 mean_reward=+59.7119 mean_length= 60.00 policy_loss=+0.00044 value_loss=+0.10125 ratio=1.0073 kl=0.0372 | eval_reward=+59.7167 eval_length= 60.00
update=2666 mean_reward=+59.7059 mean_length= 59.99 policy_loss=+0.00153 value_loss=+0.17282 ratio=1.0072 kl=0.0306
update=2667 mean_reward=+59.7035 mean_length= 60.00 policy_loss=+0.00189 value_loss=+0.01542 ratio=1.0143 kl=0.0270
update=2668 mean_reward=+59.7029 mean_length= 60.00 policy_loss=+0.00297 value_loss=+0.00757 ratio=1.0091 kl=0.0316
update=2669 mean_reward=+59.6986 mean_length= 60.00 policy_loss=+0.00711 value_loss=+0.11145 ratio=1.2365 kl=0.0237
update=2670 mean_reward=+59.7039 mean_length= 60.00 policy_loss=+0.00192 value_loss=+0.11402 ratio=1.0087 kl=0.0245 | eval_reward=+59.7121 eval_length= 60.00
update=2671 mean_reward=+59.6954 mean_length= 59.99 policy_loss=+0.00205 value_loss=+0.18210 ratio=1.0075 kl=0.0249
update=2672 mean_reward=+59.7010 mean_length= 59.99 policy_loss=-0.00009 value_loss=+0.07182 ratio=1.0098 kl=0.0299
update=2673 mean_reward=+59.7093 mean_length= 60.00 policy_loss=+0.00322 value_loss=+0.00175 ratio=1.0058 kl=0.0172
update=2674 mean_reward=+59.7061 mean_length= 60.00 policy_loss=+0.00048 value_loss=+0.08216 ratio=1.0093 kl=0.0265
update=2675 mean_reward=+59.7054 mean_length= 60.00 policy_loss=+0.00003 value_loss=+0.07240 ratio=1.0125 kl=0.0264 | eval_reward=+59.7095 eval_length= 60.00
update=2676 mean_reward=+59.7037 mean_length= 60.00 policy_loss=+0.00076 value_loss=+0.15379 ratio=1.0058 kl=0.0285
update=2677 mean_reward=+59.7102 mean_length= 60.00 policy_loss=+0.00063 value_loss=+0.08760 ratio=1.0118 kl=0.0239
update=2678 mean_reward=+59.7111 mean_length= 60.00 policy_loss=+0.00181 value_loss=+0.00195 ratio=1.0078 kl=0.0189
update=2679 mean_reward=+59.7093 mean_length= 60.00 policy_loss=+0.00111 value_loss=+0.08057 ratio=1.0038 kl=0.0324
update=2680 mean_reward=+59.7114 mean_length= 60.00 policy_loss=+0.00082 value_loss=+0.00278 ratio=1.0069 kl=0.0179 | eval_reward=+59.7146 eval_length= 60.00
update=2681 mean_reward=+59.7064 mean_length= 59.99 policy_loss=-0.00088 value_loss=+0.13024 ratio=1.0045 kl=0.0262
update=2682 mean_reward=+59.7040 mean_length= 59.99 policy_loss=+0.00277 value_loss=+0.19052 ratio=1.0057 kl=0.0300
update=2683 mean_reward=+59.7143 mean_length= 60.00 policy_loss=+0.00093 value_loss=+0.00172 ratio=1.0039 kl=0.0123
update=2684 mean_reward=+59.7168 mean_length= 60.00 policy_loss=+0.00146 value_loss=+0.00160 ratio=1.0059 kl=0.0110
update=2685 mean_reward=+59.7166 mean_length= 60.00 policy_loss=+0.00069 value_loss=+0.00209 ratio=1.0041 kl=0.0135 | eval_reward=+59.7210 eval_length= 60.00
update=2686 mean_reward=+59.7187 mean_length= 60.00 policy_loss=+0.00373 value_loss=+0.00121 ratio=1.0048 kl=0.0195
update=2687 mean_reward=+59.7143 mean_length= 60.00 policy_loss=+0.00006 value_loss=+0.07599 ratio=1.0061 kl=0.0226
update=2688 mean_reward=+59.7194 mean_length= 60.00 policy_loss=-0.00058 value_loss=+0.08136 ratio=1.0040 kl=0.0259
update=2689 mean_reward=+59.7178 mean_length= 60.00 policy_loss=+0.00124 value_loss=+0.00197 ratio=1.0051 kl=0.0166
update=2690 mean_reward=+59.7092 mean_length= 59.99 policy_loss=+0.00050 value_loss=+0.04806 ratio=1.0242 kl=0.0310 | eval_reward=+59.7180 eval_length= 60.00
update=2691 mean_reward=+59.7149 mean_length= 60.00 policy_loss=+0.00114 value_loss=+0.00134 ratio=1.0071 kl=0.0100
update=2692 mean_reward=+59.7055 mean_length= 59.99 policy_loss=+0.00111 value_loss=+0.16763 ratio=1.0068 kl=0.0257
update=2693 mean_reward=+59.7111 mean_length= 60.00 policy_loss=+0.00110 value_loss=+0.00886 ratio=1.0060 kl=0.0258
update=2694 mean_reward=+59.6942 mean_length= 59.98 policy_loss=+0.00047 value_loss=+0.32480 ratio=1.0067 kl=0.0228
update=2695 mean_reward=+59.7141 mean_length= 60.00 policy_loss=+0.00214 value_loss=+0.09038 ratio=1.0154 kl=0.0276 | eval_reward=+59.7208 eval_length= 60.00
update=2696 mean_reward=+59.7008 mean_length= 59.99 policy_loss=-0.00014 value_loss=+0.19873 ratio=1.0058 kl=0.0218
update=2697 mean_reward=+59.7148 mean_length= 60.00 policy_loss=+0.00177 value_loss=+0.00450 ratio=1.0051 kl=0.0165
update=2698 mean_reward=+59.7042 mean_length= 59.99 policy_loss=+0.00099 value_loss=+0.16016 ratio=1.0061 kl=0.0286
update=2699 mean_reward=+59.7031 mean_length= 59.99 policy_loss=+0.00115 value_loss=+0.12907 ratio=1.0172 kl=0.0219
update=2700 mean_reward=+59.7033 mean_length= 59.99 policy_loss=+0.00171 value_loss=+0.06707 ratio=1.0066 kl=0.0317 | eval_reward=+59.7196 eval_length= 60.00
update=2701 mean_reward=+59.7163 mean_length= 60.00 policy_loss=+0.00287 value_loss=+0.00247 ratio=1.0047 kl=0.0144
update=2702 mean_reward=+59.7130 mean_length= 60.00 policy_loss=+0.00144 value_loss=+0.00144 ratio=1.0060 kl=0.0109
update=2703 mean_reward=+59.7080 mean_length= 59.99 policy_loss=+0.00145 value_loss=+0.15548 ratio=1.0063 kl=0.0289
update=2704 mean_reward=+59.7181 mean_length= 60.00 policy_loss=+0.00085 value_loss=+0.00446 ratio=1.0046 kl=0.0164
update=2705 mean_reward=+59.7235 mean_length= 60.00 policy_loss=+0.00134 value_loss=+0.00202 ratio=1.0061 kl=0.0217 | eval_reward=+59.7247 eval_length= 60.00
update=2706 mean_reward=+59.7181 mean_length= 60.00 policy_loss=+0.00208 value_loss=+0.10135 ratio=1.0224 kl=0.0265
update=2707 mean_reward=+59.7102 mean_length= 59.99 policy_loss=+0.00150 value_loss=+0.08692 ratio=1.0045 kl=0.0208
update=2708 mean_reward=+59.7154 mean_length= 60.00 policy_loss=+0.00010 value_loss=+0.07794 ratio=1.0056 kl=0.0316
update=2709 mean_reward=+59.7188 mean_length= 60.00 policy_loss=+0.00111 value_loss=+0.00201 ratio=1.0059 kl=0.0170
update=2710 mean_reward=+59.7183 mean_length= 60.00 policy_loss=+0.00075 value_loss=+0.00128 ratio=1.0059 kl=0.0104 | eval_reward=+59.7232 eval_length= 60.00
update=2711 mean_reward=+59.7222 mean_length= 60.00 policy_loss=+0.00166 value_loss=+0.00120 ratio=1.0084 kl=0.0122
update=2712 mean_reward=+59.7100 mean_length= 59.99 policy_loss=-0.00106 value_loss=+0.19091 ratio=1.0026 kl=0.0254
update=2713 mean_reward=+59.7060 mean_length= 59.99 policy_loss=+0.00117 value_loss=+0.17701 ratio=1.0057 kl=0.0232
update=2714 mean_reward=+59.7079 mean_length= 59.99 policy_loss=+0.00150 value_loss=+0.08450 ratio=1.0040 kl=0.0264
update=2715 mean_reward=+59.7112 mean_length= 60.00 policy_loss=+0.00167 value_loss=+0.00356 ratio=1.0042 kl=0.0209 | eval_reward=+59.7166 eval_length= 60.00
update=2716 mean_reward=+59.7148 mean_length= 60.00 policy_loss=+0.00082 value_loss=+0.00180 ratio=1.0041 kl=0.0106
update=2717 mean_reward=+59.6987 mean_length= 59.99 policy_loss=+0.00096 value_loss=+0.32824 ratio=1.0051 kl=0.0232
update=2718 mean_reward=+59.7064 mean_length= 60.00 policy_loss=+0.00078 value_loss=+0.10388 ratio=1.0143 kl=0.0212
update=2719 mean_reward=+59.7120 mean_length= 60.00 policy_loss=+0.00078 value_loss=+0.00902 ratio=1.0048 kl=0.0263
update=2720 mean_reward=+59.7070 mean_length= 59.99 policy_loss=+0.00075 value_loss=+0.15484 ratio=1.0033 kl=0.0290 | eval_reward=+59.7251 eval_length= 60.00
update=2721 mean_reward=+59.7058 mean_length= 59.99 policy_loss=+0.00013 value_loss=+0.14148 ratio=1.0062 kl=0.0268
update=2722 mean_reward=+59.7182 mean_length= 60.00 policy_loss=+0.00117 value_loss=+0.08156 ratio=1.0037 kl=0.0343
update=2723 mean_reward=+59.7172 mean_length= 60.00 policy_loss=+0.00190 value_loss=+0.00214 ratio=1.0042 kl=0.0181
update=2724 mean_reward=+59.7193 mean_length= 60.00 policy_loss=+0.00030 value_loss=+0.06981 ratio=1.0071 kl=0.0280
update=2725 mean_reward=+59.7061 mean_length= 59.98 policy_loss=+0.00026 value_loss=+0.18264 ratio=1.0048 kl=0.0261 | eval_reward=+59.7241 eval_length= 60.00
update=2726 mean_reward=+59.7084 mean_length= 59.99 policy_loss=+0.00150 value_loss=+0.16176 ratio=1.0058 kl=0.0299
update=2727 mean_reward=+59.7044 mean_length= 59.99 policy_loss=+0.00219 value_loss=+0.18065 ratio=1.0058 kl=0.0278
update=2728 mean_reward=+59.7001 mean_length= 59.99 policy_loss=+0.00105 value_loss=+0.23622 ratio=1.0060 kl=0.0232
update=2729 mean_reward=+59.7127 mean_length= 59.99 policy_loss=+0.00106 value_loss=+0.06902 ratio=1.0040 kl=0.0321
update=2730 mean_reward=+59.7088 mean_length= 59.99 policy_loss=+0.00160 value_loss=+0.07313 ratio=1.0082 kl=0.0256 | eval_reward=+59.7268 eval_length= 60.00
update=2731 mean_reward=+59.6892 mean_length= 59.98 policy_loss=+0.00244 value_loss=+0.40388 ratio=1.0060 kl=0.0275
update=2732 mean_reward=+59.7146 mean_length= 60.00 policy_loss=+0.00048 value_loss=+0.00756 ratio=1.0077 kl=0.0165
update=2733 mean_reward=+59.7070 mean_length= 59.99 policy_loss=+0.00027 value_loss=+0.15165 ratio=1.0195 kl=0.0254
update=2734 mean_reward=+59.7112 mean_length= 59.99 policy_loss=+0.00068 value_loss=+0.08582 ratio=1.0064 kl=0.0277
update=2735 mean_reward=+59.7069 mean_length= 59.99 policy_loss=-0.00027 value_loss=+0.06776 ratio=1.0057 kl=0.0204 | eval_reward=+59.7257 eval_length= 60.00
update=2736 mean_reward=+59.7113 mean_length= 60.00 policy_loss=+0.00124 value_loss=+0.08386 ratio=1.0056 kl=0.0313
update=2737 mean_reward=+59.7115 mean_length= 60.00 policy_loss=+0.00059 value_loss=+0.00298 ratio=1.0049 kl=0.0142
update=2738 mean_reward=+59.7103 mean_length= 60.00 policy_loss=+0.00239 value_loss=+0.00156 ratio=1.0047 kl=0.0161
update=2739 mean_reward=+59.7105 mean_length= 60.00 policy_loss=+0.00140 value_loss=+0.09357 ratio=1.0036 kl=0.0333
update=2740 mean_reward=+59.7126 mean_length= 60.00 policy_loss=+0.00094 value_loss=+0.00287 ratio=1.0039 kl=0.0236 | eval_reward=+59.7408 eval_length= 60.00
update=2741 mean_reward=+59.7097 mean_length= 59.99 policy_loss=+0.00156 value_loss=+0.09129 ratio=1.0039 kl=0.0279
update=2742 mean_reward=+59.6905 mean_length= 59.98 policy_loss=+0.00273 value_loss=+0.46199 ratio=1.0047 kl=0.0277
update=2743 mean_reward=+59.7090 mean_length= 60.00 policy_loss=+0.00053 value_loss=+0.07977 ratio=1.0093 kl=0.0266
update=2744 mean_reward=+59.7042 mean_length= 59.99 policy_loss=+0.00131 value_loss=+0.16289 ratio=1.0063 kl=0.0260
update=2745 mean_reward=+59.6946 mean_length= 59.99 policy_loss=+0.00047 value_loss=+0.14963 ratio=1.0046 kl=0.0246 | eval_reward=+59.7344 eval_length= 60.00
update=2746 mean_reward=+59.6915 mean_length= 59.98 policy_loss=+0.00104 value_loss=+0.21159 ratio=1.0131 kl=0.0239
update=2747 mean_reward=+59.7114 mean_length= 60.00 policy_loss=+0.00230 value_loss=+0.00280 ratio=1.0055 kl=0.0091
update=2748 mean_reward=+59.7023 mean_length= 60.00 policy_loss=+0.00084 value_loss=+0.08767 ratio=1.0061 kl=0.0286
update=2749 mean_reward=+59.7036 mean_length= 60.00 policy_loss=+0.00152 value_loss=+0.09633 ratio=1.0046 kl=0.0242
update=2750 mean_reward=+59.7002 mean_length= 59.99 policy_loss=+0.00148 value_loss=+0.18262 ratio=1.0041 kl=0.0241 | eval_reward=+59.7295 eval_length= 60.00
update=2751 mean_reward=+59.6993 mean_length= 60.00 policy_loss=+0.00245 value_loss=+0.01853 ratio=1.0057 kl=0.0302
update=2752 mean_reward=+59.7034 mean_length= 59.99 policy_loss=-0.00029 value_loss=+0.05811 ratio=1.0209 kl=0.0216
update=2753 mean_reward=+59.7025 mean_length= 60.00 policy_loss=+0.00105 value_loss=+0.01165 ratio=1.0045 kl=0.0307
update=2754 mean_reward=+59.6931 mean_length= 59.99 policy_loss=+0.00015 value_loss=+0.23213 ratio=1.0070 kl=0.0207
update=2755 mean_reward=+59.7098 mean_length= 60.00 policy_loss=+0.00102 value_loss=+0.00234 ratio=1.0086 kl=0.0129 | eval_reward=+59.7188 eval_length= 60.00
update=2756 mean_reward=+59.7043 mean_length= 59.99 policy_loss=+0.00011 value_loss=+0.17017 ratio=1.0047 kl=0.0263
update=2757 mean_reward=+59.6767 mean_length= 59.97 policy_loss=+0.00145 value_loss=+0.55091 ratio=1.0104 kl=0.0287
update=2758 mean_reward=+59.6932 mean_length= 59.99 policy_loss=-0.00001 value_loss=+0.22923 ratio=1.0059 kl=0.0229
update=2759 mean_reward=+59.7175 mean_length= 60.00 policy_loss=+0.00021 value_loss=+0.01093 ratio=1.0044 kl=0.0161
update=2760 mean_reward=+59.7014 mean_length= 59.99 policy_loss=+0.00226 value_loss=+0.13771 ratio=1.0045 kl=0.0284 | eval_reward=+59.6821 eval_length= 60.00
update=2761 mean_reward=+59.7017 mean_length= 60.00 policy_loss=+0.00259 value_loss=+0.00156 ratio=1.0049 kl=0.0148
update=2762 mean_reward=+59.7073 mean_length= 60.00 policy_loss=-0.00008 value_loss=+0.08159 ratio=1.0074 kl=0.0347
update=2763 mean_reward=+59.6963 mean_length= 59.99 policy_loss=+0.00166 value_loss=+0.28837 ratio=1.0060 kl=0.0256
update=2764 mean_reward=+59.7019 mean_length= 59.99 policy_loss=+0.00132 value_loss=+0.24529 ratio=1.0041 kl=0.0345
update=2765 mean_reward=+59.7060 mean_length= 59.99 policy_loss=+0.00230 value_loss=+0.20047 ratio=1.0063 kl=0.0265 | eval_reward=+59.7224 eval_length= 60.00
update=2766 mean_reward=+59.6986 mean_length= 59.99 policy_loss=+0.00081 value_loss=+0.15040 ratio=1.0053 kl=0.0270
update=2767 mean_reward=+59.7009 mean_length= 59.99 policy_loss=-0.00113 value_loss=+0.19022 ratio=1.0073 kl=0.0210
update=2768 mean_reward=+59.7029 mean_length= 59.99 policy_loss=+0.00069 value_loss=+0.31399 ratio=1.0050 kl=0.0293
update=2769 mean_reward=+59.7028 mean_length= 59.99 policy_loss=+0.00142 value_loss=+0.32312 ratio=1.0061 kl=0.0283
update=2770 mean_reward=+59.7064 mean_length= 59.99 policy_loss=+0.00129 value_loss=+0.28737 ratio=1.0055 kl=0.0199 | eval_reward=+59.7230 eval_length= 60.00
update=2771 mean_reward=+59.7062 mean_length= 59.99 policy_loss=+0.00043 value_loss=+0.07993 ratio=1.0057 kl=0.0284
update=2772 mean_reward=+59.7061 mean_length= 60.00 policy_loss=-0.00032 value_loss=+0.07578 ratio=1.0048 kl=0.0306
update=2773 mean_reward=+59.7022 mean_length= 59.99 policy_loss=+0.00103 value_loss=+0.06526 ratio=1.0052 kl=0.0293
update=2774 mean_reward=+59.7080 mean_length= 60.00 policy_loss=+0.00142 value_loss=+0.07723 ratio=1.0052 kl=0.0281
update=2775 mean_reward=+59.7128 mean_length= 60.00 policy_loss=+0.00066 value_loss=+0.00968 ratio=1.0041 kl=0.0169 | eval_reward=+59.7264 eval_length= 60.00
update=2776 mean_reward=+59.7067 mean_length= 60.00 policy_loss=+0.00037 value_loss=+0.08149 ratio=1.0095 kl=0.0216
update=2777 mean_reward=+59.7035 mean_length= 59.99 policy_loss=+0.00040 value_loss=+0.06691 ratio=1.0062 kl=0.0277
update=2778 mean_reward=+59.7087 mean_length= 60.00 policy_loss=+0.00197 value_loss=+0.00182 ratio=1.0057 kl=0.0141
update=2779 mean_reward=+59.7028 mean_length= 59.99 policy_loss=-0.00039 value_loss=+0.13726 ratio=1.0043 kl=0.0279
update=2780 mean_reward=+59.7027 mean_length= 60.00 policy_loss=+0.00176 value_loss=+0.07923 ratio=1.0052 kl=0.0285 | eval_reward=+59.7154 eval_length= 60.00
update=2781 mean_reward=+59.7029 mean_length= 60.00 policy_loss=+0.00226 value_loss=+0.10422 ratio=1.0052 kl=0.0229
update=2782 mean_reward=+59.7096 mean_length= 60.00 policy_loss=+0.00195 value_loss=+0.09421 ratio=1.0045 kl=0.0267
update=2783 mean_reward=+59.7144 mean_length= 60.00 policy_loss=+0.00153 value_loss=+0.00340 ratio=1.0039 kl=0.0107
update=2784 mean_reward=+59.7125 mean_length= 60.00 policy_loss=+0.00119 value_loss=+0.00192 ratio=1.0041 kl=0.0135
update=2785 mean_reward=+59.7073 mean_length= 60.00 policy_loss=+0.00027 value_loss=+0.07822 ratio=1.0028 kl=0.0216 | eval_reward=+59.7406 eval_length= 60.00
update=2786 mean_reward=+59.7059 mean_length= 60.00 policy_loss=+0.00069 value_loss=+0.09017 ratio=1.0047 kl=0.0312
update=2787 mean_reward=+59.7142 mean_length= 60.00 policy_loss=+0.00231 value_loss=+0.00503 ratio=1.0048 kl=0.0320
update=2788 mean_reward=+59.7154 mean_length= 60.00 policy_loss=+0.00079 value_loss=+0.00129 ratio=1.0037 kl=0.0117
update=2789 mean_reward=+59.7204 mean_length= 60.00 policy_loss=+0.00143 value_loss=+0.00185 ratio=1.0030 kl=0.0154
update=2790 mean_reward=+59.7082 mean_length= 59.99 policy_loss=+0.00122 value_loss=+0.08213 ratio=1.0041 kl=0.0222 | eval_reward=+59.7240 eval_length= 60.00
update=2791 mean_reward=+59.7160 mean_length= 59.99 policy_loss=-0.00031 value_loss=+0.05617 ratio=1.0024 kl=0.0219
update=2792 mean_reward=+59.7072 mean_length= 59.99 policy_loss=+0.00189 value_loss=+0.08254 ratio=1.0039 kl=0.0221
update=2793 mean_reward=+59.7068 mean_length= 59.99 policy_loss=+0.00249 value_loss=+0.10245 ratio=1.0032 kl=0.0265
update=2794 mean_reward=+59.7105 mean_length= 60.00 policy_loss=+0.00201 value_loss=+0.00217 ratio=1.0127 kl=0.0187
update=2795 mean_reward=+59.7204 mean_length= 60.00 policy_loss=+0.00162 value_loss=+0.00134 ratio=1.0032 kl=0.0126 | eval_reward=+59.7359 eval_length= 60.00
update=2796 mean_reward=+59.7155 mean_length= 60.00 policy_loss=+0.00191 value_loss=+0.00140 ratio=1.0043 kl=0.0130
update=2797 mean_reward=+59.7071 mean_length= 59.99 policy_loss=+0.00106 value_loss=+0.12839 ratio=1.0047 kl=0.0270
update=2798 mean_reward=+59.7076 mean_length= 59.99 policy_loss=+0.00202 value_loss=+0.07873 ratio=1.0027 kl=0.0371
update=2799 mean_reward=+59.7174 mean_length= 60.00 policy_loss=+0.00290 value_loss=+0.00148 ratio=1.0052 kl=0.0320
update=2800 mean_reward=+59.6938 mean_length= 59.98 policy_loss=+0.00088 value_loss=+0.46621 ratio=1.0058 kl=0.0213 | eval_reward=+59.7432 eval_length= 60.00
update=2801 mean_reward=+59.7042 mean_length= 59.99 policy_loss=+0.00302 value_loss=+0.17041 ratio=1.0047 kl=0.0278
update=2802 mean_reward=+59.7155 mean_length= 60.00 policy_loss=+0.00203 value_loss=+0.00270 ratio=1.0041 kl=0.0162
update=2803 mean_reward=+59.7064 mean_length= 59.99 policy_loss=+0.00234 value_loss=+0.16477 ratio=1.0037 kl=0.0217
update=2804 mean_reward=+59.7123 mean_length= 60.00 policy_loss=+0.00388 value_loss=+0.31963 ratio=1.0036 kl=0.0271
update=2805 mean_reward=+59.7088 mean_length= 59.99 policy_loss=+0.00046 value_loss=+0.06927 ratio=1.0038 kl=0.0215 | eval_reward=+59.7455 eval_length= 60.00
update=2806 mean_reward=+59.7118 mean_length= 60.00 policy_loss=+0.00411 value_loss=+0.11444 ratio=1.0045 kl=0.0262
update=2807 mean_reward=+59.7085 mean_length= 60.00 policy_loss=+0.00085 value_loss=+0.10520 ratio=1.0041 kl=0.0313
update=2808 mean_reward=+59.7150 mean_length= 60.00 policy_loss=+0.00059 value_loss=+0.07823 ratio=1.0114 kl=0.0276
update=2809 mean_reward=+59.6996 mean_length= 59.99 policy_loss=+0.00028 value_loss=+0.10865 ratio=1.0040 kl=0.0332
update=2810 mean_reward=+59.7072 mean_length= 60.00 policy_loss=+0.00118 value_loss=+0.10258 ratio=1.0029 kl=0.0329 | eval_reward=+59.7461 eval_length= 60.00
update=2811 mean_reward=+59.7145 mean_length= 60.00 policy_loss=+0.00155 value_loss=+0.00194 ratio=1.0047 kl=0.0155
update=2812 mean_reward=+59.7123 mean_length= 60.00 policy_loss=+0.00055 value_loss=+0.00171 ratio=1.0043 kl=0.0108
update=2813 mean_reward=+59.7019 mean_length= 59.99 policy_loss=+0.00126 value_loss=+0.14304 ratio=1.0045 kl=0.0281
update=2814 mean_reward=+59.7129 mean_length= 60.00 policy_loss=+0.00207 value_loss=+0.09765 ratio=1.0048 kl=0.0237
update=2815 mean_reward=+59.7081 mean_length= 59.99 policy_loss=+0.00220 value_loss=+0.19303 ratio=1.0032 kl=0.0238 | eval_reward=+59.5126 eval_length= 60.00
update=2816 mean_reward=+59.7091 mean_length= 60.00 policy_loss=+0.00148 value_loss=+0.09109 ratio=1.0521 kl=0.0253
update=2817 mean_reward=+59.7074 mean_length= 60.00 policy_loss=+0.00076 value_loss=+0.07785 ratio=1.0036 kl=0.0277
update=2818 mean_reward=+59.7098 mean_length= 60.00 policy_loss=+0.00155 value_loss=+0.00241 ratio=1.0057 kl=0.0203
update=2819 mean_reward=+59.7140 mean_length= 60.00 policy_loss=+0.00075 value_loss=+0.00231 ratio=1.0047 kl=0.0206
update=2820 mean_reward=+59.7175 mean_length= 60.00 policy_loss=+0.00119 value_loss=+0.09696 ratio=1.0038 kl=0.0251 | eval_reward=+59.6051 eval_length= 60.00
update=2821 mean_reward=+59.7093 mean_length= 59.99 policy_loss=+0.00291 value_loss=+0.15295 ratio=1.0047 kl=0.0224
update=2822 mean_reward=+59.7001 mean_length= 59.99 policy_loss=+0.00222 value_loss=+0.28157 ratio=1.0046 kl=0.0227
update=2823 mean_reward=+59.7078 mean_length= 60.00 policy_loss=+0.00089 value_loss=+0.17547 ratio=1.0130 kl=0.0281
update=2824 mean_reward=+59.7098 mean_length= 60.00 policy_loss=+0.00021 value_loss=+0.09079 ratio=1.0039 kl=0.0362
update=2825 mean_reward=+59.7103 mean_length= 60.00 policy_loss=+0.00117 value_loss=+0.10121 ratio=1.0030 kl=0.0274 | eval_reward=+59.7395 eval_length= 60.00
update=2826 mean_reward=+59.7166 mean_length= 60.00 policy_loss=+0.00112 value_loss=+0.00202 ratio=1.0037 kl=0.0190
update=2827 mean_reward=+59.7109 mean_length= 59.99 policy_loss=+0.00008 value_loss=+0.08357 ratio=1.0033 kl=0.0241
update=2828 mean_reward=+59.7091 mean_length= 59.99 policy_loss=+0.00188 value_loss=+0.19285 ratio=1.0112 kl=0.0225
update=2829 mean_reward=+59.7099 mean_length= 60.00 policy_loss=+0.00085 value_loss=+0.00252 ratio=1.0039 kl=0.0148
update=2830 mean_reward=+59.7002 mean_length= 59.98 policy_loss=+0.00017 value_loss=+0.19792 ratio=1.0054 kl=0.0252 | eval_reward=+59.7236 eval_length= 60.00
update=2831 mean_reward=+59.6969 mean_length= 59.98 policy_loss=-0.00033 value_loss=+0.19240 ratio=1.0027 kl=0.0237
update=2832 mean_reward=+59.7003 mean_length= 59.99 policy_loss=-0.00043 value_loss=+0.17504 ratio=1.0026 kl=0.0263
update=2833 mean_reward=+59.7096 mean_length= 60.00 policy_loss=+0.00049 value_loss=+0.00181 ratio=1.0033 kl=0.0102
update=2834 mean_reward=+59.7077 mean_length= 60.00 policy_loss=+0.00058 value_loss=+0.09279 ratio=1.0050 kl=0.0257
update=2835 mean_reward=+59.7130 mean_length= 60.00 policy_loss=+0.00080 value_loss=+0.00216 ratio=1.0050 kl=0.0212 | eval_reward=+59.7089 eval_length= 60.00
update=2836 mean_reward=+59.7087 mean_length= 60.00 policy_loss=-0.00045 value_loss=+0.07831 ratio=1.0039 kl=0.0270
update=2837 mean_reward=+59.7150 mean_length= 60.00 policy_loss=+0.00202 value_loss=+0.00122 ratio=1.0033 kl=0.0134
update=2838 mean_reward=+59.7168 mean_length= 60.00 policy_loss=+0.00137 value_loss=+0.00122 ratio=1.0037 kl=0.0104
update=2839 mean_reward=+59.7155 mean_length= 60.00 policy_loss=+0.00090 value_loss=+0.07878 ratio=1.0038 kl=0.0303
update=2840 mean_reward=+59.7161 mean_length= 60.00 policy_loss=-0.00190 value_loss=+0.05112 ratio=1.0016 kl=0.0300 | eval_reward=+59.7258 eval_length= 60.00
update=2841 mean_reward=+59.7100 mean_length= 60.00 policy_loss=+0.00128 value_loss=+0.09138 ratio=1.0051 kl=0.0290
update=2842 mean_reward=+59.7144 mean_length= 59.99 policy_loss=-0.00239 value_loss=+0.04280 ratio=1.0025 kl=0.0223
update=2843 mean_reward=+59.7097 mean_length= 59.99 policy_loss=+0.00016 value_loss=+0.07858 ratio=1.0030 kl=0.0282
update=2844 mean_reward=+59.7138 mean_length= 60.00 policy_loss=+0.00279 value_loss=+0.10765 ratio=1.0047 kl=0.0263
update=2845 mean_reward=+59.7090 mean_length= 59.99 policy_loss=+0.00123 value_loss=+0.09274 ratio=1.0044 kl=0.0287 | eval_reward=+59.7216 eval_length= 60.00
update=2846 mean_reward=+59.7109 mean_length= 59.99 policy_loss=+0.00101 value_loss=+0.08273 ratio=1.0036 kl=0.0285
update=2847 mean_reward=+59.7098 mean_length= 59.99 policy_loss=+0.00204 value_loss=+0.09090 ratio=1.0041 kl=0.0299
update=2848 mean_reward=+59.7074 mean_length= 59.99 policy_loss=+0.00037 value_loss=+0.07623 ratio=1.0024 kl=0.0247
update=2849 mean_reward=+59.6824 mean_length= 59.97 policy_loss=+0.00062 value_loss=+0.43608 ratio=1.0032 kl=0.0266
update=2850 mean_reward=+59.7081 mean_length= 59.99 policy_loss=+0.00015 value_loss=+0.16051 ratio=1.0097 kl=0.0275 | eval_reward=+59.7403 eval_length= 60.00
update=2851 mean_reward=+59.7039 mean_length= 59.99 policy_loss=+0.00002 value_loss=+0.31720 ratio=1.0034 kl=0.0221
update=2852 mean_reward=+59.7080 mean_length= 59.99 policy_loss=+0.00101 value_loss=+0.16030 ratio=1.0101 kl=0.0268
update=2853 mean_reward=+59.6921 mean_length= 59.98 policy_loss=+0.00160 value_loss=+0.38507 ratio=1.0038 kl=0.0268
update=2854 mean_reward=+59.6993 mean_length= 59.98 policy_loss=+0.00178 value_loss=+0.31237 ratio=1.0041 kl=0.0312
update=2855 mean_reward=+59.6839 mean_length= 59.97 policy_loss=+0.00077 value_loss=+0.41926 ratio=1.0037 kl=0.0271 | eval_reward=+59.7388 eval_length= 60.00
update=2856 mean_reward=+59.6978 mean_length= 59.99 policy_loss=+0.00172 value_loss=+0.28011 ratio=1.0034 kl=0.0246
update=2857 mean_reward=+59.6993 mean_length= 59.99 policy_loss=+0.00076 value_loss=+0.31769 ratio=1.0032 kl=0.0263
update=2858 mean_reward=+59.7003 mean_length= 59.99 policy_loss=+0.00024 value_loss=+0.25975 ratio=1.0069 kl=0.0238
update=2859 mean_reward=+59.7012 mean_length= 59.99 policy_loss=+0.00147 value_loss=+0.17228 ratio=1.0029 kl=0.0246
update=2860 mean_reward=+59.7017 mean_length= 59.99 policy_loss=+0.00189 value_loss=+0.25620 ratio=1.0047 kl=0.0303 | eval_reward=+59.7395 eval_length= 60.00
update=2861 mean_reward=+59.7072 mean_length= 59.99 policy_loss=+0.00036 value_loss=+0.16028 ratio=1.0036 kl=0.0329
update=2862 mean_reward=+59.6787 mean_length= 59.97 policy_loss=+0.00033 value_loss=+0.43253 ratio=1.0048 kl=0.0326
update=2863 mean_reward=+59.6993 mean_length= 59.99 policy_loss=+0.00069 value_loss=+0.13852 ratio=1.0045 kl=0.0181
update=2864 mean_reward=+59.7153 mean_length= 60.00 policy_loss=+0.00063 value_loss=+0.00756 ratio=1.0030 kl=0.0126
update=2865 mean_reward=+59.7108 mean_length= 60.00 policy_loss=+0.00167 value_loss=+0.00132 ratio=1.0030 kl=0.0110 | eval_reward=+59.7427 eval_length= 60.00
update=2866 mean_reward=+59.6954 mean_length= 59.98 policy_loss=+0.00094 value_loss=+0.30978 ratio=1.0028 kl=0.0300
update=2867 mean_reward=+59.7065 mean_length= 60.00 policy_loss=+0.00021 value_loss=+0.07620 ratio=1.0037 kl=0.0225
update=2868 mean_reward=+59.7040 mean_length= 59.99 policy_loss=+0.00105 value_loss=+0.14877 ratio=1.0028 kl=0.0292
update=2869 mean_reward=+59.7108 mean_length= 60.00 policy_loss=+0.00120 value_loss=+0.08086 ratio=1.0077 kl=0.0233
update=2870 mean_reward=+59.6920 mean_length= 59.98 policy_loss=+0.00135 value_loss=+0.33262 ratio=1.0033 kl=0.0252 | eval_reward=+59.7379 eval_length= 60.00
update=2871 mean_reward=+59.7153 mean_length= 60.00 policy_loss=+0.00135 value_loss=+0.00343 ratio=1.0022 kl=0.0230
update=2872 mean_reward=+59.6942 mean_length= 59.98 policy_loss=-0.00294 value_loss=+0.10080 ratio=1.0244 kl=0.0254
update=2873 mean_reward=+59.6988 mean_length= 59.99 policy_loss=+0.00091 value_loss=+0.27369 ratio=1.0058 kl=0.0216
update=2874 mean_reward=+59.7082 mean_length= 60.00 policy_loss=+0.00013 value_loss=+0.20923 ratio=1.0116 kl=0.0201
update=2875 mean_reward=+59.6932 mean_length= 59.98 policy_loss=-0.00086 value_loss=+0.22012 ratio=1.0048 kl=0.0356 | eval_reward=+59.7434 eval_length= 60.00
update=2876 mean_reward=+59.6939 mean_length= 59.99 policy_loss=+0.00026 value_loss=+0.12270 ratio=1.0048 kl=0.0291
update=2877 mean_reward=+59.7001 mean_length= 59.99 policy_loss=+0.00239 value_loss=+0.06279 ratio=1.0043 kl=0.0300
update=2878 mean_reward=+59.7018 mean_length= 60.00 policy_loss=+0.00453 value_loss=+0.00145 ratio=1.0032 kl=0.0171
update=2879 mean_reward=+59.6984 mean_length= 60.00 policy_loss=+0.00073 value_loss=+0.08296 ratio=1.0028 kl=0.0296
update=2880 mean_reward=+59.7085 mean_length= 60.00 policy_loss=+0.00175 value_loss=+0.00165 ratio=1.0029 kl=0.0129 | eval_reward=+59.7400 eval_length= 60.00
update=2881 mean_reward=+59.7034 mean_length= 60.00 policy_loss=+0.00102 value_loss=+0.08623 ratio=1.0022 kl=0.0236
update=2882 mean_reward=+59.6933 mean_length= 59.98 policy_loss=+0.00081 value_loss=+0.22729 ratio=1.0034 kl=0.0273
update=2883 mean_reward=+59.6954 mean_length= 59.99 policy_loss=+0.00044 value_loss=+0.13662 ratio=1.0042 kl=0.0224
update=2884 mean_reward=+59.7029 mean_length= 59.99 policy_loss=+0.00100 value_loss=+0.08375 ratio=1.0033 kl=0.0234
update=2885 mean_reward=+59.6996 mean_length= 60.00 policy_loss=+0.00148 value_loss=+0.15947 ratio=1.0041 kl=0.0345 | eval_reward=+59.7258 eval_length= 60.00
update=2886 mean_reward=+59.6966 mean_length= 59.99 policy_loss=+0.00039 value_loss=+0.12479 ratio=1.0024 kl=0.0259
update=2887 mean_reward=+59.6987 mean_length= 59.99 policy_loss=+0.00116 value_loss=+0.09960 ratio=1.0030 kl=0.0270
update=2888 mean_reward=+59.7035 mean_length= 59.99 policy_loss=+0.00140 value_loss=+0.07997 ratio=1.0043 kl=0.0234
update=2889 mean_reward=+59.6943 mean_length= 59.99 policy_loss=+0.00019 value_loss=+0.04982 ratio=1.0037 kl=0.0260
update=2890 mean_reward=+59.6873 mean_length= 59.98 policy_loss=+0.00148 value_loss=+0.30619 ratio=1.0026 kl=0.0292 | eval_reward=+59.7431 eval_length= 60.00
update=2891 mean_reward=+59.6872 mean_length= 59.98 policy_loss=+0.00007 value_loss=+0.24088 ratio=1.0035 kl=0.0241
update=2892 mean_reward=+59.6861 mean_length= 59.98 policy_loss=+0.00105 value_loss=+0.32926 ratio=1.0033 kl=0.0241
update=2893 mean_reward=+59.7071 mean_length= 60.00 policy_loss=+0.00064 value_loss=+0.00368 ratio=1.0047 kl=0.0193
update=2894 mean_reward=+59.7025 mean_length= 60.00 policy_loss=+0.00246 value_loss=+0.09962 ratio=1.0053 kl=0.0231
update=2895 mean_reward=+59.6868 mean_length= 59.98 policy_loss=+0.00103 value_loss=+0.49150 ratio=1.0040 kl=0.0247 | eval_reward=+59.7038 eval_length= 60.00
update=2896 mean_reward=+59.6899 mean_length= 59.99 policy_loss=+0.00252 value_loss=+0.23730 ratio=1.0040 kl=0.0261
update=2897 mean_reward=+59.6827 mean_length= 59.98 policy_loss=+0.00186 value_loss=+0.37518 ratio=1.0038 kl=0.0284
update=2898 mean_reward=+59.6802 mean_length= 59.98 policy_loss=+0.00027 value_loss=+0.37657 ratio=1.0051 kl=0.0326
update=2899 mean_reward=+59.6929 mean_length= 59.99 policy_loss=+0.00108 value_loss=+0.25196 ratio=1.0036 kl=0.0235
update=2900 mean_reward=+59.6900 mean_length= 59.99 policy_loss=-0.00138 value_loss=+0.15481 ratio=1.0027 kl=0.0305 | eval_reward=+59.7297 eval_length= 60.00
update=2901 mean_reward=+59.7062 mean_length= 60.00 policy_loss=+0.00096 value_loss=+0.21457 ratio=1.0039 kl=0.0253
update=2902 mean_reward=+59.6894 mean_length= 59.98 policy_loss=+0.00108 value_loss=+0.34037 ratio=1.0033 kl=0.0268
update=2903 mean_reward=+59.7008 mean_length= 59.99 policy_loss=+0.00176 value_loss=+0.23032 ratio=1.0054 kl=0.0289
update=2904 mean_reward=+59.6806 mean_length= 59.97 policy_loss=+0.00040 value_loss=+0.34407 ratio=1.0027 kl=0.0268
update=2905 mean_reward=+59.6841 mean_length= 59.98 policy_loss=+0.00162 value_loss=+0.19383 ratio=1.0037 kl=0.0261 | eval_reward=+59.6506 eval_length= 60.00
update=2906 mean_reward=+59.6741 mean_length= 59.97 policy_loss=+0.00132 value_loss=+0.36309 ratio=1.0047 kl=0.0277
update=2907 mean_reward=+59.6789 mean_length= 59.99 policy_loss=+0.00166 value_loss=+0.25198 ratio=1.0042 kl=0.0271
update=2908 mean_reward=+59.6897 mean_length= 59.99 policy_loss=+0.00038 value_loss=+0.13450 ratio=1.0106 kl=0.0260
update=2909 mean_reward=+59.6856 mean_length= 59.99 policy_loss=+0.00106 value_loss=+0.13259 ratio=1.0060 kl=0.0288
update=2910 mean_reward=+59.6870 mean_length= 59.99 policy_loss=+0.00257 value_loss=+0.18649 ratio=1.0039 kl=0.0312 | eval_reward=+59.6964 eval_length= 60.00
update=2911 mean_reward=+59.7021 mean_length= 60.00 policy_loss=+0.00110 value_loss=+0.01649 ratio=1.0048 kl=0.0313
update=2912 mean_reward=+59.6936 mean_length= 60.00 policy_loss=+0.00031 value_loss=+0.08155 ratio=1.0039 kl=0.0230
update=2913 mean_reward=+59.7043 mean_length= 60.00 policy_loss=+0.00124 value_loss=+0.08525 ratio=1.0073 kl=0.0262
update=2914 mean_reward=+59.6907 mean_length= 59.98 policy_loss=+0.00223 value_loss=+0.27630 ratio=1.0039 kl=0.0221
update=2915 mean_reward=+59.6995 mean_length= 59.99 policy_loss=+0.00070 value_loss=+0.17987 ratio=1.0030 kl=0.0263 | eval_reward=+59.7186 eval_length= 60.00
update=2916 mean_reward=+59.6882 mean_length= 59.99 policy_loss=+0.00098 value_loss=+0.20390 ratio=1.0056 kl=0.0375
update=2917 mean_reward=+59.6849 mean_length= 59.99 policy_loss=-0.00053 value_loss=+0.13761 ratio=1.0076 kl=0.0271
update=2918 mean_reward=+59.6684 mean_length= 59.98 policy_loss=+0.00089 value_loss=+0.37308 ratio=1.0027 kl=0.0257
update=2919 mean_reward=+59.6850 mean_length= 59.99 policy_loss=-0.00016 value_loss=+0.15830 ratio=1.0041 kl=0.0213
update=2920 mean_reward=+59.6895 mean_length= 60.00 policy_loss=+0.00040 value_loss=+0.09175 ratio=1.0040 kl=0.0216 | eval_reward=+59.7369 eval_length= 60.00
update=2921 mean_reward=+59.6816 mean_length= 59.99 policy_loss=+0.00042 value_loss=+0.21751 ratio=1.0039 kl=0.0254
update=2922 mean_reward=+59.6884 mean_length= 60.00 policy_loss=+0.00002 value_loss=+0.09042 ratio=1.0050 kl=0.0247
update=2923 mean_reward=+59.6983 mean_length= 60.00 policy_loss=+0.00080 value_loss=+0.00694 ratio=1.0277 kl=0.0138
update=2924 mean_reward=+59.6990 mean_length= 59.99 policy_loss=+0.00086 value_loss=+0.08095 ratio=1.0045 kl=0.0243
update=2925 mean_reward=+59.7042 mean_length= 60.00 policy_loss=+0.00037 value_loss=+0.00396 ratio=1.0044 kl=0.0119 | eval_reward=+59.7369 eval_length= 60.00
update=2926 mean_reward=+59.7080 mean_length= 60.00 policy_loss=+0.00064 value_loss=+0.08026 ratio=1.0037 kl=0.0249
update=2927 mean_reward=+59.6974 mean_length= 59.99 policy_loss=+0.00084 value_loss=+0.14145 ratio=1.0037 kl=0.0249
update=2928 mean_reward=+59.7050 mean_length= 60.00 policy_loss=-0.00078 value_loss=+0.06598 ratio=1.0071 kl=0.0299
update=2929 mean_reward=+59.7047 mean_length= 60.00 policy_loss=+0.00149 value_loss=+0.17959 ratio=1.0038 kl=0.0302
update=2930 mean_reward=+59.7059 mean_length= 60.00 policy_loss=-0.00021 value_loss=+0.07257 ratio=1.0049 kl=0.0230 | eval_reward=+59.7442 eval_length= 60.00
update=2931 mean_reward=+59.6891 mean_length= 59.98 policy_loss=-0.00116 value_loss=+0.17639 ratio=1.0079 kl=0.0240
update=2932 mean_reward=+59.6942 mean_length= 59.99 policy_loss=+0.00057 value_loss=+0.17596 ratio=1.0064 kl=0.0252
update=2933 mean_reward=+59.6973 mean_length= 59.99 policy_loss=+0.00076 value_loss=+0.05791 ratio=1.0064 kl=0.0219
update=2934 mean_reward=+59.6903 mean_length= 59.99 policy_loss=+0.00047 value_loss=+0.23367 ratio=1.0062 kl=0.0217
update=2935 mean_reward=+59.6981 mean_length= 59.99 policy_loss=-0.00058 value_loss=+0.14234 ratio=1.0133 kl=0.0212 | eval_reward=+59.7437 eval_length= 60.00
update=2936 mean_reward=+59.6856 mean_length= 59.98 policy_loss=+0.00265 value_loss=+0.34312 ratio=1.0064 kl=0.0243
update=2937 mean_reward=+59.6981 mean_length= 59.99 policy_loss=+0.00125 value_loss=+0.18925 ratio=1.0051 kl=0.0234
update=2938 mean_reward=+59.6911 mean_length= 59.98 policy_loss=+0.00162 value_loss=+0.22659 ratio=1.0099 kl=0.0237
update=2939 mean_reward=+59.6939 mean_length= 59.98 policy_loss=+0.00064 value_loss=+0.21177 ratio=1.0062 kl=0.0327
update=2940 mean_reward=+59.7060 mean_length= 60.00 policy_loss=+0.00110 value_loss=+0.09762 ratio=1.0049 kl=0.0229 | eval_reward=+59.7419 eval_length= 60.00
update=2941 mean_reward=+59.7008 mean_length= 59.99 policy_loss=+0.00089 value_loss=+0.14784 ratio=1.0046 kl=0.0283
update=2942 mean_reward=+59.6915 mean_length= 59.98 policy_loss=-0.00086 value_loss=+0.30382 ratio=1.0051 kl=0.0202
update=2943 mean_reward=+59.7082 mean_length= 60.00 policy_loss=+0.00149 value_loss=+0.00184 ratio=1.0047 kl=0.0120
update=2944 mean_reward=+59.6987 mean_length= 59.99 policy_loss=+0.00094 value_loss=+0.06110 ratio=1.0044 kl=0.0225
update=2945 mean_reward=+59.7015 mean_length= 59.99 policy_loss=+0.00021 value_loss=+0.04892 ratio=1.0081 kl=0.0244 | eval_reward=+59.7349 eval_length= 60.00
update=2946 mean_reward=+59.6944 mean_length= 59.98 policy_loss=+0.00386 value_loss=+0.40138 ratio=1.0085 kl=0.0214
update=2947 mean_reward=+59.7085 mean_length= 60.00 policy_loss=+0.00263 value_loss=+0.00260 ratio=1.0048 kl=0.0194
update=2948 mean_reward=+59.7125 mean_length= 60.00 policy_loss=+0.00018 value_loss=+0.00149 ratio=1.0045 kl=0.0087
update=2949 mean_reward=+59.7113 mean_length= 60.00 policy_loss=+0.00114 value_loss=+0.00133 ratio=1.0210 kl=0.0093
update=2950 mean_reward=+59.7145 mean_length= 60.00 policy_loss=+0.00082 value_loss=+0.00182 ratio=1.0053 kl=0.0109 | eval_reward=+59.7375 eval_length= 60.00
update=2951 mean_reward=+59.7080 mean_length= 59.99 policy_loss=+0.00144 value_loss=+0.07051 ratio=1.0052 kl=0.0247
update=2952 mean_reward=+59.7000 mean_length= 59.99 policy_loss=+0.00081 value_loss=+0.11592 ratio=1.0063 kl=0.0268
update=2953 mean_reward=+59.7093 mean_length= 60.00 policy_loss=+0.00098 value_loss=+0.07506 ratio=1.0052 kl=0.0226
update=2954 mean_reward=+59.7044 mean_length= 60.00 policy_loss=+0.00128 value_loss=+0.09821 ratio=1.0070 kl=0.0294
update=2955 mean_reward=+59.6976 mean_length= 59.99 policy_loss=+0.00052 value_loss=+0.13090 ratio=1.0085 kl=0.0229 | eval_reward=+59.7315 eval_length= 60.00
update=2956 mean_reward=+59.7093 mean_length= 60.00 policy_loss=+0.00093 value_loss=+0.00248 ratio=1.0060 kl=0.0108
update=2957 mean_reward=+59.7152 mean_length= 60.00 policy_loss=+0.00107 value_loss=+0.00165 ratio=1.0056 kl=0.0116
update=2958 mean_reward=+59.7082 mean_length= 60.00 policy_loss=+0.00111 value_loss=+0.08764 ratio=1.0062 kl=0.0266
update=2959 mean_reward=+59.7144 mean_length= 60.00 policy_loss=+0.00108 value_loss=+0.00198 ratio=1.0064 kl=0.0149
update=2960 mean_reward=+59.6945 mean_length= 59.98 policy_loss=+0.00084 value_loss=+0.27179 ratio=1.0053 kl=0.0236 | eval_reward=+59.7186 eval_length= 60.00
update=2961 mean_reward=+59.7115 mean_length= 59.99 policy_loss=+0.00078 value_loss=+0.06893 ratio=1.0077 kl=0.0195
update=2962 mean_reward=+59.6987 mean_length= 59.98 policy_loss=+0.00057 value_loss=+0.38854 ratio=1.0046 kl=0.0221
update=2963 mean_reward=+59.6976 mean_length= 59.98 policy_loss=+0.00013 value_loss=+0.28782 ratio=1.0056 kl=0.0218
update=2964 mean_reward=+59.7047 mean_length= 59.99 policy_loss=+0.00129 value_loss=+0.12296 ratio=1.0069 kl=0.0241
update=2965 mean_reward=+59.7024 mean_length= 59.99 policy_loss=+0.00113 value_loss=+0.22856 ratio=1.0060 kl=0.0232 | eval_reward=+59.7292 eval_length= 60.00
update=2966 mean_reward=+59.6789 mean_length= 59.97 policy_loss=+0.00019 value_loss=+0.42188 ratio=1.0053 kl=0.0216
update=2967 mean_reward=+59.7020 mean_length= 59.99 policy_loss=+0.00041 value_loss=+0.15690 ratio=1.0072 kl=0.0218
update=2968 mean_reward=+59.7019 mean_length= 59.99 policy_loss=+0.00121 value_loss=+0.15012 ratio=1.0102 kl=0.0280
update=2969 mean_reward=+59.7024 mean_length= 59.99 policy_loss=-0.00182 value_loss=+0.16725 ratio=1.0138 kl=0.0237
update=2970 mean_reward=+59.7049 mean_length= 60.00 policy_loss=+0.00055 value_loss=+0.09738 ratio=1.0056 kl=0.0245 | eval_reward=+59.7377 eval_length= 60.00
update=2971 mean_reward=+59.7083 mean_length= 60.00 policy_loss=+0.00032 value_loss=+0.05100 ratio=1.0056 kl=0.0279
update=2972 mean_reward=+59.7025 mean_length= 59.99 policy_loss=+0.00043 value_loss=+0.09302 ratio=1.0053 kl=0.0205
update=2973 mean_reward=+59.6917 mean_length= 59.98 policy_loss=+0.00101 value_loss=+0.15384 ratio=1.0107 kl=0.0341
update=2974 mean_reward=+59.7182 mean_length= 60.00 policy_loss=+0.00305 value_loss=+0.00198 ratio=1.0059 kl=0.0095
update=2975 mean_reward=+59.6923 mean_length= 59.97 policy_loss=+0.00097 value_loss=+0.34246 ratio=1.0434 kl=0.0276 | eval_reward=+59.7318 eval_length= 60.00
update=2976 mean_reward=+59.7180 mean_length= 60.00 policy_loss=+0.00284 value_loss=+0.00303 ratio=1.0071 kl=0.0117
update=2977 mean_reward=+59.7173 mean_length= 60.00 policy_loss=+0.00099 value_loss=+0.00142 ratio=1.0206 kl=0.0082
update=2978 mean_reward=+59.7081 mean_length= 60.00 policy_loss=+0.00098 value_loss=+0.07839 ratio=1.0106 kl=0.0270
update=2979 mean_reward=+59.7107 mean_length= 59.99 policy_loss=+0.00154 value_loss=+0.23250 ratio=1.0056 kl=0.0219
update=2980 mean_reward=+59.7038 mean_length= 59.99 policy_loss=+0.00200 value_loss=+0.31955 ratio=1.0109 kl=0.0202 | eval_reward=+59.7338 eval_length= 60.00
update=2981 mean_reward=+59.7066 mean_length= 60.00 policy_loss=+0.00125 value_loss=+0.08614 ratio=1.0071 kl=0.0262
update=2982 mean_reward=+59.7069 mean_length= 60.00 policy_loss=+0.00051 value_loss=+0.07682 ratio=1.0061 kl=0.0279
update=2983 mean_reward=+59.7139 mean_length= 60.00 policy_loss=+0.00215 value_loss=+0.00384 ratio=1.0099 kl=0.0188
update=2984 mean_reward=+59.7163 mean_length= 60.00 policy_loss=+0.00252 value_loss=+0.13452 ratio=1.0046 kl=0.0195
update=2985 mean_reward=+59.7012 mean_length= 59.98 policy_loss=-0.00145 value_loss=+0.33069 ratio=1.0136 kl=0.0303 | eval_reward=+59.7289 eval_length= 60.00
update=2986 mean_reward=+59.7128 mean_length= 60.00 policy_loss=-0.00097 value_loss=+0.05682 ratio=1.0272 kl=0.0299
update=2987 mean_reward=+59.7011 mean_length= 59.99 policy_loss=-0.00007 value_loss=+0.15135 ratio=1.0078 kl=0.0242
update=2988 mean_reward=+59.6953 mean_length= 59.99 policy_loss=+0.00166 value_loss=+0.23468 ratio=1.0059 kl=0.0268
update=2989 mean_reward=+59.6993 mean_length= 59.99 policy_loss=+0.00070 value_loss=+0.24957 ratio=1.0052 kl=0.0279
update=2990 mean_reward=+59.7105 mean_length= 59.99 policy_loss=+0.00071 value_loss=+0.08016 ratio=1.0159 kl=0.0249 | eval_reward=+59.7335 eval_length= 60.00
update=2991 mean_reward=+59.7016 mean_length= 59.99 policy_loss=+0.00130 value_loss=+0.16881 ratio=1.0053 kl=0.0236
update=2992 mean_reward=+59.7019 mean_length= 59.99 policy_loss=+0.00053 value_loss=+0.13108 ratio=1.0039 kl=0.0248
update=2993 mean_reward=+59.7166 mean_length= 60.00 policy_loss=+0.00046 value_loss=+0.00676 ratio=1.0224 kl=0.0239
update=2994 mean_reward=+59.7108 mean_length= 60.00 policy_loss=-0.00117 value_loss=+0.06456 ratio=1.0037 kl=0.0197
update=2995 mean_reward=+59.6955 mean_length= 59.98 policy_loss=-0.00073 value_loss=+0.20353 ratio=1.0041 kl=0.0219 | eval_reward=+59.7261 eval_length= 60.00
update=2996 mean_reward=+59.7141 mean_length= 60.00 policy_loss=+0.00098 value_loss=+0.00260 ratio=1.0055 kl=0.0166
update=2997 mean_reward=+59.7020 mean_length= 59.98 policy_loss=+0.00041 value_loss=+0.20653 ratio=1.0058 kl=0.0253
update=2998 mean_reward=+59.7116 mean_length= 60.00 policy_loss=+0.00135 value_loss=+0.00145 ratio=1.0055 kl=0.0099
update=2999 mean_reward=+59.7119 mean_length= 60.00 policy_loss=+0.00052 value_loss=+0.00323 ratio=1.0054 kl=0.0094
update=3000 mean_reward=+59.7135 mean_length= 60.00 policy_loss=+0.00147 value_loss=+0.00127 ratio=1.0098 kl=0.0095 | eval_reward=+59.7260 eval_length= 60.00
update=3001 mean_reward=+59.7082 mean_length= 59.99 policy_loss=+0.00181 value_loss=+0.06859 ratio=1.0041 kl=0.0315
update=3002 mean_reward=+59.7131 mean_length= 59.99 policy_loss=+0.00113 value_loss=+0.05111 ratio=1.0048 kl=0.0259
update=3003 mean_reward=+59.7118 mean_length= 59.99 policy_loss=+0.00058 value_loss=+0.26387 ratio=1.0070 kl=0.0298
update=3004 mean_reward=+59.7005 mean_length= 59.99 policy_loss=+0.00042 value_loss=+0.13756 ratio=1.0060 kl=0.0222
update=3005 mean_reward=+59.6982 mean_length= 59.99 policy_loss=+0.00075 value_loss=+0.28337 ratio=1.0074 kl=0.0303 | eval_reward=+59.7283 eval_length= 60.00
update=3006 mean_reward=+59.7028 mean_length= 59.99 policy_loss=+0.00193 value_loss=+0.17969 ratio=1.0149 kl=0.0274
update=3007 mean_reward=+59.7066 mean_length= 60.00 policy_loss=+0.00104 value_loss=+0.08448 ratio=1.0039 kl=0.0277
update=3008 mean_reward=+59.6992 mean_length= 59.99 policy_loss=+0.00127 value_loss=+0.17060 ratio=1.0032 kl=0.0309
update=3009 mean_reward=+59.6643 mean_length= 59.96 policy_loss=+0.00089 value_loss=+0.91387 ratio=1.0057 kl=0.0277
update=3010 mean_reward=+59.6939 mean_length= 59.99 policy_loss=+0.00056 value_loss=+0.20388 ratio=1.0054 kl=0.0210 | eval_reward=+59.7320 eval_length= 60.00
update=3011 mean_reward=+59.6871 mean_length= 59.98 policy_loss=+0.00036 value_loss=+0.24089 ratio=1.0040 kl=0.0252
update=3012 mean_reward=+59.7066 mean_length= 60.00 policy_loss=+0.00034 value_loss=+0.16543 ratio=1.0048 kl=0.0271
update=3013 mean_reward=+59.6776 mean_length= 59.98 policy_loss=+0.00076 value_loss=+0.41525 ratio=1.0028 kl=0.0214
update=3014 mean_reward=+59.6825 mean_length= 59.98 policy_loss=+0.00041 value_loss=+0.31392 ratio=1.0037 kl=0.0253
update=3015 mean_reward=+59.6986 mean_length= 59.99 policy_loss=+0.00067 value_loss=+0.06309 ratio=1.0854 kl=0.0148 | eval_reward=+59.7372 eval_length= 60.00
update=3016 mean_reward=+59.7033 mean_length= 60.00 policy_loss=-0.00058 value_loss=+0.07607 ratio=1.0051 kl=0.0224
update=3017 mean_reward=+59.6830 mean_length= 59.98 policy_loss=+0.00054 value_loss=+0.39766 ratio=1.0047 kl=0.0299
update=3018 mean_reward=+59.6862 mean_length= 59.98 policy_loss=-0.00067 value_loss=+0.27792 ratio=1.0041 kl=0.0240
update=3019 mean_reward=+59.6916 mean_length= 59.99 policy_loss=+0.00141 value_loss=+0.21753 ratio=1.0148 kl=0.0235
update=3020 mean_reward=+59.6909 mean_length= 59.99 policy_loss=+0.00054 value_loss=+0.23417 ratio=1.0141 kl=0.0243 | eval_reward=+59.7263 eval_length= 60.00
update=3021 mean_reward=+59.7002 mean_length= 60.00 policy_loss=+0.00082 value_loss=+0.00291 ratio=1.0051 kl=0.0144
update=3022 mean_reward=+59.7054 mean_length= 60.00 policy_loss=+0.00125 value_loss=+0.00229 ratio=1.0040 kl=0.0117
update=3023 mean_reward=+59.7090 mean_length= 60.00 policy_loss=+0.00071 value_loss=+0.00187 ratio=1.0044 kl=0.0106
update=3024 mean_reward=+59.6995 mean_length= 60.00 policy_loss=+0.00102 value_loss=+0.08640 ratio=1.0083 kl=0.0301
update=3025 mean_reward=+59.7014 mean_length= 59.99 policy_loss=+0.00058 value_loss=+0.17987 ratio=1.0027 kl=0.0213 | eval_reward=+59.7332 eval_length= 60.00
update=3026 mean_reward=+59.6951 mean_length= 59.99 policy_loss=-0.00158 value_loss=+0.09579 ratio=1.0098 kl=0.0220
update=3027 mean_reward=+59.6943 mean_length= 59.99 policy_loss=+0.00014 value_loss=+0.24355 ratio=1.0043 kl=0.0257
update=3028 mean_reward=+59.6750 mean_length= 59.97 policy_loss=+0.00044 value_loss=+0.51320 ratio=1.0085 kl=0.0259
update=3029 mean_reward=+59.7010 mean_length= 60.00 policy_loss=+0.00039 value_loss=+0.02220 ratio=1.0061 kl=0.0177
update=3030 mean_reward=+59.7087 mean_length= 59.99 policy_loss=-0.00022 value_loss=+0.06214 ratio=1.0366 kl=0.0447 | eval_reward=+59.7176 eval_length= 60.00
update=3031 mean_reward=+59.7079 mean_length= 59.99 policy_loss=+0.00063 value_loss=+0.08955 ratio=1.0064 kl=0.0343
update=3032 mean_reward=+59.7017 mean_length= 59.99 policy_loss=+0.00134 value_loss=+0.19494 ratio=1.0044 kl=0.0279
update=3033 mean_reward=+59.7052 mean_length= 60.00 policy_loss=+0.00220 value_loss=+0.08613 ratio=1.0069 kl=0.0242
update=3034 mean_reward=+59.7001 mean_length= 59.99 policy_loss=+0.00083 value_loss=+0.09436 ratio=1.0122 kl=0.0223
update=3035 mean_reward=+59.7061 mean_length= 59.99 policy_loss=+0.00088 value_loss=+0.13986 ratio=1.0091 kl=0.0329 | eval_reward=+59.7180 eval_length= 60.00
update=3036 mean_reward=+59.6992 mean_length= 59.99 policy_loss=+0.00111 value_loss=+0.16488 ratio=1.0111 kl=0.0260
update=3037 mean_reward=+59.7082 mean_length= 60.00 policy_loss=+0.00037 value_loss=+0.00251 ratio=1.0080 kl=0.0103
update=3038 mean_reward=+59.7015 mean_length= 59.99 policy_loss=+0.00061 value_loss=+0.16786 ratio=1.0069 kl=0.0209
update=3039 mean_reward=+59.6889 mean_length= 59.98 policy_loss=+0.00154 value_loss=+0.35004 ratio=1.0097 kl=0.0209
update=3040 mean_reward=+59.7006 mean_length= 59.99 policy_loss=+0.00117 value_loss=+0.07883 ratio=1.0098 kl=0.0205 | eval_reward=+59.7401 eval_length= 60.00
update=3041 mean_reward=+59.7015 mean_length= 59.99 policy_loss=-0.00002 value_loss=+0.22704 ratio=1.0147 kl=0.0277
update=3042 mean_reward=+59.7075 mean_length= 60.00 policy_loss=+0.00078 value_loss=+0.09993 ratio=1.0117 kl=0.0218
update=3043 mean_reward=+59.7031 mean_length= 59.99 policy_loss=+0.00095 value_loss=+0.17370 ratio=1.0073 kl=0.0283
update=3044 mean_reward=+59.6843 mean_length= 59.97 policy_loss=+0.00242 value_loss=+0.42144 ratio=1.0225 kl=0.0250
update=3045 mean_reward=+59.7020 mean_length= 59.99 policy_loss=+0.00181 value_loss=+0.08028 ratio=1.0475 kl=0.0270 | eval_reward=+59.7405 eval_length= 60.00
update=3046 mean_reward=+59.7102 mean_length= 60.00 policy_loss=+0.00202 value_loss=+0.00195 ratio=1.0092 kl=0.0178
update=3047 mean_reward=+59.7057 mean_length= 60.00 policy_loss=+0.00086 value_loss=+0.07667 ratio=1.0095 kl=0.0221
update=3048 mean_reward=+59.7041 mean_length= 59.99 policy_loss=+0.00116 value_loss=+0.15135 ratio=1.0110 kl=0.0250
update=3049 mean_reward=+59.6924 mean_length= 59.98 policy_loss=+0.00116 value_loss=+0.22170 ratio=1.0232 kl=0.0197
update=3050 mean_reward=+59.7091 mean_length= 60.00 policy_loss=+0.00025 value_loss=+0.08805 ratio=1.0106 kl=0.0283 | eval_reward=+59.7424 eval_length= 60.00
update=3051 mean_reward=+59.7076 mean_length= 60.00 policy_loss=+0.00028 value_loss=+0.00499 ratio=1.0121 kl=0.0257
update=3052 mean_reward=+59.7018 mean_length= 59.99 policy_loss=+0.00196 value_loss=+0.18568 ratio=1.0068 kl=0.0234
update=3053 mean_reward=+59.7011 mean_length= 59.99 policy_loss=-0.00025 value_loss=+0.11820 ratio=1.0112 kl=0.0295
update=3054 mean_reward=+59.7114 mean_length= 60.00 policy_loss=+0.00175 value_loss=+0.00196 ratio=1.0122 kl=0.0123
update=3055 mean_reward=+59.6973 mean_length= 59.99 policy_loss=+0.00089 value_loss=+0.23318 ratio=1.0080 kl=0.0261 | eval_reward=+59.7384 eval_length= 60.00
update=3056 mean_reward=+59.7106 mean_length= 60.00 policy_loss=+0.00163 value_loss=+0.00236 ratio=1.0092 kl=0.0111
update=3057 mean_reward=+59.7005 mean_length= 59.99 policy_loss=+0.00096 value_loss=+0.16952 ratio=1.0091 kl=0.0246
update=3058 mean_reward=+59.7008 mean_length= 59.99 policy_loss=-0.00037 value_loss=+0.10204 ratio=1.0065 kl=0.0282
update=3059 mean_reward=+59.7087 mean_length= 60.00 policy_loss=+0.00121 value_loss=+0.00234 ratio=1.0090 kl=0.0125
update=3060 mean_reward=+59.7137 mean_length= 60.00 policy_loss=+0.00121 value_loss=+0.00230 ratio=1.0078 kl=0.0127 | eval_reward=+59.7387 eval_length= 60.00
update=3061 mean_reward=+59.7130 mean_length= 60.00 policy_loss=+0.00149 value_loss=+0.00128 ratio=1.0178 kl=0.0085
update=3062 mean_reward=+59.7040 mean_length= 59.99 policy_loss=+0.00118 value_loss=+0.20958 ratio=1.0065 kl=0.0224
update=3063 mean_reward=+59.7175 mean_length= 60.00 policy_loss=+0.00085 value_loss=+0.00191 ratio=1.0085 kl=0.0148
update=3064 mean_reward=+59.7111 mean_length= 60.00 policy_loss=+0.00181 value_loss=+0.10280 ratio=1.0072 kl=0.0212
update=3065 mean_reward=+59.7027 mean_length= 59.99 policy_loss=+0.00094 value_loss=+0.25516 ratio=1.0100 kl=0.0231 | eval_reward=+59.7266 eval_length= 60.00
update=3066 mean_reward=+59.7055 mean_length= 59.99 policy_loss=+0.01011 value_loss=+0.13554 ratio=1.0156 kl=0.0482
update=3067 mean_reward=+59.7108 mean_length= 59.99 policy_loss=+0.00101 value_loss=+0.15727 ratio=1.0082 kl=0.0374
update=3068 mean_reward=+59.7171 mean_length= 60.00 policy_loss=+0.00129 value_loss=+0.00417 ratio=1.0089 kl=0.0228
update=3069 mean_reward=+59.7041 mean_length= 59.99 policy_loss=+0.00120 value_loss=+0.17660 ratio=1.0082 kl=0.0275
update=3070 mean_reward=+59.6996 mean_length= 59.99 policy_loss=-0.00162 value_loss=+0.22546 ratio=1.0083 kl=0.0233 | eval_reward=+59.7201 eval_length= 60.00
update=3071 mean_reward=+59.7029 mean_length= 59.99 policy_loss=+0.00254 value_loss=+0.28999 ratio=1.0196 kl=0.0236
update=3072 mean_reward=+59.7135 mean_length= 60.00 policy_loss=+0.00129 value_loss=+0.03766 ratio=1.0130 kl=0.0302
update=3073 mean_reward=+59.7133 mean_length= 60.00 policy_loss=+0.00152 value_loss=+0.17992 ratio=1.0199 kl=0.0287
update=3074 mean_reward=+59.7118 mean_length= 60.00 policy_loss=+0.00100 value_loss=+0.09109 ratio=1.0395 kl=0.0285
update=3075 mean_reward=+59.6974 mean_length= 59.98 policy_loss=+0.00045 value_loss=+0.37587 ratio=1.0085 kl=0.0281 | eval_reward=+59.7291 eval_length= 60.00
update=3076 mean_reward=+59.7069 mean_length= 60.00 policy_loss=+0.00026 value_loss=+0.19050 ratio=1.0092 kl=0.0240
update=3077 mean_reward=+59.6950 mean_length= 59.98 policy_loss=-0.00085 value_loss=+0.48230 ratio=1.0086 kl=0.0268
update=3078 mean_reward=+59.7148 mean_length= 60.00 policy_loss=+0.00040 value_loss=+0.16418 ratio=1.0095 kl=0.0235
update=3079 mean_reward=+59.7112 mean_length= 60.00 policy_loss=+0.00220 value_loss=+0.09680 ratio=1.0117 kl=0.0273
update=3080 mean_reward=+59.7074 mean_length= 59.99 policy_loss=+0.00114 value_loss=+0.16783 ratio=1.0426 kl=0.0218 | eval_reward=+59.7456 eval_length= 60.00
update=3081 mean_reward=+59.7047 mean_length= 59.99 policy_loss=+0.00099 value_loss=+0.24793 ratio=1.0094 kl=0.0282
update=3082 mean_reward=+59.7160 mean_length= 60.00 policy_loss=+0.00079 value_loss=+0.00245 ratio=1.0091 kl=0.0128
update=3083 mean_reward=+59.7125 mean_length= 60.00 policy_loss=+0.00030 value_loss=+0.07142 ratio=1.0062 kl=0.0232
update=3084 mean_reward=+59.7056 mean_length= 59.99 policy_loss=+0.00050 value_loss=+0.19704 ratio=1.0061 kl=0.0230
update=3085 mean_reward=+59.7053 mean_length= 60.00 policy_loss=+0.00114 value_loss=+0.07603 ratio=1.0083 kl=0.0291 | eval_reward=+59.7216 eval_length= 60.00
update=3086 mean_reward=+59.6992 mean_length= 59.98 policy_loss=+0.00160 value_loss=+0.23614 ratio=1.0089 kl=0.0242
update=3087 mean_reward=+59.7071 mean_length= 60.00 policy_loss=+0.00081 value_loss=+0.00420 ratio=1.0113 kl=0.0133
update=3088 mean_reward=+59.7099 mean_length= 59.99 policy_loss=+0.00043 value_loss=+0.25408 ratio=1.0085 kl=0.0298
update=3089 mean_reward=+59.6930 mean_length= 59.99 policy_loss=+0.00093 value_loss=+0.33192 ratio=1.0294 kl=0.0234
update=3090 mean_reward=+59.7044 mean_length= 60.00 policy_loss=+0.00198 value_loss=+0.11870 ratio=1.0138 kl=0.0309 | eval_reward=+59.7421 eval_length= 60.00
update=3091 mean_reward=+59.7007 mean_length= 59.99 policy_loss=+0.00106 value_loss=+0.24674 ratio=1.0284 kl=0.0231
update=3092 mean_reward=+59.7045 mean_length= 59.99 policy_loss=+0.00346 value_loss=+0.10786 ratio=1.0137 kl=0.0201
update=3093 mean_reward=+59.6958 mean_length= 60.00 policy_loss=+0.00167 value_loss=+0.08275 ratio=1.0150 kl=0.0332
update=3094 mean_reward=+59.6976 mean_length= 60.00 policy_loss=+0.00129 value_loss=+0.00331 ratio=1.0107 kl=0.0183
update=3095 mean_reward=+59.7022 mean_length= 60.00 policy_loss=+0.00191 value_loss=+0.09406 ratio=1.0074 kl=0.0220 | eval_reward=+59.7316 eval_length= 60.00
update=3096 mean_reward=+59.6970 mean_length= 59.99 policy_loss=+0.00400 value_loss=+0.18543 ratio=1.0083 kl=0.0252
update=3097 mean_reward=+59.6922 mean_length= 59.99 policy_loss=+0.00107 value_loss=+0.18880 ratio=1.0087 kl=0.0314
update=3098 mean_reward=+59.6904 mean_length= 59.99 policy_loss=+0.00053 value_loss=+0.07425 ratio=1.0099 kl=0.0192
update=3099 mean_reward=+59.7054 mean_length= 60.00 policy_loss=-0.00174 value_loss=+0.06864 ratio=1.0072 kl=0.0237
update=3100 mean_reward=+59.7045 mean_length= 59.99 policy_loss=+0.00137 value_loss=+0.18086 ratio=1.0081 kl=0.0313 | eval_reward=+59.7104 eval_length= 60.00
update=3101 mean_reward=+59.7062 mean_length= 59.99 policy_loss=+0.00123 value_loss=+0.06218 ratio=1.0099 kl=0.0292
update=3102 mean_reward=+59.7078 mean_length= 60.00 policy_loss=+0.00119 value_loss=+0.10674 ratio=1.0124 kl=0.0232
update=3103 mean_reward=+59.6997 mean_length= 59.99 policy_loss=+0.00272 value_loss=+0.20679 ratio=1.0088 kl=0.0231
update=3104 mean_reward=+59.7070 mean_length= 60.00 policy_loss=+0.00105 value_loss=+0.00257 ratio=1.0105 kl=0.0133
update=3105 mean_reward=+59.7088 mean_length= 60.00 policy_loss=+0.00052 value_loss=+0.00206 ratio=1.0101 kl=0.0088 | eval_reward=+59.7336 eval_length= 60.00
update=3106 mean_reward=+59.7029 mean_length= 60.00 policy_loss=+0.00159 value_loss=+0.09869 ratio=1.0104 kl=0.0371
update=3107 mean_reward=+59.7090 mean_length= 59.99 policy_loss=-0.00011 value_loss=+0.15502 ratio=1.0092 kl=0.0218
update=3108 mean_reward=+59.7030 mean_length= 59.99 policy_loss=-0.00109 value_loss=+0.12814 ratio=1.0140 kl=0.0226
update=3109 mean_reward=+59.7034 mean_length= 60.00 policy_loss=+0.00007 value_loss=+0.08316 ratio=1.0130 kl=0.0236
update=3110 mean_reward=+59.7030 mean_length= 60.00 policy_loss=+0.00255 value_loss=+0.09766 ratio=1.0110 kl=0.0234 | eval_reward=+59.7357 eval_length= 60.00
update=3111 mean_reward=+59.7012 mean_length= 59.99 policy_loss=+0.00087 value_loss=+0.21063 ratio=1.0146 kl=0.0304
update=3112 mean_reward=+59.7099 mean_length= 60.00 policy_loss=+0.00068 value_loss=+0.00970 ratio=1.0122 kl=0.0142
update=3113 mean_reward=+59.7166 mean_length= 60.00 policy_loss=+0.00103 value_loss=+0.00209 ratio=1.0178 kl=0.0126
update=3114 mean_reward=+59.7023 mean_length= 59.99 policy_loss=+0.00151 value_loss=+0.18848 ratio=1.0102 kl=0.0280
update=3115 mean_reward=+59.7116 mean_length= 60.00 policy_loss=+0.00036 value_loss=+0.07803 ratio=1.0135 kl=0.0314 | eval_reward=+59.7364 eval_length= 60.00
update=3116 mean_reward=+59.7090 mean_length= 59.99 policy_loss=+0.00177 value_loss=+0.16466 ratio=1.0087 kl=0.0264
update=3117 mean_reward=+59.7127 mean_length= 59.99 policy_loss=+0.00026 value_loss=+0.06356 ratio=1.0090 kl=0.0239
update=3118 mean_reward=+59.7109 mean_length= 60.00 policy_loss=+0.00115 value_loss=+0.08180 ratio=1.0217 kl=0.0190
update=3119 mean_reward=+59.7071 mean_length= 60.00 policy_loss=+0.00154 value_loss=+0.08380 ratio=1.0122 kl=0.0178
update=3120 mean_reward=+59.7047 mean_length= 59.99 policy_loss=+0.00061 value_loss=+0.06123 ratio=1.0115 kl=0.0291 | eval_reward=+59.7367 eval_length= 60.00
update=3121 mean_reward=+59.7120 mean_length= 60.00 policy_loss=+0.00025 value_loss=+0.08683 ratio=1.0094 kl=0.0259
update=3122 mean_reward=+59.6859 mean_length= 59.98 policy_loss=+0.00117 value_loss=+0.49622 ratio=1.0096 kl=0.0230
update=3123 mean_reward=+59.7056 mean_length= 60.00 policy_loss=+0.00163 value_loss=+0.08267 ratio=1.0151 kl=0.0257
update=3124 mean_reward=+59.6999 mean_length= 59.99 policy_loss=+0.00095 value_loss=+0.25394 ratio=1.0082 kl=0.0262
update=3125 mean_reward=+59.6953 mean_length= 59.99 policy_loss=+0.00032 value_loss=+0.15450 ratio=1.0077 kl=0.0232 | eval_reward=+59.7055 eval_length= 60.00
update=3126 mean_reward=+59.6873 mean_length= 59.98 policy_loss=+0.00060 value_loss=+0.33189 ratio=1.0102 kl=0.0242
update=3127 mean_reward=+59.6895 mean_length= 59.99 policy_loss=+0.00073 value_loss=+0.35410 ratio=1.0485 kl=0.0220
update=3128 mean_reward=+59.6988 mean_length= 59.99 policy_loss=+0.00156 value_loss=+0.26605 ratio=1.0086 kl=0.0272
update=3129 mean_reward=+59.7002 mean_length= 59.99 policy_loss=+0.00168 value_loss=+0.16375 ratio=1.0197 kl=0.0262
update=3130 mean_reward=+59.7043 mean_length= 60.00 policy_loss=+0.00322 value_loss=+0.00528 ratio=1.0165 kl=0.0139 | eval_reward=+59.7418 eval_length= 60.00
update=3131 mean_reward=+59.7021 mean_length= 60.00 policy_loss=+0.00104 value_loss=+0.18439 ratio=1.0071 kl=0.0233
update=3132 mean_reward=+59.6975 mean_length= 59.99 policy_loss=+0.00162 value_loss=+0.24639 ratio=1.0101 kl=0.0284
update=3133 mean_reward=+59.6969 mean_length= 59.99 policy_loss=+0.00123 value_loss=+0.15003 ratio=1.0173 kl=0.0237
update=3134 mean_reward=+59.6982 mean_length= 59.99 policy_loss=+0.00188 value_loss=+0.07723 ratio=1.0120 kl=0.0230
update=3135 mean_reward=+59.6969 mean_length= 59.99 policy_loss=+0.00045 value_loss=+0.13595 ratio=1.0239 kl=0.0254 | eval_reward=+59.7376 eval_length= 60.00
update=3136 mean_reward=+59.7068 mean_length= 60.00 policy_loss=+0.00612 value_loss=+0.00167 ratio=1.0368 kl=0.0162
update=3137 mean_reward=+59.7062 mean_length= 59.99 policy_loss=+0.00100 value_loss=+0.05801 ratio=1.0116 kl=0.0245
update=3138 mean_reward=+59.7020 mean_length= 59.99 policy_loss=+0.00125 value_loss=+0.05204 ratio=1.0147 kl=0.0286
update=3139 mean_reward=+59.7032 mean_length= 59.99 policy_loss=+0.00012 value_loss=+0.12103 ratio=1.0096 kl=0.0221
update=3140 mean_reward=+59.7012 mean_length= 59.99 policy_loss=+0.00103 value_loss=+0.20465 ratio=1.0103 kl=0.0235 | eval_reward=+59.7315 eval_length= 60.00
update=3141 mean_reward=+59.6971 mean_length= 59.99 policy_loss=+0.00136 value_loss=+0.06687 ratio=1.0150 kl=0.0261
update=3142 mean_reward=+59.6962 mean_length= 59.99 policy_loss=+0.00115 value_loss=+0.15532 ratio=1.0113 kl=0.0195
update=3143 mean_reward=+59.7084 mean_length= 60.00 policy_loss=+0.00142 value_loss=+0.00151 ratio=1.0156 kl=0.0106
update=3144 mean_reward=+59.7044 mean_length= 59.99 policy_loss=+0.00070 value_loss=+0.08201 ratio=1.0094 kl=0.0221
update=3145 mean_reward=+59.7101 mean_length= 60.00 policy_loss=+0.00270 value_loss=+0.00168 ratio=1.0112 kl=0.0156 | eval_reward=+59.7343 eval_length= 60.00
update=3146 mean_reward=+59.6989 mean_length= 59.99 policy_loss=+0.00006 value_loss=+0.22317 ratio=1.0213 kl=0.0202
update=3147 mean_reward=+59.7032 mean_length= 60.00 policy_loss=+0.00138 value_loss=+0.17018 ratio=1.0092 kl=0.0300
update=3148 mean_reward=+59.7058 mean_length= 59.99 policy_loss=+0.00100 value_loss=+0.06126 ratio=1.0091 kl=0.0279
update=3149 mean_reward=+59.7063 mean_length= 60.00 policy_loss=+0.00075 value_loss=+0.09541 ratio=1.0156 kl=0.0294
update=3150 mean_reward=+59.7074 mean_length= 59.99 policy_loss=+0.00147 value_loss=+0.07640 ratio=1.0142 kl=0.0237 | eval_reward=+59.7358 eval_length= 60.00
update=3151 mean_reward=+59.6923 mean_length= 59.98 policy_loss=+0.00116 value_loss=+0.20429 ratio=1.0119 kl=0.0197
update=3152 mean_reward=+59.7130 mean_length= 60.00 policy_loss=+0.00021 value_loss=+0.08681 ratio=1.0091 kl=0.0239
update=3153 mean_reward=+59.6978 mean_length= 59.99 policy_loss=+0.00112 value_loss=+0.19617 ratio=1.0109 kl=0.0334
update=3154 mean_reward=+59.7076 mean_length= 60.00 policy_loss=+0.00170 value_loss=+0.11241 ratio=1.0080 kl=0.0205
update=3155 mean_reward=+59.7072 mean_length= 60.00 policy_loss=+0.00140 value_loss=+0.10053 ratio=1.0115 kl=0.0268 | eval_reward=+59.7265 eval_length= 60.00
update=3156 mean_reward=+59.6998 mean_length= 59.99 policy_loss=+0.00293 value_loss=+0.20248 ratio=1.0127 kl=0.0202
update=3157 mean_reward=+59.6873 mean_length= 59.98 policy_loss=+0.00090 value_loss=+0.31895 ratio=1.0094 kl=0.0209
update=3158 mean_reward=+59.7100 mean_length= 60.00 policy_loss=+0.00405 value_loss=+0.00250 ratio=1.0127 kl=0.0125
update=3159 mean_reward=+59.7090 mean_length= 60.00 policy_loss=+0.00007 value_loss=+0.00231 ratio=1.0093 kl=0.0066
update=3160 mean_reward=+59.7005 mean_length= 59.99 policy_loss=+0.00033 value_loss=+0.10472 ratio=1.0114 kl=0.0245 | eval_reward=+59.7237 eval_length= 60.00
update=3161 mean_reward=+59.7060 mean_length= 59.99 policy_loss=+0.00063 value_loss=+0.13585 ratio=1.0167 kl=0.0253
update=3162 mean_reward=+59.7045 mean_length= 59.99 policy_loss=+0.00122 value_loss=+0.16121 ratio=1.0131 kl=0.0267
update=3163 mean_reward=+59.7092 mean_length= 60.00 policy_loss=+0.00112 value_loss=+0.08726 ratio=1.0078 kl=0.0286
update=3164 mean_reward=+59.7029 mean_length= 59.99 policy_loss=+0.00082 value_loss=+0.08287 ratio=1.0108 kl=0.0239
update=3165 mean_reward=+59.7144 mean_length= 60.00 policy_loss=+0.00215 value_loss=+0.00183 ratio=1.0132 kl=0.0127 | eval_reward=+59.7356 eval_length= 60.00
update=3166 mean_reward=+59.7113 mean_length= 60.00 policy_loss=+0.00135 value_loss=+0.09734 ratio=1.0125 kl=0.0269
update=3167 mean_reward=+59.7101 mean_length= 60.00 policy_loss=+0.00124 value_loss=+0.00203 ratio=1.0249 kl=0.0147
update=3168 mean_reward=+59.7095 mean_length= 59.99 policy_loss=+0.00134 value_loss=+0.06372 ratio=1.0200 kl=0.0275
update=3169 mean_reward=+59.7153 mean_length= 60.00 policy_loss=+0.00179 value_loss=+0.00235 ratio=1.0120 kl=0.0221
update=3170 mean_reward=+59.7192 mean_length= 60.00 policy_loss=+0.00070 value_loss=+0.00141 ratio=1.0101 kl=0.0082 | eval_reward=+59.7243 eval_length= 60.00
update=3171 mean_reward=+59.6994 mean_length= 59.99 policy_loss=+0.00132 value_loss=+0.15675 ratio=1.0130 kl=0.0248
update=3172 mean_reward=+59.7113 mean_length= 60.00 policy_loss=-0.00146 value_loss=+0.06041 ratio=1.0090 kl=0.0289
update=3173 mean_reward=+59.7037 mean_length= 59.99 policy_loss=+0.00234 value_loss=+0.24272 ratio=1.0101 kl=0.0231
update=3174 mean_reward=+59.7048 mean_length= 59.99 policy_loss=+0.00144 value_loss=+0.27775 ratio=1.0082 kl=0.0255
update=3175 mean_reward=+59.7138 mean_length= 60.00 policy_loss=+0.00228 value_loss=+0.00207 ratio=1.0120 kl=0.0113 | eval_reward=+59.7345 eval_length= 60.00
update=3176 mean_reward=+59.7028 mean_length= 59.99 policy_loss=+0.00172 value_loss=+0.13961 ratio=1.0091 kl=0.0284
update=3177 mean_reward=+59.7111 mean_length= 60.00 policy_loss=+0.00039 value_loss=+0.06491 ratio=1.0111 kl=0.0256
update=3178 mean_reward=+59.7087 mean_length= 59.99 policy_loss=+0.00023 value_loss=+0.15767 ratio=1.0435 kl=0.0274
update=3179 mean_reward=+59.7065 mean_length= 59.99 policy_loss=+0.00078 value_loss=+0.16774 ratio=1.0106 kl=0.0226
update=3180 mean_reward=+59.7099 mean_length= 60.00 policy_loss=+0.00125 value_loss=+0.00190 ratio=1.0084 kl=0.0102 | eval_reward=+59.7309 eval_length= 60.00
update=3181 mean_reward=+59.7098 mean_length= 60.00 policy_loss=+0.00096 value_loss=+0.09401 ratio=1.0081 kl=0.0230
update=3182 mean_reward=+59.7143 mean_length= 60.00 policy_loss=+0.00081 value_loss=+0.00173 ratio=1.0259 kl=0.0123
update=3183 mean_reward=+59.7017 mean_length= 59.99 policy_loss=+0.00128 value_loss=+0.16901 ratio=1.0119 kl=0.0224
update=3184 mean_reward=+59.7105 mean_length= 60.00 policy_loss=+0.00071 value_loss=+0.00330 ratio=1.0081 kl=0.0132
update=3185 mean_reward=+59.7034 mean_length= 59.99 policy_loss=+0.00002 value_loss=+0.12428 ratio=1.0087 kl=0.0255 | eval_reward=+59.7251 eval_length= 60.00
update=3186 mean_reward=+59.6949 mean_length= 59.99 policy_loss=+0.00239 value_loss=+0.22759 ratio=1.0081 kl=0.0163
update=3187 mean_reward=+59.7040 mean_length= 59.99 policy_loss=+0.00015 value_loss=+0.05895 ratio=1.0079 kl=0.0241
update=3188 mean_reward=+59.6983 mean_length= 59.99 policy_loss=+0.00059 value_loss=+0.12892 ratio=1.0075 kl=0.0279
update=3189 mean_reward=+59.6928 mean_length= 59.99 policy_loss=+0.00114 value_loss=+0.24042 ratio=1.0082 kl=0.0237
update=3190 mean_reward=+59.6891 mean_length= 59.98 policy_loss=-0.00059 value_loss=+0.27213 ratio=1.0065 kl=0.0260 | eval_reward=+59.7252 eval_length= 60.00
update=3191 mean_reward=+59.6977 mean_length= 59.99 policy_loss=+0.00065 value_loss=+0.17192 ratio=1.0098 kl=0.0189
update=3192 mean_reward=+59.7088 mean_length= 60.00 policy_loss=+0.00016 value_loss=+0.00219 ratio=1.0099 kl=0.0101
update=3193 mean_reward=+59.7048 mean_length= 59.99 policy_loss=+0.00065 value_loss=+0.06278 ratio=1.0163 kl=0.0218
update=3194 mean_reward=+59.7032 mean_length= 59.99 policy_loss=+0.00066 value_loss=+0.17184 ratio=1.0108 kl=0.0235
update=3195 mean_reward=+59.6964 mean_length= 59.99 policy_loss=+0.00031 value_loss=+0.12822 ratio=1.0102 kl=0.0224 | eval_reward=+59.6732 eval_length= 60.00
update=3196 mean_reward=+59.6938 mean_length= 59.98 policy_loss=-0.00035 value_loss=+0.22262 ratio=1.0090 kl=0.0245
update=3197 mean_reward=+59.7018 mean_length= 59.99 policy_loss=+0.00093 value_loss=+0.05923 ratio=1.0113 kl=0.0308
update=3198 mean_reward=+59.6985 mean_length= 59.99 policy_loss=+0.00034 value_loss=+0.16206 ratio=1.0108 kl=0.0215
update=3199 mean_reward=+59.6896 mean_length= 59.98 policy_loss=+0.00097 value_loss=+0.29007 ratio=1.0085 kl=0.0234
update=3200 mean_reward=+59.6910 mean_length= 59.98 policy_loss=+0.00204 value_loss=+0.22238 ratio=1.0089 kl=0.0262 | eval_reward=+59.7159 eval_length= 60.00
update=3201 mean_reward=+59.7012 mean_length= 59.99 policy_loss=+0.00048 value_loss=+0.07851 ratio=1.0080 kl=0.0225
update=3202 mean_reward=+59.6866 mean_length= 59.98 policy_loss=+0.00079 value_loss=+0.23426 ratio=1.0088 kl=0.0176
update=3203 mean_reward=+59.6917 mean_length= 59.99 policy_loss=+0.00170 value_loss=+0.14276 ratio=1.0104 kl=0.0263
update=3204 mean_reward=+59.6990 mean_length= 59.99 policy_loss=+0.00020 value_loss=+0.14605 ratio=1.0076 kl=0.0259
update=3205 mean_reward=+59.7059 mean_length= 60.00 policy_loss=+0.00198 value_loss=+0.00149 ratio=1.0095 kl=0.0109 | eval_reward=+59.7170 eval_length= 60.00
update=3206 mean_reward=+59.7022 mean_length= 59.99 policy_loss=+0.00174 value_loss=+0.07990 ratio=1.0083 kl=0.0256
update=3207 mean_reward=+59.7048 mean_length= 59.99 policy_loss=+0.00177 value_loss=+0.09406 ratio=1.0109 kl=0.0219
update=3208 mean_reward=+59.6979 mean_length= 59.99 policy_loss=+0.00267 value_loss=+0.19017 ratio=1.0278 kl=0.0290
update=3209 mean_reward=+59.7043 mean_length= 59.99 policy_loss=+0.00117 value_loss=+0.10030 ratio=1.0056 kl=0.0210
update=3210 mean_reward=+59.7058 mean_length= 59.99 policy_loss=+0.00040 value_loss=+0.05922 ratio=1.0069 kl=0.0248 | eval_reward=+59.7244 eval_length= 60.00
update=3211 mean_reward=+59.6819 mean_length= 59.97 policy_loss=+0.00217 value_loss=+0.51427 ratio=1.0099 kl=0.0228
update=3212 mean_reward=+59.6851 mean_length= 59.98 policy_loss=+0.00033 value_loss=+0.39700 ratio=1.0111 kl=0.0308
update=3213 mean_reward=+59.6943 mean_length= 59.99 policy_loss=+0.00243 value_loss=+0.16588 ratio=1.0059 kl=0.0211
update=3214 mean_reward=+59.6988 mean_length= 59.99 policy_loss=+0.00088 value_loss=+0.24800 ratio=1.0055 kl=0.0263
update=3215 mean_reward=+59.6909 mean_length= 59.99 policy_loss=-0.00008 value_loss=+0.13652 ratio=1.0088 kl=0.0245 | eval_reward=+59.7178 eval_length= 60.00
update=3216 mean_reward=+59.7062 mean_length= 60.00 policy_loss=+0.01538 value_loss=+0.00235 ratio=1.0072 kl=0.0280
update=3217 mean_reward=+59.7088 mean_length= 60.00 policy_loss=+0.00046 value_loss=+0.00159 ratio=1.0061 kl=0.0071
update=3218 mean_reward=+59.6906 mean_length= 59.98 policy_loss=+0.00218 value_loss=+0.20266 ratio=1.0103 kl=0.0298
update=3219 mean_reward=+59.7017 mean_length= 59.99 policy_loss=+0.00088 value_loss=+0.13828 ratio=1.0062 kl=0.0285
update=3220 mean_reward=+59.7000 mean_length= 59.99 policy_loss=+0.00193 value_loss=+0.17953 ratio=1.0122 kl=0.0241 | eval_reward=+59.7299 eval_length= 60.00
update=3221 mean_reward=+59.7075 mean_length= 60.00 policy_loss=+0.00143 value_loss=+0.00257 ratio=1.0059 kl=0.0132
update=3222 mean_reward=+59.7002 mean_length= 59.99 policy_loss=+0.00029 value_loss=+0.16718 ratio=1.0058 kl=0.0320
update=3223 mean_reward=+59.7131 mean_length= 60.00 policy_loss=+0.00190 value_loss=+0.09881 ratio=1.0107 kl=0.0203
update=3224 mean_reward=+59.7113 mean_length= 60.00 policy_loss=+0.00189 value_loss=+0.00233 ratio=1.0052 kl=0.0121
update=3225 mean_reward=+59.7042 mean_length= 59.99 policy_loss=+0.00108 value_loss=+0.21955 ratio=1.0069 kl=0.0246 | eval_reward=+59.7323 eval_length= 60.00
update=3226 mean_reward=+59.7067 mean_length= 59.99 policy_loss=+0.00149 value_loss=+0.06930 ratio=1.0053 kl=0.0311
update=3227 mean_reward=+59.7012 mean_length= 59.99 policy_loss=+0.00119 value_loss=+0.24445 ratio=1.0062 kl=0.0215
update=3228 mean_reward=+59.7075 mean_length= 59.99 policy_loss=-0.00103 value_loss=+0.05585 ratio=1.0065 kl=0.0178
update=3229 mean_reward=+59.7105 mean_length= 60.00 policy_loss=-0.00011 value_loss=+0.08704 ratio=1.0054 kl=0.0259
update=3230 mean_reward=+59.6974 mean_length= 59.99 policy_loss=+0.00088 value_loss=+0.07450 ratio=1.0047 kl=0.0248 | eval_reward=+59.7256 eval_length= 60.00
update=3231 mean_reward=+59.7036 mean_length= 59.99 policy_loss=+0.00207 value_loss=+0.09412 ratio=1.0100 kl=0.0271
update=3232 mean_reward=+59.6902 mean_length= 59.99 policy_loss=+0.00163 value_loss=+0.15900 ratio=1.0083 kl=0.0212
update=3233 mean_reward=+59.7060 mean_length= 60.00 policy_loss=+0.00335 value_loss=+0.00306 ratio=1.0059 kl=0.0107
update=3234 mean_reward=+59.6912 mean_length= 59.98 policy_loss=+0.00020 value_loss=+0.19955 ratio=1.0094 kl=0.0259
update=3235 mean_reward=+59.7024 mean_length= 59.99 policy_loss=+0.00172 value_loss=+0.07513 ratio=1.0093 kl=0.0257 | eval_reward=+59.7132 eval_length= 60.00
update=3236 mean_reward=+59.6922 mean_length= 59.99 policy_loss=-0.00015 value_loss=+0.20264 ratio=1.0085 kl=0.0218
update=3237 mean_reward=+59.7043 mean_length= 60.00 policy_loss=+0.00080 value_loss=+0.08970 ratio=1.0086 kl=0.0172
update=3238 mean_reward=+59.7018 mean_length= 59.99 policy_loss=+0.00682 value_loss=+0.13876 ratio=1.0104 kl=0.0303
update=3239 mean_reward=+59.7019 mean_length= 60.00 policy_loss=-0.00136 value_loss=+0.14892 ratio=1.0069 kl=0.0209
update=3240 mean_reward=+59.6956 mean_length= 59.99 policy_loss=+0.00227 value_loss=+0.21968 ratio=1.0063 kl=0.0299 | eval_reward=+59.7193 eval_length= 60.00
update=3241 mean_reward=+59.6924 mean_length= 59.99 policy_loss=-0.00063 value_loss=+0.19612 ratio=1.0068 kl=0.0292
update=3242 mean_reward=+59.6955 mean_length= 59.99 policy_loss=+0.00144 value_loss=+0.20758 ratio=1.0092 kl=0.0304
update=3243 mean_reward=+59.7004 mean_length= 59.99 policy_loss=+0.00161 value_loss=+0.18253 ratio=1.0067 kl=0.0266
update=3244 mean_reward=+59.7003 mean_length= 59.99 policy_loss=+0.00120 value_loss=+0.08086 ratio=1.0078 kl=0.0227
update=3245 mean_reward=+59.6934 mean_length= 59.99 policy_loss=+0.00133 value_loss=+0.25070 ratio=1.0197 kl=0.0263 | eval_reward=+59.7118 eval_length= 60.00
update=3246 mean_reward=+59.7016 mean_length= 60.00 policy_loss=+0.00138 value_loss=+0.00217 ratio=1.0090 kl=0.0107
update=3247 mean_reward=+59.7071 mean_length= 60.00 policy_loss=+0.00056 value_loss=+0.00187 ratio=1.0095 kl=0.0095
update=3248 mean_reward=+59.6946 mean_length= 59.99 policy_loss=+0.00160 value_loss=+0.16960 ratio=1.0098 kl=0.0220
update=3249 mean_reward=+59.6822 mean_length= 59.98 policy_loss=-0.00050 value_loss=+0.28673 ratio=1.0097 kl=0.0275
update=3250 mean_reward=+59.6950 mean_length= 60.00 policy_loss=+0.00170 value_loss=+0.09166 ratio=1.0080 kl=0.0221 | eval_reward=+59.7127 eval_length= 60.00
update=3251 mean_reward=+59.6896 mean_length= 59.99 policy_loss=+0.00158 value_loss=+0.05768 ratio=1.0079 kl=0.0284
update=3252 mean_reward=+59.6915 mean_length= 59.99 policy_loss=+0.00062 value_loss=+0.13011 ratio=1.0069 kl=0.0227
update=3253 mean_reward=+59.6880 mean_length= 59.99 policy_loss=+0.00087 value_loss=+0.22889 ratio=1.0102 kl=0.0238
update=3254 mean_reward=+59.6865 mean_length= 59.99 policy_loss=-0.00048 value_loss=+0.19407 ratio=1.0080 kl=0.0220
update=3255 mean_reward=+59.6745 mean_length= 59.98 policy_loss=-0.00003 value_loss=+0.34878 ratio=1.0076 kl=0.0345 | eval_reward=+59.7184 eval_length= 60.00
update=3256 mean_reward=+59.6849 mean_length= 59.98 policy_loss=+0.00059 value_loss=+0.18944 ratio=1.0109 kl=0.0252
update=3257 mean_reward=+59.6893 mean_length= 59.99 policy_loss=+0.00224 value_loss=+0.13716 ratio=1.0181 kl=0.0283
update=3258 mean_reward=+59.6953 mean_length= 59.99 policy_loss=+0.00097 value_loss=+0.07432 ratio=1.0163 kl=0.0307
update=3259 mean_reward=+59.7003 mean_length= 59.99 policy_loss=+0.00100 value_loss=+0.06352 ratio=1.0112 kl=0.0241
update=3260 mean_reward=+59.7131 mean_length= 60.00 policy_loss=+0.00072 value_loss=+0.00179 ratio=1.0264 kl=0.0103 | eval_reward=+59.7269 eval_length= 60.00
update=3261 mean_reward=+59.7103 mean_length= 60.00 policy_loss=+0.00148 value_loss=+0.00128 ratio=1.0085 kl=0.0070
update=3262 mean_reward=+59.6890 mean_length= 59.98 policy_loss=+0.00241 value_loss=+0.40592 ratio=1.0336 kl=0.0298
update=3263 mean_reward=+59.7197 mean_length= 60.00 policy_loss=+0.00192 value_loss=+0.00129 ratio=1.0086 kl=0.0118
update=3264 mean_reward=+59.7075 mean_length= 60.00 policy_loss=+0.00049 value_loss=+0.07271 ratio=1.0116 kl=0.0238
update=3265 mean_reward=+59.7042 mean_length= 59.99 policy_loss=+0.00082 value_loss=+0.14010 ratio=1.0078 kl=0.0271 | eval_reward=+59.7309 eval_length= 60.00
update=3266 mean_reward=+59.7098 mean_length= 59.99 policy_loss=+0.00131 value_loss=+0.07094 ratio=1.0070 kl=0.0208
update=3267 mean_reward=+59.7185 mean_length= 60.00 policy_loss=+0.00154 value_loss=+0.00339 ratio=1.0120 kl=0.0156
update=3268 mean_reward=+59.6967 mean_length= 59.98 policy_loss=+0.00080 value_loss=+0.21005 ratio=1.0071 kl=0.0239
update=3269 mean_reward=+59.7058 mean_length= 59.99 policy_loss=+0.00056 value_loss=+0.16507 ratio=1.0083 kl=0.0206
update=3270 mean_reward=+59.6990 mean_length= 59.99 policy_loss=+0.00333 value_loss=+0.28852 ratio=1.0080 kl=0.0256 | eval_reward=+59.7156 eval_length= 60.00
update=3271 mean_reward=+59.7101 mean_length= 60.00 policy_loss=-0.00004 value_loss=+0.06597 ratio=1.0086 kl=0.0250
update=3272 mean_reward=+59.7169 mean_length= 60.00 policy_loss=+0.00041 value_loss=+0.00275 ratio=1.0066 kl=0.0109
update=3273 mean_reward=+59.7155 mean_length= 60.00 policy_loss=+0.00096 value_loss=+0.09895 ratio=1.0070 kl=0.0213
update=3274 mean_reward=+59.7126 mean_length= 60.00 policy_loss=-0.00028 value_loss=+0.17446 ratio=1.0090 kl=0.0217
update=3275 mean_reward=+59.7109 mean_length= 59.99 policy_loss=+0.00060 value_loss=+0.24662 ratio=1.0139 kl=0.0242 | eval_reward=+59.7221 eval_length= 60.00
update=3276 mean_reward=+59.7128 mean_length= 59.99 policy_loss=-0.00038 value_loss=+0.14504 ratio=1.0124 kl=0.0212
update=3277 mean_reward=+59.7098 mean_length= 59.99 policy_loss=+0.00041 value_loss=+0.07399 ratio=1.0083 kl=0.0167
update=3278 mean_reward=+59.7171 mean_length= 60.00 policy_loss=+0.00104 value_loss=+0.00555 ratio=1.0081 kl=0.0177
update=3279 mean_reward=+59.7190 mean_length= 60.00 policy_loss=+0.00137 value_loss=+0.00189 ratio=1.0129 kl=0.0119
update=3280 mean_reward=+59.7066 mean_length= 59.99 policy_loss=+0.00219 value_loss=+0.17786 ratio=1.0105 kl=0.0228 | eval_reward=+59.7241 eval_length= 60.00
update=3281 mean_reward=+59.7129 mean_length= 59.99 policy_loss=+0.00035 value_loss=+0.05832 ratio=1.0074 kl=0.0284
update=3282 mean_reward=+59.7168 mean_length= 60.00 policy_loss=+0.00165 value_loss=+0.00144 ratio=1.0147 kl=0.0166
update=3283 mean_reward=+59.7121 mean_length= 60.00 policy_loss=+0.00125 value_loss=+0.07845 ratio=1.0098 kl=0.0305
update=3284 mean_reward=+59.7187 mean_length= 60.00 policy_loss=+0.00187 value_loss=+0.00156 ratio=1.0108 kl=0.0129
update=3285 mean_reward=+59.7154 mean_length= 60.00 policy_loss=+0.00087 value_loss=+0.09418 ratio=1.0097 kl=0.0188 | eval_reward=+59.7245 eval_length= 60.00
update=3286 mean_reward=+59.7136 mean_length= 59.99 policy_loss=+0.00112 value_loss=+0.17983 ratio=1.0100 kl=0.0280
update=3287 mean_reward=+59.7135 mean_length= 60.00 policy_loss=+0.00012 value_loss=+0.02064 ratio=1.0078 kl=0.0220
update=3288 mean_reward=+59.7183 mean_length= 60.00 policy_loss=+0.00025 value_loss=+0.00430 ratio=1.0084 kl=0.0102
update=3289 mean_reward=+59.7063 mean_length= 59.99 policy_loss=+0.00167 value_loss=+0.12437 ratio=1.0087 kl=0.0241
update=3290 mean_reward=+59.7080 mean_length= 59.99 policy_loss=+0.00085 value_loss=+0.23445 ratio=1.0083 kl=0.0281 | eval_reward=+59.7238 eval_length= 60.00
update=3291 mean_reward=+59.6939 mean_length= 59.99 policy_loss=+0.00233 value_loss=+0.17369 ratio=1.0146 kl=0.0266
update=3292 mean_reward=+59.6943 mean_length= 59.99 policy_loss=-0.00016 value_loss=+0.22456 ratio=1.0174 kl=0.0242
update=3293 mean_reward=+59.6953 mean_length= 59.99 policy_loss=+0.00071 value_loss=+0.15285 ratio=1.0068 kl=0.0226
update=3294 mean_reward=+59.7020 mean_length= 60.00 policy_loss=+0.00080 value_loss=+0.08929 ratio=1.0143 kl=0.0240
update=3295 mean_reward=+59.7091 mean_length= 60.00 policy_loss=+0.00095 value_loss=+0.00218 ratio=1.0089 kl=0.0125 | eval_reward=+59.7071 eval_length= 60.00
update=3296 mean_reward=+59.7074 mean_length= 60.00 policy_loss=+0.00118 value_loss=+0.02243 ratio=1.0100 kl=0.0229
update=3297 mean_reward=+59.7070 mean_length= 59.99 policy_loss=+0.00099 value_loss=+0.06155 ratio=1.0078 kl=0.0294
update=3298 mean_reward=+59.7096 mean_length= 59.99 policy_loss=+0.00080 value_loss=+0.16974 ratio=1.0150 kl=0.0308
update=3299 mean_reward=+59.7074 mean_length= 59.99 policy_loss=+0.00095 value_loss=+0.15120 ratio=1.0079 kl=0.0251
update=3300 mean_reward=+59.7044 mean_length= 60.00 policy_loss=-0.00072 value_loss=+0.08131 ratio=1.0139 kl=0.0231 | eval_reward=+59.7158 eval_length= 60.00
update=3301 mean_reward=+59.7103 mean_length= 60.00 policy_loss=+0.00067 value_loss=+0.01547 ratio=1.0095 kl=0.0245
update=3302 mean_reward=+59.7036 mean_length= 59.99 policy_loss=+0.00070 value_loss=+0.05863 ratio=1.0094 kl=0.0218
update=3303 mean_reward=+59.6851 mean_length= 59.99 policy_loss=+0.00022 value_loss=+0.15047 ratio=1.0086 kl=0.0249
update=3304 mean_reward=+59.6848 mean_length= 59.99 policy_loss=+0.00135 value_loss=+0.24119 ratio=1.0106 kl=0.0219
update=3305 mean_reward=+59.6936 mean_length= 60.00 policy_loss=+0.00079 value_loss=+0.08026 ratio=1.0178 kl=0.0296 | eval_reward=+59.6875 eval_length= 60.00
update=3306 mean_reward=+59.7021 mean_length= 60.00 policy_loss=+0.00128 value_loss=+0.00678 ratio=1.0121 kl=0.0236
update=3307 mean_reward=+59.7025 mean_length= 60.00 policy_loss=+0.00077 value_loss=+0.00188 ratio=1.0115 kl=0.0062
update=3308 mean_reward=+59.7054 mean_length= 60.00 policy_loss=+0.00129 value_loss=+0.06850 ratio=1.0136 kl=0.0248
update=3309 mean_reward=+59.6977 mean_length= 59.99 policy_loss=+0.00177 value_loss=+0.11361 ratio=1.0204 kl=0.0242
update=3310 mean_reward=+59.6946 mean_length= 59.98 policy_loss=-0.00052 value_loss=+0.29692 ratio=1.0131 kl=0.0319 | eval_reward=+59.6995 eval_length= 60.00
update=3311 mean_reward=+59.6996 mean_length= 59.99 policy_loss=-0.00018 value_loss=+0.13491 ratio=1.0282 kl=0.0199
update=3312 mean_reward=+59.7074 mean_length= 60.00 policy_loss=-0.00005 value_loss=+0.06834 ratio=1.0096 kl=0.0231
update=3313 mean_reward=+59.7021 mean_length= 59.99 policy_loss=-0.00048 value_loss=+0.15003 ratio=1.0121 kl=0.0215
update=3314 mean_reward=+59.7067 mean_length= 60.00 policy_loss=+0.00193 value_loss=+0.10778 ratio=1.0127 kl=0.0238
update=3315 mean_reward=+59.7115 mean_length= 60.00 policy_loss=+0.00226 value_loss=+0.00231 ratio=1.0241 kl=0.0135 | eval_reward=+59.7056 eval_length= 60.00
update=3316 mean_reward=+59.7093 mean_length= 60.00 policy_loss=+0.00126 value_loss=+0.00149 ratio=1.0174 kl=0.0065
update=3317 mean_reward=+59.7042 mean_length= 59.99 policy_loss=+0.00128 value_loss=+0.14373 ratio=1.0127 kl=0.0234
update=3318 mean_reward=+59.7144 mean_length= 60.00 policy_loss=+0.00070 value_loss=+0.01152 ratio=1.0169 kl=0.0229
update=3319 mean_reward=+59.7108 mean_length= 60.00 policy_loss=+0.00129 value_loss=+0.07920 ratio=1.0141 kl=0.0261
update=3320 mean_reward=+59.6959 mean_length= 59.98 policy_loss=+0.00081 value_loss=+0.29227 ratio=1.0145 kl=0.0283 | eval_reward=+59.7152 eval_length= 60.00
update=3321 mean_reward=+59.7107 mean_length= 60.00 policy_loss=+0.00245 value_loss=+0.00246 ratio=1.0154 kl=0.0177
update=3322 mean_reward=+59.7147 mean_length= 60.00 policy_loss=+0.00050 value_loss=+0.00193 ratio=1.0112 kl=0.0081
update=3323 mean_reward=+59.7155 mean_length= 60.00 policy_loss=+0.00075 value_loss=+0.00135 ratio=1.0125 kl=0.0067
update=3324 mean_reward=+59.7160 mean_length= 60.00 policy_loss=+0.00129 value_loss=+0.00144 ratio=1.0134 kl=0.0075
update=3325 mean_reward=+59.7200 mean_length= 60.00 policy_loss=+0.00844 value_loss=+0.00132 ratio=1.0141 kl=0.0202 | eval_reward=+59.7233 eval_length= 60.00
update=3326 mean_reward=+59.6953 mean_length= 60.00 policy_loss=+0.00082 value_loss=+0.16383 ratio=1.0107 kl=0.0264
update=3327 mean_reward=+59.6925 mean_length= 59.99 policy_loss=+0.00026 value_loss=+0.08285 ratio=1.0148 kl=0.0258
update=3328 mean_reward=+59.6906 mean_length= 59.99 policy_loss=+0.00026 value_loss=+0.23957 ratio=1.0127 kl=0.0289
update=3329 mean_reward=+59.6989 mean_length= 60.00 policy_loss=+0.00105 value_loss=+0.00425 ratio=1.0076 kl=0.0075
update=3330 mean_reward=+59.6878 mean_length= 59.99 policy_loss=+0.00039 value_loss=+0.13490 ratio=1.0134 kl=0.0252 | eval_reward=+59.6912 eval_length= 60.00
update=3331 mean_reward=+59.7038 mean_length= 60.00 policy_loss=+0.00144 value_loss=+0.00179 ratio=1.0104 kl=0.0103
update=3332 mean_reward=+59.7043 mean_length= 60.00 policy_loss=+0.00090 value_loss=+0.00163 ratio=1.0108 kl=0.0080
update=3333 mean_reward=+59.7103 mean_length= 60.00 policy_loss=+0.00181 value_loss=+0.00174 ratio=1.0105 kl=0.0111
update=3334 mean_reward=+59.7029 mean_length= 60.00 policy_loss=-0.00015 value_loss=+0.07266 ratio=1.0095 kl=0.0208
update=3335 mean_reward=+59.7069 mean_length= 60.00 policy_loss=-0.00009 value_loss=+0.08363 ratio=1.0060 kl=0.0261 | eval_reward=+59.6987 eval_length= 60.00
update=3336 mean_reward=+59.7110 mean_length= 60.00 policy_loss=+0.00075 value_loss=+0.00193 ratio=1.0077 kl=0.0130
update=3337 mean_reward=+59.7137 mean_length= 60.00 policy_loss=+0.00074 value_loss=+0.00134 ratio=1.0078 kl=0.0077
update=3338 mean_reward=+59.6987 mean_length= 59.99 policy_loss=+0.00046 value_loss=+0.21599 ratio=1.0092 kl=0.0237
update=3339 mean_reward=+59.7150 mean_length= 60.00 policy_loss=+0.00072 value_loss=+0.00304 ratio=1.0078 kl=0.0151
update=3340 mean_reward=+59.7058 mean_length= 59.99 policy_loss=+0.00004 value_loss=+0.14601 ratio=1.0094 kl=0.0277 | eval_reward=+59.7075 eval_length= 60.00
update=3341 mean_reward=+59.7026 mean_length= 59.99 policy_loss=+0.00112 value_loss=+0.24378 ratio=1.0082 kl=0.0268
update=3342 mean_reward=+59.7089 mean_length= 59.99 policy_loss=+0.00035 value_loss=+0.06919 ratio=1.0125 kl=0.0110
update=3343 mean_reward=+59.6964 mean_length= 59.98 policy_loss=+0.00063 value_loss=+0.31633 ratio=1.0184 kl=0.0203
update=3344 mean_reward=+59.7042 mean_length= 59.99 policy_loss=+0.00104 value_loss=+0.17489 ratio=1.0080 kl=0.0255
update=3345 mean_reward=+59.7128 mean_length= 60.00 policy_loss=+0.00338 value_loss=+0.00308 ratio=1.0090 kl=0.0071 | eval_reward=+59.7054 eval_length= 60.00
update=3346 mean_reward=+59.7108 mean_length= 59.99 policy_loss=-0.00005 value_loss=+0.08278 ratio=1.0124 kl=0.0235
update=3347 mean_reward=+59.6912 mean_length= 59.98 policy_loss=+0.00140 value_loss=+0.42916 ratio=1.0096 kl=0.0243
update=3348 mean_reward=+59.7094 mean_length= 60.00 policy_loss=-0.00002 value_loss=+0.08559 ratio=1.0111 kl=0.0222
update=3349 mean_reward=+59.7006 mean_length= 59.99 policy_loss=+0.00112 value_loss=+0.21612 ratio=1.0135 kl=0.0254
update=3350 mean_reward=+59.7035 mean_length= 59.99 policy_loss=+0.00028 value_loss=+0.14817 ratio=1.0129 kl=0.0240 | eval_reward=+59.6955 eval_length= 60.00
update=3351 mean_reward=+59.7028 mean_length= 59.99 policy_loss=+0.00094 value_loss=+0.16412 ratio=1.0121 kl=0.0282
update=3352 mean_reward=+59.7080 mean_length= 60.00 policy_loss=+0.00131 value_loss=+0.00333 ratio=1.0110 kl=0.0076
update=3353 mean_reward=+59.7101 mean_length= 60.00 policy_loss=+0.00053 value_loss=+0.06271 ratio=1.0205 kl=0.0240
update=3354 mean_reward=+59.7075 mean_length= 59.99 policy_loss=-0.00080 value_loss=+0.13736 ratio=1.0089 kl=0.0245
update=3355 mean_reward=+59.7077 mean_length= 59.99 policy_loss=+0.00142 value_loss=+0.06800 ratio=1.0258 kl=0.0245 | eval_reward=+59.6991 eval_length= 60.00
update=3356 mean_reward=+59.6999 mean_length= 59.99 policy_loss=+0.00039 value_loss=+0.22214 ratio=1.0105 kl=0.0195
update=3357 mean_reward=+59.7155 mean_length= 60.00 policy_loss=+0.00104 value_loss=+0.00339 ratio=1.0095 kl=0.0069
update=3358 mean_reward=+59.7012 mean_length= 59.99 policy_loss=+0.00081 value_loss=+0.12877 ratio=1.0131 kl=0.0242
update=3359 mean_reward=+59.7159 mean_length= 60.00 policy_loss=+0.00066 value_loss=+0.00587 ratio=1.0122 kl=0.0173
update=3360 mean_reward=+59.7141 mean_length= 60.00 policy_loss=+0.00105 value_loss=+0.00133 ratio=1.0103 kl=0.0075 | eval_reward=+59.2147 eval_length= 60.00
update=3361 mean_reward=+59.7100 mean_length= 60.00 policy_loss=+0.00082 value_loss=+0.08410 ratio=1.0121 kl=0.0255
update=3362 mean_reward=+59.7103 mean_length= 60.00 policy_loss=-0.00009 value_loss=+0.08556 ratio=1.0124 kl=0.0236
update=3363 mean_reward=+59.7071 mean_length= 59.99 policy_loss=+0.00068 value_loss=+0.25786 ratio=1.0095 kl=0.0260
update=3364 mean_reward=+59.6979 mean_length= 59.99 policy_loss=+0.00058 value_loss=+0.24561 ratio=1.0094 kl=0.0240
update=3365 mean_reward=+59.7105 mean_length= 59.99 policy_loss=+0.00010 value_loss=+0.07369 ratio=1.0094 kl=0.0221 | eval_reward=+59.5358 eval_length= 60.00
update=3366 mean_reward=+59.7071 mean_length= 60.00 policy_loss=+0.00085 value_loss=+0.00366 ratio=1.0096 kl=0.0116
update=3367 mean_reward=+59.7070 mean_length= 60.00 policy_loss=+0.00080 value_loss=+0.08409 ratio=1.0097 kl=0.0264
update=3368 mean_reward=+59.7109 mean_length= 59.99 policy_loss=+0.00202 value_loss=+0.09120 ratio=1.0105 kl=0.0234
update=3369 mean_reward=+59.7007 mean_length= 59.99 policy_loss=+0.00143 value_loss=+0.14187 ratio=1.0105 kl=0.0234
update=3370 mean_reward=+59.7076 mean_length= 59.99 policy_loss=-0.00025 value_loss=+0.04780 ratio=1.0113 kl=0.0245 | eval_reward=+59.5267 eval_length= 60.00
update=3371 mean_reward=+59.7165 mean_length= 59.99 policy_loss=-0.00004 value_loss=+0.06618 ratio=1.0342 kl=0.0247
update=3372 mean_reward=+59.7148 mean_length= 59.99 policy_loss=+0.00080 value_loss=+0.07353 ratio=1.0083 kl=0.0238
update=3373 mean_reward=+59.7228 mean_length= 60.00 policy_loss=+0.00137 value_loss=+0.00265 ratio=1.0083 kl=0.0141
update=3374 mean_reward=+59.7060 mean_length= 59.99 policy_loss=-0.00006 value_loss=+0.14655 ratio=1.0152 kl=0.0185
update=3375 mean_reward=+59.7111 mean_length= 60.00 policy_loss=-0.00125 value_loss=+0.05759 ratio=1.0101 kl=0.0253 | eval_reward=+59.7070 eval_length= 60.00
update=3376 mean_reward=+59.7116 mean_length= 60.00 policy_loss=+0.00153 value_loss=+0.00176 ratio=1.0095 kl=0.0206
update=3377 mean_reward=+59.7169 mean_length= 60.00 policy_loss=+0.00079 value_loss=+0.08826 ratio=1.0167 kl=0.0227
update=3378 mean_reward=+59.7169 mean_length= 60.00 policy_loss=+0.00083 value_loss=+0.00162 ratio=1.0192 kl=0.0092
update=3379 mean_reward=+59.7104 mean_length= 59.99 policy_loss=+0.00139 value_loss=+0.08247 ratio=1.0128 kl=0.0260
update=3380 mean_reward=+59.7073 mean_length= 59.99 policy_loss=-0.00083 value_loss=+0.12897 ratio=1.0074 kl=0.0299 | eval_reward=+59.7102 eval_length= 60.00
update=3381 mean_reward=+59.7156 mean_length= 60.00 policy_loss=-0.00081 value_loss=+0.06610 ratio=1.0104 kl=0.0258
update=3382 mean_reward=+59.6999 mean_length= 59.98 policy_loss=+0.00124 value_loss=+0.29295 ratio=1.0214 kl=0.0236
update=3383 mean_reward=+59.7108 mean_length= 60.00 policy_loss=+0.00067 value_loss=+0.09290 ratio=1.0087 kl=0.0238
update=3384 mean_reward=+59.7067 mean_length= 60.00 policy_loss=+0.00110 value_loss=+0.00325 ratio=1.0077 kl=0.0119
update=3385 mean_reward=+59.7101 mean_length= 59.99 policy_loss=+0.00047 value_loss=+0.06941 ratio=1.0156 kl=0.0221 | eval_reward=+59.7117 eval_length= 60.00
update=3386 mean_reward=+59.7043 mean_length= 59.99 policy_loss=+0.00022 value_loss=+0.12259 ratio=1.0073 kl=0.0265
update=3387 mean_reward=+59.7000 mean_length= 59.99 policy_loss=+0.00028 value_loss=+0.15006 ratio=1.0091 kl=0.0209
update=3388 mean_reward=+59.7047 mean_length= 60.00 policy_loss=+0.00179 value_loss=+0.09971 ratio=1.0193 kl=0.0240
update=3389 mean_reward=+59.7040 mean_length= 60.00 policy_loss=+0.00061 value_loss=+0.14018 ratio=1.0083 kl=0.0213
update=3390 mean_reward=+59.7058 mean_length= 59.99 policy_loss=+0.00143 value_loss=+0.07499 ratio=1.0104 kl=0.0158 | eval_reward=+59.7115 eval_length= 60.00
update=3391 mean_reward=+59.6950 mean_length= 59.99 policy_loss=+0.00027 value_loss=+0.21876 ratio=1.0091 kl=0.0215
update=3392 mean_reward=+59.6950 mean_length= 59.98 policy_loss=+0.00104 value_loss=+0.20514 ratio=1.0276 kl=0.0245
update=3393 mean_reward=+59.7157 mean_length= 60.00 policy_loss=+0.00101 value_loss=+0.00463 ratio=1.0109 kl=0.0095
update=3394 mean_reward=+59.7059 mean_length= 60.00 policy_loss=+0.00138 value_loss=+0.09571 ratio=1.0223 kl=0.0256
update=3395 mean_reward=+59.7137 mean_length= 59.99 policy_loss=+0.00095 value_loss=+0.07939 ratio=1.0114 kl=0.0235 | eval_reward=+59.7097 eval_length= 60.00
update=3396 mean_reward=+59.7026 mean_length= 59.99 policy_loss=+0.00100 value_loss=+0.14664 ratio=1.0117 kl=0.0279
update=3397 mean_reward=+59.7167 mean_length= 60.00 policy_loss=+0.00163 value_loss=+0.00201 ratio=1.0087 kl=0.0093
update=3398 mean_reward=+59.7149 mean_length= 60.00 policy_loss=+0.00052 value_loss=+0.07109 ratio=1.0100 kl=0.0239
update=3399 mean_reward=+59.6988 mean_length= 59.98 policy_loss=+0.00097 value_loss=+0.38347 ratio=1.0111 kl=0.0224
update=3400 mean_reward=+59.7131 mean_length= 59.99 policy_loss=+0.00113 value_loss=+0.15223 ratio=1.0091 kl=0.0193 | eval_reward=+59.7031 eval_length= 60.00
update=3401 mean_reward=+59.6998 mean_length= 59.98 policy_loss=+0.00293 value_loss=+0.30506 ratio=1.0111 kl=0.0257
update=3402 mean_reward=+59.7052 mean_length= 59.99 policy_loss=+0.00089 value_loss=+0.13331 ratio=1.0101 kl=0.0321
update=3403 mean_reward=+59.6996 mean_length= 59.98 policy_loss=+0.00109 value_loss=+0.31030 ratio=1.0170 kl=0.0222
update=3404 mean_reward=+59.7151 mean_length= 59.99 policy_loss=+0.00047 value_loss=+0.06480 ratio=1.0088 kl=0.0197
update=3405 mean_reward=+59.7109 mean_length= 59.99 policy_loss=+0.00171 value_loss=+0.07450 ratio=1.0086 kl=0.0219 | eval_reward=+59.7162 eval_length= 60.00
update=3406 mean_reward=+59.7065 mean_length= 59.99 policy_loss=+0.00072 value_loss=+0.04866 ratio=1.0178 kl=0.0301
update=3407 mean_reward=+59.7093 mean_length= 60.00 policy_loss=+0.00263 value_loss=+0.00156 ratio=1.0086 kl=0.0113
update=3408 mean_reward=+59.7130 mean_length= 60.00 policy_loss=+0.00049 value_loss=+0.08443 ratio=1.0070 kl=0.0191
update=3409 mean_reward=+59.7083 mean_length= 60.00 policy_loss=+0.00046 value_loss=+0.07794 ratio=1.0087 kl=0.0241
update=3410 mean_reward=+59.7136 mean_length= 60.00 policy_loss=+0.00616 value_loss=+0.00553 ratio=1.0095 kl=0.0201 | eval_reward=+59.7158 eval_length= 60.00
update=3411 mean_reward=+59.7047 mean_length= 59.99 policy_loss=+0.00015 value_loss=+0.14215 ratio=1.0089 kl=0.0215
update=3412 mean_reward=+59.7088 mean_length= 60.00 policy_loss=+0.00035 value_loss=+0.00282 ratio=1.0520 kl=0.0087
update=3413 mean_reward=+59.7107 mean_length= 60.00 policy_loss=+0.00019 value_loss=+0.00122 ratio=1.0067 kl=0.0069
update=3414 mean_reward=+59.7118 mean_length= 60.00 policy_loss=+0.00115 value_loss=+0.08845 ratio=1.0096 kl=0.0205
update=3415 mean_reward=+59.7185 mean_length= 60.00 policy_loss=+0.00127 value_loss=+0.00152 ratio=1.0113 kl=0.0116 | eval_reward=+59.7133 eval_length= 60.00
update=3416 mean_reward=+59.7149 mean_length= 60.00 policy_loss=+0.00124 value_loss=+0.09531 ratio=1.0138 kl=0.0216
update=3417 mean_reward=+59.7100 mean_length= 59.99 policy_loss=-0.00064 value_loss=+0.04737 ratio=1.0083 kl=0.0209
update=3418 mean_reward=+59.7185 mean_length= 60.00 policy_loss=+0.00143 value_loss=+0.00156 ratio=1.0084 kl=0.0111
update=3419 mean_reward=+59.7211 mean_length= 60.00 policy_loss=+0.00110 value_loss=+0.00146 ratio=1.0114 kl=0.0119
update=3420 mean_reward=+59.7240 mean_length= 60.00 policy_loss=+0.00399 value_loss=+0.00127 ratio=1.0105 kl=0.0142 | eval_reward=+59.7319 eval_length= 60.00
update=3421 mean_reward=+59.7187 mean_length= 60.00 policy_loss=+0.00201 value_loss=+0.00133 ratio=1.0090 kl=0.0094
update=3422 mean_reward=+59.7221 mean_length= 60.00 policy_loss=+0.00107 value_loss=+0.00131 ratio=1.0077 kl=0.0090
update=3423 mean_reward=+59.7094 mean_length= 59.99 policy_loss=+0.00014 value_loss=+0.14272 ratio=1.0084 kl=0.0234
update=3424 mean_reward=+59.7137 mean_length= 60.00 policy_loss=+0.00069 value_loss=+0.08048 ratio=1.0069 kl=0.0240
update=3425 mean_reward=+59.7184 mean_length= 60.00 policy_loss=+0.00135 value_loss=+0.00158 ratio=1.0076 kl=0.0097 | eval_reward=+59.2215 eval_length= 59.50
update=3426 mean_reward=+59.7085 mean_length= 59.99 policy_loss=+0.00034 value_loss=+0.13815 ratio=1.0082 kl=0.0206
update=3427 mean_reward=+59.7100 mean_length= 59.99 policy_loss=+0.00035 value_loss=+0.11976 ratio=1.0106 kl=0.0247
update=3428 mean_reward=+59.7220 mean_length= 60.00 policy_loss=+0.00316 value_loss=+0.00201 ratio=1.0175 kl=0.0122
update=3429 mean_reward=+59.7190 mean_length= 60.00 policy_loss=+0.00041 value_loss=+0.00618 ratio=1.0115 kl=0.0117
update=3430 mean_reward=+59.7236 mean_length= 60.00 policy_loss=+0.00164 value_loss=+0.00132 ratio=1.0102 kl=0.0090 | eval_reward=+59.3658 eval_length= 60.00
update=3431 mean_reward=+59.7137 mean_length= 60.00 policy_loss=+0.00098 value_loss=+0.08919 ratio=1.0105 kl=0.0230
update=3432 mean_reward=+59.7221 mean_length= 60.00 policy_loss=+0.00226 value_loss=+0.09743 ratio=1.0189 kl=0.0339
update=3433 mean_reward=+59.7214 mean_length= 60.00 policy_loss=+0.00205 value_loss=+0.00114 ratio=1.0126 kl=0.0123
update=3434 mean_reward=+59.7208 mean_length= 59.99 policy_loss=+0.00101 value_loss=+0.06633 ratio=1.0074 kl=0.0232
update=3435 mean_reward=+59.7103 mean_length= 59.99 policy_loss=+0.00133 value_loss=+0.13815 ratio=1.0086 kl=0.0286 | eval_reward=+59.7198 eval_length= 60.00
update=3436 mean_reward=+59.7256 mean_length= 60.00 policy_loss=+0.00628 value_loss=+0.00130 ratio=1.0098 kl=0.0293
update=3437 mean_reward=+59.7252 mean_length= 60.00 policy_loss=+0.00189 value_loss=+0.00112 ratio=1.0103 kl=0.0093
update=3438 mean_reward=+59.7182 mean_length= 60.00 policy_loss=+0.00052 value_loss=+0.00116 ratio=1.0090 kl=0.0062
update=3439 mean_reward=+59.7141 mean_length= 59.99 policy_loss=+0.00169 value_loss=+0.05601 ratio=1.0080 kl=0.0254
update=3440 mean_reward=+59.7160 mean_length= 59.99 policy_loss=+0.00094 value_loss=+0.06035 ratio=1.0116 kl=0.0249 | eval_reward=+58.8620 eval_length= 59.12
update=3441 mean_reward=+59.7190 mean_length= 60.00 policy_loss=+0.00103 value_loss=+0.09388 ratio=1.0068 kl=0.0242
update=3442 mean_reward=+59.7178 mean_length= 60.00 policy_loss=+0.00068 value_loss=+0.06444 ratio=1.0075 kl=0.0210
update=3443 mean_reward=+59.7082 mean_length= 59.99 policy_loss=+0.00131 value_loss=+0.16655 ratio=1.0074 kl=0.0296
update=3444 mean_reward=+59.7073 mean_length= 59.99 policy_loss=+0.00181 value_loss=+0.16863 ratio=1.0083 kl=0.0219
update=3445 mean_reward=+59.7149 mean_length= 59.99 policy_loss=-0.00010 value_loss=+0.12481 ratio=1.0074 kl=0.0222 | eval_reward=+59.7221 eval_length= 60.00
update=3446 mean_reward=+59.7059 mean_length= 59.99 policy_loss=-0.00028 value_loss=+0.14171 ratio=1.0104 kl=0.0216
update=3447 mean_reward=+59.7127 mean_length= 60.00 policy_loss=+0.00131 value_loss=+0.10305 ratio=1.0076 kl=0.0286
update=3448 mean_reward=+59.6993 mean_length= 59.98 policy_loss=+0.00052 value_loss=+0.20255 ratio=1.0080 kl=0.0230
update=3449 mean_reward=+59.6986 mean_length= 59.98 policy_loss=+0.00177 value_loss=+0.42208 ratio=1.0104 kl=0.0211
update=3450 mean_reward=+59.7141 mean_length= 60.00 policy_loss=+0.00172 value_loss=+0.00491 ratio=1.0100 kl=0.0128 | eval_reward=+59.7355 eval_length= 60.00
update=3451 mean_reward=+59.7072 mean_length= 59.99 policy_loss=+0.00125 value_loss=+0.14681 ratio=1.0084 kl=0.0249
update=3452 mean_reward=+59.6983 mean_length= 59.99 policy_loss=+0.00096 value_loss=+0.23580 ratio=1.0065 kl=0.0226
update=3453 mean_reward=+59.7099 mean_length= 59.99 policy_loss=+0.00188 value_loss=+0.07555 ratio=1.0102 kl=0.0215
update=3454 mean_reward=+59.7012 mean_length= 59.99 policy_loss=+0.00175 value_loss=+0.13483 ratio=1.0082 kl=0.0237
update=3455 mean_reward=+59.7186 mean_length= 60.00 policy_loss=+0.00183 value_loss=+0.00208 ratio=1.0082 kl=0.0119 | eval_reward=+59.7340 eval_length= 60.00
update=3456 mean_reward=+59.7076 mean_length= 59.99 policy_loss=+0.00048 value_loss=+0.14118 ratio=1.0186 kl=0.0226
update=3457 mean_reward=+59.7002 mean_length= 59.98 policy_loss=+0.00095 value_loss=+0.22529 ratio=1.0125 kl=0.0240
update=3458 mean_reward=+59.6840 mean_length= 59.97 policy_loss=+0.00095 value_loss=+0.31753 ratio=1.0115 kl=0.0234
update=3459 mean_reward=+59.7074 mean_length= 59.99 policy_loss=+0.00136 value_loss=+0.22697 ratio=1.0222 kl=0.0237
update=3460 mean_reward=+59.7071 mean_length= 60.00 policy_loss=-0.00011 value_loss=+0.20062 ratio=1.0080 kl=0.0254 | eval_reward=+59.7111 eval_length= 60.00
update=3461 mean_reward=+59.7077 mean_length= 59.99 policy_loss=+0.00052 value_loss=+0.07217 ratio=1.0057 kl=0.0233
update=3462 mean_reward=+59.6902 mean_length= 59.98 policy_loss=+0.00031 value_loss=+0.38219 ratio=1.0093 kl=0.0235
update=3463 mean_reward=+59.7119 mean_length= 60.00 policy_loss=+0.00048 value_loss=+0.00697 ratio=1.0080 kl=0.0145
update=3464 mean_reward=+59.7182 mean_length= 60.00 policy_loss=+0.00077 value_loss=+0.00144 ratio=1.0149 kl=0.0079
update=3465 mean_reward=+59.7105 mean_length= 59.99 policy_loss=+0.00111 value_loss=+0.06356 ratio=1.0084 kl=0.0203 | eval_reward=+59.7228 eval_length= 60.00
update=3466 mean_reward=+59.7179 mean_length= 60.00 policy_loss=+0.00077 value_loss=+0.00135 ratio=1.0066 kl=0.0082
update=3467 mean_reward=+59.7159 mean_length= 60.00 policy_loss=+0.00060 value_loss=+0.00135 ratio=1.0068 kl=0.0076
update=3468 mean_reward=+59.7204 mean_length= 60.00 policy_loss=+0.00081 value_loss=+0.00125 ratio=1.0067 kl=0.0073
update=3469 mean_reward=+59.7165 mean_length= 60.00 policy_loss=+0.00082 value_loss=+0.08595 ratio=1.0097 kl=0.0219
update=3470 mean_reward=+59.7031 mean_length= 59.99 policy_loss=+0.00076 value_loss=+0.16809 ratio=1.0083 kl=0.0248 | eval_reward=+59.7272 eval_length= 60.00
update=3471 mean_reward=+59.7054 mean_length= 59.99 policy_loss=+0.00187 value_loss=+0.16584 ratio=1.0085 kl=0.0226
update=3472 mean_reward=+59.7134 mean_length= 60.00 policy_loss=+0.00116 value_loss=+0.08911 ratio=1.0077 kl=0.0280
update=3473 mean_reward=+59.7045 mean_length= 59.99 policy_loss=+0.00210 value_loss=+0.13111 ratio=1.0078 kl=0.0203
update=3474 mean_reward=+59.7136 mean_length= 60.00 policy_loss=+0.00145 value_loss=+0.10066 ratio=1.0095 kl=0.0252
update=3475 mean_reward=+59.7066 mean_length= 59.99 policy_loss=+0.00123 value_loss=+0.06723 ratio=1.0083 kl=0.0247 | eval_reward=+59.7244 eval_length= 60.00
update=3476 mean_reward=+59.6966 mean_length= 59.99 policy_loss=+0.00136 value_loss=+0.11838 ratio=1.0175 kl=0.0284
update=3477 mean_reward=+59.6888 mean_length= 59.99 policy_loss=+0.00103 value_loss=+0.07275 ratio=1.0081 kl=0.0259
update=3478 mean_reward=+59.6905 mean_length= 59.99 policy_loss=+0.00155 value_loss=+0.13326 ratio=1.0085 kl=0.0311
update=3479 mean_reward=+59.6979 mean_length= 59.99 policy_loss=+0.00091 value_loss=+0.14978 ratio=1.0140 kl=0.0296
update=3480 mean_reward=+59.7008 mean_length= 59.99 policy_loss=+0.00128 value_loss=+0.14981 ratio=1.0065 kl=0.0242 | eval_reward=+59.7234 eval_length= 60.00
update=3481 mean_reward=+59.6884 mean_length= 59.98 policy_loss=+0.00034 value_loss=+0.28213 ratio=1.0095 kl=0.0277
update=3482 mean_reward=+59.6919 mean_length= 59.98 policy_loss=+0.00218 value_loss=+0.24806 ratio=1.0149 kl=0.0287
update=3483 mean_reward=+59.7070 mean_length= 60.00 policy_loss=+0.00070 value_loss=+0.02453 ratio=1.0245 kl=0.0258
update=3484 mean_reward=+59.6957 mean_length= 59.99 policy_loss=+0.00049 value_loss=+0.15810 ratio=1.0108 kl=0.0236
update=3485 mean_reward=+59.6871 mean_length= 59.98 policy_loss=+0.00114 value_loss=+0.41944 ratio=1.0075 kl=0.0210 | eval_reward=+59.7239 eval_length= 60.00
update=3486 mean_reward=+59.7037 mean_length= 59.99 policy_loss=+0.00070 value_loss=+0.15174 ratio=1.0076 kl=0.0239
update=3487 mean_reward=+59.7070 mean_length= 59.99 policy_loss=+0.00188 value_loss=+0.09343 ratio=1.0739 kl=0.0258
update=3488 mean_reward=+59.6904 mean_length= 59.98 policy_loss=+0.00064 value_loss=+0.41821 ratio=1.0108 kl=0.0231
update=3489 mean_reward=+59.7114 mean_length= 60.00 policy_loss=+0.00082 value_loss=+0.08272 ratio=1.0221 kl=0.0272
update=3490 mean_reward=+59.6959 mean_length= 59.99 policy_loss=-0.00031 value_loss=+0.22494 ratio=1.0092 kl=0.0214 | eval_reward=+59.7269 eval_length= 60.00
update=3491 mean_reward=+59.7165 mean_length= 60.00 policy_loss=+0.00094 value_loss=+0.00238 ratio=1.0073 kl=0.0093
update=3492 mean_reward=+59.7056 mean_length= 59.99 policy_loss=+0.00144 value_loss=+0.16257 ratio=1.0086 kl=0.0210
update=3493 mean_reward=+59.7069 mean_length= 59.99 policy_loss=+0.00030 value_loss=+0.07201 ratio=1.0070 kl=0.0214
update=3494 mean_reward=+59.7104 mean_length= 59.99 policy_loss=+0.00070 value_loss=+0.08884 ratio=1.0144 kl=0.0251
update=3495 mean_reward=+59.7073 mean_length= 59.99 policy_loss=+0.00094 value_loss=+0.08223 ratio=1.0088 kl=0.0241 | eval_reward=+59.7293 eval_length= 60.00
update=3496 mean_reward=+59.7056 mean_length= 59.99 policy_loss=+0.00111 value_loss=+0.13251 ratio=1.0131 kl=0.0266
update=3497 mean_reward=+59.7160 mean_length= 60.00 policy_loss=+0.00141 value_loss=+0.00187 ratio=1.0086 kl=0.0142
update=3498 mean_reward=+59.7090 mean_length= 59.99 policy_loss=+0.00027 value_loss=+0.15595 ratio=1.0113 kl=0.0238
update=3499 mean_reward=+59.7101 mean_length= 60.00 policy_loss=-0.00046 value_loss=+0.07503 ratio=1.0102 kl=0.0284
update=3500 mean_reward=+59.7149 mean_length= 60.00 policy_loss=-0.00144 value_loss=+0.07329 ratio=1.0201 kl=0.0259 | eval_reward=+59.7387 eval_length= 60.00
update=3501 mean_reward=+59.7079 mean_length= 59.99 policy_loss=-0.00013 value_loss=+0.15454 ratio=1.0133 kl=0.0268
update=3502 mean_reward=+59.7182 mean_length= 60.00 policy_loss=+0.00109 value_loss=+0.00237 ratio=1.0088 kl=0.0110
update=3503 mean_reward=+59.7172 mean_length= 60.00 policy_loss=+0.00027 value_loss=+0.00356 ratio=1.0116 kl=0.0115
update=3504 mean_reward=+59.7148 mean_length= 59.99 policy_loss=+0.00385 value_loss=+0.07317 ratio=1.0170 kl=0.0252
update=3505 mean_reward=+59.6975 mean_length= 59.98 policy_loss=+0.00063 value_loss=+0.34472 ratio=1.0369 kl=0.0196 | eval_reward=+59.7369 eval_length= 60.00
update=3506 mean_reward=+59.7053 mean_length= 59.99 policy_loss=+0.00149 value_loss=+0.14699 ratio=1.0351 kl=0.0249
update=3507 mean_reward=+59.7051 mean_length= 59.99 policy_loss=+0.00150 value_loss=+0.15882 ratio=1.0192 kl=0.0247
update=3508 mean_reward=+59.7096 mean_length= 60.00 policy_loss=+0.00126 value_loss=+0.09325 ratio=1.0129 kl=0.0302
update=3509 mean_reward=+59.7160 mean_length= 60.00 policy_loss=+0.00084 value_loss=+0.00727 ratio=1.0122 kl=0.0108
update=3510 mean_reward=+59.6995 mean_length= 59.99 policy_loss=+0.00103 value_loss=+0.17423 ratio=1.0111 kl=0.0200 | eval_reward=+59.7212 eval_length= 60.00
update=3511 mean_reward=+59.7168 mean_length= 60.00 policy_loss=+0.00130 value_loss=+0.00165 ratio=1.0112 kl=0.0128
update=3512 mean_reward=+59.7124 mean_length= 59.99 policy_loss=+0.00170 value_loss=+0.17791 ratio=1.0133 kl=0.0281
update=3513 mean_reward=+59.7122 mean_length= 60.00 policy_loss=+0.00120 value_loss=+0.00167 ratio=1.0423 kl=0.0127
update=3514 mean_reward=+59.7131 mean_length= 60.00 policy_loss=+0.00059 value_loss=+0.00276 ratio=1.0123 kl=0.0163
update=3515 mean_reward=+59.7139 mean_length= 60.00 policy_loss=+0.00005 value_loss=+0.07063 ratio=1.0099 kl=0.0222 | eval_reward=+59.7266 eval_length= 60.00
update=3516 mean_reward=+59.7128 mean_length= 59.99 policy_loss=+0.00084 value_loss=+0.14702 ratio=1.0131 kl=0.0274
update=3517 mean_reward=+59.7171 mean_length= 60.00 policy_loss=+0.00265 value_loss=+0.00150 ratio=1.0147 kl=0.0132
update=3518 mean_reward=+59.7097 mean_length= 59.99 policy_loss=+0.00024 value_loss=+0.17167 ratio=1.0150 kl=0.0205
update=3519 mean_reward=+59.7063 mean_length= 59.99 policy_loss=+0.00105 value_loss=+0.23473 ratio=1.0305 kl=0.0344
update=3520 mean_reward=+59.7151 mean_length= 60.00 policy_loss=+0.00248 value_loss=+0.00451 ratio=1.0132 kl=0.0078 | eval_reward=+59.7374 eval_length= 60.00
update=3521 mean_reward=+59.7196 mean_length= 60.00 policy_loss=+0.00032 value_loss=+0.08304 ratio=1.0121 kl=0.0333
update=3522 mean_reward=+59.7111 mean_length= 59.99 policy_loss=+0.00085 value_loss=+0.15548 ratio=1.0180 kl=0.0306
update=3523 mean_reward=+59.7112 mean_length= 59.99 policy_loss=+0.00049 value_loss=+0.15786 ratio=1.0146 kl=0.0282
update=3524 mean_reward=+59.7183 mean_length= 60.00 policy_loss=+0.00134 value_loss=+0.00162 ratio=1.0139 kl=0.0076
update=3525 mean_reward=+59.7138 mean_length= 60.00 policy_loss=-0.00008 value_loss=+0.06928 ratio=1.0209 kl=0.0219 | eval_reward=+59.7362 eval_length= 60.00
update=3526 mean_reward=+59.6954 mean_length= 59.98 policy_loss=+0.00075 value_loss=+0.37630 ratio=1.0182 kl=0.0232
update=3527 mean_reward=+59.6919 mean_length= 59.98 policy_loss=+0.00077 value_loss=+0.45589 ratio=1.0157 kl=0.0267
update=3528 mean_reward=+59.7062 mean_length= 59.99 policy_loss=+0.00045 value_loss=+0.17889 ratio=1.0118 kl=0.0198
update=3529 mean_reward=+59.7066 mean_length= 59.99 policy_loss=+0.00054 value_loss=+0.24643 ratio=1.0118 kl=0.0280
update=3530 mean_reward=+59.6994 mean_length= 59.98 policy_loss=+0.00076 value_loss=+0.31205 ratio=1.0205 kl=0.0175 | eval_reward=+59.7313 eval_length= 60.00
update=3531 mean_reward=+59.7231 mean_length= 60.00 policy_loss=+0.00063 value_loss=+0.08374 ratio=1.0284 kl=0.0262
update=3532 mean_reward=+59.7165 mean_length= 60.00 policy_loss=+0.00091 value_loss=+0.15397 ratio=1.0150 kl=0.0273
update=3533 mean_reward=+59.7231 mean_length= 60.00 policy_loss=+0.00079 value_loss=+0.00470 ratio=1.0159 kl=0.0094
update=3534 mean_reward=+59.7130 mean_length= 59.99 policy_loss=+0.00014 value_loss=+0.07699 ratio=1.0149 kl=0.0273
update=3535 mean_reward=+59.7215 mean_length= 60.00 policy_loss=+0.00112 value_loss=+0.00128 ratio=1.0315 kl=0.0065 | eval_reward=+59.7270 eval_length= 60.00
update=3536 mean_reward=+59.7216 mean_length= 60.00 policy_loss=+0.00180 value_loss=+0.00135 ratio=1.0138 kl=0.0109
update=3537 mean_reward=+59.7125 mean_length= 59.99 policy_loss=+0.00238 value_loss=+0.20183 ratio=1.0140 kl=0.0237
update=3538 mean_reward=+59.7197 mean_length= 60.00 policy_loss=+0.00039 value_loss=+0.24124 ratio=1.0145 kl=0.0187
update=3539 mean_reward=+59.7167 mean_length= 59.99 policy_loss=-0.00014 value_loss=+0.13960 ratio=1.0149 kl=0.0248
update=3540 mean_reward=+59.7084 mean_length= 59.99 policy_loss=+0.00141 value_loss=+0.24770 ratio=1.0217 kl=0.0193 | eval_reward=+59.7314 eval_length= 60.00
update=3541 mean_reward=+59.7171 mean_length= 60.00 policy_loss=+0.00056 value_loss=+0.07408 ratio=1.0808 kl=0.0161
update=3542 mean_reward=+59.7206 mean_length= 60.00 policy_loss=+0.00107 value_loss=+0.10227 ratio=1.0168 kl=0.0266
update=3543 mean_reward=+59.7137 mean_length= 60.00 policy_loss=+0.00192 value_loss=+0.16709 ratio=1.0158 kl=0.0237
update=3544 mean_reward=+59.6838 mean_length= 59.97 policy_loss=+0.00089 value_loss=+0.52297 ratio=1.0180 kl=0.0281
update=3545 mean_reward=+59.7150 mean_length= 60.00 policy_loss=+0.00051 value_loss=+0.12238 ratio=1.0203 kl=0.0131 | eval_reward=+59.7341 eval_length= 60.00
update=3546 mean_reward=+59.7236 mean_length= 60.00 policy_loss=+0.00146 value_loss=+0.08589 ratio=1.0195 kl=0.0307
update=3547 mean_reward=+59.7097 mean_length= 59.98 policy_loss=+0.00036 value_loss=+0.21226 ratio=1.0186 kl=0.0353
update=3548 mean_reward=+59.7216 mean_length= 60.00 policy_loss=+0.00534 value_loss=+0.00355 ratio=1.0256 kl=0.0174
update=3549 mean_reward=+59.7115 mean_length= 59.99 policy_loss=+0.00094 value_loss=+0.24831 ratio=1.0191 kl=0.0231
update=3550 mean_reward=+59.7151 mean_length= 59.99 policy_loss=+0.00160 value_loss=+0.16213 ratio=1.0319 kl=0.0314 | eval_reward=+59.7279 eval_length= 60.00
update=3551 mean_reward=+59.7197 mean_length= 60.00 policy_loss=+0.00124 value_loss=+0.07340 ratio=1.0142 kl=0.0314
update=3552 mean_reward=+59.7206 mean_length= 60.00 policy_loss=+0.00134 value_loss=+0.00200 ratio=1.0134 kl=0.0090
update=3553 mean_reward=+59.7215 mean_length= 60.00 policy_loss=+0.00083 value_loss=+0.00231 ratio=1.0233 kl=0.0107
update=3554 mean_reward=+59.7154 mean_length= 60.00 policy_loss=+0.00104 value_loss=+0.07703 ratio=1.0142 kl=0.0239
update=3555 mean_reward=+59.7173 mean_length= 60.00 policy_loss=-0.00008 value_loss=+0.07909 ratio=1.0130 kl=0.0265 | eval_reward=+59.7306 eval_length= 60.00
update=3556 mean_reward=+59.7126 mean_length= 59.99 policy_loss=+0.00100 value_loss=+0.14514 ratio=1.0442 kl=0.0246
update=3557 mean_reward=+59.7246 mean_length= 60.00 policy_loss=+0.00167 value_loss=+0.00139 ratio=1.0172 kl=0.0065
update=3558 mean_reward=+59.7175 mean_length= 60.00 policy_loss=+0.00058 value_loss=+0.08337 ratio=1.0159 kl=0.0210
update=3559 mean_reward=+59.7224 mean_length= 60.00 policy_loss=-0.00027 value_loss=+0.07997 ratio=1.0155 kl=0.0193
update=3560 mean_reward=+59.7201 mean_length= 60.00 policy_loss=+0.00240 value_loss=+0.03313 ratio=1.0140 kl=0.0264 | eval_reward=+59.7297 eval_length= 60.00
update=3561 mean_reward=+59.7267 mean_length= 60.00 policy_loss=+0.00106 value_loss=+0.00271 ratio=1.0178 kl=0.0133
update=3562 mean_reward=+59.7195 mean_length= 60.00 policy_loss=+0.00090 value_loss=+0.08200 ratio=1.0148 kl=0.0296
update=3563 mean_reward=+59.7308 mean_length= 60.00 policy_loss=-0.00268 value_loss=+0.05200 ratio=1.0134 kl=0.0325
update=3564 mean_reward=+59.7250 mean_length= 60.00 policy_loss=+0.00070 value_loss=+0.00343 ratio=1.0142 kl=0.0154
update=3565 mean_reward=+59.7142 mean_length= 59.99 policy_loss=+0.00088 value_loss=+0.18417 ratio=1.0149 kl=0.0199 | eval_reward=+59.7307 eval_length= 60.00
update=3566 mean_reward=+59.7256 mean_length= 60.00 policy_loss=+0.00194 value_loss=+0.00120 ratio=1.0183 kl=0.0113
update=3567 mean_reward=+59.7249 mean_length= 60.00 policy_loss=+0.00124 value_loss=+0.00130 ratio=1.0225 kl=0.0091
update=3568 mean_reward=+59.7230 mean_length= 60.00 policy_loss=+0.00140 value_loss=+0.09082 ratio=1.0116 kl=0.0277
update=3569 mean_reward=+59.7276 mean_length= 60.00 policy_loss=+0.00043 value_loss=+0.00525 ratio=1.0131 kl=0.0189
update=3570 mean_reward=+59.7242 mean_length= 60.00 policy_loss=+0.00152 value_loss=+0.00115 ratio=1.0142 kl=0.0076 | eval_reward=+59.7248 eval_length= 60.00
update=3571 mean_reward=+59.7281 mean_length= 60.00 policy_loss=+0.00094 value_loss=+0.00103 ratio=1.0229 kl=0.0074
update=3572 mean_reward=+59.7201 mean_length= 59.99 policy_loss=+0.00212 value_loss=+0.10290 ratio=1.0196 kl=0.0250
update=3573 mean_reward=+59.7182 mean_length= 59.99 policy_loss=+0.00127 value_loss=+0.14920 ratio=1.0149 kl=0.0251
update=3574 mean_reward=+59.7262 mean_length= 60.00 policy_loss=+0.00123 value_loss=+0.00164 ratio=1.0172 kl=0.0158
update=3575 mean_reward=+59.7216 mean_length= 60.00 policy_loss=-0.00025 value_loss=+0.06450 ratio=1.0131 kl=0.0273 | eval_reward=+59.7174 eval_length= 60.00
update=3576 mean_reward=+59.7168 mean_length= 59.99 policy_loss=+0.00054 value_loss=+0.15704 ratio=1.0178 kl=0.0237
update=3577 mean_reward=+59.7177 mean_length= 59.99 policy_loss=-0.00078 value_loss=+0.13704 ratio=1.0127 kl=0.0226
update=3578 mean_reward=+59.7221 mean_length= 60.00 policy_loss=+0.00160 value_loss=+0.00278 ratio=1.0160 kl=0.0101
update=3579 mean_reward=+59.7164 mean_length= 60.00 policy_loss=-0.00048 value_loss=+0.07681 ratio=1.0205 kl=0.0204
update=3580 mean_reward=+59.7175 mean_length= 59.99 policy_loss=+0.00054 value_loss=+0.05690 ratio=1.0134 kl=0.0275 | eval_reward=+59.7226 eval_length= 60.00
update=3581 mean_reward=+59.7178 mean_length= 59.99 policy_loss=+0.00095 value_loss=+0.06998 ratio=1.0150 kl=0.0194
update=3582 mean_reward=+59.7236 mean_length= 60.00 policy_loss=+0.00137 value_loss=+0.00823 ratio=1.0187 kl=0.0318
update=3583 mean_reward=+59.7216 mean_length= 60.00 policy_loss=+0.00097 value_loss=+0.09515 ratio=1.0155 kl=0.0229
update=3584 mean_reward=+59.7203 mean_length= 60.00 policy_loss=+0.00070 value_loss=+0.00307 ratio=1.0191 kl=0.0195
update=3585 mean_reward=+59.7176 mean_length= 60.00 policy_loss=+0.00166 value_loss=+0.09225 ratio=1.0220 kl=0.0299 | eval_reward=+59.7202 eval_length= 60.00
update=3586 mean_reward=+59.7210 mean_length= 60.00 policy_loss=+0.00216 value_loss=+0.00124 ratio=1.0680 kl=0.0182
update=3587 mean_reward=+59.7271 mean_length= 60.00 policy_loss=+0.00120 value_loss=+0.00108 ratio=1.0192 kl=0.0066
update=3588 mean_reward=+59.7200 mean_length= 60.00 policy_loss=+0.00131 value_loss=+0.00105 ratio=1.0147 kl=0.0050
update=3589 mean_reward=+59.7142 mean_length= 59.99 policy_loss=+0.00042 value_loss=+0.15320 ratio=1.0628 kl=0.0249
update=3590 mean_reward=+59.7255 mean_length= 60.00 policy_loss=+0.00249 value_loss=+0.00214 ratio=1.0194 kl=0.0267 | eval_reward=+59.7177 eval_length= 60.00
update=3591 mean_reward=+59.7161 mean_length= 59.99 policy_loss=+0.00292 value_loss=+0.19451 ratio=1.0232 kl=0.0221
update=3592 mean_reward=+59.7214 mean_length= 59.99 policy_loss=+0.00102 value_loss=+0.07370 ratio=1.0168 kl=0.0240
update=3593 mean_reward=+59.7224 mean_length= 60.00 policy_loss=+0.00107 value_loss=+0.00202 ratio=1.0120 kl=0.0139
update=3594 mean_reward=+59.7094 mean_length= 59.99 policy_loss=+0.00032 value_loss=+0.23041 ratio=1.0146 kl=0.0234
update=3595 mean_reward=+59.7234 mean_length= 60.00 policy_loss=+0.00200 value_loss=+0.00168 ratio=1.0153 kl=0.0065 | eval_reward=+59.7204 eval_length= 60.00
update=3596 mean_reward=+59.7305 mean_length= 60.00 policy_loss=+0.00129 value_loss=+0.00129 ratio=1.0135 kl=0.0058
update=3597 mean_reward=+59.7147 mean_length= 59.99 policy_loss=+0.00003 value_loss=+0.14813 ratio=1.0148 kl=0.0233
update=3598 mean_reward=+59.7174 mean_length= 59.99 policy_loss=+0.00066 value_loss=+0.27355 ratio=1.0134 kl=0.0256
update=3599 mean_reward=+59.7152 mean_length= 59.99 policy_loss=+0.00073 value_loss=+0.15738 ratio=1.0114 kl=0.0270
update=3600 mean_reward=+59.7140 mean_length= 59.99 policy_loss=-0.00054 value_loss=+0.14030 ratio=1.0120 kl=0.0273 | eval_reward=+59.7164 eval_length= 60.00
update=3601 mean_reward=+59.7238 mean_length= 60.00 policy_loss=+0.00078 value_loss=+0.00563 ratio=1.0132 kl=0.0150
update=3602 mean_reward=+59.7232 mean_length= 60.00 policy_loss=+0.00078 value_loss=+0.00129 ratio=1.0285 kl=0.0061
update=3603 mean_reward=+59.7267 mean_length= 60.00 policy_loss=+0.00107 value_loss=+0.00131 ratio=1.0121 kl=0.0099
update=3604 mean_reward=+59.7221 mean_length= 60.00 policy_loss=+0.00082 value_loss=+0.07658 ratio=1.0123 kl=0.0252
update=3605 mean_reward=+59.7203 mean_length= 60.00 policy_loss=+0.00113 value_loss=+0.08907 ratio=1.0127 kl=0.0225 | eval_reward=+59.7239 eval_length= 60.00
update=3606 mean_reward=+59.7276 mean_length= 60.00 policy_loss=+0.00194 value_loss=+0.00127 ratio=1.0147 kl=0.0129
update=3607 mean_reward=+59.6972 mean_length= 59.98 policy_loss=+0.00051 value_loss=+0.24847 ratio=1.0149 kl=0.0264
update=3608 mean_reward=+59.7236 mean_length= 60.00 policy_loss=+0.00124 value_loss=+0.00134 ratio=1.0154 kl=0.0111
update=3609 mean_reward=+59.7219 mean_length= 60.00 policy_loss=+0.00102 value_loss=+0.09938 ratio=1.0174 kl=0.0259
update=3610 mean_reward=+59.6957 mean_length= 59.98 policy_loss=-0.00121 value_loss=+0.18468 ratio=1.0167 kl=0.0229 | eval_reward=+59.7238 eval_length= 60.00
update=3611 mean_reward=+59.7204 mean_length= 60.00 policy_loss=+0.00225 value_loss=+0.00124 ratio=1.0117 kl=0.0137
update=3612 mean_reward=+59.7141 mean_length= 59.99 policy_loss=+0.00261 value_loss=+0.05717 ratio=1.0119 kl=0.0241
update=3613 mean_reward=+59.7218 mean_length= 60.00 policy_loss=+0.00485 value_loss=+0.00299 ratio=1.0109 kl=0.0300
update=3614 mean_reward=+59.7160 mean_length= 60.00 policy_loss=+0.00053 value_loss=+0.06725 ratio=1.0129 kl=0.0240
update=3615 mean_reward=+59.7148 mean_length= 59.99 policy_loss=+0.00101 value_loss=+0.05985 ratio=1.0127 kl=0.0249 | eval_reward=+59.7186 eval_length= 60.00
update=3616 mean_reward=+59.7109 mean_length= 59.99 policy_loss=+0.00296 value_loss=+0.12332 ratio=1.0154 kl=0.0271
update=3617 mean_reward=+59.6934 mean_length= 59.98 policy_loss=-0.00012 value_loss=+0.33328 ratio=1.0145 kl=0.0245
update=3618 mean_reward=+59.7169 mean_length= 60.00 policy_loss=+0.00181 value_loss=+0.00704 ratio=1.0133 kl=0.0272
update=3619 mean_reward=+59.7154 mean_length= 60.00 policy_loss=+0.00114 value_loss=+0.00125 ratio=1.0607 kl=0.0080
update=3620 mean_reward=+59.7141 mean_length= 60.00 policy_loss=+0.00229 value_loss=+0.10302 ratio=1.0153 kl=0.0262 | eval_reward=+59.7216 eval_length= 60.00
update=3621 mean_reward=+59.7076 mean_length= 59.99 policy_loss=-0.00009 value_loss=+0.15180 ratio=1.0148 kl=0.0190
update=3622 mean_reward=+59.7111 mean_length= 59.99 policy_loss=+0.00048 value_loss=+0.07277 ratio=1.0188 kl=0.0256
update=3623 mean_reward=+59.7139 mean_length= 60.00 policy_loss=+0.00103 value_loss=+0.08231 ratio=1.0125 kl=0.0206
update=3624 mean_reward=+59.6987 mean_length= 59.98 policy_loss=+0.00202 value_loss=+0.35022 ratio=1.0119 kl=0.0307
update=3625 mean_reward=+59.7062 mean_length= 59.99 policy_loss=+0.00081 value_loss=+0.12764 ratio=1.0112 kl=0.0251 | eval_reward=+59.7106 eval_length= 60.00
update=3626 mean_reward=+59.7084 mean_length= 59.99 policy_loss=+0.00081 value_loss=+0.14146 ratio=1.0139 kl=0.0246
update=3627 mean_reward=+59.6967 mean_length= 59.98 policy_loss=+0.00116 value_loss=+0.36229 ratio=1.0105 kl=0.0261
update=3628 mean_reward=+59.7195 mean_length= 60.00 policy_loss=+0.00091 value_loss=+0.08299 ratio=1.0083 kl=0.0270
update=3629 mean_reward=+59.7035 mean_length= 59.99 policy_loss=+0.00011 value_loss=+0.21638 ratio=1.0097 kl=0.0264
update=3630 mean_reward=+59.7096 mean_length= 59.99 policy_loss=+0.00034 value_loss=+0.18549 ratio=1.0129 kl=0.0295 | eval_reward=+59.7033 eval_length= 60.00
update=3631 mean_reward=+59.7177 mean_length= 60.00 policy_loss=+0.00048 value_loss=+0.07681 ratio=1.0114 kl=0.0167
update=3632 mean_reward=+59.7185 mean_length= 60.00 policy_loss=+0.00044 value_loss=+0.00630 ratio=1.0108 kl=0.0175
update=3633 mean_reward=+59.7146 mean_length= 59.99 policy_loss=+0.00058 value_loss=+0.16541 ratio=1.0087 kl=0.0241
update=3634 mean_reward=+59.7163 mean_length= 59.99 policy_loss=+0.00163 value_loss=+0.17019 ratio=1.0095 kl=0.0211
update=3635 mean_reward=+59.7146 mean_length= 59.99 policy_loss=+0.00101 value_loss=+0.15952 ratio=1.0109 kl=0.0284 | eval_reward=+59.7132 eval_length= 60.00
update=3636 mean_reward=+59.7226 mean_length= 60.00 policy_loss=+0.00215 value_loss=+0.03604 ratio=1.0126 kl=0.0257
update=3637 mean_reward=+59.7076 mean_length= 59.99 policy_loss=+0.00080 value_loss=+0.12000 ratio=1.0100 kl=0.0247
update=3638 mean_reward=+59.7119 mean_length= 59.99 policy_loss=+0.00090 value_loss=+0.05993 ratio=1.0134 kl=0.0325
update=3639 mean_reward=+59.7142 mean_length= 60.00 policy_loss=+0.00167 value_loss=+0.10395 ratio=1.0096 kl=0.0208
update=3640 mean_reward=+59.7076 mean_length= 59.99 policy_loss=+0.00176 value_loss=+0.14302 ratio=1.0152 kl=0.0261 | eval_reward=+59.7348 eval_length= 60.00
update=3641 mean_reward=+59.7077 mean_length= 59.99 policy_loss=+0.00125 value_loss=+0.26397 ratio=1.0127 kl=0.0217
update=3642 mean_reward=+59.7124 mean_length= 59.99 policy_loss=+0.00133 value_loss=+0.24156 ratio=1.0113 kl=0.0191
update=3643 mean_reward=+59.7069 mean_length= 59.99 policy_loss=+0.00070 value_loss=+0.06878 ratio=1.0130 kl=0.0114
update=3644 mean_reward=+59.7039 mean_length= 59.99 policy_loss=+0.00072 value_loss=+0.12278 ratio=1.0124 kl=0.0246
update=3645 mean_reward=+59.7097 mean_length= 59.99 policy_loss=+0.00135 value_loss=+0.08541 ratio=1.0108 kl=0.0215 | eval_reward=+59.7258 eval_length= 60.00
update=3646 mean_reward=+59.7090 mean_length= 59.99 policy_loss=-0.00076 value_loss=+0.14728 ratio=1.0126 kl=0.0250
update=3647 mean_reward=+59.7082 mean_length= 59.98 policy_loss=+0.00007 value_loss=+0.20921 ratio=1.0115 kl=0.0271
update=3648 mean_reward=+59.7115 mean_length= 60.00 policy_loss=+0.00167 value_loss=+0.10347 ratio=1.0104 kl=0.0242
update=3649 mean_reward=+59.7100 mean_length= 59.99 policy_loss=+0.00071 value_loss=+0.08496 ratio=1.0170 kl=0.0243
update=3650 mean_reward=+59.7189 mean_length= 60.00 policy_loss=+0.00164 value_loss=+0.00344 ratio=1.0118 kl=0.0085 | eval_reward=+59.7212 eval_length= 60.00
update=3651 mean_reward=+59.7061 mean_length= 59.99 policy_loss=+0.00150 value_loss=+0.05737 ratio=1.0102 kl=0.0242
update=3652 mean_reward=+59.6925 mean_length= 59.98 policy_loss=-0.00191 value_loss=+0.16735 ratio=1.0114 kl=0.0207
update=3653 mean_reward=+59.6963 mean_length= 59.99 policy_loss=+0.00155 value_loss=+0.06929 ratio=1.0382 kl=0.0204
update=3654 mean_reward=+59.6902 mean_length= 59.99 policy_loss=+0.00285 value_loss=+0.32838 ratio=1.0274 kl=0.0192
update=3655 mean_reward=+59.6886 mean_length= 59.99 policy_loss=+0.00290 value_loss=+0.15041 ratio=1.0094 kl=0.0207 | eval_reward=+59.6892 eval_length= 60.00
update=3656 mean_reward=+59.6823 mean_length= 59.99 policy_loss=+0.00164 value_loss=+0.27774 ratio=1.0157 kl=0.0258
update=3657 mean_reward=+59.6855 mean_length= 60.00 policy_loss=+0.00130 value_loss=+0.10114 ratio=1.0162 kl=0.0263
update=3658 mean_reward=+59.6785 mean_length= 59.98 policy_loss=+0.00042 value_loss=+0.18097 ratio=1.0179 kl=0.0290
update=3659 mean_reward=+59.6865 mean_length= 59.99 policy_loss=+0.00213 value_loss=+0.12662 ratio=1.0170 kl=0.0265
update=3660 mean_reward=+59.7018 mean_length= 60.00 policy_loss=+0.00141 value_loss=+0.09876 ratio=1.0155 kl=0.0284 | eval_reward=+59.7147 eval_length= 60.00
update=3661 mean_reward=+59.6975 mean_length= 59.99 policy_loss=+0.00144 value_loss=+0.28742 ratio=1.0129 kl=0.0236
update=3662 mean_reward=+59.6790 mean_length= 59.98 policy_loss=-0.00005 value_loss=+0.33028 ratio=1.0129 kl=0.0305
update=3663 mean_reward=+59.6858 mean_length= 59.99 policy_loss=+0.00071 value_loss=+0.24690 ratio=1.0159 kl=0.0256
update=3664 mean_reward=+59.6733 mean_length= 59.97 policy_loss=-0.00037 value_loss=+0.49189 ratio=1.0180 kl=0.0261
update=3665 mean_reward=+59.6986 mean_length= 59.99 policy_loss=-0.00037 value_loss=+0.23764 ratio=1.0157 kl=0.0296 | eval_reward=+59.7089 eval_length= 60.00
update=3666 mean_reward=+59.6884 mean_length= 59.98 policy_loss=-0.00002 value_loss=+0.25534 ratio=1.0188 kl=0.0263
update=3667 mean_reward=+59.6913 mean_length= 59.98 policy_loss=-0.00045 value_loss=+0.33348 ratio=1.0168 kl=0.0234
update=3668 mean_reward=+59.6969 mean_length= 59.99 policy_loss=+0.00153 value_loss=+0.19337 ratio=1.0180 kl=0.0208
update=3669 mean_reward=+59.7104 mean_length= 60.00 policy_loss=+0.00092 value_loss=+0.00349 ratio=1.0254 kl=0.0117
update=3670 mean_reward=+59.7003 mean_length= 59.99 policy_loss=+0.00067 value_loss=+0.22479 ratio=1.0147 kl=0.0329 | eval_reward=+59.7152 eval_length= 60.00
update=3671 mean_reward=+59.6942 mean_length= 59.98 policy_loss=+0.00017 value_loss=+0.18417 ratio=1.0132 kl=0.0215
update=3672 mean_reward=+59.7045 mean_length= 60.00 policy_loss=+0.00064 value_loss=+0.09255 ratio=1.0131 kl=0.0183
update=3673 mean_reward=+59.6932 mean_length= 59.98 policy_loss=+0.00229 value_loss=+0.29645 ratio=1.0145 kl=0.0178
update=3674 mean_reward=+59.7034 mean_length= 59.99 policy_loss=+0.00183 value_loss=+0.15879 ratio=1.0216 kl=0.0293
update=3675 mean_reward=+59.7023 mean_length= 59.99 policy_loss=+0.00198 value_loss=+0.18839 ratio=1.0189 kl=0.0287 | eval_reward=+59.7152 eval_length= 60.00
update=3676 mean_reward=+59.7067 mean_length= 60.00 policy_loss=+0.00026 value_loss=+0.01175 ratio=1.0123 kl=0.0202
update=3677 mean_reward=+59.7095 mean_length= 60.00 policy_loss=-0.00101 value_loss=+0.15874 ratio=1.0167 kl=0.0225
update=3678 mean_reward=+59.6991 mean_length= 59.99 policy_loss=+0.00038 value_loss=+0.17627 ratio=1.0143 kl=0.0258
update=3679 mean_reward=+59.7069 mean_length= 59.99 policy_loss=+0.00146 value_loss=+0.35244 ratio=1.0152 kl=0.0252
update=3680 mean_reward=+59.6982 mean_length= 59.99 policy_loss=+0.00061 value_loss=+0.25648 ratio=1.0204 kl=0.0275 | eval_reward=+59.7096 eval_length= 60.00
update=3681 mean_reward=+59.6913 mean_length= 59.98 policy_loss=+0.00434 value_loss=+0.54662 ratio=1.0146 kl=0.0188
update=3682 mean_reward=+59.6786 mean_length= 59.97 policy_loss=+0.00060 value_loss=+0.58321 ratio=1.0216 kl=0.0214
update=3683 mean_reward=+59.6902 mean_length= 59.98 policy_loss=-0.00034 value_loss=+0.54212 ratio=1.0171 kl=0.0194
update=3684 mean_reward=+59.6882 mean_length= 59.97 policy_loss=-0.00073 value_loss=+0.49336 ratio=1.0178 kl=0.0156
update=3685 mean_reward=+59.7124 mean_length= 60.00 policy_loss=+0.00192 value_loss=+0.10763 ratio=1.0419 kl=0.0261 | eval_reward=+59.7059 eval_length= 60.00
update=3686 mean_reward=+59.6889 mean_length= 59.98 policy_loss=+0.00304 value_loss=+0.62690 ratio=1.0304 kl=0.0217
update=3687 mean_reward=+59.7151 mean_length= 60.00 policy_loss=+0.00108 value_loss=+0.00558 ratio=1.0188 kl=0.0132
update=3688 mean_reward=+59.7166 mean_length= 60.00 policy_loss=+0.00158 value_loss=+0.00178 ratio=1.0212 kl=0.0062
update=3689 mean_reward=+59.7178 mean_length= 60.00 policy_loss=+0.00117 value_loss=+0.00145 ratio=1.0161 kl=0.0046
update=3690 mean_reward=+59.7053 mean_length= 59.99 policy_loss=+0.00038 value_loss=+0.23687 ratio=1.0184 kl=0.0212 | eval_reward=+59.6869 eval_length= 60.00
update=3691 mean_reward=+59.6966 mean_length= 59.98 policy_loss=-0.00009 value_loss=+0.18056 ratio=1.0153 kl=0.0276
update=3692 mean_reward=+59.7120 mean_length= 60.00 policy_loss=+0.00219 value_loss=+0.00395 ratio=1.0159 kl=0.0067
update=3693 mean_reward=+59.7096 mean_length= 60.00 policy_loss=+0.00091 value_loss=+0.00428 ratio=1.0146 kl=0.0085
update=3694 mean_reward=+59.7195 mean_length= 60.00 policy_loss=+0.00035 value_loss=+0.09299 ratio=1.0190 kl=0.0227
update=3695 mean_reward=+59.7072 mean_length= 59.99 policy_loss=+0.00076 value_loss=+0.24557 ratio=1.0297 kl=0.0289 | eval_reward=+59.7105 eval_length= 60.00
update=3696 mean_reward=+59.7152 mean_length= 60.00 policy_loss=+0.00146 value_loss=+0.10617 ratio=1.0196 kl=0.0233
update=3697 mean_reward=+59.7073 mean_length= 59.99 policy_loss=+0.00071 value_loss=+0.16996 ratio=1.0160 kl=0.0263
update=3698 mean_reward=+59.7160 mean_length= 60.00 policy_loss=+0.00005 value_loss=+0.09957 ratio=1.0270 kl=0.0262
update=3699 mean_reward=+59.7105 mean_length= 59.99 policy_loss=+0.00103 value_loss=+0.08268 ratio=1.0180 kl=0.0230
update=3700 mean_reward=+59.7166 mean_length= 60.00 policy_loss=+0.00064 value_loss=+0.00196 ratio=1.0148 kl=0.0086 | eval_reward=+59.7099 eval_length= 60.00
update=3701 mean_reward=+59.7069 mean_length= 60.00 policy_loss=+0.00159 value_loss=+0.09251 ratio=1.0777 kl=0.0195
update=3702 mean_reward=+59.7122 mean_length= 60.00 policy_loss=+0.00138 value_loss=+0.10312 ratio=1.0158 kl=0.0314
update=3703 mean_reward=+59.7057 mean_length= 59.99 policy_loss=+0.00231 value_loss=+0.16278 ratio=1.0180 kl=0.0243
update=3704 mean_reward=+59.7085 mean_length= 59.99 policy_loss=+0.00110 value_loss=+0.07687 ratio=1.0130 kl=0.0271
update=3705 mean_reward=+59.7152 mean_length= 60.00 policy_loss=+0.00117 value_loss=+0.00632 ratio=1.0156 kl=0.0151 | eval_reward=+59.7153 eval_length= 60.00
update=3706 mean_reward=+59.7036 mean_length= 59.99 policy_loss=+0.00076 value_loss=+0.13520 ratio=1.0344 kl=0.0222
update=3707 mean_reward=+59.7063 mean_length= 59.99 policy_loss=+0.00078 value_loss=+0.22020 ratio=1.0128 kl=0.0266
update=3708 mean_reward=+59.7119 mean_length= 59.99 policy_loss=+0.00109 value_loss=+0.05525 ratio=1.0154 kl=0.0291
update=3709 mean_reward=+59.7132 mean_length= 59.99 policy_loss=+0.00114 value_loss=+0.15740 ratio=1.0271 kl=0.0230
update=3710 mean_reward=+59.7068 mean_length= 59.99 policy_loss=-0.00022 value_loss=+0.13414 ratio=1.0165 kl=0.0196 | eval_reward=+59.7185 eval_length= 60.00
update=3711 mean_reward=+59.7083 mean_length= 59.99 policy_loss=+0.00014 value_loss=+0.14760 ratio=1.0141 kl=0.0264
update=3712 mean_reward=+59.7077 mean_length= 60.00 policy_loss=+0.00114 value_loss=+0.08884 ratio=1.0174 kl=0.0298
update=3713 mean_reward=+59.7155 mean_length= 60.00 policy_loss=+0.00436 value_loss=+0.00789 ratio=1.0173 kl=0.0146
update=3714 mean_reward=+59.7049 mean_length= 59.99 policy_loss=+0.00187 value_loss=+0.05364 ratio=1.0146 kl=0.0213
update=3715 mean_reward=+59.7097 mean_length= 60.00 policy_loss=-0.00028 value_loss=+0.08207 ratio=1.0136 kl=0.0249 | eval_reward=+59.7144 eval_length= 60.00
update=3716 mean_reward=+59.7060 mean_length= 59.99 policy_loss=+0.00200 value_loss=+0.07530 ratio=1.0152 kl=0.0286
update=3717 mean_reward=+59.7027 mean_length= 60.00 policy_loss=+0.00168 value_loss=+0.00355 ratio=1.0133 kl=0.0181
update=3718 mean_reward=+59.6936 mean_length= 59.99 policy_loss=+0.00065 value_loss=+0.30522 ratio=1.0162 kl=0.0265
update=3719 mean_reward=+59.7125 mean_length= 60.00 policy_loss=+0.00217 value_loss=+0.00438 ratio=1.0138 kl=0.0104
update=3720 mean_reward=+59.7014 mean_length= 59.99 policy_loss=+0.00112 value_loss=+0.16371 ratio=1.0186 kl=0.0319 | eval_reward=+59.7182 eval_length= 60.00
update=3721 mean_reward=+59.7088 mean_length= 60.00 policy_loss=+0.00091 value_loss=+0.00153 ratio=1.0159 kl=0.0066
update=3722 mean_reward=+59.6958 mean_length= 59.98 policy_loss=+0.00086 value_loss=+0.22570 ratio=1.0172 kl=0.0192
update=3723 mean_reward=+59.6973 mean_length= 59.99 policy_loss=+0.00096 value_loss=+0.15157 ratio=1.0137 kl=0.0252
update=3724 mean_reward=+59.7105 mean_length= 60.00 policy_loss=+0.00248 value_loss=+0.00151 ratio=1.0130 kl=0.0106
update=3725 mean_reward=+59.6929 mean_length= 59.99 policy_loss=+0.00073 value_loss=+0.24607 ratio=1.0123 kl=0.0185 | eval_reward=+59.7157 eval_length= 60.00
update=3726 mean_reward=+59.6923 mean_length= 59.99 policy_loss=+0.00112 value_loss=+0.14327 ratio=1.0163 kl=0.0262
update=3727 mean_reward=+59.6898 mean_length= 59.98 policy_loss=+0.00113 value_loss=+0.19585 ratio=1.0168 kl=0.0189
update=3728 mean_reward=+59.6976 mean_length= 60.00 policy_loss=+0.00185 value_loss=+0.00230 ratio=1.0150 kl=0.0049
update=3729 mean_reward=+59.6988 mean_length= 60.00 policy_loss=+0.00059 value_loss=+0.15664 ratio=1.0112 kl=0.0298
update=3730 mean_reward=+59.7025 mean_length= 59.99 policy_loss=-0.00003 value_loss=+0.07238 ratio=1.0156 kl=0.0227 | eval_reward=+59.6972 eval_length= 60.00
update=3731 mean_reward=+59.7020 mean_length= 59.99 policy_loss=+0.00117 value_loss=+0.16614 ratio=1.0156 kl=0.0256
update=3732 mean_reward=+59.7103 mean_length= 60.00 policy_loss=+0.00168 value_loss=+0.00356 ratio=1.0172 kl=0.0121
update=3733 mean_reward=+59.7087 mean_length= 60.00 policy_loss=+0.00164 value_loss=+0.09394 ratio=1.0140 kl=0.0249
update=3734 mean_reward=+59.7084 mean_length= 60.00 policy_loss=-0.00148 value_loss=+0.05041 ratio=1.0124 kl=0.0271
update=3735 mean_reward=+59.7114 mean_length= 60.00 policy_loss=+0.00102 value_loss=+0.00196 ratio=1.0143 kl=0.0081 | eval_reward=+59.7096 eval_length= 60.00
update=3736 mean_reward=+59.7149 mean_length= 60.00 policy_loss=+0.00196 value_loss=+0.08964 ratio=1.0119 kl=0.0263
update=3737 mean_reward=+59.7120 mean_length= 60.00 policy_loss=+0.00172 value_loss=+0.00130 ratio=1.0151 kl=0.0106
update=3738 mean_reward=+59.7112 mean_length= 60.00 policy_loss=+0.00123 value_loss=+0.09178 ratio=1.0148 kl=0.0253
update=3739 mean_reward=+59.7102 mean_length= 59.99 policy_loss=+0.00150 value_loss=+0.18599 ratio=1.0325 kl=0.0239
update=3740 mean_reward=+59.7188 mean_length= 60.00 policy_loss=+0.00197 value_loss=+0.00121 ratio=1.0163 kl=0.0093 | eval_reward=+59.7218 eval_length= 60.00
update=3741 mean_reward=+59.7123 mean_length= 59.99 policy_loss=+0.00171 value_loss=+0.07419 ratio=1.0245 kl=0.0203
update=3742 mean_reward=+59.7060 mean_length= 59.99 policy_loss=+0.00099 value_loss=+0.16899 ratio=1.0312 kl=0.0233
update=3743 mean_reward=+59.6772 mean_length= 59.97 policy_loss=+0.00107 value_loss=+0.41732 ratio=1.0098 kl=0.0286
update=3744 mean_reward=+59.7062 mean_length= 60.00 policy_loss=+0.00070 value_loss=+0.13163 ratio=1.0142 kl=0.0266
update=3745 mean_reward=+59.6879 mean_length= 59.98 policy_loss=+0.00038 value_loss=+0.31832 ratio=1.0142 kl=0.0223 | eval_reward=+59.7235 eval_length= 60.00
update=3746 mean_reward=+59.6992 mean_length= 59.99 policy_loss=+0.00145 value_loss=+0.05519 ratio=1.0169 kl=0.0320
update=3747 mean_reward=+59.7035 mean_length= 60.00 policy_loss=+0.00204 value_loss=+0.10435 ratio=1.0144 kl=0.0194
update=3748 mean_reward=+59.7098 mean_length= 60.00 policy_loss=-0.00044 value_loss=+0.07508 ratio=1.0141 kl=0.0231
update=3749 mean_reward=+59.6966 mean_length= 59.99 policy_loss=-0.00051 value_loss=+0.28056 ratio=1.0137 kl=0.0262
update=3750 mean_reward=+59.6959 mean_length= 59.99 policy_loss=+0.00076 value_loss=+0.14726 ratio=1.0223 kl=0.0270 | eval_reward=+59.7088 eval_length= 60.00
update=3751 mean_reward=+59.7106 mean_length= 60.00 policy_loss=+0.00073 value_loss=+0.08970 ratio=1.0157 kl=0.0217
update=3752 mean_reward=+59.6935 mean_length= 59.98 policy_loss=+0.00119 value_loss=+0.29173 ratio=1.0164 kl=0.0252
update=3753 mean_reward=+59.7089 mean_length= 60.00 policy_loss=+0.00073 value_loss=+0.08597 ratio=1.0455 kl=0.0184
update=3754 mean_reward=+59.7043 mean_length= 59.99 policy_loss=+0.00068 value_loss=+0.05136 ratio=1.0367 kl=0.0352
update=3755 mean_reward=+59.7120 mean_length= 60.00 policy_loss=+0.00560 value_loss=+0.00145 ratio=1.0311 kl=0.0244 | eval_reward=+59.7148 eval_length= 60.00
update=3756 mean_reward=+59.7040 mean_length= 59.99 policy_loss=+0.00047 value_loss=+0.22828 ratio=1.0114 kl=0.0261
update=3757 mean_reward=+59.7125 mean_length= 59.99 policy_loss=+0.00074 value_loss=+0.06625 ratio=1.0125 kl=0.0332
update=3758 mean_reward=+59.7147 mean_length= 60.00 policy_loss=+0.00024 value_loss=+0.08687 ratio=1.0166 kl=0.0245
update=3759 mean_reward=+59.7188 mean_length= 60.00 policy_loss=+0.00113 value_loss=+0.00158 ratio=1.0126 kl=0.0109
update=3760 mean_reward=+59.7091 mean_length= 59.99 policy_loss=+0.00009 value_loss=+0.05672 ratio=1.0159 kl=0.0198 | eval_reward=+59.7100 eval_length= 60.00
update=3761 mean_reward=+59.7008 mean_length= 59.99 policy_loss=+0.00129 value_loss=+0.25044 ratio=1.0182 kl=0.0195
update=3762 mean_reward=+59.6971 mean_length= 59.98 policy_loss=+0.00072 value_loss=+0.20957 ratio=1.0132 kl=0.0228
update=3763 mean_reward=+59.7097 mean_length= 59.99 policy_loss=+0.00049 value_loss=+0.07244 ratio=1.0125 kl=0.0246
update=3764 mean_reward=+59.7026 mean_length= 59.99 policy_loss=+0.00002 value_loss=+0.12066 ratio=1.0139 kl=0.0283
update=3765 mean_reward=+59.6964 mean_length= 59.98 policy_loss=+0.00099 value_loss=+0.36581 ratio=1.0138 kl=0.0213 | eval_reward=+59.7154 eval_length= 60.00
update=3766 mean_reward=+59.7075 mean_length= 59.99 policy_loss=+0.00068 value_loss=+0.15235 ratio=1.0129 kl=0.0287
update=3767 mean_reward=+59.7040 mean_length= 59.99 policy_loss=+0.00049 value_loss=+0.14535 ratio=1.0177 kl=0.0337
update=3768 mean_reward=+59.7112 mean_length= 60.00 policy_loss=+0.00047 value_loss=+0.00369 ratio=1.0136 kl=0.0104
update=3769 mean_reward=+59.7110 mean_length= 59.99 policy_loss=+0.00108 value_loss=+0.05447 ratio=1.0214 kl=0.0260
update=3770 mean_reward=+59.7017 mean_length= 59.99 policy_loss=-0.00041 value_loss=+0.14228 ratio=1.0108 kl=0.0193 | eval_reward=+59.7057 eval_length= 60.00
update=3771 mean_reward=+59.7121 mean_length= 60.00 policy_loss=+0.00043 value_loss=+0.07463 ratio=1.0188 kl=0.0255
update=3772 mean_reward=+59.7163 mean_length= 60.00 policy_loss=+0.00115 value_loss=+0.00208 ratio=1.0181 kl=0.0136
update=3773 mean_reward=+59.7131 mean_length= 60.00 policy_loss=+0.00072 value_loss=+0.00185 ratio=1.0142 kl=0.0093
update=3774 mean_reward=+59.7065 mean_length= 59.99 policy_loss=+0.00050 value_loss=+0.15139 ratio=1.0123 kl=0.0173
update=3775 mean_reward=+59.7168 mean_length= 60.00 policy_loss=+0.00143 value_loss=+0.00126 ratio=1.0127 kl=0.0118 | eval_reward=+59.7165 eval_length= 60.00
update=3776 mean_reward=+59.6999 mean_length= 59.99 policy_loss=-0.00012 value_loss=+0.21056 ratio=1.0203 kl=0.0190
update=3777 mean_reward=+59.7015 mean_length= 59.99 policy_loss=+0.00116 value_loss=+0.15484 ratio=1.0137 kl=0.0199
update=3778 mean_reward=+59.7105 mean_length= 60.00 policy_loss=+0.00189 value_loss=+0.10985 ratio=1.0102 kl=0.0293
update=3779 mean_reward=+59.6931 mean_length= 59.98 policy_loss=+0.00118 value_loss=+0.21830 ratio=1.0276 kl=0.0240
update=3780 mean_reward=+59.7070 mean_length= 60.00 policy_loss=+0.00052 value_loss=+0.00399 ratio=1.0174 kl=0.0140 | eval_reward=+59.7012 eval_length= 60.00
update=3781 mean_reward=+59.7015 mean_length= 59.99 policy_loss=+0.00092 value_loss=+0.13613 ratio=1.0175 kl=0.0205
update=3782 mean_reward=+59.6977 mean_length= 59.99 policy_loss=+0.00040 value_loss=+0.16108 ratio=1.0222 kl=0.0240
update=3783 mean_reward=+59.6946 mean_length= 59.98 policy_loss=+0.00073 value_loss=+0.20326 ratio=1.0151 kl=0.0224
update=3784 mean_reward=+59.7067 mean_length= 59.99 policy_loss=+0.00138 value_loss=+0.06747 ratio=1.0363 kl=0.0230
update=3785 mean_reward=+59.6929 mean_length= 59.98 policy_loss=+0.00100 value_loss=+0.28477 ratio=1.0175 kl=0.0224 | eval_reward=+59.6961 eval_length= 60.00
update=3786 mean_reward=+59.6796 mean_length= 59.97 policy_loss=+0.00103 value_loss=+0.46299 ratio=1.0253 kl=0.0257
update=3787 mean_reward=+59.6798 mean_length= 59.97 policy_loss=-0.00065 value_loss=+0.50689 ratio=1.0202 kl=0.0266
update=3788 mean_reward=+59.7024 mean_length= 60.00 policy_loss=+0.00041 value_loss=+0.08431 ratio=1.0188 kl=0.0246
update=3789 mean_reward=+59.6957 mean_length= 59.98 policy_loss=+0.00232 value_loss=+0.21662 ratio=1.0271 kl=0.0240
update=3790 mean_reward=+59.7071 mean_length= 59.99 policy_loss=+0.00115 value_loss=+0.08525 ratio=1.0269 kl=0.0233 | eval_reward=+59.6991 eval_length= 60.00
update=3791 mean_reward=+59.6756 mean_length= 59.98 policy_loss=+0.00055 value_loss=+0.36225 ratio=1.0189 kl=0.0247
update=3792 mean_reward=+59.6799 mean_length= 59.98 policy_loss=+0.00067 value_loss=+0.55698 ratio=1.0197 kl=0.0352
update=3793 mean_reward=+59.6801 mean_length= 59.98 policy_loss=-0.00042 value_loss=+0.26031 ratio=1.0254 kl=0.0210
update=3794 mean_reward=+59.6822 mean_length= 59.98 policy_loss=+0.00090 value_loss=+0.39161 ratio=1.0189 kl=0.0220
update=3795 mean_reward=+59.6976 mean_length= 59.99 policy_loss=+0.00125 value_loss=+0.07830 ratio=1.0302 kl=0.0268 | eval_reward=+59.6923 eval_length= 60.00
update=3796 mean_reward=+59.7027 mean_length= 60.00 policy_loss=+0.00130 value_loss=+0.08608 ratio=1.0199 kl=0.0310
update=3797 mean_reward=+59.7020 mean_length= 59.99 policy_loss=+0.00167 value_loss=+0.15842 ratio=1.0198 kl=0.0260
update=3798 mean_reward=+59.7074 mean_length= 60.00 policy_loss=+0.00103 value_loss=+0.08543 ratio=1.0605 kl=0.0219
update=3799 mean_reward=+59.7043 mean_length= 59.98 policy_loss=+0.00009 value_loss=+0.21282 ratio=1.0170 kl=0.0238
update=3800 mean_reward=+59.6795 mean_length= 59.97 policy_loss=+0.00125 value_loss=+0.32533 ratio=1.0147 kl=0.0236 | eval_reward=+59.7058 eval_length= 60.00
update=3801 mean_reward=+59.7009 mean_length= 59.99 policy_loss=+0.00153 value_loss=+0.17392 ratio=1.0175 kl=0.0267
update=3802 mean_reward=+59.7128 mean_length= 60.00 policy_loss=+0.00168 value_loss=+0.00508 ratio=1.0460 kl=0.0096
update=3803 mean_reward=+59.6924 mean_length= 59.99 policy_loss=+0.00149 value_loss=+0.17179 ratio=1.0248 kl=0.0239
update=3804 mean_reward=+59.6981 mean_length= 59.99 policy_loss=+0.00035 value_loss=+0.23821 ratio=1.0180 kl=0.0198
update=3805 mean_reward=+59.7052 mean_length= 60.00 policy_loss=+0.00238 value_loss=+0.00310 ratio=1.0270 kl=0.0156 | eval_reward=+59.7052 eval_length= 60.00
update=3806 mean_reward=+59.6993 mean_length= 60.00 policy_loss=+0.00066 value_loss=+0.17207 ratio=1.0182 kl=0.0260
update=3807 mean_reward=+59.7080 mean_length= 60.00 policy_loss=-0.00020 value_loss=+0.06970 ratio=1.0240 kl=0.0283
update=3808 mean_reward=+59.7125 mean_length= 60.00 policy_loss=+0.00086 value_loss=+0.00613 ratio=1.0257 kl=0.0143
update=3809 mean_reward=+59.6966 mean_length= 59.99 policy_loss=+0.00265 value_loss=+0.21144 ratio=1.0150 kl=0.0203
update=3810 mean_reward=+59.7065 mean_length= 60.00 policy_loss=+0.00277 value_loss=+0.00148 ratio=1.0143 kl=0.0106 | eval_reward=+59.5001 eval_length= 60.00
update=3811 mean_reward=+59.7007 mean_length= 59.99 policy_loss=-0.00091 value_loss=+0.21591 ratio=1.0189 kl=0.0261
update=3812 mean_reward=+59.7088 mean_length= 60.00 policy_loss=+0.00047 value_loss=+0.08563 ratio=1.0126 kl=0.0199
update=3813 mean_reward=+59.6902 mean_length= 59.98 policy_loss=+0.00936 value_loss=+0.32163 ratio=1.0370 kl=0.0262
update=3814 mean_reward=+59.7125 mean_length= 60.00 policy_loss=+0.00341 value_loss=+0.00163 ratio=1.0171 kl=0.0182
update=3815 mean_reward=+59.7002 mean_length= 59.99 policy_loss=+0.00073 value_loss=+0.23773 ratio=1.0182 kl=0.0189 | eval_reward=+59.7055 eval_length= 60.00
update=3816 mean_reward=+59.7139 mean_length= 60.00 policy_loss=+0.00197 value_loss=+0.08716 ratio=1.0155 kl=0.0251
update=3817 mean_reward=+59.7016 mean_length= 59.99 policy_loss=+0.00170 value_loss=+0.14771 ratio=1.0156 kl=0.0268
update=3818 mean_reward=+59.7054 mean_length= 59.99 policy_loss=+0.00040 value_loss=+0.13160 ratio=1.0182 kl=0.0211
update=3819 mean_reward=+59.7033 mean_length= 59.99 policy_loss=+0.00050 value_loss=+0.12786 ratio=1.0154 kl=0.0282
update=3820 mean_reward=+59.7094 mean_length= 60.00 policy_loss=+0.00099 value_loss=+0.00297 ratio=1.0196 kl=0.0070 | eval_reward=+59.7251 eval_length= 60.00
update=3821 mean_reward=+59.7101 mean_length= 59.99 policy_loss=+0.00131 value_loss=+0.05436 ratio=1.0336 kl=0.0226
update=3822 mean_reward=+59.6988 mean_length= 59.99 policy_loss=+0.00105 value_loss=+0.07132 ratio=1.0118 kl=0.0242
update=3823 mean_reward=+59.7068 mean_length= 59.99 policy_loss=+0.00074 value_loss=+0.06563 ratio=1.0121 kl=0.0192
update=3824 mean_reward=+59.7084 mean_length= 59.99 policy_loss=+0.00207 value_loss=+0.10525 ratio=1.0141 kl=0.0271
update=3825 mean_reward=+59.6921 mean_length= 59.98 policy_loss=+0.00048 value_loss=+0.28417 ratio=1.0222 kl=0.0236 | eval_reward=+59.7250 eval_length= 60.00
update=3826 mean_reward=+59.6733 mean_length= 59.97 policy_loss=-0.00072 value_loss=+0.32508 ratio=1.0166 kl=0.0240
update=3827 mean_reward=+59.7019 mean_length= 59.99 policy_loss=+0.00115 value_loss=+0.17391 ratio=1.0122 kl=0.0170
update=3828 mean_reward=+59.6888 mean_length= 59.98 policy_loss=+0.00123 value_loss=+0.22292 ratio=1.0211 kl=0.0224
update=3829 mean_reward=+59.6818 mean_length= 59.98 policy_loss=+0.00060 value_loss=+0.36775 ratio=1.0114 kl=0.0292
update=3830 mean_reward=+59.6935 mean_length= 59.99 policy_loss=+0.00139 value_loss=+0.16625 ratio=1.0148 kl=0.0236 | eval_reward=+59.7257 eval_length= 60.00
update=3831 mean_reward=+59.7070 mean_length= 59.99 policy_loss=+0.00013 value_loss=+0.06605 ratio=1.0155 kl=0.0228
update=3832 mean_reward=+59.6972 mean_length= 59.99 policy_loss=+0.00071 value_loss=+0.33261 ratio=1.0214 kl=0.0144
update=3833 mean_reward=+59.7000 mean_length= 59.99 policy_loss=+0.00046 value_loss=+0.26309 ratio=1.0184 kl=0.0233
update=3834 mean_reward=+59.7025 mean_length= 60.00 policy_loss=+0.00062 value_loss=+0.00847 ratio=1.0180 kl=0.0142
update=3835 mean_reward=+59.7085 mean_length= 60.00 policy_loss=+0.00009 value_loss=+0.18287 ratio=1.0141 kl=0.0237 | eval_reward=+59.7241 eval_length= 60.00
update=3836 mean_reward=+59.7091 mean_length= 60.00 policy_loss=+0.00023 value_loss=+0.08435 ratio=1.0168 kl=0.0335
update=3837 mean_reward=+59.7102 mean_length= 60.00 policy_loss=+0.00086 value_loss=+0.00225 ratio=1.0251 kl=0.0065
update=3838 mean_reward=+59.7062 mean_length= 60.00 policy_loss=+0.00235 value_loss=+0.25953 ratio=1.0186 kl=0.0332
update=3839 mean_reward=+59.7029 mean_length= 59.99 policy_loss=-0.00101 value_loss=+0.13872 ratio=1.0145 kl=0.0206
update=3840 mean_reward=+59.7097 mean_length= 60.00 policy_loss=+0.00376 value_loss=+0.09813 ratio=1.0244 kl=0.0253 | eval_reward=+59.7112 eval_length= 60.00
update=3841 mean_reward=+59.6924 mean_length= 59.98 policy_loss=+0.00123 value_loss=+0.20089 ratio=1.0185 kl=0.0262
update=3842 mean_reward=+59.6945 mean_length= 59.99 policy_loss=+0.00086 value_loss=+0.07319 ratio=1.0136 kl=0.0305
update=3843 mean_reward=+59.6888 mean_length= 59.98 policy_loss=+0.00044 value_loss=+0.30014 ratio=1.0289 kl=0.0225
update=3844 mean_reward=+59.6949 mean_length= 59.98 policy_loss=+0.00032 value_loss=+0.20743 ratio=1.0421 kl=0.0178
update=3845 mean_reward=+59.6993 mean_length= 59.99 policy_loss=+0.00135 value_loss=+0.17037 ratio=1.0140 kl=0.0263 | eval_reward=+59.7257 eval_length= 60.00
update=3846 mean_reward=+59.7031 mean_length= 60.00 policy_loss=-0.00003 value_loss=+0.16876 ratio=1.0170 kl=0.0245
update=3847 mean_reward=+59.6956 mean_length= 59.99 policy_loss=+0.00083 value_loss=+0.24621 ratio=1.0268 kl=0.0237
update=3848 mean_reward=+59.6935 mean_length= 59.99 policy_loss=+0.00043 value_loss=+0.16971 ratio=1.0162 kl=0.0246
update=3849 mean_reward=+59.6671 mean_length= 59.97 policy_loss=+0.00168 value_loss=+0.50663 ratio=1.0147 kl=0.0311
update=3850 mean_reward=+59.6926 mean_length= 59.99 policy_loss=+0.00032 value_loss=+0.24674 ratio=1.0118 kl=0.0218 | eval_reward=+59.7224 eval_length= 60.00
update=3851 mean_reward=+59.7090 mean_length= 60.00 policy_loss=+0.00182 value_loss=+0.09353 ratio=1.0138 kl=0.0273
update=3852 mean_reward=+59.6794 mean_length= 59.98 policy_loss=+0.00119 value_loss=+0.31570 ratio=1.0184 kl=0.0268
update=3853 mean_reward=+59.6864 mean_length= 59.99 policy_loss=+0.00071 value_loss=+0.10543 ratio=1.0162 kl=0.0264
update=3854 mean_reward=+59.6999 mean_length= 59.99 policy_loss=+0.00116 value_loss=+0.06486 ratio=1.0262 kl=0.0223
update=3855 mean_reward=+59.6844 mean_length= 59.98 policy_loss=+0.00156 value_loss=+0.31840 ratio=1.0133 kl=0.0230 | eval_reward=+59.7215 eval_length= 60.00
update=3856 mean_reward=+59.7080 mean_length= 60.00 policy_loss=+0.00056 value_loss=+0.00511 ratio=1.0127 kl=0.0113
update=3857 mean_reward=+59.7032 mean_length= 59.99 policy_loss=+0.00140 value_loss=+0.16458 ratio=1.0141 kl=0.0286
update=3858 mean_reward=+59.7071 mean_length= 60.00 policy_loss=-0.00244 value_loss=+0.04496 ratio=1.0134 kl=0.0267
update=3859 mean_reward=+59.7064 mean_length= 60.00 policy_loss=+0.00081 value_loss=+0.00242 ratio=1.0119 kl=0.0090
update=3860 mean_reward=+59.7020 mean_length= 59.99 policy_loss=+0.00043 value_loss=+0.06327 ratio=1.0343 kl=0.0237 | eval_reward=+59.7254 eval_length= 60.00
update=3861 mean_reward=+59.7098 mean_length= 60.00 policy_loss=+0.00123 value_loss=+0.00451 ratio=1.0170 kl=0.0115
update=3862 mean_reward=+59.7075 mean_length= 60.00 policy_loss=+0.00219 value_loss=+0.16143 ratio=1.0138 kl=0.0199
update=3863 mean_reward=+59.7067 mean_length= 59.99 policy_loss=+0.00068 value_loss=+0.07338 ratio=1.0144 kl=0.0228
update=3864 mean_reward=+59.7051 mean_length= 60.00 policy_loss=+0.00083 value_loss=+0.00157 ratio=1.0227 kl=0.0088
update=3865 mean_reward=+59.6972 mean_length= 59.99 policy_loss=-0.00002 value_loss=+0.22840 ratio=1.0167 kl=0.0339 | eval_reward=+59.7234 eval_length= 60.00
update=3866 mean_reward=+59.7039 mean_length= 60.00 policy_loss=+0.00145 value_loss=+0.01344 ratio=1.0165 kl=0.0099
update=3867 mean_reward=+59.7059 mean_length= 59.99 policy_loss=+0.01364 value_loss=+0.05427 ratio=1.1025 kl=0.0175
update=3868 mean_reward=+59.6920 mean_length= 59.99 policy_loss=+0.00232 value_loss=+0.26534 ratio=1.0565 kl=0.0232
update=3869 mean_reward=+59.6711 mean_length= 59.98 policy_loss=+0.00086 value_loss=+0.25417 ratio=1.0150 kl=0.0258
update=3870 mean_reward=+59.6648 mean_length= 59.98 policy_loss=-0.00007 value_loss=+0.35230 ratio=1.0171 kl=0.0322 | eval_reward=+59.7075 eval_length= 60.00
update=3871 mean_reward=+59.6868 mean_length= 59.99 policy_loss=-0.00001 value_loss=+0.09666 ratio=1.0121 kl=0.0218
update=3872 mean_reward=+59.6898 mean_length= 60.00 policy_loss=+0.00108 value_loss=+0.10348 ratio=1.0161 kl=0.0286
update=3873 mean_reward=+59.6753 mean_length= 59.98 policy_loss=+0.00094 value_loss=+0.20721 ratio=1.0261 kl=0.0292
update=3874 mean_reward=+59.6957 mean_length= 60.00 policy_loss=+0.00106 value_loss=+0.09266 ratio=1.0303 kl=0.0248
update=3875 mean_reward=+59.6808 mean_length= 59.99 policy_loss=+0.00087 value_loss=+0.25296 ratio=1.0207 kl=0.0222 | eval_reward=+59.7164 eval_length= 60.00
update=3876 mean_reward=+59.6845 mean_length= 59.99 policy_loss=+0.00064 value_loss=+0.08789 ratio=1.0199 kl=0.0252
update=3877 mean_reward=+59.6780 mean_length= 59.98 policy_loss=+0.00052 value_loss=+0.29749 ratio=1.0890 kl=0.0221
update=3878 mean_reward=+59.6989 mean_length= 60.00 policy_loss=+0.00137 value_loss=+0.08967 ratio=1.0259 kl=0.0330
update=3879 mean_reward=+59.6879 mean_length= 59.99 policy_loss=+0.00061 value_loss=+0.13890 ratio=1.0159 kl=0.0233
update=3880 mean_reward=+59.6866 mean_length= 59.99 policy_loss=+0.00035 value_loss=+0.16197 ratio=1.0162 kl=0.0285 | eval_reward=+59.7144 eval_length= 60.00
update=3881 mean_reward=+59.6828 mean_length= 59.99 policy_loss=+0.00036 value_loss=+0.13299 ratio=1.0194 kl=0.0218
update=3882 mean_reward=+59.6939 mean_length= 59.99 policy_loss=+0.00012 value_loss=+0.16053 ratio=1.0165 kl=0.0290
update=3883 mean_reward=+59.7000 mean_length= 60.00 policy_loss=+0.00306 value_loss=+0.00363 ratio=1.0262 kl=0.0042
update=3884 mean_reward=+59.6828 mean_length= 59.98 policy_loss=+0.00281 value_loss=+0.32806 ratio=1.0147 kl=0.0204
update=3885 mean_reward=+59.7020 mean_length= 60.00 policy_loss=+0.00162 value_loss=+0.10409 ratio=1.0152 kl=0.0261 | eval_reward=+59.7196 eval_length= 60.00
update=3886 mean_reward=+59.6832 mean_length= 59.98 policy_loss=-0.00063 value_loss=+0.24959 ratio=1.0157 kl=0.0288
update=3887 mean_reward=+59.6927 mean_length= 59.99 policy_loss=+0.00172 value_loss=+0.17089 ratio=1.0126 kl=0.0284
update=3888 mean_reward=+59.6964 mean_length= 59.99 policy_loss=+0.00055 value_loss=+0.14362 ratio=1.0143 kl=0.0205
update=3889 mean_reward=+59.6979 mean_length= 59.99 policy_loss=+0.00042 value_loss=+0.14083 ratio=1.0125 kl=0.0246
update=3890 mean_reward=+59.6911 mean_length= 59.99 policy_loss=+0.00165 value_loss=+0.23159 ratio=1.0153 kl=0.0186 | eval_reward=+59.7193 eval_length= 60.00
update=3891 mean_reward=+59.7122 mean_length= 60.00 policy_loss=+0.00809 value_loss=+0.00347 ratio=1.0760 kl=0.0175
update=3892 mean_reward=+59.7033 mean_length= 60.00 policy_loss=+0.00117 value_loss=+0.19855 ratio=1.0216 kl=0.0251
update=3893 mean_reward=+59.7070 mean_length= 60.00 policy_loss=+0.00036 value_loss=+0.00413 ratio=1.0155 kl=0.0116
update=3894 mean_reward=+59.7109 mean_length= 60.00 policy_loss=+0.00143 value_loss=+0.00166 ratio=1.0123 kl=0.0077
update=3895 mean_reward=+59.6939 mean_length= 59.98 policy_loss=+0.00204 value_loss=+0.21763 ratio=1.0143 kl=0.0249 | eval_reward=+59.7145 eval_length= 60.00
update=3896 mean_reward=+59.7110 mean_length= 60.00 policy_loss=+0.00098 value_loss=+0.09775 ratio=1.0116 kl=0.0198
update=3897 mean_reward=+59.7018 mean_length= 59.99 policy_loss=+0.00088 value_loss=+0.06622 ratio=1.0109 kl=0.0313
update=3898 mean_reward=+59.6967 mean_length= 59.99 policy_loss=-0.00002 value_loss=+0.19955 ratio=1.0105 kl=0.0193
update=3899 mean_reward=+59.7124 mean_length= 60.00 policy_loss=+0.00048 value_loss=+0.08652 ratio=1.0113 kl=0.0243
update=3900 mean_reward=+59.7068 mean_length= 60.00 policy_loss=+0.00078 value_loss=+0.09356 ratio=1.0105 kl=0.0258 | eval_reward=+59.7169 eval_length= 60.00
update=3901 mean_reward=+59.6972 mean_length= 59.99 policy_loss=+0.00194 value_loss=+0.31630 ratio=1.0138 kl=0.0234
update=3902 mean_reward=+59.7005 mean_length= 59.99 policy_loss=+0.00173 value_loss=+0.16963 ratio=1.0336 kl=0.0246
update=3903 mean_reward=+59.7078 mean_length= 60.00 policy_loss=+0.00078 value_loss=+0.00346 ratio=1.0115 kl=0.0100
update=3904 mean_reward=+59.6977 mean_length= 59.99 policy_loss=+0.00241 value_loss=+0.15791 ratio=1.0105 kl=0.0245
update=3905 mean_reward=+59.7020 mean_length= 59.99 policy_loss=+0.00201 value_loss=+0.16194 ratio=1.0168 kl=0.0242 | eval_reward=+59.7106 eval_length= 60.00
update=3906 mean_reward=+59.7062 mean_length= 60.00 policy_loss=+0.00103 value_loss=+0.08325 ratio=1.0150 kl=0.0262
update=3907 mean_reward=+59.6970 mean_length= 59.99 policy_loss=+0.00098 value_loss=+0.15905 ratio=1.0095 kl=0.0250
update=3908 mean_reward=+59.6959 mean_length= 59.99 policy_loss=+0.00090 value_loss=+0.16144 ratio=1.0175 kl=0.0306
update=3909 mean_reward=+59.6869 mean_length= 59.99 policy_loss=+0.00029 value_loss=+0.24421 ratio=1.0105 kl=0.0237
update=3910 mean_reward=+59.7058 mean_length= 60.00 policy_loss=+0.00016 value_loss=+0.11651 ratio=1.0118 kl=0.0341 | eval_reward=+59.7049 eval_length= 60.00
update=3911 mean_reward=+59.7069 mean_length= 60.00 policy_loss=+0.00119 value_loss=+0.09213 ratio=1.0085 kl=0.0257
update=3912 mean_reward=+59.6970 mean_length= 59.99 policy_loss=-0.00046 value_loss=+0.21878 ratio=1.0114 kl=0.0220
update=3913 mean_reward=+59.6952 mean_length= 59.99 policy_loss=+0.00018 value_loss=+0.23476 ratio=1.0122 kl=0.0334
update=3914 mean_reward=+59.6906 mean_length= 59.98 policy_loss=-0.00056 value_loss=+0.43251 ratio=1.0117 kl=0.0212
update=3915 mean_reward=+59.7021 mean_length= 59.99 policy_loss=-0.00039 value_loss=+0.17798 ratio=1.0104 kl=0.0164 | eval_reward=+59.7079 eval_length= 60.00
update=3916 mean_reward=+59.7015 mean_length= 59.99 policy_loss=-0.00048 value_loss=+0.24946 ratio=1.0206 kl=0.0201
update=3917 mean_reward=+59.7055 mean_length= 59.99 policy_loss=-0.00052 value_loss=+0.09199 ratio=1.0208 kl=0.0194
update=3918 mean_reward=+59.7058 mean_length= 60.00 policy_loss=+0.00047 value_loss=+0.08400 ratio=1.0119 kl=0.0273
update=3919 mean_reward=+59.6922 mean_length= 59.98 policy_loss=+0.00185 value_loss=+0.44906 ratio=1.0092 kl=0.0198
update=3920 mean_reward=+59.7127 mean_length= 60.00 policy_loss=+0.01869 value_loss=+0.00231 ratio=1.0146 kl=0.0252 | eval_reward=+59.6925 eval_length= 60.00
update=3921 mean_reward=+59.7018 mean_length= 60.00 policy_loss=+0.00172 value_loss=+0.00223 ratio=1.0117 kl=0.0108
update=3922 mean_reward=+59.6970 mean_length= 60.00 policy_loss=+0.00104 value_loss=+0.08594 ratio=1.0117 kl=0.0252
update=3923 mean_reward=+59.6961 mean_length= 59.99 policy_loss=+0.00062 value_loss=+0.06795 ratio=1.0185 kl=0.0273
update=3924 mean_reward=+59.6839 mean_length= 59.98 policy_loss=-0.00041 value_loss=+0.44138 ratio=1.0162 kl=0.0326
update=3925 mean_reward=+59.6907 mean_length= 59.98 policy_loss=+0.00041 value_loss=+0.38683 ratio=1.0110 kl=0.0188 | eval_reward=+59.7050 eval_length= 60.00
update=3926 mean_reward=+59.7002 mean_length= 59.99 policy_loss=+0.00058 value_loss=+0.27840 ratio=1.0226 kl=0.0251
update=3927 mean_reward=+59.7022 mean_length= 59.99 policy_loss=+0.00022 value_loss=+0.08856 ratio=1.0146 kl=0.0206
update=3928 mean_reward=+59.7098 mean_length= 60.00 policy_loss=+0.00018 value_loss=+0.00553 ratio=1.0184 kl=0.0080
update=3929 mean_reward=+59.7119 mean_length= 60.00 policy_loss=-0.00009 value_loss=+0.00440 ratio=1.0113 kl=0.0118
update=3930 mean_reward=+59.7049 mean_length= 59.99 policy_loss=+0.00095 value_loss=+0.07727 ratio=1.0251 kl=0.0281 | eval_reward=+59.7035 eval_length= 60.00
update=3931 mean_reward=+59.7005 mean_length= 59.99 policy_loss=+0.00081 value_loss=+0.15068 ratio=1.0093 kl=0.0234
update=3932 mean_reward=+59.7025 mean_length= 59.99 policy_loss=-0.00062 value_loss=+0.14922 ratio=1.0537 kl=0.0220
update=3933 mean_reward=+59.7021 mean_length= 59.99 policy_loss=+0.00087 value_loss=+0.26592 ratio=1.0134 kl=0.0211
update=3934 mean_reward=+59.7081 mean_length= 60.00 policy_loss=+0.00542 value_loss=+0.00213 ratio=1.0172 kl=0.0211
update=3935 mean_reward=+59.6982 mean_length= 59.99 policy_loss=+0.00064 value_loss=+0.16439 ratio=1.0126 kl=0.0278 | eval_reward=+59.6984 eval_length= 60.00
update=3936 mean_reward=+59.6992 mean_length= 60.00 policy_loss=+0.01131 value_loss=+0.18429 ratio=1.0616 kl=0.0233
update=3937 mean_reward=+59.7047 mean_length= 60.00 policy_loss=+0.00360 value_loss=+0.00224 ratio=1.0170 kl=0.0165
update=3938 mean_reward=+59.7095 mean_length= 60.00 policy_loss=+0.00044 value_loss=+0.00225 ratio=1.0104 kl=0.0096
update=3939 mean_reward=+59.6967 mean_length= 59.99 policy_loss=+0.00215 value_loss=+0.13008 ratio=1.0185 kl=0.0295
update=3940 mean_reward=+59.7134 mean_length= 60.00 policy_loss=+0.00375 value_loss=+0.00238 ratio=1.0300 kl=0.0234 | eval_reward=+59.6935 eval_length= 60.00
update=3941 mean_reward=+59.6970 mean_length= 59.99 policy_loss=+0.00097 value_loss=+0.25023 ratio=1.0119 kl=0.0262
update=3942 mean_reward=+59.7212 mean_length= 60.00 policy_loss=+0.00165 value_loss=+0.00148 ratio=1.0134 kl=0.0068
update=3943 mean_reward=+59.7079 mean_length= 59.99 policy_loss=+0.00097 value_loss=+0.06609 ratio=1.0273 kl=0.0226
update=3944 mean_reward=+59.7144 mean_length= 60.00 policy_loss=+0.00066 value_loss=+0.00225 ratio=1.0101 kl=0.0056
update=3945 mean_reward=+59.7093 mean_length= 59.99 policy_loss=+0.00094 value_loss=+0.07753 ratio=1.0179 kl=0.0226 | eval_reward=+59.6980 eval_length= 60.00
update=3946 mean_reward=+59.7144 mean_length= 60.00 policy_loss=+0.00290 value_loss=+0.00258 ratio=1.0154 kl=0.0152
update=3947 mean_reward=+59.7140 mean_length= 59.99 policy_loss=+0.00089 value_loss=+0.25273 ratio=1.0112 kl=0.0212
update=3948 mean_reward=+59.7172 mean_length= 60.00 policy_loss=+0.00109 value_loss=+0.00165 ratio=1.0079 kl=0.0096
update=3949 mean_reward=+59.7168 mean_length= 60.00 policy_loss=+0.00092 value_loss=+0.00123 ratio=1.0099 kl=0.0060
update=3950 mean_reward=+59.7119 mean_length= 60.00 policy_loss=+0.00271 value_loss=+0.00128 ratio=1.0132 kl=0.0085 | eval_reward=+59.6848 eval_length= 60.00
update=3951 mean_reward=+59.7123 mean_length= 59.99 policy_loss=+0.00025 value_loss=+0.07381 ratio=1.0131 kl=0.0202
update=3952 mean_reward=+59.7202 mean_length= 60.00 policy_loss=+0.00064 value_loss=+0.00145 ratio=1.0100 kl=0.0115
update=3953 mean_reward=+59.7054 mean_length= 59.99 policy_loss=+0.00111 value_loss=+0.15817 ratio=1.0140 kl=0.0221
update=3954 mean_reward=+59.7054 mean_length= 59.99 policy_loss=-0.00068 value_loss=+0.20610 ratio=1.0107 kl=0.0236
update=3955 mean_reward=+59.7149 mean_length= 60.00 policy_loss=+0.00077 value_loss=+0.09398 ratio=1.1013 kl=0.0285 | eval_reward=+59.7043 eval_length= 60.00
update=3956 mean_reward=+59.7106 mean_length= 60.00 policy_loss=+0.00052 value_loss=+0.07475 ratio=1.0126 kl=0.0201
update=3957 mean_reward=+59.7198 mean_length= 60.00 policy_loss=+0.00204 value_loss=+0.00554 ratio=1.0170 kl=0.0106
update=3958 mean_reward=+59.7178 mean_length= 60.00 policy_loss=+0.00057 value_loss=+0.08550 ratio=1.0099 kl=0.0191
update=3959 mean_reward=+59.7177 mean_length= 60.00 policy_loss=+0.00125 value_loss=+0.00251 ratio=1.0131 kl=0.0110
update=3960 mean_reward=+59.7121 mean_length= 60.00 policy_loss=+0.00094 value_loss=+0.00157 ratio=1.0105 kl=0.0081 | eval_reward=+59.7096 eval_length= 60.00
update=3961 mean_reward=+59.7151 mean_length= 60.00 policy_loss=+0.00066 value_loss=+0.06922 ratio=1.0087 kl=0.0254
update=3962 mean_reward=+59.7165 mean_length= 60.00 policy_loss=+0.00080 value_loss=+0.09018 ratio=1.0119 kl=0.0269
update=3963 mean_reward=+59.7006 mean_length= 59.98 policy_loss=+0.02382 value_loss=+0.20224 ratio=1.0372 kl=0.0199
update=3964 mean_reward=+59.7217 mean_length= 60.00 policy_loss=+0.00040 value_loss=+0.09225 ratio=1.0303 kl=0.0253
update=3965 mean_reward=+59.7163 mean_length= 60.00 policy_loss=+0.00103 value_loss=+0.08760 ratio=1.0141 kl=0.0296 | eval_reward=+59.7159 eval_length= 60.00
update=3966 mean_reward=+59.7111 mean_length= 59.99 policy_loss=+0.00057 value_loss=+0.15785 ratio=1.0201 kl=0.0316
update=3967 mean_reward=+59.7180 mean_length= 60.00 policy_loss=+0.00067 value_loss=+0.08681 ratio=1.0163 kl=0.0273
update=3968 mean_reward=+59.7030 mean_length= 59.99 policy_loss=+0.00042 value_loss=+0.24181 ratio=1.0173 kl=0.0235
update=3969 mean_reward=+59.7191 mean_length= 60.00 policy_loss=+0.00096 value_loss=+0.00150 ratio=1.0125 kl=0.0053
update=3970 mean_reward=+59.7209 mean_length= 60.00 policy_loss=+0.00083 value_loss=+0.00123 ratio=1.0177 kl=0.0041 | eval_reward=+59.7161 eval_length= 60.00
update=3971 mean_reward=+59.7200 mean_length= 60.00 policy_loss=-0.00029 value_loss=+0.07225 ratio=1.0150 kl=0.0223
update=3972 mean_reward=+59.7099 mean_length= 59.99 policy_loss=+0.00138 value_loss=+0.15085 ratio=1.0424 kl=0.0265
update=3973 mean_reward=+59.7165 mean_length= 60.00 policy_loss=+0.00199 value_loss=+0.00162 ratio=1.0128 kl=0.0064
update=3974 mean_reward=+59.7138 mean_length= 59.99 policy_loss=+0.00108 value_loss=+0.16499 ratio=1.0182 kl=0.0205
update=3975 mean_reward=+59.7172 mean_length= 59.99 policy_loss=+0.00182 value_loss=+0.08493 ratio=1.0137 kl=0.0287 | eval_reward=+59.7163 eval_length= 60.00
update=3976 mean_reward=+59.7130 mean_length= 60.00 policy_loss=+0.00144 value_loss=+0.00237 ratio=1.0146 kl=0.0045
update=3977 mean_reward=+59.7254 mean_length= 60.00 policy_loss=+0.00107 value_loss=+0.00148 ratio=1.0133 kl=0.0106
update=3978 mean_reward=+59.7200 mean_length= 60.00 policy_loss=+0.00169 value_loss=+0.10494 ratio=1.0094 kl=0.0167
update=3979 mean_reward=+59.7219 mean_length= 60.00 policy_loss=+0.00202 value_loss=+0.00158 ratio=1.0204 kl=0.0180
update=3980 mean_reward=+59.7159 mean_length= 60.00 policy_loss=+0.01042 value_loss=+0.09079 ratio=1.0486 kl=0.0228 | eval_reward=+59.7139 eval_length= 60.00
update=3981 mean_reward=+59.7152 mean_length= 60.00 policy_loss=+0.00157 value_loss=+0.00136 ratio=1.0147 kl=0.0097
update=3982 mean_reward=+59.7162 mean_length= 60.00 policy_loss=+0.00040 value_loss=+0.00226 ratio=1.0131 kl=0.0103
update=3983 mean_reward=+59.7023 mean_length= 59.99 policy_loss=+0.00047 value_loss=+0.24873 ratio=1.0115 kl=0.0196
update=3984 mean_reward=+59.7026 mean_length= 59.98 policy_loss=+0.00247 value_loss=+0.24908 ratio=1.0160 kl=0.0222
update=3985 mean_reward=+59.7157 mean_length= 60.00 policy_loss=+0.00097 value_loss=+0.00249 ratio=1.0113 kl=0.0114 | eval_reward=+59.7274 eval_length= 60.00
update=3986 mean_reward=+59.7082 mean_length= 59.99 policy_loss=+0.00092 value_loss=+0.15443 ratio=1.0139 kl=0.0177
update=3987 mean_reward=+59.7028 mean_length= 59.98 policy_loss=+0.00051 value_loss=+0.30401 ratio=1.0175 kl=0.0256
update=3988 mean_reward=+59.6983 mean_length= 59.98 policy_loss=-0.00025 value_loss=+0.25391 ratio=1.0167 kl=0.0204
update=3989 mean_reward=+59.7219 mean_length= 60.00 policy_loss=+0.00048 value_loss=+0.07119 ratio=1.0152 kl=0.0146
update=3990 mean_reward=+59.7158 mean_length= 60.00 policy_loss=+0.00111 value_loss=+0.09087 ratio=1.0432 kl=0.0209 | eval_reward=+59.7331 eval_length= 60.00
update=3991 mean_reward=+59.7159 mean_length= 60.00 policy_loss=+0.00065 value_loss=+0.09868 ratio=1.0132 kl=0.0244
update=3992 mean_reward=+59.7219 mean_length= 60.00 policy_loss=-0.00001 value_loss=+0.00233 ratio=1.0131 kl=0.0101
update=3993 mean_reward=+59.7233 mean_length= 60.00 policy_loss=+0.00038 value_loss=+0.08764 ratio=1.0144 kl=0.0251
update=3994 mean_reward=+59.7217 mean_length= 60.00 policy_loss=+0.00169 value_loss=+0.00110 ratio=1.0156 kl=0.0117
update=3995 mean_reward=+59.7184 mean_length= 60.00 policy_loss=+0.00110 value_loss=+0.09170 ratio=1.0131 kl=0.0234 | eval_reward=+59.7197 eval_length= 60.00
update=3996 mean_reward=+59.7264 mean_length= 60.00 policy_loss=+0.00160 value_loss=+0.00118 ratio=1.0205 kl=0.0069
update=3997 mean_reward=+59.7183 mean_length= 60.00 policy_loss=-0.00086 value_loss=+0.06034 ratio=1.0233 kl=0.0231
update=3998 mean_reward=+59.7135 mean_length= 60.00 policy_loss=+0.00005 value_loss=+0.08284 ratio=1.0156 kl=0.0205
update=3999 mean_reward=+59.7160 mean_length= 59.99 policy_loss=+0.00026 value_loss=+0.14030 ratio=1.0152 kl=0.0237
update=4000 mean_reward=+59.7146 mean_length= 59.99 policy_loss=-0.00012 value_loss=+0.10138 ratio=1.0136 kl=0.0195 | eval_reward=+59.7219 eval_length= 60.00
update=4001 mean_reward=+59.7131 mean_length= 59.99 policy_loss=+0.00019 value_loss=+0.05623 ratio=1.0132 kl=0.0208
update=4002 mean_reward=+59.6938 mean_length= 59.98 policy_loss=+0.00084 value_loss=+0.41055 ratio=1.0135 kl=0.0206
update=4003 mean_reward=+59.7144 mean_length= 60.00 policy_loss=+0.00100 value_loss=+0.07338 ratio=1.0158 kl=0.0282
update=4004 mean_reward=+59.7162 mean_length= 60.00 policy_loss=+0.00033 value_loss=+0.00354 ratio=1.0188 kl=0.0082
update=4005 mean_reward=+59.7149 mean_length= 59.99 policy_loss=+0.00068 value_loss=+0.07151 ratio=1.0156 kl=0.0269 | eval_reward=+59.7090 eval_length= 60.00
update=4006 mean_reward=+59.7091 mean_length= 59.99 policy_loss=+0.00155 value_loss=+0.07126 ratio=1.0119 kl=0.0232
update=4007 mean_reward=+59.7082 mean_length= 59.99 policy_loss=+0.00067 value_loss=+0.16966 ratio=1.0154 kl=0.0278
update=4008 mean_reward=+59.7099 mean_length= 60.00 policy_loss=-0.00053 value_loss=+0.07091 ratio=1.0141 kl=0.0266
update=4009 mean_reward=+59.7163 mean_length= 60.00 policy_loss=+0.00064 value_loss=+0.09188 ratio=1.0160 kl=0.0265
update=4010 mean_reward=+59.7162 mean_length= 60.00 policy_loss=-0.00116 value_loss=+0.06848 ratio=1.0138 kl=0.0192 | eval_reward=+59.7198 eval_length= 60.00
update=4011 mean_reward=+59.7103 mean_length= 59.99 policy_loss=+0.00145 value_loss=+0.17712 ratio=1.0162 kl=0.0255
update=4012 mean_reward=+59.7036 mean_length= 59.99 policy_loss=-0.00027 value_loss=+0.20632 ratio=1.0145 kl=0.0196
update=4013 mean_reward=+59.7177 mean_length= 60.00 policy_loss=+0.00058 value_loss=+0.18817 ratio=1.0244 kl=0.0230
update=4014 mean_reward=+59.7196 mean_length= 60.00 policy_loss=+0.00058 value_loss=+0.08904 ratio=1.0200 kl=0.0229
update=4015 mean_reward=+59.7124 mean_length= 59.99 policy_loss=+0.00090 value_loss=+0.17999 ratio=1.0192 kl=0.0197 | eval_reward=+59.7127 eval_length= 60.00
update=4016 mean_reward=+59.7151 mean_length= 60.00 policy_loss=+0.00131 value_loss=+0.00268 ratio=1.0337 kl=0.0183
update=4017 mean_reward=+59.7149 mean_length= 59.99 policy_loss=+0.00143 value_loss=+0.16051 ratio=1.0186 kl=0.0230
update=4018 mean_reward=+59.7105 mean_length= 59.99 policy_loss=+0.00020 value_loss=+0.26414 ratio=1.0203 kl=0.0225
update=4019 mean_reward=+59.7121 mean_length= 59.99 policy_loss=+0.00068 value_loss=+0.15830 ratio=1.0173 kl=0.0191
update=4020 mean_reward=+59.7113 mean_length= 59.98 policy_loss=+0.00061 value_loss=+0.22326 ratio=1.0269 kl=0.0279 | eval_reward=+59.7037 eval_length= 60.00
update=4021 mean_reward=+59.7190 mean_length= 60.00 policy_loss=+0.00092 value_loss=+0.00177 ratio=1.0195 kl=0.0083
update=4022 mean_reward=+59.7219 mean_length= 60.00 policy_loss=+0.00079 value_loss=+0.00206 ratio=1.0220 kl=0.0074
update=4023 mean_reward=+59.7178 mean_length= 60.00 policy_loss=+0.00945 value_loss=+0.08377 ratio=1.0319 kl=0.0202
update=4024 mean_reward=+59.7181 mean_length= 60.00 policy_loss=+0.00102 value_loss=+0.00168 ratio=1.0170 kl=0.0086
update=4025 mean_reward=+59.7119 mean_length= 59.99 policy_loss=+0.00108 value_loss=+0.06395 ratio=1.0142 kl=0.0251 | eval_reward=+59.7100 eval_length= 60.00
update=4026 mean_reward=+59.7165 mean_length= 60.00 policy_loss=+0.00220 value_loss=+0.00116 ratio=1.0220 kl=0.0089
update=4027 mean_reward=+59.7175 mean_length= 60.00 policy_loss=+0.00166 value_loss=+0.00136 ratio=1.0151 kl=0.0065
update=4028 mean_reward=+59.7143 mean_length= 60.00 policy_loss=+0.00399 value_loss=+0.10012 ratio=1.0153 kl=0.0163
update=4029 mean_reward=+59.7174 mean_length= 60.00 policy_loss=+0.00479 value_loss=+0.00282 ratio=1.0180 kl=0.0289
update=4030 mean_reward=+59.7145 mean_length= 59.99 policy_loss=+0.00153 value_loss=+0.09300 ratio=1.0134 kl=0.0324 | eval_reward=+59.7105 eval_length= 60.00
update=4031 mean_reward=+59.7118 mean_length= 59.99 policy_loss=-0.00156 value_loss=+0.21999 ratio=1.0118 kl=0.0244
update=4032 mean_reward=+59.7128 mean_length= 59.99 policy_loss=+0.00002 value_loss=+0.16757 ratio=1.0241 kl=0.0273
update=4033 mean_reward=+59.7208 mean_length= 60.00 policy_loss=+0.00072 value_loss=+0.00423 ratio=1.0193 kl=0.0224
update=4034 mean_reward=+59.7133 mean_length= 59.99 policy_loss=+0.00046 value_loss=+0.21224 ratio=1.0142 kl=0.0221
update=4035 mean_reward=+59.7247 mean_length= 60.00 policy_loss=+0.00163 value_loss=+0.00239 ratio=1.0094 kl=0.0081 | eval_reward=+59.7295 eval_length= 60.00
update=4036 mean_reward=+59.7260 mean_length= 60.00 policy_loss=+0.00105 value_loss=+0.00143 ratio=1.0120 kl=0.0096
update=4037 mean_reward=+59.7052 mean_length= 59.98 policy_loss=+0.00095 value_loss=+0.31335 ratio=1.0130 kl=0.0241
update=4038 mean_reward=+59.7210 mean_length= 60.00 policy_loss=+0.00106 value_loss=+0.07744 ratio=1.0190 kl=0.0213
update=4039 mean_reward=+59.7210 mean_length= 60.00 policy_loss=+0.00460 value_loss=+0.00607 ratio=1.0159 kl=0.0191
update=4040 mean_reward=+59.7160 mean_length= 59.99 policy_loss=+0.00026 value_loss=+0.18090 ratio=1.0128 kl=0.0268 | eval_reward=+59.7239 eval_length= 60.00
update=4041 mean_reward=+59.7029 mean_length= 59.98 policy_loss=+0.00062 value_loss=+0.31864 ratio=1.0342 kl=0.0168
update=4042 mean_reward=+59.7101 mean_length= 59.99 policy_loss=+0.00170 value_loss=+0.28430 ratio=1.0213 kl=0.0226
update=4043 mean_reward=+59.7253 mean_length= 60.00 policy_loss=+0.00065 value_loss=+0.00341 ratio=1.0122 kl=0.0091
update=4044 mean_reward=+59.7180 mean_length= 60.00 policy_loss=-0.00087 value_loss=+0.07371 ratio=1.0166 kl=0.0240
update=4045 mean_reward=+59.7114 mean_length= 59.99 policy_loss=+0.00028 value_loss=+0.16044 ratio=1.0118 kl=0.0228 | eval_reward=+59.7228 eval_length= 60.00
update=4046 mean_reward=+59.7216 mean_length= 60.00 policy_loss=+0.00256 value_loss=+0.00177 ratio=1.0141 kl=0.0093
update=4047 mean_reward=+59.7230 mean_length= 60.00 policy_loss=-0.00020 value_loss=+0.07382 ratio=1.0129 kl=0.0192
update=4048 mean_reward=+59.7268 mean_length= 60.00 policy_loss=+0.00084 value_loss=+0.00223 ratio=1.0176 kl=0.0069
update=4049 mean_reward=+59.7137 mean_length= 59.99 policy_loss=+0.00052 value_loss=+0.06230 ratio=1.0124 kl=0.0211
update=4050 mean_reward=+59.7151 mean_length= 59.99 policy_loss=+0.00104 value_loss=+0.15653 ratio=1.0147 kl=0.0227 | eval_reward=+59.7221 eval_length= 60.00
update=4051 mean_reward=+59.7187 mean_length= 59.99 policy_loss=+0.00110 value_loss=+0.07714 ratio=1.0171 kl=0.0234
update=4052 mean_reward=+59.7227 mean_length= 60.00 policy_loss=-0.00017 value_loss=+0.07097 ratio=1.0254 kl=0.0254
update=4053 mean_reward=+59.7229 mean_length= 60.00 policy_loss=+0.00325 value_loss=+0.00128 ratio=1.0289 kl=0.0089
update=4054 mean_reward=+59.7198 mean_length= 60.00 policy_loss=+0.00131 value_loss=+0.18356 ratio=1.0152 kl=0.0244
update=4055 mean_reward=+59.7238 mean_length= 60.00 policy_loss=+0.00087 value_loss=+0.07523 ratio=1.0233 kl=0.0281 | eval_reward=+59.7181 eval_length= 60.00
update=4056 mean_reward=+59.7043 mean_length= 59.98 policy_loss=+0.00153 value_loss=+0.41049 ratio=1.0191 kl=0.0207
update=4057 mean_reward=+59.7160 mean_length= 59.99 policy_loss=+0.00166 value_loss=+0.05859 ratio=1.0198 kl=0.0253
update=4058 mean_reward=+59.7177 mean_length= 60.00 policy_loss=+0.00083 value_loss=+0.00362 ratio=1.0164 kl=0.0113
update=4059 mean_reward=+59.7087 mean_length= 59.99 policy_loss=+0.00142 value_loss=+0.13651 ratio=1.0166 kl=0.0258
update=4060 mean_reward=+59.7128 mean_length= 60.00 policy_loss=+0.00139 value_loss=+0.08190 ratio=1.0186 kl=0.0234 | eval_reward=+59.7223 eval_length= 60.00
update=4061 mean_reward=+59.7193 mean_length= 60.00 policy_loss=+0.00131 value_loss=+0.00149 ratio=1.0274 kl=0.0110
update=4062 mean_reward=+59.7173 mean_length= 60.00 policy_loss=+0.00086 value_loss=+0.08194 ratio=1.0160 kl=0.0287
update=4063 mean_reward=+59.7205 mean_length= 60.00 policy_loss=+0.00020 value_loss=+0.07999 ratio=1.0269 kl=0.0217
update=4064 mean_reward=+59.7238 mean_length= 60.00 policy_loss=+0.00183 value_loss=+0.00166 ratio=1.0266 kl=0.0102
update=4065 mean_reward=+59.7116 mean_length= 59.99 policy_loss=+0.00130 value_loss=+0.24194 ratio=1.0166 kl=0.0307 | eval_reward=+59.7363 eval_length= 60.00
update=4066 mean_reward=+59.7176 mean_length= 60.00 policy_loss=+0.00217 value_loss=+0.09994 ratio=1.0176 kl=0.0221
update=4067 mean_reward=+59.7166 mean_length= 60.00 policy_loss=+0.00019 value_loss=+0.02176 ratio=1.0185 kl=0.0208
update=4068 mean_reward=+59.7150 mean_length= 60.00 policy_loss=+0.00041 value_loss=+0.07263 ratio=1.0170 kl=0.0198
update=4069 mean_reward=+59.7189 mean_length= 60.00 policy_loss=+0.00186 value_loss=+0.08381 ratio=1.2106 kl=0.0203
update=4070 mean_reward=+59.7184 mean_length= 59.99 policy_loss=-0.00092 value_loss=+0.13212 ratio=1.0183 kl=0.0191 | eval_reward=+59.7329 eval_length= 60.00
update=4071 mean_reward=+59.7178 mean_length= 59.99 policy_loss=+0.00055 value_loss=+0.06026 ratio=1.0166 kl=0.0256
update=4072 mean_reward=+59.7137 mean_length= 59.99 policy_loss=-0.00007 value_loss=+0.12936 ratio=1.0201 kl=0.0263
update=4073 mean_reward=+59.7197 mean_length= 60.00 policy_loss=-0.00009 value_loss=+0.00544 ratio=1.0168 kl=0.0118
update=4074 mean_reward=+59.7093 mean_length= 59.99 policy_loss=+0.00128 value_loss=+0.25174 ratio=1.0145 kl=0.0186
update=4075 mean_reward=+59.7163 mean_length= 59.99 policy_loss=+0.00047 value_loss=+0.05957 ratio=1.0199 kl=0.0186 | eval_reward=+59.7232 eval_length= 60.00
update=4076 mean_reward=+59.7196 mean_length= 60.00 policy_loss=+0.00159 value_loss=+0.00120 ratio=1.0294 kl=0.0084
update=4077 mean_reward=+59.7156 mean_length= 60.00 policy_loss=+0.00115 value_loss=+0.09312 ratio=1.0155 kl=0.0222
update=4078 mean_reward=+59.7199 mean_length= 60.00 policy_loss=+0.00144 value_loss=+0.00262 ratio=1.0328 kl=0.0144
update=4079 mean_reward=+59.7191 mean_length= 60.00 policy_loss=+0.00139 value_loss=+0.00117 ratio=1.0233 kl=0.0056
update=4080 mean_reward=+59.7267 mean_length= 60.00 policy_loss=+0.00115 value_loss=+0.00123 ratio=1.0184 kl=0.0070 | eval_reward=+59.7418 eval_length= 60.00
update=4081 mean_reward=+59.7180 mean_length= 60.00 policy_loss=+0.00253 value_loss=+0.00120 ratio=1.0177 kl=0.0072
update=4082 mean_reward=+59.7253 mean_length= 60.00 policy_loss=+0.00231 value_loss=+0.00112 ratio=1.0154 kl=0.0112
update=4083 mean_reward=+59.7236 mean_length= 60.00 policy_loss=+0.00138 value_loss=+0.07610 ratio=1.0174 kl=0.0243
update=4084 mean_reward=+59.7190 mean_length= 60.00 policy_loss=-0.00056 value_loss=+0.06434 ratio=1.0134 kl=0.0210
update=4085 mean_reward=+59.7195 mean_length= 59.99 policy_loss=+0.00150 value_loss=+0.17907 ratio=1.0177 kl=0.0192 | eval_reward=+59.7361 eval_length= 60.00
update=4086 mean_reward=+59.7134 mean_length= 59.99 policy_loss=+0.00066 value_loss=+0.16815 ratio=1.1571 kl=0.0268
update=4087 mean_reward=+59.7273 mean_length= 60.00 policy_loss=+0.00120 value_loss=+0.00194 ratio=1.1266 kl=0.0055
update=4088 mean_reward=+59.7194 mean_length= 60.00 policy_loss=+0.00052 value_loss=+0.00116 ratio=1.0147 kl=0.0047
update=4089 mean_reward=+59.7241 mean_length= 60.00 policy_loss=+0.00130 value_loss=+0.00128 ratio=1.0168 kl=0.0070
update=4090 mean_reward=+59.7188 mean_length= 60.00 policy_loss=+0.00126 value_loss=+0.08651 ratio=1.0183 kl=0.0233 | eval_reward=+59.7404 eval_length= 60.00
update=4091 mean_reward=+59.7151 mean_length= 59.99 policy_loss=+0.00136 value_loss=+0.05691 ratio=1.0150 kl=0.0276
update=4092 mean_reward=+59.7164 mean_length= 60.00 policy_loss=+0.00043 value_loss=+0.07957 ratio=1.0154 kl=0.0233
update=4093 mean_reward=+59.7071 mean_length= 59.99 policy_loss=+0.00122 value_loss=+0.15453 ratio=1.0135 kl=0.0221
update=4094 mean_reward=+59.7216 mean_length= 60.00 policy_loss=+0.00073 value_loss=+0.00308 ratio=1.0344 kl=0.0196
update=4095 mean_reward=+59.7128 mean_length= 59.99 policy_loss=+0.00061 value_loss=+0.07711 ratio=1.0261 kl=0.0165 | eval_reward=+59.7410 eval_length= 60.00
update=4096 mean_reward=+59.7159 mean_length= 60.00 policy_loss=+0.00174 value_loss=+0.10164 ratio=1.0131 kl=0.0241
update=4097 mean_reward=+59.7211 mean_length= 60.00 policy_loss=+0.00061 value_loss=+0.00655 ratio=1.0135 kl=0.0240
update=4098 mean_reward=+59.7218 mean_length= 60.00 policy_loss=+0.00898 value_loss=+0.00216 ratio=1.0186 kl=0.0202
update=4099 mean_reward=+59.7207 mean_length= 60.00 policy_loss=+0.00139 value_loss=+0.00164 ratio=1.0147 kl=0.0090
update=4100 mean_reward=+59.7267 mean_length= 60.00 policy_loss=+0.00041 value_loss=+0.01231 ratio=1.0138 kl=0.0188 | eval_reward=+59.7212 eval_length= 60.00
update=4101 mean_reward=+59.7223 mean_length= 60.00 policy_loss=+0.00059 value_loss=+0.11531 ratio=1.0105 kl=0.0207
update=4102 mean_reward=+59.7210 mean_length= 60.00 policy_loss=+0.00113 value_loss=+0.00126 ratio=1.0144 kl=0.0088
update=4103 mean_reward=+59.7244 mean_length= 60.00 policy_loss=+0.00180 value_loss=+0.10254 ratio=1.0148 kl=0.0259
update=4104 mean_reward=+59.7243 mean_length= 60.00 policy_loss=+0.00306 value_loss=+0.13306 ratio=1.0117 kl=0.0206
update=4105 mean_reward=+59.7172 mean_length= 60.00 policy_loss=-0.00044 value_loss=+0.07552 ratio=1.0198 kl=0.0195 | eval_reward=+59.7167 eval_length= 60.00
update=4106 mean_reward=+59.7218 mean_length= 60.00 policy_loss=+0.00054 value_loss=+0.00145 ratio=1.0160 kl=0.0086
update=4107 mean_reward=+59.7186 mean_length= 59.99 policy_loss=+0.00157 value_loss=+0.16206 ratio=1.0154 kl=0.0288
update=4108 mean_reward=+59.7255 mean_length= 60.00 policy_loss=+0.00303 value_loss=+0.00248 ratio=1.0133 kl=0.0174
update=4109 mean_reward=+59.7079 mean_length= 59.99 policy_loss=+0.00071 value_loss=+0.22777 ratio=1.0225 kl=0.0255
update=4110 mean_reward=+59.7191 mean_length= 59.99 policy_loss=+0.00242 value_loss=+0.10506 ratio=1.0137 kl=0.0197 | eval_reward=+59.7182 eval_length= 60.00
update=4111 mean_reward=+59.7213 mean_length= 60.00 policy_loss=+0.00233 value_loss=+0.00220 ratio=1.0151 kl=0.0059
update=4112 mean_reward=+59.7273 mean_length= 60.00 policy_loss=+0.01394 value_loss=+0.00170 ratio=1.0268 kl=0.0236
update=4113 mean_reward=+59.7146 mean_length= 60.00 policy_loss=+0.00105 value_loss=+0.09625 ratio=1.0253 kl=0.0256
update=4114 mean_reward=+59.6916 mean_length= 59.99 policy_loss=-0.00024 value_loss=+0.20714 ratio=1.0151 kl=0.0317
update=4115 mean_reward=+59.7017 mean_length= 59.99 policy_loss=+0.00028 value_loss=+0.17652 ratio=1.0237 kl=0.0204 | eval_reward=+59.7078 eval_length= 60.00
update=4116 mean_reward=+59.7109 mean_length= 60.00 policy_loss=+0.00014 value_loss=+0.17070 ratio=1.0126 kl=0.0215
update=4117 mean_reward=+59.7028 mean_length= 59.99 policy_loss=+0.00054 value_loss=+0.20663 ratio=1.0163 kl=0.0152
update=4118 mean_reward=+59.7143 mean_length= 59.99 policy_loss=+0.00058 value_loss=+0.08014 ratio=1.0251 kl=0.0260
update=4119 mean_reward=+59.6994 mean_length= 59.99 policy_loss=+0.00127 value_loss=+0.23431 ratio=1.0145 kl=0.0227
update=4120 mean_reward=+59.7044 mean_length= 59.99 policy_loss=+0.00081 value_loss=+0.13872 ratio=1.0142 kl=0.0226 | eval_reward=+59.7168 eval_length= 60.00
update=4121 mean_reward=+59.7160 mean_length= 60.00 policy_loss=+0.00123 value_loss=+0.08135 ratio=1.0185 kl=0.0235
update=4122 mean_reward=+59.7207 mean_length= 60.00 policy_loss=+0.00105 value_loss=+0.00931 ratio=1.0180 kl=0.0092
update=4123 mean_reward=+59.7172 mean_length= 60.00 policy_loss=+0.00053 value_loss=+0.00313 ratio=1.0260 kl=0.0074
update=4124 mean_reward=+59.7181 mean_length= 60.00 policy_loss=+0.00007 value_loss=+0.00230 ratio=1.0142 kl=0.0130
update=4125 mean_reward=+59.7205 mean_length= 60.00 policy_loss=+0.00485 value_loss=+0.00136 ratio=1.0142 kl=0.0111 | eval_reward=+59.7169 eval_length= 60.00
update=4126 mean_reward=+59.7124 mean_length= 59.99 policy_loss=+0.00127 value_loss=+0.25850 ratio=1.0209 kl=0.0254
update=4127 mean_reward=+59.6981 mean_length= 59.98 policy_loss=+0.00101 value_loss=+0.37691 ratio=1.0121 kl=0.0299
update=4128 mean_reward=+59.7155 mean_length= 60.00 policy_loss=+0.00165 value_loss=+0.00645 ratio=1.0153 kl=0.0071
update=4129 mean_reward=+59.7072 mean_length= 59.99 policy_loss=+0.00064 value_loss=+0.15439 ratio=1.0148 kl=0.0233
update=4130 mean_reward=+59.7135 mean_length= 60.00 policy_loss=+0.00093 value_loss=+0.00151 ratio=1.0205 kl=0.0084 | eval_reward=+59.7106 eval_length= 60.00
update=4131 mean_reward=+59.7215 mean_length= 60.00 policy_loss=+0.00102 value_loss=+0.09531 ratio=1.0184 kl=0.0232
update=4132 mean_reward=+59.7127 mean_length= 60.00 policy_loss=+0.00061 value_loss=+0.07093 ratio=1.0129 kl=0.0194
update=4133 mean_reward=+59.7194 mean_length= 59.99 policy_loss=+0.00117 value_loss=+0.06232 ratio=1.0161 kl=0.0241
update=4134 mean_reward=+59.7164 mean_length= 60.00 policy_loss=+0.00239 value_loss=+0.00191 ratio=1.0127 kl=0.0145
update=4135 mean_reward=+59.7176 mean_length= 60.00 policy_loss=+0.00242 value_loss=+0.00122 ratio=1.0362 kl=0.0068 | eval_reward=+59.7235 eval_length= 60.00
update=4136 mean_reward=+59.7189 mean_length= 60.00 policy_loss=+0.00116 value_loss=+0.07765 ratio=1.0138 kl=0.0210
update=4137 mean_reward=+59.7148 mean_length= 60.00 policy_loss=+0.00174 value_loss=+0.10107 ratio=1.0129 kl=0.0236
update=4138 mean_reward=+59.7137 mean_length= 60.00 policy_loss=+0.00228 value_loss=+0.09679 ratio=1.0153 kl=0.0270
update=4139 mean_reward=+59.7172 mean_length= 60.00 policy_loss=+0.00157 value_loss=+0.08632 ratio=1.0188 kl=0.0227
update=4140 mean_reward=+59.7183 mean_length= 60.00 policy_loss=+0.00082 value_loss=+0.01215 ratio=1.0121 kl=0.0176 | eval_reward=+59.7155 eval_length= 60.00
update=4141 mean_reward=+59.7207 mean_length= 60.00 policy_loss=+0.00049 value_loss=+0.00905 ratio=1.0115 kl=0.0157
update=4142 mean_reward=+59.7188 mean_length= 60.00 policy_loss=+0.00080 value_loss=+0.07217 ratio=1.0131 kl=0.0244
update=4143 mean_reward=+59.7213 mean_length= 60.00 policy_loss=+0.00090 value_loss=+0.00270 ratio=1.0126 kl=0.0074
update=4144 mean_reward=+59.7180 mean_length= 60.00 policy_loss=+0.00107 value_loss=+0.00149 ratio=1.0441 kl=0.0091
update=4145 mean_reward=+59.7227 mean_length= 60.00 policy_loss=+0.00105 value_loss=+0.09689 ratio=1.0108 kl=0.0222 | eval_reward=+59.7192 eval_length= 60.00
update=4146 mean_reward=+59.7127 mean_length= 59.99 policy_loss=+0.00132 value_loss=+0.16386 ratio=1.0103 kl=0.0224
update=4147 mean_reward=+59.7256 mean_length= 60.00 policy_loss=+0.00083 value_loss=+0.00230 ratio=1.0091 kl=0.0107
update=4148 mean_reward=+59.7186 mean_length= 59.99 policy_loss=+0.00086 value_loss=+0.15008 ratio=1.0135 kl=0.0220
update=4149 mean_reward=+59.7185 mean_length= 60.00 policy_loss=-0.00004 value_loss=+0.00373 ratio=1.0137 kl=0.0105
update=4150 mean_reward=+59.7118 mean_length= 59.99 policy_loss=+0.00092 value_loss=+0.07372 ratio=1.0159 kl=0.0313 | eval_reward=+59.7212 eval_length= 60.00
update=4151 mean_reward=+59.7131 mean_length= 59.99 policy_loss=+0.00176 value_loss=+0.14224 ratio=1.0176 kl=0.0214
update=4152 mean_reward=+59.7219 mean_length= 60.00 policy_loss=+0.00261 value_loss=+0.00107 ratio=1.0133 kl=0.0115
update=4153 mean_reward=+59.7124 mean_length= 59.99 policy_loss=+0.00086 value_loss=+0.17872 ratio=1.0162 kl=0.0199
update=4154 mean_reward=+59.7181 mean_length= 59.99 policy_loss=+0.00066 value_loss=+0.05675 ratio=1.0160 kl=0.0279
update=4155 mean_reward=+59.7209 mean_length= 60.00 policy_loss=+0.00030 value_loss=+0.00743 ratio=1.0196 kl=0.0191 | eval_reward=+59.7334 eval_length= 60.00
update=4156 mean_reward=+59.7238 mean_length= 60.00 policy_loss=+0.00229 value_loss=+0.10793 ratio=1.0090 kl=0.0282
update=4157 mean_reward=+59.7178 mean_length= 60.00 policy_loss=+0.00212 value_loss=+0.10956 ratio=1.0088 kl=0.0236
update=4158 mean_reward=+59.7193 mean_length= 60.00 policy_loss=+0.00173 value_loss=+0.09288 ratio=1.0180 kl=0.0263
update=4159 mean_reward=+59.7172 mean_length= 59.99 policy_loss=-0.00007 value_loss=+0.15094 ratio=1.0126 kl=0.0221
update=4160 mean_reward=+59.7216 mean_length= 60.00 policy_loss=+0.00034 value_loss=+0.00834 ratio=1.0169 kl=0.0125 | eval_reward=+59.7112 eval_length= 60.00
update=4161 mean_reward=+59.7225 mean_length= 60.00 policy_loss=+0.00093 value_loss=+0.00127 ratio=1.0110 kl=0.0069
update=4162 mean_reward=+59.7107 mean_length= 59.98 policy_loss=-0.00009 value_loss=+0.19726 ratio=1.0113 kl=0.0234
update=4163 mean_reward=+59.7146 mean_length= 60.00 policy_loss=+0.00224 value_loss=+0.11002 ratio=1.0113 kl=0.0300
update=4164 mean_reward=+59.7105 mean_length= 59.99 policy_loss=+0.00027 value_loss=+0.14915 ratio=1.0242 kl=0.0242
update=4165 mean_reward=+59.7141 mean_length= 59.99 policy_loss=+0.00094 value_loss=+0.08203 ratio=1.0123 kl=0.0209 | eval_reward=+59.7157 eval_length= 60.00
update=4166 mean_reward=+59.7242 mean_length= 60.00 policy_loss=+0.00098 value_loss=+0.02206 ratio=1.0136 kl=0.0161
update=4167 mean_reward=+59.7216 mean_length= 60.00 policy_loss=+0.00027 value_loss=+0.00244 ratio=1.0079 kl=0.0078
update=4168 mean_reward=+59.7062 mean_length= 59.99 policy_loss=+0.00015 value_loss=+0.13583 ratio=1.0128 kl=0.0212
update=4169 mean_reward=+59.7267 mean_length= 60.00 policy_loss=+0.00095 value_loss=+0.00173 ratio=1.0396 kl=0.0092
update=4170 mean_reward=+59.7208 mean_length= 60.00 policy_loss=+0.00066 value_loss=+0.00128 ratio=1.0094 kl=0.0075 | eval_reward=+59.7151 eval_length= 60.00
update=4171 mean_reward=+59.7145 mean_length= 59.99 policy_loss=+0.00114 value_loss=+0.15657 ratio=1.0104 kl=0.0293
update=4172 mean_reward=+59.7206 mean_length= 60.00 policy_loss=+0.00051 value_loss=+0.10186 ratio=1.0197 kl=0.0206
update=4173 mean_reward=+59.7247 mean_length= 60.00 policy_loss=+0.00058 value_loss=+0.00263 ratio=1.0087 kl=0.0159
update=4174 mean_reward=+59.7179 mean_length= 59.99 policy_loss=+0.00129 value_loss=+0.06589 ratio=1.0067 kl=0.0274
update=4175 mean_reward=+59.7216 mean_length= 60.00 policy_loss=+0.00061 value_loss=+0.00122 ratio=1.0087 kl=0.0096 | eval_reward=+59.7066 eval_length= 60.00
update=4176 mean_reward=+59.7208 mean_length= 60.00 policy_loss=+0.00157 value_loss=+0.00129 ratio=1.0080 kl=0.0088
update=4177 mean_reward=+59.7187 mean_length= 59.99 policy_loss=+0.00152 value_loss=+0.10106 ratio=1.0077 kl=0.0244
update=4178 mean_reward=+59.7134 mean_length= 59.99 policy_loss=+0.00003 value_loss=+0.07707 ratio=1.0078 kl=0.0246
update=4179 mean_reward=+59.7194 mean_length= 60.00 policy_loss=+0.00125 value_loss=+0.00119 ratio=1.0087 kl=0.0086
update=4180 mean_reward=+59.7182 mean_length= 59.99 policy_loss=+0.00043 value_loss=+0.06591 ratio=1.0097 kl=0.0296 | eval_reward=+59.7096 eval_length= 60.00
update=4181 mean_reward=+59.7235 mean_length= 60.00 policy_loss=+0.00012 value_loss=+0.09465 ratio=1.0094 kl=0.0251
update=4182 mean_reward=+59.7238 mean_length= 60.00 policy_loss=+0.00111 value_loss=+0.00160 ratio=1.0189 kl=0.0103
update=4183 mean_reward=+59.7216 mean_length= 60.00 policy_loss=+0.00041 value_loss=+0.00188 ratio=1.0152 kl=0.0079
update=4184 mean_reward=+59.7265 mean_length= 60.00 policy_loss=+0.00025 value_loss=+0.00105 ratio=1.0080 kl=0.0053
update=4185 mean_reward=+59.7247 mean_length= 60.00 policy_loss=+0.00199 value_loss=+0.00110 ratio=1.0090 kl=0.0085 | eval_reward=+59.7117 eval_length= 60.00
update=4186 mean_reward=+59.7279 mean_length= 60.00 policy_loss=+0.00123 value_loss=+0.00115 ratio=1.0096 kl=0.0082
update=4187 mean_reward=+59.7226 mean_length= 60.00 policy_loss=+0.00313 value_loss=+0.00145 ratio=1.0078 kl=0.0166
update=4188 mean_reward=+59.7279 mean_length= 60.00 policy_loss=+0.00056 value_loss=+0.00110 ratio=1.0103 kl=0.0070
update=4189 mean_reward=+59.7282 mean_length= 60.00 policy_loss=+0.00040 value_loss=+0.00246 ratio=1.0095 kl=0.0118
update=4190 mean_reward=+59.7302 mean_length= 60.00 policy_loss=+0.00122 value_loss=+0.00489 ratio=1.0144 kl=0.0196 | eval_reward=+59.7343 eval_length= 60.00
update=4191 mean_reward=+59.7248 mean_length= 60.00 policy_loss=+0.00073 value_loss=+0.00105 ratio=1.0075 kl=0.0121
update=4192 mean_reward=+59.7263 mean_length= 60.00 policy_loss=+0.00052 value_loss=+0.07530 ratio=1.0082 kl=0.0225
update=4193 mean_reward=+59.7313 mean_length= 60.00 policy_loss=+0.00071 value_loss=+0.00153 ratio=1.0065 kl=0.0086
update=4194 mean_reward=+59.7212 mean_length= 60.00 policy_loss=+0.00311 value_loss=+0.10914 ratio=1.0165 kl=0.0309
update=4195 mean_reward=+59.7324 mean_length= 60.00 policy_loss=+0.00207 value_loss=+0.00171 ratio=1.0087 kl=0.0196 | eval_reward=+59.7367 eval_length= 60.00
update=4196 mean_reward=+59.7262 mean_length= 60.00 policy_loss=+0.00505 value_loss=+0.00179 ratio=1.0086 kl=0.0262
update=4197 mean_reward=+59.7237 mean_length= 60.00 policy_loss=+0.00245 value_loss=+0.00103 ratio=1.0072 kl=0.0172
update=4198 mean_reward=+59.7302 mean_length= 60.00 policy_loss=+0.00072 value_loss=+0.00100 ratio=1.0088 kl=0.0049
update=4199 mean_reward=+59.7261 mean_length= 60.00 policy_loss=+0.00063 value_loss=+0.00100 ratio=1.0071 kl=0.0060
update=4200 mean_reward=+59.7225 mean_length= 60.00 policy_loss=-0.00003 value_loss=+0.07123 ratio=1.0097 kl=0.0235 | eval_reward=+59.7136 eval_length= 60.00
update=4201 mean_reward=+59.7184 mean_length= 60.00 policy_loss=+0.00252 value_loss=+0.10534 ratio=1.0072 kl=0.0262
update=4202 mean_reward=+59.7275 mean_length= 60.00 policy_loss=+0.00088 value_loss=+0.00180 ratio=1.0079 kl=0.0146
update=4203 mean_reward=+59.7303 mean_length= 60.00 policy_loss=+0.00216 value_loss=+0.00102 ratio=1.0111 kl=0.0099
update=4204 mean_reward=+59.7209 mean_length= 59.99 policy_loss=+0.00154 value_loss=+0.06962 ratio=1.0074 kl=0.0254
update=4205 mean_reward=+59.7192 mean_length= 59.99 policy_loss=+0.00174 value_loss=+0.09821 ratio=1.0081 kl=0.0275 | eval_reward=+59.7078 eval_length= 60.00
update=4206 mean_reward=+59.7200 mean_length= 60.00 policy_loss=+0.00131 value_loss=+0.07801 ratio=1.0076 kl=0.0222
update=4207 mean_reward=+59.7196 mean_length= 60.00 policy_loss=+0.00200 value_loss=+0.00146 ratio=1.0088 kl=0.0125
update=4208 mean_reward=+59.7140 mean_length= 60.00 policy_loss=+0.00061 value_loss=+0.08191 ratio=1.0179 kl=0.0193
update=4209 mean_reward=+59.7257 mean_length= 60.00 policy_loss=+0.00014 value_loss=+0.00468 ratio=1.0081 kl=0.0147
update=4210 mean_reward=+59.7236 mean_length= 60.00 policy_loss=+0.00070 value_loss=+0.08152 ratio=1.0108 kl=0.0245 | eval_reward=+59.7078 eval_length= 60.00
update=4211 mean_reward=+59.7235 mean_length= 60.00 policy_loss=+0.01195 value_loss=+0.04992 ratio=1.0076 kl=0.0199
update=4212 mean_reward=+59.7090 mean_length= 59.99 policy_loss=+0.00086 value_loss=+0.14887 ratio=1.0112 kl=0.0219
update=4213 mean_reward=+59.7155 mean_length= 60.00 policy_loss=-0.00014 value_loss=+0.10669 ratio=1.0075 kl=0.0278
update=4214 mean_reward=+59.7226 mean_length= 60.00 policy_loss=+0.00059 value_loss=+0.00594 ratio=1.0143 kl=0.0206
update=4215 mean_reward=+59.7144 mean_length= 59.99 policy_loss=+0.00077 value_loss=+0.07539 ratio=1.0091 kl=0.0232 | eval_reward=+59.7162 eval_length= 60.00
update=4216 mean_reward=+59.7177 mean_length= 60.00 policy_loss=+0.00062 value_loss=+0.07731 ratio=1.0169 kl=0.0216
update=4217 mean_reward=+59.7160 mean_length= 60.00 policy_loss=-0.00001 value_loss=+0.07983 ratio=1.0151 kl=0.0209
update=4218 mean_reward=+59.7216 mean_length= 60.00 policy_loss=+0.00046 value_loss=+0.10210 ratio=1.0109 kl=0.0249
update=4219 mean_reward=+59.7162 mean_length= 59.99 policy_loss=+0.00058 value_loss=+0.08642 ratio=1.0233 kl=0.0239
update=4220 mean_reward=+59.7219 mean_length= 60.00 policy_loss=+0.00055 value_loss=+0.00157 ratio=1.0090 kl=0.0104 | eval_reward=+59.7139 eval_length= 60.00
update=4221 mean_reward=+59.7216 mean_length= 60.00 policy_loss=+0.00102 value_loss=+0.00134 ratio=1.0089 kl=0.0090
update=4222 mean_reward=+59.7210 mean_length= 60.00 policy_loss=+0.00128 value_loss=+0.00130 ratio=1.0127 kl=0.0087
update=4223 mean_reward=+59.7168 mean_length= 59.99 policy_loss=+0.00032 value_loss=+0.06425 ratio=1.0088 kl=0.0208
update=4224 mean_reward=+59.7228 mean_length= 60.00 policy_loss=+0.00085 value_loss=+0.00123 ratio=1.0135 kl=0.0040
update=4225 mean_reward=+59.7263 mean_length= 60.00 policy_loss=+0.00511 value_loss=+0.00109 ratio=1.0120 kl=0.0271 | eval_reward=+59.5843 eval_length= 60.00
update=4226 mean_reward=+59.7198 mean_length= 59.99 policy_loss=+0.00097 value_loss=+0.06929 ratio=1.0186 kl=0.0290
update=4227 mean_reward=+59.7253 mean_length= 60.00 policy_loss=+0.00453 value_loss=+0.00125 ratio=1.0111 kl=0.0242
update=4228 mean_reward=+59.7191 mean_length= 60.00 policy_loss=+0.00143 value_loss=+0.00116 ratio=1.0125 kl=0.0080
update=4229 mean_reward=+59.7154 mean_length= 60.00 policy_loss=+0.00170 value_loss=+0.00121 ratio=1.0087 kl=0.0063
update=4230 mean_reward=+59.7203 mean_length= 60.00 policy_loss=+0.00092 value_loss=+0.00113 ratio=1.0101 kl=0.0062 | eval_reward=+59.7012 eval_length= 60.00
update=4231 mean_reward=+59.7192 mean_length= 60.00 policy_loss=+0.00139 value_loss=+0.00114 ratio=1.0285 kl=0.0065
update=4232 mean_reward=+59.7220 mean_length= 60.00 policy_loss=+0.00144 value_loss=+0.00127 ratio=1.0088 kl=0.0079
update=4233 mean_reward=+59.7207 mean_length= 60.00 policy_loss=+0.00165 value_loss=+0.00111 ratio=1.0124 kl=0.0077
update=4234 mean_reward=+59.7214 mean_length= 60.00 policy_loss=+0.00734 value_loss=+0.00108 ratio=1.0096 kl=0.0254
update=4235 mean_reward=+59.7177 mean_length= 60.00 policy_loss=+0.00076 value_loss=+0.08494 ratio=1.0174 kl=0.0203 | eval_reward=+59.7288 eval_length= 60.00
update=4236 mean_reward=+59.7206 mean_length= 60.00 policy_loss=+0.00168 value_loss=+0.00144 ratio=1.0187 kl=0.0177
update=4237 mean_reward=+59.7051 mean_length= 59.98 policy_loss=+0.00112 value_loss=+0.18111 ratio=1.0136 kl=0.0243
update=4238 mean_reward=+59.7258 mean_length= 59.99 policy_loss=+0.00119 value_loss=+0.07459 ratio=1.0107 kl=0.0281
update=4239 mean_reward=+59.7197 mean_length= 59.99 policy_loss=+0.00055 value_loss=+0.14412 ratio=1.0155 kl=0.0231
update=4240 mean_reward=+59.7221 mean_length= 60.00 policy_loss=+0.00081 value_loss=+0.00216 ratio=1.0116 kl=0.0075 | eval_reward=+59.7346 eval_length= 60.00
update=4241 mean_reward=+59.7208 mean_length= 60.00 policy_loss=+0.00006 value_loss=+0.00116 ratio=1.0125 kl=0.0064
update=4242 mean_reward=+59.7243 mean_length= 60.00 policy_loss=+0.00078 value_loss=+0.00129 ratio=1.0097 kl=0.0109
update=4243 mean_reward=+59.7241 mean_length= 60.00 policy_loss=+0.00110 value_loss=+0.08757 ratio=1.0146 kl=0.0226
update=4244 mean_reward=+59.7298 mean_length= 60.00 policy_loss=+0.00066 value_loss=+0.00122 ratio=1.0091 kl=0.0112
update=4245 mean_reward=+59.7314 mean_length= 60.00 policy_loss=+0.00108 value_loss=+0.00144 ratio=1.0111 kl=0.0128 | eval_reward=+59.7364 eval_length= 60.00
update=4246 mean_reward=+59.7187 mean_length= 59.99 policy_loss=+0.00108 value_loss=+0.11946 ratio=1.0092 kl=0.0245
update=4247 mean_reward=+59.7266 mean_length= 60.00 policy_loss=+0.00417 value_loss=+0.00131 ratio=1.0101 kl=0.0223
update=4248 mean_reward=+59.7173 mean_length= 59.99 policy_loss=+0.00091 value_loss=+0.24802 ratio=1.0106 kl=0.0278
update=4249 mean_reward=+59.7245 mean_length= 60.00 policy_loss=-0.00201 value_loss=+0.05204 ratio=1.0090 kl=0.0231
update=4250 mean_reward=+59.7278 mean_length= 60.00 policy_loss=+0.00055 value_loss=+0.00255 ratio=1.0151 kl=0.0123 | eval_reward=+59.7116 eval_length= 60.00
update=4251 mean_reward=+59.7299 mean_length= 60.00 policy_loss=+0.00098 value_loss=+0.00113 ratio=1.0095 kl=0.0107
update=4252 mean_reward=+59.7235 mean_length= 60.00 policy_loss=+0.00152 value_loss=+0.08249 ratio=1.0137 kl=0.0216
update=4253 mean_reward=+59.7278 mean_length= 60.00 policy_loss=+0.00118 value_loss=+0.00789 ratio=1.0087 kl=0.0244
update=4254 mean_reward=+59.7265 mean_length= 59.99 policy_loss=+0.00063 value_loss=+0.25572 ratio=1.0172 kl=0.0210
update=4255 mean_reward=+59.7259 mean_length= 60.00 policy_loss=+0.00129 value_loss=+0.07655 ratio=1.0138 kl=0.0254 | eval_reward=+59.7282 eval_length= 60.00
update=4256 mean_reward=+59.7227 mean_length= 59.99 policy_loss=+0.00018 value_loss=+0.16431 ratio=1.0148 kl=0.0254
update=4257 mean_reward=+59.7227 mean_length= 59.99 policy_loss=+0.00183 value_loss=+0.08067 ratio=1.0146 kl=0.0264
update=4258 mean_reward=+59.7287 mean_length= 60.00 policy_loss=+0.00141 value_loss=+0.00111 ratio=1.0184 kl=0.0078
update=4259 mean_reward=+59.7293 mean_length= 60.00 policy_loss=+0.00016 value_loss=+0.00112 ratio=1.0115 kl=0.0080
update=4260 mean_reward=+59.7239 mean_length= 60.00 policy_loss=+0.00150 value_loss=+0.00109 ratio=1.0175 kl=0.0121 | eval_reward=+59.7247 eval_length= 60.00
update=4261 mean_reward=+59.7221 mean_length= 60.00 policy_loss=+0.00193 value_loss=+0.17012 ratio=1.0164 kl=0.0281
update=4262 mean_reward=+59.7262 mean_length= 60.00 policy_loss=+0.00161 value_loss=+0.00169 ratio=1.0121 kl=0.0110
update=4263 mean_reward=+59.7247 mean_length= 59.99 policy_loss=+0.00025 value_loss=+0.07934 ratio=1.0160 kl=0.0258
update=4264 mean_reward=+59.7269 mean_length= 60.00 policy_loss=+0.00160 value_loss=+0.00137 ratio=1.0145 kl=0.0043
update=4265 mean_reward=+59.7292 mean_length= 60.00 policy_loss=+0.00112 value_loss=+0.00115 ratio=1.0134 kl=0.0088 | eval_reward=+59.7367 eval_length= 60.00
update=4266 mean_reward=+59.7168 mean_length= 59.99 policy_loss=+0.00100 value_loss=+0.09777 ratio=1.0159 kl=0.0235
update=4267 mean_reward=+59.7204 mean_length= 59.99 policy_loss=+0.00142 value_loss=+0.16822 ratio=1.0111 kl=0.0281
update=4268 mean_reward=+59.7276 mean_length= 60.00 policy_loss=+0.00116 value_loss=+0.00127 ratio=1.0150 kl=0.0085
update=4269 mean_reward=+59.7265 mean_length= 60.00 policy_loss=+0.00181 value_loss=+0.00173 ratio=1.0196 kl=0.0131
update=4270 mean_reward=+59.7284 mean_length= 60.00 policy_loss=+0.00077 value_loss=+0.00095 ratio=1.0172 kl=0.0061 | eval_reward=+59.7407 eval_length= 60.00
update=4271 mean_reward=+59.7347 mean_length= 60.00 policy_loss=+0.00088 value_loss=+0.00096 ratio=1.0193 kl=0.0063
update=4272 mean_reward=+59.7276 mean_length= 60.00 policy_loss=+0.00316 value_loss=+0.00093 ratio=1.0099 kl=0.0098
update=4273 mean_reward=+59.7320 mean_length= 60.00 policy_loss=-0.00001 value_loss=+0.07446 ratio=1.0106 kl=0.0247
update=4274 mean_reward=+59.7163 mean_length= 59.99 policy_loss=+0.00045 value_loss=+0.25775 ratio=1.0267 kl=0.0264
update=4275 mean_reward=+59.7268 mean_length= 60.00 policy_loss=+0.00050 value_loss=+0.08048 ratio=1.0129 kl=0.0358 | eval_reward=+59.7362 eval_length= 60.00
update=4276 mean_reward=+59.7118 mean_length= 59.99 policy_loss=+0.00032 value_loss=+0.24478 ratio=1.0150 kl=0.0205
update=4277 mean_reward=+59.7197 mean_length= 59.99 policy_loss=-0.00036 value_loss=+0.16922 ratio=1.0149 kl=0.0317
update=4278 mean_reward=+59.7284 mean_length= 60.00 policy_loss=+0.00024 value_loss=+0.00363 ratio=1.0160 kl=0.0190
update=4279 mean_reward=+59.7280 mean_length= 60.00 policy_loss=+0.00101 value_loss=+0.00143 ratio=1.0100 kl=0.0164
update=4280 mean_reward=+59.7049 mean_length= 59.98 policy_loss=-0.00011 value_loss=+0.38024 ratio=1.0120 kl=0.0267 | eval_reward=+59.7344 eval_length= 60.00
update=4281 mean_reward=+59.7195 mean_length= 59.99 policy_loss=+0.00115 value_loss=+0.07699 ratio=1.0122 kl=0.0255
update=4282 mean_reward=+59.7113 mean_length= 59.98 policy_loss=-0.00045 value_loss=+0.20152 ratio=1.0147 kl=0.0251
update=4283 mean_reward=+59.7217 mean_length= 60.00 policy_loss=-0.00118 value_loss=+0.06851 ratio=1.0085 kl=0.0212
update=4284 mean_reward=+59.7203 mean_length= 60.00 policy_loss=+0.00031 value_loss=+0.00345 ratio=1.0124 kl=0.0129
update=4285 mean_reward=+59.7193 mean_length= 59.99 policy_loss=+0.00145 value_loss=+0.16577 ratio=1.0076 kl=0.0270 | eval_reward=+59.7061 eval_length= 60.00
update=4286 mean_reward=+59.7167 mean_length= 59.99 policy_loss=+0.00071 value_loss=+0.06272 ratio=1.0089 kl=0.0286
update=4287 mean_reward=+59.7262 mean_length= 60.00 policy_loss=+0.00132 value_loss=+0.00117 ratio=1.0114 kl=0.0082
update=4288 mean_reward=+59.7218 mean_length= 59.99 policy_loss=+0.00060 value_loss=+0.05743 ratio=1.0139 kl=0.0224
update=4289 mean_reward=+59.7179 mean_length= 59.99 policy_loss=+0.00318 value_loss=+0.17514 ratio=1.0372 kl=0.0246
update=4290 mean_reward=+59.7281 mean_length= 60.00 policy_loss=+0.00132 value_loss=+0.00111 ratio=1.0088 kl=0.0078 | eval_reward=+59.7198 eval_length= 60.00
update=4291 mean_reward=+59.7292 mean_length= 60.00 policy_loss=+0.00061 value_loss=+0.00123 ratio=1.0127 kl=0.0070
update=4292 mean_reward=+59.7294 mean_length= 60.00 policy_loss=+0.00074 value_loss=+0.00109 ratio=1.0143 kl=0.0070
update=4293 mean_reward=+59.7314 mean_length= 60.00 policy_loss=+0.00087 value_loss=+0.00094 ratio=1.0108 kl=0.0060
update=4294 mean_reward=+59.7288 mean_length= 60.00 policy_loss=+0.00143 value_loss=+0.00100 ratio=1.0115 kl=0.0073
update=4295 mean_reward=+59.7293 mean_length= 60.00 policy_loss=+0.00085 value_loss=+0.00098 ratio=1.0122 kl=0.0085 | eval_reward=+59.7255 eval_length= 60.00
update=4296 mean_reward=+59.7237 mean_length= 59.99 policy_loss=+0.00027 value_loss=+0.06606 ratio=1.0091 kl=0.0184
update=4297 mean_reward=+59.7226 mean_length= 59.99 policy_loss=+0.00136 value_loss=+0.06695 ratio=1.0106 kl=0.0219
update=4298 mean_reward=+59.7301 mean_length= 60.00 policy_loss=+0.00196 value_loss=+0.00127 ratio=1.0087 kl=0.0162
update=4299 mean_reward=+59.7270 mean_length= 60.00 policy_loss=+0.00011 value_loss=+0.14958 ratio=1.0105 kl=0.0225
update=4300 mean_reward=+59.7298 mean_length= 60.00 policy_loss=+0.00211 value_loss=+0.00330 ratio=1.0098 kl=0.0078 | eval_reward=+59.7234 eval_length= 60.00
update=4301 mean_reward=+59.7257 mean_length= 60.00 policy_loss=+0.00023 value_loss=+0.07242 ratio=1.0100 kl=0.0271
update=4302 mean_reward=+59.7226 mean_length= 59.99 policy_loss=+0.00036 value_loss=+0.06364 ratio=1.0093 kl=0.0362
update=4303 mean_reward=+59.7278 mean_length= 60.00 policy_loss=+0.00066 value_loss=+0.00145 ratio=1.0118 kl=0.0082
update=4304 mean_reward=+59.7240 mean_length= 59.99 policy_loss=+0.00109 value_loss=+0.18237 ratio=1.0088 kl=0.0203
update=4305 mean_reward=+59.7293 mean_length= 60.00 policy_loss=+0.00265 value_loss=+0.00117 ratio=1.0090 kl=0.0100 | eval_reward=+59.7185 eval_length= 60.00
update=4306 mean_reward=+59.7265 mean_length= 60.00 policy_loss=+0.00153 value_loss=+0.11912 ratio=1.0158 kl=0.0261
update=4307 mean_reward=+59.7239 mean_length= 60.00 policy_loss=+0.00127 value_loss=+0.09154 ratio=1.0122 kl=0.0227
update=4308 mean_reward=+59.7231 mean_length= 60.00 policy_loss=+0.00059 value_loss=+0.08232 ratio=1.0183 kl=0.0246
update=4309 mean_reward=+59.7223 mean_length= 60.00 policy_loss=+0.00237 value_loss=+0.10176 ratio=1.0202 kl=0.0238
update=4310 mean_reward=+59.7231 mean_length= 60.00 policy_loss=+0.00168 value_loss=+0.09274 ratio=1.0111 kl=0.0242 | eval_reward=+59.7312 eval_length= 60.00
update=4311 mean_reward=+59.7195 mean_length= 59.99 policy_loss=+0.00285 value_loss=+0.30084 ratio=1.0127 kl=0.0263
update=4312 mean_reward=+59.7260 mean_length= 60.00 policy_loss=+0.00088 value_loss=+0.10747 ratio=1.0130 kl=0.0235
update=4313 mean_reward=+59.7241 mean_length= 59.99 policy_loss=+0.00336 value_loss=+0.06532 ratio=1.1140 kl=0.0240
update=4314 mean_reward=+59.7222 mean_length= 59.99 policy_loss=+0.00007 value_loss=+0.14435 ratio=1.0126 kl=0.0237
update=4315 mean_reward=+59.7246 mean_length= 60.00 policy_loss=+0.00072 value_loss=+0.08782 ratio=1.0171 kl=0.0179 | eval_reward=+59.7209 eval_length= 60.00
update=4316 mean_reward=+59.7232 mean_length= 60.00 policy_loss=+0.00117 value_loss=+0.00249 ratio=1.0102 kl=0.0126
update=4317 mean_reward=+59.7191 mean_length= 60.00 policy_loss=+0.00137 value_loss=+0.10047 ratio=1.0134 kl=0.0238
update=4318 mean_reward=+59.7217 mean_length= 60.00 policy_loss=+0.00061 value_loss=+0.08109 ratio=1.0128 kl=0.0283
update=4319 mean_reward=+59.7195 mean_length= 60.00 policy_loss=-0.00018 value_loss=+0.09488 ratio=1.0121 kl=0.0205
update=4320 mean_reward=+59.7226 mean_length= 60.00 policy_loss=+0.00035 value_loss=+0.08562 ratio=1.0228 kl=0.0202 | eval_reward=+59.7150 eval_length= 60.00
update=4321 mean_reward=+59.7270 mean_length= 60.00 policy_loss=+0.00072 value_loss=+0.07548 ratio=1.0338 kl=0.0256
update=4322 mean_reward=+59.7177 mean_length= 59.99 policy_loss=+0.00120 value_loss=+0.24916 ratio=1.0136 kl=0.0220
update=4323 mean_reward=+59.7226 mean_length= 60.00 policy_loss=+0.00197 value_loss=+0.09404 ratio=1.0183 kl=0.0171
update=4324 mean_reward=+59.7230 mean_length= 60.00 policy_loss=-0.00047 value_loss=+0.09116 ratio=1.0201 kl=0.0289
update=4325 mean_reward=+59.7266 mean_length= 60.00 policy_loss=+0.00045 value_loss=+0.00197 ratio=1.0123 kl=0.0122 | eval_reward=+59.7188 eval_length= 60.00
update=4326 mean_reward=+59.7281 mean_length= 60.00 policy_loss=+0.00143 value_loss=+0.09456 ratio=1.0120 kl=0.0220
update=4327 mean_reward=+59.7152 mean_length= 59.99 policy_loss=+0.00103 value_loss=+0.22021 ratio=1.0130 kl=0.0253
update=4328 mean_reward=+59.7219 mean_length= 60.00 policy_loss=+0.00085 value_loss=+0.10365 ratio=1.0223 kl=0.0244
update=4329 mean_reward=+59.7254 mean_length= 60.00 policy_loss=+0.00158 value_loss=+0.09416 ratio=1.0133 kl=0.0195
update=4330 mean_reward=+59.7187 mean_length= 59.99 policy_loss=+0.00448 value_loss=+0.08099 ratio=1.0146 kl=0.0223 | eval_reward=+59.7203 eval_length= 60.00
update=4331 mean_reward=+59.7233 mean_length= 60.00 policy_loss=+0.00195 value_loss=+0.01261 ratio=1.0152 kl=0.0342
update=4332 mean_reward=+59.7295 mean_length= 60.00 policy_loss=+0.00051 value_loss=+0.00206 ratio=1.0151 kl=0.0122
update=4333 mean_reward=+59.7211 mean_length= 59.99 policy_loss=+0.00034 value_loss=+0.04662 ratio=1.0109 kl=0.0218
update=4334 mean_reward=+59.7269 mean_length= 60.00 policy_loss=+0.00063 value_loss=+0.07931 ratio=1.0226 kl=0.0261
update=4335 mean_reward=+59.7189 mean_length= 60.00 policy_loss=+0.00147 value_loss=+0.18622 ratio=1.0151 kl=0.0273 | eval_reward=+59.7501 eval_length= 60.00  [new_best]
update=4336 mean_reward=+59.7254 mean_length= 60.00 policy_loss=+0.00164 value_loss=+0.11159 ratio=1.0132 kl=0.0263
update=4337 mean_reward=+59.7277 mean_length= 60.00 policy_loss=+0.00261 value_loss=+0.00210 ratio=1.0206 kl=0.0163
update=4338 mean_reward=+59.7231 mean_length= 60.00 policy_loss=+0.00169 value_loss=+0.00142 ratio=1.0138 kl=0.0176
update=4339 mean_reward=+59.7148 mean_length= 59.99 policy_loss=+0.00092 value_loss=+0.26766 ratio=1.0135 kl=0.0205
update=4340 mean_reward=+59.7223 mean_length= 60.00 policy_loss=-0.00018 value_loss=+0.00837 ratio=1.0160 kl=0.0181 | eval_reward=+59.7385 eval_length= 60.00
update=4341 mean_reward=+59.7213 mean_length= 60.00 policy_loss=+0.00236 value_loss=+0.00240 ratio=1.0857 kl=0.0207
update=4342 mean_reward=+59.7179 mean_length= 59.99 policy_loss=+0.00092 value_loss=+0.08021 ratio=1.0154 kl=0.0186
update=4343 mean_reward=+59.7155 mean_length= 59.99 policy_loss=+0.00126 value_loss=+0.16281 ratio=1.0166 kl=0.0261
update=4344 mean_reward=+59.7224 mean_length= 60.00 policy_loss=-0.00074 value_loss=+0.06700 ratio=1.0167 kl=0.0308
update=4345 mean_reward=+59.7183 mean_length= 59.99 policy_loss=+0.00105 value_loss=+0.13281 ratio=1.0200 kl=0.0213 | eval_reward=+59.7495 eval_length= 60.00
update=4346 mean_reward=+59.7183 mean_length= 59.99 policy_loss=+0.00099 value_loss=+0.08143 ratio=1.0105 kl=0.0266
update=4347 mean_reward=+59.7157 mean_length= 59.99 policy_loss=+0.00032 value_loss=+0.15303 ratio=1.0103 kl=0.0211
update=4348 mean_reward=+59.7164 mean_length= 60.00 policy_loss=+0.00111 value_loss=+0.00134 ratio=1.0166 kl=0.0103
update=4349 mean_reward=+59.7224 mean_length= 60.00 policy_loss=+0.00265 value_loss=+0.00106 ratio=1.0098 kl=0.0112
update=4350 mean_reward=+59.7255 mean_length= 60.00 policy_loss=+0.00106 value_loss=+0.00096 ratio=1.0118 kl=0.0081 | eval_reward=+59.7225 eval_length= 60.00
update=4351 mean_reward=+59.7213 mean_length= 60.00 policy_loss=+0.00093 value_loss=+0.08290 ratio=1.0080 kl=0.0232
update=4352 mean_reward=+59.7249 mean_length= 60.00 policy_loss=+0.00176 value_loss=+0.00107 ratio=1.0086 kl=0.0160
update=4353 mean_reward=+59.7247 mean_length= 60.00 policy_loss=+0.00124 value_loss=+0.10532 ratio=1.0093 kl=0.0287
update=4354 mean_reward=+59.7269 mean_length= 60.00 policy_loss=+0.00227 value_loss=+0.00095 ratio=1.0122 kl=0.0151
update=4355 mean_reward=+59.7182 mean_length= 59.99 policy_loss=+0.00137 value_loss=+0.15137 ratio=1.0099 kl=0.0235 | eval_reward=+59.7175 eval_length= 60.00
update=4356 mean_reward=+59.7207 mean_length= 60.00 policy_loss=+0.00033 value_loss=+0.07137 ratio=1.0118 kl=0.0320
update=4357 mean_reward=+59.7200 mean_length= 59.99 policy_loss=+0.00100 value_loss=+0.07997 ratio=1.0286 kl=0.0252
update=4358 mean_reward=+59.7242 mean_length= 60.00 policy_loss=+0.00042 value_loss=+0.07748 ratio=1.0117 kl=0.0264
update=4359 mean_reward=+59.7165 mean_length= 59.99 policy_loss=-0.00054 value_loss=+0.10408 ratio=1.1262 kl=0.0234
update=4360 mean_reward=+59.7023 mean_length= 59.98 policy_loss=+0.00090 value_loss=+0.27770 ratio=1.0139 kl=0.0271 | eval_reward=+59.7140 eval_length= 60.00
update=4361 mean_reward=+59.7180 mean_length= 60.00 policy_loss=+0.00934 value_loss=+0.06347 ratio=1.0865 kl=0.0199
update=4362 mean_reward=+59.7167 mean_length= 60.00 policy_loss=+0.00557 value_loss=+0.07752 ratio=1.0255 kl=0.0291
update=4363 mean_reward=+59.7138 mean_length= 59.99 policy_loss=+0.00066 value_loss=+0.15709 ratio=1.0121 kl=0.0282
update=4364 mean_reward=+59.7129 mean_length= 59.99 policy_loss=+0.00080 value_loss=+0.14581 ratio=1.0111 kl=0.0229
update=4365 mean_reward=+59.7036 mean_length= 59.99 policy_loss=+0.00041 value_loss=+0.20786 ratio=1.0181 kl=0.0199 | eval_reward=+59.7313 eval_length= 60.00
update=4366 mean_reward=+59.7145 mean_length= 59.99 policy_loss=-0.00065 value_loss=+0.14337 ratio=1.0101 kl=0.0201
update=4367 mean_reward=+59.7230 mean_length= 60.00 policy_loss=+0.00052 value_loss=+0.00304 ratio=1.0154 kl=0.0097
update=4368 mean_reward=+59.7222 mean_length= 60.00 policy_loss=+0.00233 value_loss=+0.00114 ratio=1.0134 kl=0.0071
update=4369 mean_reward=+59.7113 mean_length= 59.99 policy_loss=+0.00050 value_loss=+0.06989 ratio=1.0119 kl=0.0195
update=4370 mean_reward=+59.6975 mean_length= 59.98 policy_loss=+0.00102 value_loss=+0.31986 ratio=1.0116 kl=0.0279 | eval_reward=+59.7117 eval_length= 60.00
update=4371 mean_reward=+59.7189 mean_length= 60.00 policy_loss=+0.00207 value_loss=+0.00154 ratio=1.0127 kl=0.0071
update=4372 mean_reward=+59.7079 mean_length= 59.99 policy_loss=+0.00087 value_loss=+0.15858 ratio=1.0140 kl=0.0216
update=4373 mean_reward=+59.7131 mean_length= 59.99 policy_loss=+0.00019 value_loss=+0.15243 ratio=1.0141 kl=0.0218
update=4374 mean_reward=+59.7241 mean_length= 60.00 policy_loss=+0.00113 value_loss=+0.00275 ratio=1.0116 kl=0.0061
update=4375 mean_reward=+59.7049 mean_length= 59.98 policy_loss=+0.00096 value_loss=+0.29026 ratio=1.0117 kl=0.0194 | eval_reward=+59.7113 eval_length= 60.00
update=4376 mean_reward=+59.7073 mean_length= 59.98 policy_loss=+0.00141 value_loss=+0.34238 ratio=1.0154 kl=0.0241
update=4377 mean_reward=+59.7112 mean_length= 59.99 policy_loss=+0.00028 value_loss=+0.25582 ratio=1.0100 kl=0.0259
update=4378 mean_reward=+59.7196 mean_length= 60.00 policy_loss=+0.00079 value_loss=+0.11342 ratio=1.0103 kl=0.0254
update=4379 mean_reward=+59.7227 mean_length= 60.00 policy_loss=+0.00113 value_loss=+0.09222 ratio=1.0123 kl=0.0260
update=4380 mean_reward=+59.7085 mean_length= 59.99 policy_loss=+0.00076 value_loss=+0.32300 ratio=1.0127 kl=0.0246 | eval_reward=+59.7308 eval_length= 60.00
update=4381 mean_reward=+59.7124 mean_length= 59.99 policy_loss=+0.00082 value_loss=+0.21796 ratio=1.0139 kl=0.0228
update=4382 mean_reward=+59.7198 mean_length= 60.00 policy_loss=+0.00059 value_loss=+0.00671 ratio=1.0140 kl=0.0093
update=4383 mean_reward=+59.7258 mean_length= 60.00 policy_loss=+0.00156 value_loss=+0.00147 ratio=1.0153 kl=0.0113
update=4384 mean_reward=+59.7270 mean_length= 60.00 policy_loss=+0.00121 value_loss=+0.00128 ratio=1.0096 kl=0.0084
update=4385 mean_reward=+59.7146 mean_length= 59.99 policy_loss=+0.00240 value_loss=+0.18007 ratio=1.0120 kl=0.0223 | eval_reward=+59.7304 eval_length= 60.00
update=4386 mean_reward=+59.7228 mean_length= 59.99 policy_loss=+0.00032 value_loss=+0.17148 ratio=1.0099 kl=0.0202
update=4387 mean_reward=+59.7019 mean_length= 59.98 policy_loss=+0.00310 value_loss=+0.38083 ratio=1.0204 kl=0.0218
update=4388 mean_reward=+59.7143 mean_length= 60.00 policy_loss=+0.00349 value_loss=+0.12897 ratio=1.0110 kl=0.0186
update=4389 mean_reward=+59.7258 mean_length= 60.00 policy_loss=+0.00081 value_loss=+0.01150 ratio=1.0082 kl=0.0142
update=4390 mean_reward=+59.7033 mean_length= 59.98 policy_loss=-0.00081 value_loss=+0.34480 ratio=1.0102 kl=0.0281 | eval_reward=+59.7136 eval_length= 60.00
update=4391 mean_reward=+59.7195 mean_length= 60.00 policy_loss=+0.00086 value_loss=+0.12733 ratio=1.0122 kl=0.0197
update=4392 mean_reward=+59.7107 mean_length= 59.99 policy_loss=+0.00222 value_loss=+0.16725 ratio=1.0122 kl=0.0226
update=4393 mean_reward=+59.7172 mean_length= 59.99 policy_loss=+0.00065 value_loss=+0.22718 ratio=1.0130 kl=0.0223
update=4394 mean_reward=+59.7215 mean_length= 60.00 policy_loss=+0.00021 value_loss=+0.09061 ratio=1.0168 kl=0.0228
update=4395 mean_reward=+59.7208 mean_length= 59.99 policy_loss=+0.00094 value_loss=+0.18057 ratio=1.0179 kl=0.0260 | eval_reward=+59.7132 eval_length= 60.00
update=4396 mean_reward=+59.7186 mean_length= 59.99 policy_loss=+0.00043 value_loss=+0.16196 ratio=1.0137 kl=0.0176
update=4397 mean_reward=+59.7192 mean_length= 59.99 policy_loss=+0.00091 value_loss=+0.07304 ratio=1.0114 kl=0.0266
update=4398 mean_reward=+59.7228 mean_length= 60.00 policy_loss=+0.00233 value_loss=+0.00858 ratio=1.0150 kl=0.0258
update=4399 mean_reward=+59.7069 mean_length= 59.99 policy_loss=+0.00117 value_loss=+0.42296 ratio=1.0106 kl=0.0253
update=4400 mean_reward=+59.7194 mean_length= 60.00 policy_loss=+0.00043 value_loss=+0.09796 ratio=1.0137 kl=0.0287 | eval_reward=+59.7361 eval_length= 60.00
update=4401 mean_reward=+59.7227 mean_length= 59.99 policy_loss=+0.00045 value_loss=+0.06590 ratio=1.0098 kl=0.0270
update=4402 mean_reward=+59.7264 mean_length= 60.00 policy_loss=+0.00083 value_loss=+0.00229 ratio=1.0110 kl=0.0114
update=4403 mean_reward=+59.7195 mean_length= 59.99 policy_loss=+0.00011 value_loss=+0.07244 ratio=1.0107 kl=0.0223
update=4404 mean_reward=+59.7145 mean_length= 59.99 policy_loss=+0.00090 value_loss=+0.25646 ratio=1.0151 kl=0.0326
update=4405 mean_reward=+59.7266 mean_length= 60.00 policy_loss=+0.00163 value_loss=+0.08981 ratio=1.0110 kl=0.0252 | eval_reward=+59.7194 eval_length= 60.00
update=4406 mean_reward=+59.7253 mean_length= 60.00 policy_loss=+0.00236 value_loss=+0.00249 ratio=1.0118 kl=0.0117
update=4407 mean_reward=+59.7221 mean_length= 59.99 policy_loss=+0.00051 value_loss=+0.05600 ratio=1.0115 kl=0.0221
update=4408 mean_reward=+59.7221 mean_length= 59.99 policy_loss=+0.00243 value_loss=+0.29786 ratio=1.0085 kl=0.0249
update=4409 mean_reward=+59.7294 mean_length= 60.00 policy_loss=+0.00060 value_loss=+0.08121 ratio=1.0110 kl=0.0263
update=4410 mean_reward=+59.7096 mean_length= 59.98 policy_loss=-0.00104 value_loss=+0.17322 ratio=1.0091 kl=0.0238 | eval_reward=+59.7203 eval_length= 60.00
update=4411 mean_reward=+59.7255 mean_length= 60.00 policy_loss=+0.00129 value_loss=+0.00386 ratio=1.0158 kl=0.0141
update=4412 mean_reward=+59.7141 mean_length= 59.99 policy_loss=+0.00055 value_loss=+0.13633 ratio=1.0095 kl=0.0260
update=4413 mean_reward=+59.7214 mean_length= 60.00 policy_loss=+0.00152 value_loss=+0.10068 ratio=1.0083 kl=0.0209
update=4414 mean_reward=+59.7147 mean_length= 59.99 policy_loss=+0.00052 value_loss=+0.23739 ratio=1.0089 kl=0.0252
update=4415 mean_reward=+59.7048 mean_length= 59.99 policy_loss=+0.00062 value_loss=+0.32441 ratio=1.0110 kl=0.0223 | eval_reward=+59.7381 eval_length= 60.00
update=4416 mean_reward=+59.7218 mean_length= 60.00 policy_loss=+0.00056 value_loss=+0.01710 ratio=1.0122 kl=0.0164
update=4417 mean_reward=+59.7177 mean_length= 60.00 policy_loss=+0.00072 value_loss=+0.00693 ratio=1.0098 kl=0.0201
update=4418 mean_reward=+59.7156 mean_length= 60.00 policy_loss=+0.00109 value_loss=+0.07971 ratio=1.0092 kl=0.0281
update=4419 mean_reward=+59.7239 mean_length= 60.00 policy_loss=+0.00190 value_loss=+0.00150 ratio=1.0143 kl=0.0143
update=4420 mean_reward=+59.7153 mean_length= 59.99 policy_loss=+0.00057 value_loss=+0.06781 ratio=1.0134 kl=0.0254 | eval_reward=+59.7383 eval_length= 60.00
update=4421 mean_reward=+59.7224 mean_length= 60.00 policy_loss=+0.00139 value_loss=+0.00128 ratio=1.0112 kl=0.0099
update=4422 mean_reward=+59.7183 mean_length= 60.00 policy_loss=+0.00060 value_loss=+0.08109 ratio=1.0102 kl=0.0159
update=4423 mean_reward=+59.7166 mean_length= 60.00 policy_loss=-0.00117 value_loss=+0.07767 ratio=1.0116 kl=0.0283
update=4424 mean_reward=+59.7167 mean_length= 59.99 policy_loss=-0.00002 value_loss=+0.14934 ratio=1.0140 kl=0.0262
update=4425 mean_reward=+59.7153 mean_length= 59.99 policy_loss=+0.00208 value_loss=+0.27909 ratio=1.0098 kl=0.0288 | eval_reward=+59.7405 eval_length= 60.00
update=4426 mean_reward=+59.7219 mean_length= 60.00 policy_loss=-0.00074 value_loss=+0.07843 ratio=1.0100 kl=0.0271
update=4427 mean_reward=+59.7151 mean_length= 60.00 policy_loss=+0.00056 value_loss=+0.08924 ratio=1.0108 kl=0.0235
update=4428 mean_reward=+59.7237 mean_length= 60.00 policy_loss=+0.00254 value_loss=+0.11329 ratio=1.0098 kl=0.0239
update=4429 mean_reward=+59.7169 mean_length= 60.00 policy_loss=+0.00142 value_loss=+0.18715 ratio=1.0116 kl=0.0254
update=4430 mean_reward=+59.7116 mean_length= 59.98 policy_loss=+0.00067 value_loss=+0.38513 ratio=1.0126 kl=0.0263 | eval_reward=+59.7369 eval_length= 60.00
update=4431 mean_reward=+59.7107 mean_length= 59.99 policy_loss=+0.00257 value_loss=+0.24656 ratio=1.0244 kl=0.0170
update=4432 mean_reward=+59.7209 mean_length= 59.99 policy_loss=+0.00075 value_loss=+0.07842 ratio=1.0108 kl=0.0247
update=4433 mean_reward=+59.7139 mean_length= 59.99 policy_loss=+0.00074 value_loss=+0.06741 ratio=1.0105 kl=0.0324
update=4434 mean_reward=+59.7133 mean_length= 59.99 policy_loss=-0.00017 value_loss=+0.15347 ratio=1.0138 kl=0.0252
update=4435 mean_reward=+59.6967 mean_length= 59.98 policy_loss=+0.00238 value_loss=+0.36007 ratio=1.0143 kl=0.0284 | eval_reward=+59.7326 eval_length= 60.00
update=4436 mean_reward=+59.7193 mean_length= 60.00 policy_loss=+0.00018 value_loss=+0.08616 ratio=1.0290 kl=0.0215
update=4437 mean_reward=+59.7049 mean_length= 59.98 policy_loss=+0.00118 value_loss=+0.22403 ratio=1.0165 kl=0.0225
update=4438 mean_reward=+59.7158 mean_length= 59.99 policy_loss=-0.00013 value_loss=+0.13640 ratio=1.0271 kl=0.0254
update=4439 mean_reward=+59.7055 mean_length= 59.98 policy_loss=+0.00455 value_loss=+0.24203 ratio=1.0188 kl=0.0187
update=4440 mean_reward=+59.7112 mean_length= 59.99 policy_loss=-0.00058 value_loss=+0.14802 ratio=1.0322 kl=0.0199 | eval_reward=+59.7277 eval_length= 60.00
update=4441 mean_reward=+59.7066 mean_length= 59.99 policy_loss=-0.00021 value_loss=+0.14820 ratio=1.0215 kl=0.0214
update=4442 mean_reward=+59.7122 mean_length= 59.99 policy_loss=+0.00083 value_loss=+0.07941 ratio=1.0168 kl=0.0187
update=4443 mean_reward=+59.6901 mean_length= 59.98 policy_loss=+0.00027 value_loss=+0.30857 ratio=1.0169 kl=0.0241
update=4444 mean_reward=+59.6849 mean_length= 59.98 policy_loss=+0.00067 value_loss=+0.39490 ratio=1.0191 kl=0.0233
update=4445 mean_reward=+59.6958 mean_length= 59.99 policy_loss=+0.00115 value_loss=+0.15547 ratio=1.0401 kl=0.0205 | eval_reward=+59.7194 eval_length= 60.00
update=4446 mean_reward=+59.7066 mean_length= 60.00 policy_loss=+0.00235 value_loss=+0.11294 ratio=1.0246 kl=0.0208
update=4447 mean_reward=+59.7100 mean_length= 59.99 policy_loss=+0.00075 value_loss=+0.07673 ratio=1.0179 kl=0.0249
update=4448 mean_reward=+59.7080 mean_length= 59.99 policy_loss=+0.00100 value_loss=+0.06464 ratio=1.0206 kl=0.0213
update=4449 mean_reward=+59.6945 mean_length= 59.98 policy_loss=+0.00090 value_loss=+0.29489 ratio=1.0180 kl=0.0240
update=4450 mean_reward=+59.7177 mean_length= 60.00 policy_loss=+0.00283 value_loss=+0.00416 ratio=1.0179 kl=0.0103 | eval_reward=+59.7225 eval_length= 60.00
update=4451 mean_reward=+59.6978 mean_length= 59.98 policy_loss=+0.00137 value_loss=+0.22626 ratio=1.0369 kl=0.0216
update=4452 mean_reward=+59.7068 mean_length= 59.99 policy_loss=+0.00265 value_loss=+0.09068 ratio=1.0153 kl=0.0252
update=4453 mean_reward=+59.7053 mean_length= 59.98 policy_loss=+0.00615 value_loss=+0.29286 ratio=1.0350 kl=0.0237
update=4454 mean_reward=+59.6920 mean_length= 59.97 policy_loss=+0.00120 value_loss=+0.36733 ratio=1.0209 kl=0.0149
update=4455 mean_reward=+59.6930 mean_length= 59.98 policy_loss=+0.00157 value_loss=+0.42188 ratio=1.0266 kl=0.0285 | eval_reward=+59.7226 eval_length= 60.00
update=4456 mean_reward=+59.6785 mean_length= 59.97 policy_loss=+0.00150 value_loss=+0.43893 ratio=1.0303 kl=0.0261
update=4457 mean_reward=+59.6843 mean_length= 59.98 policy_loss=+0.00039 value_loss=+0.21108 ratio=1.0198 kl=0.0217
update=4458 mean_reward=+59.6679 mean_length= 59.97 policy_loss=-0.00097 value_loss=+0.49977 ratio=1.0204 kl=0.0185
update=4459 mean_reward=+59.6906 mean_length= 59.98 policy_loss=-0.00023 value_loss=+0.27713 ratio=1.0195 kl=0.0172
update=4460 mean_reward=+59.6895 mean_length= 59.99 policy_loss=+0.00115 value_loss=+0.20859 ratio=1.0283 kl=0.0156 | eval_reward=+59.7232 eval_length= 60.00
update=4461 mean_reward=+59.7045 mean_length= 59.99 policy_loss=+0.00063 value_loss=+0.07953 ratio=1.0171 kl=0.0163
update=4462 mean_reward=+59.6982 mean_length= 59.98 policy_loss=+0.00005 value_loss=+0.17504 ratio=1.0225 kl=0.0343
update=4463 mean_reward=+59.7036 mean_length= 59.99 policy_loss=-0.00139 value_loss=+0.20669 ratio=1.0212 kl=0.0225
update=4464 mean_reward=+59.6959 mean_length= 59.98 policy_loss=-0.00047 value_loss=+0.28965 ratio=1.0245 kl=0.0271
update=4465 mean_reward=+59.7022 mean_length= 59.98 policy_loss=-0.00033 value_loss=+0.29687 ratio=1.0182 kl=0.0258 | eval_reward=+59.7273 eval_length= 60.00
update=4466 mean_reward=+59.6962 mean_length= 59.99 policy_loss=-0.00029 value_loss=+0.21139 ratio=1.0321 kl=0.0195
update=4467 mean_reward=+59.7187 mean_length= 60.00 policy_loss=+0.00223 value_loss=+0.00213 ratio=1.0166 kl=0.0087
update=4468 mean_reward=+59.6958 mean_length= 59.98 policy_loss=+0.00112 value_loss=+0.40456 ratio=1.0198 kl=0.0223
update=4469 mean_reward=+59.7059 mean_length= 59.99 policy_loss=+0.00029 value_loss=+0.13661 ratio=1.0229 kl=0.0279
update=4470 mean_reward=+59.6878 mean_length= 59.97 policy_loss=+0.00101 value_loss=+0.45153 ratio=1.0192 kl=0.0252 | eval_reward=+59.7386 eval_length= 60.00
update=4471 mean_reward=+59.7101 mean_length= 59.99 policy_loss=+0.00061 value_loss=+0.15785 ratio=1.0304 kl=0.0350
update=4472 mean_reward=+59.7028 mean_length= 59.99 policy_loss=+0.00078 value_loss=+0.22502 ratio=1.0235 kl=0.0231
update=4473 mean_reward=+59.7093 mean_length= 59.99 policy_loss=+0.00057 value_loss=+0.14232 ratio=1.0274 kl=0.0175
update=4474 mean_reward=+59.7074 mean_length= 59.99 policy_loss=+0.00054 value_loss=+0.17291 ratio=1.0267 kl=0.0179
update=4475 mean_reward=+59.6987 mean_length= 59.98 policy_loss=+0.00030 value_loss=+0.36780 ratio=1.0222 kl=0.0266 | eval_reward=+59.7402 eval_length= 60.00
update=4476 mean_reward=+59.7144 mean_length= 59.99 policy_loss=+0.00350 value_loss=+0.07298 ratio=1.0807 kl=0.0254
update=4477 mean_reward=+59.7127 mean_length= 59.99 policy_loss=-0.00014 value_loss=+0.06701 ratio=1.0170 kl=0.0240
update=4478 mean_reward=+59.7131 mean_length= 60.00 policy_loss=+0.00077 value_loss=+0.07304 ratio=1.0159 kl=0.0237
update=4479 mean_reward=+59.7160 mean_length= 60.00 policy_loss=+0.00110 value_loss=+0.08666 ratio=1.0361 kl=0.0240
update=4480 mean_reward=+59.7058 mean_length= 59.99 policy_loss=+0.00092 value_loss=+0.24404 ratio=1.0163 kl=0.0216 | eval_reward=+59.7399 eval_length= 60.00
update=4481 mean_reward=+59.6978 mean_length= 59.98 policy_loss=+0.00078 value_loss=+0.19951 ratio=1.0274 kl=0.0247
update=4482 mean_reward=+59.7072 mean_length= 59.99 policy_loss=+0.00002 value_loss=+0.15287 ratio=1.0206 kl=0.0262
update=4483 mean_reward=+59.6948 mean_length= 59.98 policy_loss=-0.00068 value_loss=+0.35441 ratio=1.0258 kl=0.0127
update=4484 mean_reward=+59.7151 mean_length= 59.99 policy_loss=+0.00039 value_loss=+0.16605 ratio=1.0202 kl=0.0111
update=4485 mean_reward=+59.7125 mean_length= 60.00 policy_loss=-0.00048 value_loss=+0.06532 ratio=1.0219 kl=0.0250 | eval_reward=+59.7383 eval_length= 60.00
update=4486 mean_reward=+59.7117 mean_length= 60.00 policy_loss=-0.00050 value_loss=+0.10849 ratio=1.0272 kl=0.0235
update=4487 mean_reward=+59.7113 mean_length= 59.99 policy_loss=-0.00034 value_loss=+0.15827 ratio=1.0225 kl=0.0296
update=4488 mean_reward=+59.6988 mean_length= 59.98 policy_loss=-0.00011 value_loss=+0.37550 ratio=1.0180 kl=0.0278
update=4489 mean_reward=+59.7033 mean_length= 59.99 policy_loss=-0.00022 value_loss=+0.40574 ratio=1.0191 kl=0.0141
update=4490 mean_reward=+59.7085 mean_length= 59.99 policy_loss=-0.00004 value_loss=+0.25405 ratio=1.0200 kl=0.0211 | eval_reward=+59.7410 eval_length= 60.00
update=4491 mean_reward=+59.7093 mean_length= 59.99 policy_loss=+0.00102 value_loss=+0.13841 ratio=1.0339 kl=0.0374
update=4492 mean_reward=+59.7179 mean_length= 60.00 policy_loss=+0.00148 value_loss=+0.00343 ratio=1.0197 kl=0.0101
update=4493 mean_reward=+59.7115 mean_length= 60.00 policy_loss=+0.00118 value_loss=+0.17248 ratio=1.0214 kl=0.0224
update=4494 mean_reward=+59.7063 mean_length= 59.99 policy_loss=+0.00080 value_loss=+0.15340 ratio=1.0201 kl=0.0238
update=4495 mean_reward=+59.7033 mean_length= 59.99 policy_loss=+0.00075 value_loss=+0.23551 ratio=1.0230 kl=0.0222 | eval_reward=+59.7417 eval_length= 60.00
update=4496 mean_reward=+59.7112 mean_length= 60.00 policy_loss=+0.00120 value_loss=+0.01002 ratio=1.0216 kl=0.0151
update=4497 mean_reward=+59.7117 mean_length= 59.99 policy_loss=+0.00165 value_loss=+0.06003 ratio=1.0197 kl=0.0237
update=4498 mean_reward=+59.7123 mean_length= 60.00 policy_loss=+0.00138 value_loss=+0.16918 ratio=1.0241 kl=0.0182
update=4499 mean_reward=+59.7042 mean_length= 59.99 policy_loss=+0.00092 value_loss=+0.16233 ratio=1.0410 kl=0.0247
update=4500 mean_reward=+59.7023 mean_length= 59.99 policy_loss=+0.00117 value_loss=+0.09515 ratio=1.0196 kl=0.0260 | eval_reward=+59.7508 eval_length= 60.00  [new_best]
update=4501 mean_reward=+59.7029 mean_length= 59.99 policy_loss=+0.00478 value_loss=+0.06511 ratio=1.0395 kl=0.0177
update=4502 mean_reward=+59.7138 mean_length= 60.00 policy_loss=+0.00022 value_loss=+0.08060 ratio=1.0182 kl=0.0225
update=4503 mean_reward=+59.7068 mean_length= 60.00 policy_loss=+0.00060 value_loss=+0.17352 ratio=1.0193 kl=0.0230
update=4504 mean_reward=+59.7019 mean_length= 59.99 policy_loss=+0.00140 value_loss=+0.17757 ratio=1.0183 kl=0.0248
update=4505 mean_reward=+59.6903 mean_length= 59.98 policy_loss=+0.00095 value_loss=+0.22451 ratio=1.0164 kl=0.0230 | eval_reward=+59.7538 eval_length= 60.00  [new_best]
update=4506 mean_reward=+59.7111 mean_length= 60.00 policy_loss=+0.00170 value_loss=+0.00380 ratio=1.0256 kl=0.0090
update=4507 mean_reward=+59.7072 mean_length= 60.00 policy_loss=+0.00100 value_loss=+0.17840 ratio=1.0181 kl=0.0187
update=4508 mean_reward=+59.6996 mean_length= 59.99 policy_loss=+0.00041 value_loss=+0.05576 ratio=1.0141 kl=0.0179
update=4509 mean_reward=+59.6913 mean_length= 59.99 policy_loss=+0.00078 value_loss=+0.22533 ratio=1.0178 kl=0.0223
update=4510 mean_reward=+59.7088 mean_length= 60.00 policy_loss=+0.00107 value_loss=+0.16950 ratio=1.0219 kl=0.0261 | eval_reward=+59.7373 eval_length= 60.00
update=4511 mean_reward=+59.6986 mean_length= 59.99 policy_loss=+0.00125 value_loss=+0.16425 ratio=1.0166 kl=0.0246
update=4512 mean_reward=+59.6903 mean_length= 59.98 policy_loss=+0.00083 value_loss=+0.22154 ratio=1.0168 kl=0.0278
update=4513 mean_reward=+59.7000 mean_length= 59.99 policy_loss=+0.00040 value_loss=+0.15880 ratio=1.0187 kl=0.0287
update=4514 mean_reward=+59.7033 mean_length= 60.00 policy_loss=+0.00083 value_loss=+0.10753 ratio=1.0175 kl=0.0288
update=4515 mean_reward=+59.7009 mean_length= 59.99 policy_loss=-0.00060 value_loss=+0.24140 ratio=1.0189 kl=0.0251 | eval_reward=+59.7212 eval_length= 60.00
update=4516 mean_reward=+59.6912 mean_length= 59.99 policy_loss=+0.00105 value_loss=+0.13537 ratio=1.0193 kl=0.0238
update=4517 mean_reward=+59.6961 mean_length= 59.99 policy_loss=+0.00029 value_loss=+0.14890 ratio=1.0202 kl=0.0202
update=4518 mean_reward=+59.7002 mean_length= 60.00 policy_loss=+0.00171 value_loss=+0.32506 ratio=1.0207 kl=0.0256
update=4519 mean_reward=+59.7028 mean_length= 59.99 policy_loss=+0.00055 value_loss=+0.16167 ratio=1.0207 kl=0.0246
update=4520 mean_reward=+59.7042 mean_length= 60.00 policy_loss=+0.00578 value_loss=+0.00334 ratio=1.0176 kl=0.0111 | eval_reward=+59.7388 eval_length= 60.00
update=4521 mean_reward=+59.7055 mean_length= 60.00 policy_loss=+0.00147 value_loss=+0.07288 ratio=1.0166 kl=0.0266
update=4522 mean_reward=+59.7097 mean_length= 60.00 policy_loss=+0.00081 value_loss=+0.00227 ratio=1.0199 kl=0.0092
update=4523 mean_reward=+59.7099 mean_length= 60.00 policy_loss=+0.00219 value_loss=+0.00154 ratio=1.0147 kl=0.0088
update=4524 mean_reward=+59.7146 mean_length= 60.00 policy_loss=+0.00045 value_loss=+0.00684 ratio=1.0186 kl=0.0204
update=4525 mean_reward=+59.7160 mean_length= 60.00 policy_loss=+0.00141 value_loss=+0.09264 ratio=1.0197 kl=0.0291 | eval_reward=+59.7230 eval_length= 60.00
update=4526 mean_reward=+59.7050 mean_length= 59.99 policy_loss=+0.00072 value_loss=+0.06804 ratio=1.0226 kl=0.0224
update=4527 mean_reward=+59.7059 mean_length= 59.99 policy_loss=+0.00061 value_loss=+0.06519 ratio=1.0157 kl=0.0246
update=4528 mean_reward=+59.7031 mean_length= 59.99 policy_loss=+0.00069 value_loss=+0.14838 ratio=1.0213 kl=0.0201
update=4529 mean_reward=+59.6974 mean_length= 59.98 policy_loss=-0.00027 value_loss=+0.16838 ratio=1.0118 kl=0.0197
update=4530 mean_reward=+59.7051 mean_length= 60.00 policy_loss=+0.00186 value_loss=+0.09935 ratio=1.0217 kl=0.0227 | eval_reward=+59.7323 eval_length= 60.00
update=4531 mean_reward=+59.7005 mean_length= 59.99 policy_loss=+0.00081 value_loss=+0.06825 ratio=1.0166 kl=0.0247
update=4532 mean_reward=+59.7031 mean_length= 59.99 policy_loss=+0.00117 value_loss=+0.07868 ratio=1.0176 kl=0.0262
update=4533 mean_reward=+59.6983 mean_length= 59.99 policy_loss=+0.00070 value_loss=+0.06404 ratio=1.0189 kl=0.0259
update=4534 mean_reward=+59.7014 mean_length= 59.99 policy_loss=+0.00114 value_loss=+0.16664 ratio=1.0161 kl=0.0233
update=4535 mean_reward=+59.7007 mean_length= 59.99 policy_loss=+0.00117 value_loss=+0.06225 ratio=1.0229 kl=0.0197 | eval_reward=+59.7309 eval_length= 60.00
update=4536 mean_reward=+59.7009 mean_length= 59.99 policy_loss=+0.00136 value_loss=+0.14329 ratio=1.0341 kl=0.0234
update=4537 mean_reward=+59.7093 mean_length= 60.00 policy_loss=+0.00893 value_loss=+0.07534 ratio=1.0289 kl=0.0231
update=4538 mean_reward=+59.6949 mean_length= 59.99 policy_loss=+0.00184 value_loss=+0.13916 ratio=1.0173 kl=0.0237
update=4539 mean_reward=+59.6808 mean_length= 59.98 policy_loss=+0.00296 value_loss=+0.28911 ratio=1.0207 kl=0.0200
update=4540 mean_reward=+59.6885 mean_length= 59.99 policy_loss=+0.00155 value_loss=+0.17476 ratio=1.0199 kl=0.0242 | eval_reward=+59.7071 eval_length= 60.00
update=4541 mean_reward=+59.6644 mean_length= 59.97 policy_loss=-0.00013 value_loss=+0.34698 ratio=1.0211 kl=0.0285
update=4542 mean_reward=+59.6871 mean_length= 59.99 policy_loss=-0.00033 value_loss=+0.15470 ratio=1.0450 kl=0.0112
update=4543 mean_reward=+59.6956 mean_length= 60.00 policy_loss=+0.00174 value_loss=+0.09529 ratio=1.0202 kl=0.0276
update=4544 mean_reward=+59.6987 mean_length= 60.00 policy_loss=+0.00053 value_loss=+0.00388 ratio=1.0235 kl=0.0113
update=4545 mean_reward=+59.6934 mean_length= 59.99 policy_loss=+0.00059 value_loss=+0.15549 ratio=1.0321 kl=0.0219 | eval_reward=+59.7160 eval_length= 60.00
update=4546 mean_reward=+59.7027 mean_length= 60.00 policy_loss=+0.00230 value_loss=+0.09672 ratio=1.0157 kl=0.0263
update=4547 mean_reward=+59.6988 mean_length= 59.99 policy_loss=+0.00145 value_loss=+0.19245 ratio=1.0364 kl=0.0223
update=4548 mean_reward=+59.6825 mean_length= 59.98 policy_loss=+0.00135 value_loss=+0.19716 ratio=1.0170 kl=0.0289
update=4549 mean_reward=+59.6838 mean_length= 59.99 policy_loss=+0.00146 value_loss=+0.24102 ratio=1.0405 kl=0.0199
update=4550 mean_reward=+59.7000 mean_length= 60.00 policy_loss=+0.00012 value_loss=+0.07145 ratio=1.0271 kl=0.0211 | eval_reward=+59.7169 eval_length= 60.00
update=4551 mean_reward=+59.6944 mean_length= 60.00 policy_loss=+0.00183 value_loss=+0.00188 ratio=1.0266 kl=0.0083
update=4552 mean_reward=+59.7088 mean_length= 60.00 policy_loss=+0.00055 value_loss=+0.00840 ratio=1.0175 kl=0.0149
update=4553 mean_reward=+59.7053 mean_length= 60.00 policy_loss=+0.00014 value_loss=+0.00340 ratio=1.0269 kl=0.0100
update=4554 mean_reward=+59.6898 mean_length= 59.99 policy_loss=+0.00113 value_loss=+0.13269 ratio=1.0192 kl=0.0258
update=4555 mean_reward=+59.6930 mean_length= 59.99 policy_loss=+0.00013 value_loss=+0.20883 ratio=1.0218 kl=0.0190 | eval_reward=+59.7171 eval_length= 60.00
update=4556 mean_reward=+59.6871 mean_length= 59.98 policy_loss=+0.00118 value_loss=+0.17046 ratio=1.0262 kl=0.0255
update=4557 mean_reward=+59.6886 mean_length= 59.98 policy_loss=-0.00014 value_loss=+0.18476 ratio=1.0285 kl=0.0233
update=4558 mean_reward=+59.6778 mean_length= 59.98 policy_loss=+0.00060 value_loss=+0.27976 ratio=1.0247 kl=0.0236
update=4559 mean_reward=+59.6876 mean_length= 59.98 policy_loss=-0.00031 value_loss=+0.21854 ratio=1.0243 kl=0.0291
update=4560 mean_reward=+59.6929 mean_length= 59.99 policy_loss=+0.00073 value_loss=+0.14027 ratio=1.0318 kl=0.0167 | eval_reward=+59.7167 eval_length= 60.00
update=4561 mean_reward=+59.6941 mean_length= 59.99 policy_loss=+0.00040 value_loss=+0.15739 ratio=1.0514 kl=0.0224
update=4562 mean_reward=+59.6856 mean_length= 59.99 policy_loss=+0.00192 value_loss=+0.22362 ratio=1.0326 kl=0.0364
update=4563 mean_reward=+59.6883 mean_length= 59.99 policy_loss=-0.00000 value_loss=+0.07678 ratio=1.0213 kl=0.0140
update=4564 mean_reward=+59.7019 mean_length= 60.00 policy_loss=+0.00146 value_loss=+0.00142 ratio=1.0189 kl=0.0086
update=4565 mean_reward=+59.6923 mean_length= 59.99 policy_loss=+0.00501 value_loss=+0.16093 ratio=1.0237 kl=0.0153 | eval_reward=+59.7113 eval_length= 60.00
update=4566 mean_reward=+59.6884 mean_length= 59.99 policy_loss=+0.00123 value_loss=+0.30849 ratio=1.0581 kl=0.0253
update=4567 mean_reward=+59.7047 mean_length= 60.00 policy_loss=+0.00063 value_loss=+0.08617 ratio=1.0209 kl=0.0199
update=4568 mean_reward=+59.6831 mean_length= 59.98 policy_loss=+0.00049 value_loss=+0.27924 ratio=1.0154 kl=0.0242
update=4569 mean_reward=+59.7021 mean_length= 60.00 policy_loss=+0.00001 value_loss=+0.06643 ratio=1.0621 kl=0.0184
update=4570 mean_reward=+59.7031 mean_length= 59.99 policy_loss=-0.00017 value_loss=+0.14753 ratio=1.0208 kl=0.0256 | eval_reward=+59.7159 eval_length= 60.00
update=4571 mean_reward=+59.7064 mean_length= 60.00 policy_loss=+0.00044 value_loss=+0.17545 ratio=1.0199 kl=0.0264
update=4572 mean_reward=+59.7044 mean_length= 59.99 policy_loss=+0.00110 value_loss=+0.24845 ratio=1.0185 kl=0.0245
update=4573 mean_reward=+59.6893 mean_length= 59.98 policy_loss=-0.00016 value_loss=+0.26371 ratio=1.0250 kl=0.0256
update=4574 mean_reward=+59.6985 mean_length= 59.99 policy_loss=-0.00030 value_loss=+0.15311 ratio=1.0157 kl=0.0174
update=4575 mean_reward=+59.6829 mean_length= 59.98 policy_loss=+0.00008 value_loss=+0.35040 ratio=1.0172 kl=0.0266 | eval_reward=+59.7205 eval_length= 60.00
update=4576 mean_reward=+59.7045 mean_length= 60.00 policy_loss=+0.00083 value_loss=+0.09476 ratio=1.0173 kl=0.0244
update=4577 mean_reward=+59.7146 mean_length= 60.00 policy_loss=+0.00019 value_loss=+0.00348 ratio=1.0171 kl=0.0065
update=4578 mean_reward=+59.7065 mean_length= 59.99 policy_loss=+0.00092 value_loss=+0.22423 ratio=1.0349 kl=0.0253
update=4579 mean_reward=+59.7015 mean_length= 59.99 policy_loss=-0.00021 value_loss=+0.21331 ratio=1.0193 kl=0.0177
update=4580 mean_reward=+59.7018 mean_length= 59.99 policy_loss=+0.00027 value_loss=+0.09578 ratio=1.0193 kl=0.0167 | eval_reward=+59.7172 eval_length= 60.00
update=4581 mean_reward=+59.7133 mean_length= 60.00 policy_loss=+0.00726 value_loss=+0.00272 ratio=1.0691 kl=0.0226
update=4582 mean_reward=+59.7080 mean_length= 59.99 policy_loss=+0.00046 value_loss=+0.07426 ratio=1.0150 kl=0.0238
update=4583 mean_reward=+59.7031 mean_length= 60.00 policy_loss=+0.00286 value_loss=+0.08553 ratio=1.0154 kl=0.0312
update=4584 mean_reward=+59.7046 mean_length= 60.00 policy_loss=+0.00126 value_loss=+0.08414 ratio=1.0195 kl=0.0303
update=4585 mean_reward=+59.7041 mean_length= 59.99 policy_loss=+0.00008 value_loss=+0.13062 ratio=1.0356 kl=0.0299 | eval_reward=+59.7060 eval_length= 60.00
update=4586 mean_reward=+59.7049 mean_length= 59.99 policy_loss=+0.00096 value_loss=+0.05869 ratio=1.0149 kl=0.0221
update=4587 mean_reward=+59.7073 mean_length= 60.00 policy_loss=+0.00016 value_loss=+0.07366 ratio=1.0182 kl=0.0263
update=4588 mean_reward=+59.6965 mean_length= 59.99 policy_loss=+0.00141 value_loss=+0.11968 ratio=1.0741 kl=0.0196
update=4589 mean_reward=+59.7008 mean_length= 59.99 policy_loss=+0.00147 value_loss=+0.14574 ratio=1.0157 kl=0.0290
update=4590 mean_reward=+59.7048 mean_length= 60.00 policy_loss=+0.00149 value_loss=+0.00513 ratio=1.0192 kl=0.0118 | eval_reward=+59.7095 eval_length= 60.00
update=4591 mean_reward=+59.6963 mean_length= 59.99 policy_loss=+0.00052 value_loss=+0.12740 ratio=1.0172 kl=0.0250
update=4592 mean_reward=+59.7033 mean_length= 59.99 policy_loss=+0.00107 value_loss=+0.25528 ratio=1.0303 kl=0.0180
update=4593 mean_reward=+59.7028 mean_length= 59.99 policy_loss=+0.00107 value_loss=+0.15841 ratio=1.0199 kl=0.0278
update=4594 mean_reward=+59.7075 mean_length= 60.00 policy_loss=+0.00173 value_loss=+0.01374 ratio=1.0249 kl=0.0143
update=4595 mean_reward=+59.7062 mean_length= 60.00 policy_loss=-0.00007 value_loss=+0.08537 ratio=1.0167 kl=0.0244 | eval_reward=+59.7117 eval_length= 60.00
update=4596 mean_reward=+59.7125 mean_length= 60.00 policy_loss=+0.00183 value_loss=+0.00179 ratio=1.0168 kl=0.0031
update=4597 mean_reward=+59.7049 mean_length= 59.99 policy_loss=+0.00056 value_loss=+0.15713 ratio=1.0231 kl=0.0186
update=4598 mean_reward=+59.7147 mean_length= 60.00 policy_loss=+0.00040 value_loss=+0.06814 ratio=1.0311 kl=0.0311
update=4599 mean_reward=+59.7048 mean_length= 59.99 policy_loss=+0.00011 value_loss=+0.12597 ratio=1.0180 kl=0.0210
update=4600 mean_reward=+59.7136 mean_length= 60.00 policy_loss=+0.00158 value_loss=+0.00240 ratio=1.0196 kl=0.0115 | eval_reward=+59.7095 eval_length= 60.00
update=4601 mean_reward=+59.7183 mean_length= 60.00 policy_loss=+0.00326 value_loss=+0.00120 ratio=1.0340 kl=0.0094
update=4602 mean_reward=+59.7114 mean_length= 60.00 policy_loss=+0.00253 value_loss=+0.10249 ratio=1.0177 kl=0.0286
update=4603 mean_reward=+59.7038 mean_length= 59.99 policy_loss=+0.00119 value_loss=+0.15774 ratio=1.0175 kl=0.0277
update=4604 mean_reward=+59.7055 mean_length= 59.99 policy_loss=+0.00109 value_loss=+0.14046 ratio=1.0171 kl=0.0277
update=4605 mean_reward=+59.7078 mean_length= 60.00 policy_loss=-0.00115 value_loss=+0.13214 ratio=1.0144 kl=0.0204 | eval_reward=+59.7115 eval_length= 60.00
update=4606 mean_reward=+59.7105 mean_length= 60.00 policy_loss=+0.00236 value_loss=+0.00535 ratio=1.0149 kl=0.0285
update=4607 mean_reward=+59.7145 mean_length= 60.00 policy_loss=+0.00093 value_loss=+0.00388 ratio=1.0560 kl=0.0096
update=4608 mean_reward=+59.7065 mean_length= 59.99 policy_loss=+0.00098 value_loss=+0.17136 ratio=1.0336 kl=0.0312
update=4609 mean_reward=+59.7177 mean_length= 60.00 policy_loss=+0.00070 value_loss=+0.00539 ratio=1.0169 kl=0.0106
update=4610 mean_reward=+59.7129 mean_length= 60.00 policy_loss=+0.00140 value_loss=+0.00178 ratio=1.0281 kl=0.0062 | eval_reward=+59.7166 eval_length= 60.00
update=4611 mean_reward=+59.7049 mean_length= 59.99 policy_loss=+0.00017 value_loss=+0.22757 ratio=1.0528 kl=0.0239
update=4612 mean_reward=+59.7147 mean_length= 60.00 policy_loss=+0.00195 value_loss=+0.00195 ratio=1.0187 kl=0.0088
update=4613 mean_reward=+59.7132 mean_length= 60.00 policy_loss=+0.00071 value_loss=+0.08400 ratio=1.0156 kl=0.0258
update=4614 mean_reward=+59.7130 mean_length= 59.99 policy_loss=+0.00187 value_loss=+0.24177 ratio=1.0147 kl=0.0304
update=4615 mean_reward=+59.7148 mean_length= 60.00 policy_loss=+0.00077 value_loss=+0.00475 ratio=1.0633 kl=0.0151 | eval_reward=+59.7178 eval_length= 60.00
update=4616 mean_reward=+59.7058 mean_length= 59.99 policy_loss=+0.00025 value_loss=+0.14653 ratio=1.0163 kl=0.0266
update=4617 mean_reward=+59.7111 mean_length= 59.99 policy_loss=+0.00046 value_loss=+0.05843 ratio=1.0198 kl=0.0170
update=4618 mean_reward=+59.7069 mean_length= 59.99 policy_loss=+0.00069 value_loss=+0.16318 ratio=1.0121 kl=0.0187
update=4619 mean_reward=+59.7172 mean_length= 60.00 policy_loss=+0.00109 value_loss=+0.00847 ratio=1.0220 kl=0.0251
update=4620 mean_reward=+59.7050 mean_length= 59.99 policy_loss=-0.00172 value_loss=+0.18975 ratio=1.0167 kl=0.0186 | eval_reward=+59.7127 eval_length= 60.00
update=4621 mean_reward=+59.7088 mean_length= 59.99 policy_loss=+0.00124 value_loss=+0.16256 ratio=1.0240 kl=0.0204
update=4622 mean_reward=+59.7000 mean_length= 59.99 policy_loss=+0.00056 value_loss=+0.06393 ratio=1.0414 kl=0.0262
update=4623 mean_reward=+59.7094 mean_length= 60.00 policy_loss=+0.00048 value_loss=+0.06959 ratio=1.0192 kl=0.0250
update=4624 mean_reward=+59.7064 mean_length= 59.99 policy_loss=+0.00095 value_loss=+0.06061 ratio=1.0171 kl=0.0211
update=4625 mean_reward=+59.7062 mean_length= 60.00 policy_loss=+0.00050 value_loss=+0.08750 ratio=1.0183 kl=0.0231 | eval_reward=+59.7074 eval_length= 60.00
update=4626 mean_reward=+59.7145 mean_length= 60.00 policy_loss=+0.00133 value_loss=+0.00206 ratio=1.0186 kl=0.0091
update=4627 mean_reward=+59.7186 mean_length= 60.00 policy_loss=+0.00066 value_loss=+0.00214 ratio=1.0166 kl=0.0071
update=4628 mean_reward=+59.7077 mean_length= 59.99 policy_loss=+0.00017 value_loss=+0.12834 ratio=1.0209 kl=0.0345
update=4629 mean_reward=+59.7107 mean_length= 59.99 policy_loss=+0.00063 value_loss=+0.13678 ratio=1.0222 kl=0.0293
update=4630 mean_reward=+59.7098 mean_length= 59.99 policy_loss=+0.00207 value_loss=+0.08612 ratio=1.0221 kl=0.0285 | eval_reward=+59.7130 eval_length= 60.00
update=4631 mean_reward=+59.7113 mean_length= 59.99 policy_loss=+0.00068 value_loss=+0.16622 ratio=1.0203 kl=0.0246
update=4632 mean_reward=+59.7052 mean_length= 59.99 policy_loss=+0.00113 value_loss=+0.13311 ratio=1.0201 kl=0.0237
update=4633 mean_reward=+59.7148 mean_length= 60.00 policy_loss=+0.00244 value_loss=+0.01254 ratio=1.0235 kl=0.0202
update=4634 mean_reward=+59.7119 mean_length= 60.00 policy_loss=+0.00405 value_loss=+0.09691 ratio=1.0416 kl=0.0278
update=4635 mean_reward=+59.7043 mean_length= 59.99 policy_loss=+0.00118 value_loss=+0.17381 ratio=1.0165 kl=0.0251 | eval_reward=+59.7185 eval_length= 60.00
update=4636 mean_reward=+59.7188 mean_length= 60.00 policy_loss=+0.00229 value_loss=+0.00424 ratio=1.0159 kl=0.0212
update=4637 mean_reward=+59.7116 mean_length= 59.99 policy_loss=+0.00134 value_loss=+0.16305 ratio=1.0212 kl=0.0237
update=4638 mean_reward=+59.7164 mean_length= 60.00 policy_loss=-0.00044 value_loss=+0.05737 ratio=1.0159 kl=0.0230
update=4639 mean_reward=+59.7152 mean_length= 59.99 policy_loss=+0.00094 value_loss=+0.14136 ratio=1.0159 kl=0.0237
update=4640 mean_reward=+59.7184 mean_length= 60.00 policy_loss=+0.00181 value_loss=+0.00161 ratio=1.0201 kl=0.0075 | eval_reward=+59.7265 eval_length= 60.00
update=4641 mean_reward=+59.7224 mean_length= 60.00 policy_loss=+0.00113 value_loss=+0.10187 ratio=1.0289 kl=0.0244
update=4642 mean_reward=+59.7185 mean_length= 60.00 policy_loss=+0.00083 value_loss=+0.08587 ratio=1.0214 kl=0.0213
update=4643 mean_reward=+59.7100 mean_length= 59.99 policy_loss=-0.00019 value_loss=+0.21986 ratio=1.0224 kl=0.0222
update=4644 mean_reward=+59.7123 mean_length= 59.99 policy_loss=-0.00021 value_loss=+0.13376 ratio=1.0222 kl=0.0298
update=4645 mean_reward=+59.7143 mean_length= 59.99 policy_loss=+0.00042 value_loss=+0.06213 ratio=1.0281 kl=0.0102 | eval_reward=+59.7229 eval_length= 60.00
update=4646 mean_reward=+59.7187 mean_length= 60.00 policy_loss=+0.00069 value_loss=+0.00521 ratio=1.0249 kl=0.0069
update=4647 mean_reward=+59.7078 mean_length= 59.99 policy_loss=+0.00128 value_loss=+0.13551 ratio=1.0215 kl=0.0234
update=4648 mean_reward=+59.7182 mean_length= 59.99 policy_loss=+0.00220 value_loss=+0.05653 ratio=1.0188 kl=0.0223
update=4649 mean_reward=+59.6825 mean_length= 59.97 policy_loss=+0.00103 value_loss=+0.43217 ratio=1.0176 kl=0.0270
update=4650 mean_reward=+59.6845 mean_length= 59.99 policy_loss=+0.00015 value_loss=+0.10424 ratio=1.0202 kl=0.0211 | eval_reward=+59.7018 eval_length= 60.00
update=4651 mean_reward=+59.6848 mean_length= 59.99 policy_loss=-0.00065 value_loss=+0.13974 ratio=1.0175 kl=0.0183
update=4652 mean_reward=+59.6788 mean_length= 59.98 policy_loss=+0.00036 value_loss=+0.20012 ratio=1.0198 kl=0.0265
update=4653 mean_reward=+59.6943 mean_length= 59.99 policy_loss=+0.00252 value_loss=+0.09292 ratio=1.0214 kl=0.0235
update=4654 mean_reward=+59.7008 mean_length= 60.00 policy_loss=+0.00149 value_loss=+0.10720 ratio=1.0185 kl=0.0269
update=4655 mean_reward=+59.6970 mean_length= 59.99 policy_loss=+0.06055 value_loss=+0.09757 ratio=1.0236 kl=0.0239 | eval_reward=+59.7031 eval_length= 60.00
update=4656 mean_reward=+59.6991 mean_length= 59.99 policy_loss=-0.00079 value_loss=+0.05686 ratio=1.0501 kl=0.0190
update=4657 mean_reward=+59.7048 mean_length= 60.00 policy_loss=+0.00194 value_loss=+0.00150 ratio=1.0176 kl=0.0110
update=4658 mean_reward=+59.7000 mean_length= 59.99 policy_loss=+0.00122 value_loss=+0.14377 ratio=1.0626 kl=0.0266
update=4659 mean_reward=+59.7145 mean_length= 60.00 policy_loss=+0.00199 value_loss=+0.00232 ratio=1.0146 kl=0.0097
update=4660 mean_reward=+59.7071 mean_length= 59.99 policy_loss=+0.00062 value_loss=+0.14442 ratio=1.0218 kl=0.0230 | eval_reward=+59.7068 eval_length= 60.00
update=4661 mean_reward=+59.6998 mean_length= 60.00 policy_loss=+0.00231 value_loss=+0.10107 ratio=1.0135 kl=0.0258
update=4662 mean_reward=+59.6991 mean_length= 59.99 policy_loss=-0.00006 value_loss=+0.14152 ratio=1.0178 kl=0.0331
update=4663 mean_reward=+59.7040 mean_length= 60.00 policy_loss=+0.00055 value_loss=+0.09701 ratio=1.0180 kl=0.0155
update=4664 mean_reward=+59.7035 mean_length= 59.99 policy_loss=+0.00110 value_loss=+0.15848 ratio=1.0174 kl=0.0266
update=4665 mean_reward=+59.7012 mean_length= 59.99 policy_loss=+0.00081 value_loss=+0.26137 ratio=1.0522 kl=0.0220 | eval_reward=+59.7100 eval_length= 60.00
update=4666 mean_reward=+59.7118 mean_length= 59.99 policy_loss=-0.00044 value_loss=+0.06826 ratio=1.0159 kl=0.0217
update=4667 mean_reward=+59.7166 mean_length= 60.00 policy_loss=+0.00125 value_loss=+0.00191 ratio=1.0212 kl=0.0098
update=4668 mean_reward=+59.7132 mean_length= 60.00 policy_loss=+0.00219 value_loss=+0.00129 ratio=1.0183 kl=0.0072
update=4669 mean_reward=+59.7173 mean_length= 60.00 policy_loss=+0.00453 value_loss=+0.00137 ratio=1.0248 kl=0.0081
update=4670 mean_reward=+59.7013 mean_length= 59.99 policy_loss=+0.00093 value_loss=+0.11071 ratio=1.0186 kl=0.0248 | eval_reward=+59.7083 eval_length= 60.00
update=4671 mean_reward=+59.7134 mean_length= 60.00 policy_loss=+0.00105 value_loss=+0.08138 ratio=1.0193 kl=0.0197
update=4672 mean_reward=+59.7103 mean_length= 59.99 policy_loss=-0.00011 value_loss=+0.06933 ratio=1.0169 kl=0.0204
update=4673 mean_reward=+59.7090 mean_length= 59.99 policy_loss=+0.00032 value_loss=+0.22496 ratio=1.0215 kl=0.0245
update=4674 mean_reward=+59.7106 mean_length= 59.99 policy_loss=+0.00012 value_loss=+0.14625 ratio=1.0225 kl=0.0242
update=4675 mean_reward=+59.7102 mean_length= 60.00 policy_loss=+0.00041 value_loss=+0.07462 ratio=1.0182 kl=0.0243 | eval_reward=+59.7034 eval_length= 60.00
update=4676 mean_reward=+59.7130 mean_length= 59.99 policy_loss=+0.00228 value_loss=+0.16988 ratio=1.0219 kl=0.0237
update=4677 mean_reward=+59.7189 mean_length= 60.00 policy_loss=+0.00136 value_loss=+0.09110 ratio=1.0156 kl=0.0245
update=4678 mean_reward=+59.7121 mean_length= 60.00 policy_loss=+0.00185 value_loss=+0.17671 ratio=1.0221 kl=0.0245
update=4679 mean_reward=+59.7078 mean_length= 59.99 policy_loss=+0.00019 value_loss=+0.15317 ratio=1.0204 kl=0.0184
update=4680 mean_reward=+59.7050 mean_length= 59.99 policy_loss=+0.00084 value_loss=+0.29693 ratio=1.0197 kl=0.0234 | eval_reward=+59.7094 eval_length= 60.00
update=4681 mean_reward=+59.7120 mean_length= 59.99 policy_loss=+0.00099 value_loss=+0.07537 ratio=1.0193 kl=0.0146
update=4682 mean_reward=+59.7135 mean_length= 59.99 policy_loss=+0.00119 value_loss=+0.07368 ratio=1.0249 kl=0.0212
update=4683 mean_reward=+59.7072 mean_length= 59.99 policy_loss=+0.00045 value_loss=+0.16177 ratio=1.0199 kl=0.0237
update=4684 mean_reward=+59.7057 mean_length= 59.99 policy_loss=-0.00079 value_loss=+0.19953 ratio=1.0204 kl=0.0228
update=4685 mean_reward=+59.7067 mean_length= 60.00 policy_loss=+0.00040 value_loss=+0.07314 ratio=1.0194 kl=0.0292 | eval_reward=+59.7139 eval_length= 60.00
update=4686 mean_reward=+59.7090 mean_length= 60.00 policy_loss=+0.00168 value_loss=+0.07564 ratio=1.0276 kl=0.0303
update=4687 mean_reward=+59.7130 mean_length= 60.00 policy_loss=+0.00050 value_loss=+0.02644 ratio=1.0221 kl=0.0165
update=4688 mean_reward=+59.7145 mean_length= 60.00 policy_loss=+0.00312 value_loss=+0.00177 ratio=1.0338 kl=0.0062
update=4689 mean_reward=+59.7067 mean_length= 59.99 policy_loss=+0.00102 value_loss=+0.15879 ratio=1.0246 kl=0.0287
update=4690 mean_reward=+59.7092 mean_length= 60.00 policy_loss=+0.00236 value_loss=+0.00142 ratio=1.0222 kl=0.0082 | eval_reward=+59.7041 eval_length= 60.00
update=4691 mean_reward=+59.7197 mean_length= 60.00 policy_loss=+0.00173 value_loss=+0.00301 ratio=1.0467 kl=0.0119
update=4692 mean_reward=+59.7198 mean_length= 60.00 policy_loss=+0.00188 value_loss=+0.00121 ratio=1.0415 kl=0.0051
update=4693 mean_reward=+59.6990 mean_length= 59.98 policy_loss=+0.00114 value_loss=+0.21232 ratio=1.0199 kl=0.0268
update=4694 mean_reward=+59.7066 mean_length= 59.99 policy_loss=+0.00143 value_loss=+0.12249 ratio=1.0223 kl=0.0259
update=4695 mean_reward=+59.7172 mean_length= 60.00 policy_loss=+0.00161 value_loss=+0.00184 ratio=1.0166 kl=0.0100 | eval_reward=+59.7072 eval_length= 60.00
update=4696 mean_reward=+59.7208 mean_length= 60.00 policy_loss=+0.00120 value_loss=+0.00118 ratio=1.0128 kl=0.0072
update=4697 mean_reward=+59.7225 mean_length= 60.00 policy_loss=+0.00202 value_loss=+0.00394 ratio=1.0322 kl=0.0226
update=4698 mean_reward=+59.7056 mean_length= 59.99 policy_loss=+0.00097 value_loss=+0.12602 ratio=1.0179 kl=0.0247
update=4699 mean_reward=+59.7134 mean_length= 60.00 policy_loss=+0.00124 value_loss=+0.08687 ratio=1.0464 kl=0.0277
update=4700 mean_reward=+59.7186 mean_length= 60.00 policy_loss=+0.00246 value_loss=+0.00141 ratio=1.0129 kl=0.0161 | eval_reward=+59.7037 eval_length= 60.00
update=4701 mean_reward=+59.7068 mean_length= 59.99 policy_loss=-0.00049 value_loss=+0.13862 ratio=1.0152 kl=0.0284
update=4702 mean_reward=+59.7182 mean_length= 60.00 policy_loss=+0.00092 value_loss=+0.00188 ratio=1.0123 kl=0.0075
update=4703 mean_reward=+59.7085 mean_length= 59.99 policy_loss=-0.00045 value_loss=+0.13387 ratio=1.0149 kl=0.0260
update=4704 mean_reward=+59.7218 mean_length= 60.00 policy_loss=+0.00026 value_loss=+0.00454 ratio=1.0127 kl=0.0085
update=4705 mean_reward=+59.7237 mean_length= 60.00 policy_loss=+0.00110 value_loss=+0.00205 ratio=1.0190 kl=0.0144 | eval_reward=+59.7076 eval_length= 60.00
update=4706 mean_reward=+59.7117 mean_length= 59.99 policy_loss=+0.00104 value_loss=+0.14577 ratio=1.0242 kl=0.0242
update=4707 mean_reward=+59.7186 mean_length= 60.00 policy_loss=+0.01077 value_loss=+0.09052 ratio=1.0219 kl=0.0267
update=4708 mean_reward=+59.7147 mean_length= 59.99 policy_loss=+0.00863 value_loss=+0.08080 ratio=1.0655 kl=0.0274
update=4709 mean_reward=+59.7146 mean_length= 60.00 policy_loss=+0.00129 value_loss=+0.08949 ratio=1.0200 kl=0.0254
update=4710 mean_reward=+59.7136 mean_length= 60.00 policy_loss=+0.00293 value_loss=+0.00132 ratio=1.0205 kl=0.0119 | eval_reward=+59.6815 eval_length= 60.00
update=4711 mean_reward=+59.7114 mean_length= 59.99 policy_loss=+0.00079 value_loss=+0.07111 ratio=1.0231 kl=0.0247
update=4712 mean_reward=+59.7119 mean_length= 59.99 policy_loss=+0.00156 value_loss=+0.08064 ratio=1.0137 kl=0.0264
update=4713 mean_reward=+59.7098 mean_length= 59.99 policy_loss=+0.00087 value_loss=+0.16963 ratio=1.0303 kl=0.0224
update=4714 mean_reward=+59.7128 mean_length= 59.99 policy_loss=-0.00008 value_loss=+0.13798 ratio=1.0190 kl=0.0214
update=4715 mean_reward=+59.7104 mean_length= 59.99 policy_loss=+0.00295 value_loss=+0.05954 ratio=1.0231 kl=0.0231 | eval_reward=+59.7039 eval_length= 60.00
update=4716 mean_reward=+59.7156 mean_length= 60.00 policy_loss=+0.00142 value_loss=+0.00131 ratio=1.0190 kl=0.0085
update=4717 mean_reward=+59.7006 mean_length= 59.99 policy_loss=+0.00075 value_loss=+0.21985 ratio=1.0156 kl=0.0250
update=4718 mean_reward=+59.7148 mean_length= 60.00 policy_loss=+0.00089 value_loss=+0.00533 ratio=1.0296 kl=0.0194
update=4719 mean_reward=+59.7211 mean_length= 60.00 policy_loss=+0.00144 value_loss=+0.00102 ratio=1.0140 kl=0.0051
update=4720 mean_reward=+59.7105 mean_length= 59.99 policy_loss=+0.00156 value_loss=+0.15401 ratio=1.0261 kl=0.0190 | eval_reward=+59.7033 eval_length= 60.00
update=4721 mean_reward=+59.7089 mean_length= 59.99 policy_loss=+0.00140 value_loss=+0.16793 ratio=1.0184 kl=0.0240
update=4722 mean_reward=+59.7155 mean_length= 60.00 policy_loss=+0.00181 value_loss=+0.00124 ratio=1.0267 kl=0.0058
update=4723 mean_reward=+59.7151 mean_length= 59.99 policy_loss=+0.00153 value_loss=+0.06300 ratio=1.0428 kl=0.0230
update=4724 mean_reward=+59.7133 mean_length= 60.00 policy_loss=+0.00081 value_loss=+0.06944 ratio=1.0194 kl=0.0224
update=4725 mean_reward=+59.7086 mean_length= 59.99 policy_loss=+0.00043 value_loss=+0.15681 ratio=1.0268 kl=0.0232 | eval_reward=+59.7061 eval_length= 60.00
update=4726 mean_reward=+59.7162 mean_length= 60.00 policy_loss=+0.00153 value_loss=+0.09541 ratio=1.0221 kl=0.0213
update=4727 mean_reward=+59.7148 mean_length= 60.00 policy_loss=+0.00165 value_loss=+0.09261 ratio=1.0254 kl=0.0223
update=4728 mean_reward=+59.7117 mean_length= 59.99 policy_loss=+0.00585 value_loss=+0.17299 ratio=1.0284 kl=0.0198
update=4729 mean_reward=+59.7184 mean_length= 60.00 policy_loss=+0.00019 value_loss=+0.01302 ratio=1.0218 kl=0.0121
update=4730 mean_reward=+59.7229 mean_length= 60.00 policy_loss=+0.00302 value_loss=+0.00120 ratio=1.0239 kl=0.0088 | eval_reward=+59.7067 eval_length= 60.00
update=4731 mean_reward=+59.7248 mean_length= 60.00 policy_loss=+0.02335 value_loss=+0.00113 ratio=1.0445 kl=0.0304
update=4732 mean_reward=+59.7119 mean_length= 60.00 policy_loss=+0.00180 value_loss=+0.00125 ratio=1.0228 kl=0.0056
update=4733 mean_reward=+59.7049 mean_length= 59.99 policy_loss=+0.00150 value_loss=+0.17349 ratio=1.0305 kl=0.0214
update=4734 mean_reward=+59.7093 mean_length= 59.99 policy_loss=+0.00173 value_loss=+0.07907 ratio=1.0229 kl=0.0196
update=4735 mean_reward=+59.7072 mean_length= 59.99 policy_loss=+0.00116 value_loss=+0.06653 ratio=1.0310 kl=0.0195 | eval_reward=+59.7035 eval_length= 60.00
update=4736 mean_reward=+59.7111 mean_length= 60.00 policy_loss=+0.00348 value_loss=+0.00225 ratio=1.0206 kl=0.0074
update=4737 mean_reward=+59.7022 mean_length= 59.99 policy_loss=+0.00083 value_loss=+0.14913 ratio=1.0265 kl=0.0183
update=4738 mean_reward=+59.7121 mean_length= 60.00 policy_loss=+0.00145 value_loss=+0.00299 ratio=1.0165 kl=0.0068
update=4739 mean_reward=+59.7079 mean_length= 59.99 policy_loss=-0.00051 value_loss=+0.12537 ratio=1.0189 kl=0.0204
update=4740 mean_reward=+59.7082 mean_length= 59.99 policy_loss=+0.00040 value_loss=+0.05800 ratio=1.0290 kl=0.0113 | eval_reward=+59.7080 eval_length= 60.00
update=4741 mean_reward=+59.7124 mean_length= 59.99 policy_loss=+0.00093 value_loss=+0.07342 ratio=1.0239 kl=0.0197
update=4742 mean_reward=+59.7140 mean_length= 59.99 policy_loss=+0.00009 value_loss=+0.06825 ratio=1.0188 kl=0.0253
update=4743 mean_reward=+59.7069 mean_length= 59.99 policy_loss=+0.00066 value_loss=+0.11689 ratio=1.0194 kl=0.0223
update=4744 mean_reward=+59.7132 mean_length= 60.00 policy_loss=+0.00858 value_loss=+0.00117 ratio=1.0228 kl=0.0105
update=4745 mean_reward=+59.7148 mean_length= 60.00 policy_loss=+0.00205 value_loss=+0.00122 ratio=1.0288 kl=0.0058 | eval_reward=+59.7080 eval_length= 60.00
update=4746 mean_reward=+59.7053 mean_length= 59.99 policy_loss=+0.00239 value_loss=+0.16382 ratio=1.0222 kl=0.0251
update=4747 mean_reward=+59.7084 mean_length= 60.00 policy_loss=+0.00063 value_loss=+0.00253 ratio=1.0205 kl=0.0083
update=4748 mean_reward=+59.7085 mean_length= 60.00 policy_loss=+0.00059 value_loss=+0.07048 ratio=1.0218 kl=0.0194
update=4749 mean_reward=+59.7180 mean_length= 60.00 policy_loss=+0.00124 value_loss=+0.00160 ratio=1.0153 kl=0.0065
update=4750 mean_reward=+59.7010 mean_length= 59.98 policy_loss=+0.00090 value_loss=+0.20817 ratio=1.0286 kl=0.0184 | eval_reward=+59.7075 eval_length= 60.00
update=4751 mean_reward=+59.7068 mean_length= 59.99 policy_loss=+0.00062 value_loss=+0.12819 ratio=1.0164 kl=0.0281
update=4752 mean_reward=+59.7176 mean_length= 60.00 policy_loss=+0.00075 value_loss=+0.00335 ratio=1.0220 kl=0.0089
update=4753 mean_reward=+59.7126 mean_length= 59.99 policy_loss=+0.00082 value_loss=+0.06915 ratio=1.0215 kl=0.0205
update=4754 mean_reward=+59.7156 mean_length= 60.00 policy_loss=-0.00030 value_loss=+0.07877 ratio=1.0202 kl=0.0206
update=4755 mean_reward=+59.7186 mean_length= 60.00 policy_loss=+0.00160 value_loss=+0.00116 ratio=1.0210 kl=0.0058 | eval_reward=+59.7076 eval_length= 60.00
update=4756 mean_reward=+59.7001 mean_length= 59.98 policy_loss=+0.00076 value_loss=+0.26005 ratio=1.0181 kl=0.0240
update=4757 mean_reward=+59.7105 mean_length= 59.99 policy_loss=+0.00144 value_loss=+0.06283 ratio=1.0165 kl=0.0226
update=4758 mean_reward=+59.7112 mean_length= 60.00 policy_loss=+0.00026 value_loss=+0.07392 ratio=1.0158 kl=0.0210
update=4759 mean_reward=+59.7132 mean_length= 60.00 policy_loss=+0.00330 value_loss=+0.00157 ratio=1.0164 kl=0.0104
update=4760 mean_reward=+59.7113 mean_length= 60.00 policy_loss=+0.00212 value_loss=+0.07996 ratio=1.0242 kl=0.0287 | eval_reward=+59.7088 eval_length= 60.00
update=4761 mean_reward=+59.7122 mean_length= 60.00 policy_loss=+0.00280 value_loss=+0.08031 ratio=1.0173 kl=0.0198
update=4762 mean_reward=+59.7148 mean_length= 60.00 policy_loss=+0.00064 value_loss=+0.07821 ratio=1.0264 kl=0.0219
update=4763 mean_reward=+59.7104 mean_length= 59.99 policy_loss=+0.00087 value_loss=+0.05207 ratio=1.0154 kl=0.0228
update=4764 mean_reward=+59.7134 mean_length= 60.00 policy_loss=+0.00053 value_loss=+0.07716 ratio=1.0176 kl=0.0255
update=4765 mean_reward=+59.7042 mean_length= 59.99 policy_loss=+0.00125 value_loss=+0.21761 ratio=1.0250 kl=0.0233 | eval_reward=+59.7081 eval_length= 60.00
update=4766 mean_reward=+59.7160 mean_length= 60.00 policy_loss=+0.00206 value_loss=+0.00455 ratio=1.0270 kl=0.0107
update=4767 mean_reward=+59.7114 mean_length= 60.00 policy_loss=+0.00214 value_loss=+0.10469 ratio=1.0246 kl=0.0161
update=4768 mean_reward=+59.7095 mean_length= 59.99 policy_loss=+0.00102 value_loss=+0.15901 ratio=1.0149 kl=0.0217
update=4769 mean_reward=+59.7074 mean_length= 59.99 policy_loss=-0.00016 value_loss=+0.16238 ratio=1.0225 kl=0.0219
update=4770 mean_reward=+59.7119 mean_length= 59.99 policy_loss=+0.00035 value_loss=+0.06445 ratio=1.0262 kl=0.0243 | eval_reward=+59.7082 eval_length= 60.00
update=4771 mean_reward=+59.7187 mean_length= 60.00 policy_loss=+0.00245 value_loss=+0.00152 ratio=1.0157 kl=0.0081
update=4772 mean_reward=+59.7092 mean_length= 59.99 policy_loss=+0.00102 value_loss=+0.15338 ratio=1.1210 kl=0.0250
update=4773 mean_reward=+59.7177 mean_length= 60.00 policy_loss=+0.00102 value_loss=+0.09508 ratio=1.0151 kl=0.0263
update=4774 mean_reward=+59.7229 mean_length= 60.00 policy_loss=+0.00080 value_loss=+0.00205 ratio=1.0153 kl=0.0070
update=4775 mean_reward=+59.7139 mean_length= 59.99 policy_loss=+0.00125 value_loss=+0.14669 ratio=1.0174 kl=0.0233 | eval_reward=+59.7118 eval_length= 60.00
update=4776 mean_reward=+59.7138 mean_length= 59.99 policy_loss=+0.00081 value_loss=+0.14361 ratio=1.0178 kl=0.0194
update=4777 mean_reward=+59.7234 mean_length= 60.00 policy_loss=+0.00719 value_loss=+0.00195 ratio=1.0170 kl=0.0224
update=4778 mean_reward=+59.7097 mean_length= 59.99 policy_loss=+0.00126 value_loss=+0.16820 ratio=1.0145 kl=0.0258
update=4779 mean_reward=+59.7115 mean_length= 60.00 policy_loss=+0.00169 value_loss=+0.10110 ratio=1.0156 kl=0.0203
update=4780 mean_reward=+59.7218 mean_length= 60.00 policy_loss=+0.00030 value_loss=+0.00296 ratio=1.0208 kl=0.0097 | eval_reward=+59.7132 eval_length= 60.00
update=4781 mean_reward=+59.7190 mean_length= 60.00 policy_loss=+0.00037 value_loss=+0.00117 ratio=1.0134 kl=0.0029
update=4782 mean_reward=+59.7081 mean_length= 59.99 policy_loss=+0.00089 value_loss=+0.11474 ratio=1.0160 kl=0.0196
update=4783 mean_reward=+59.7154 mean_length= 59.99 policy_loss=+0.00056 value_loss=+0.05938 ratio=1.0264 kl=0.0246
update=4784 mean_reward=+59.7065 mean_length= 59.99 policy_loss=+0.00085 value_loss=+0.14194 ratio=1.0292 kl=0.0239
update=4785 mean_reward=+59.7155 mean_length= 60.00 policy_loss=+0.00344 value_loss=+0.01457 ratio=1.0263 kl=0.0242 | eval_reward=+59.7079 eval_length= 60.00
update=4786 mean_reward=+59.7133 mean_length= 59.99 policy_loss=-0.00010 value_loss=+0.14356 ratio=1.0240 kl=0.0254
update=4787 mean_reward=+59.7179 mean_length= 60.00 policy_loss=+0.00098 value_loss=+0.00199 ratio=1.0143 kl=0.0077
update=4788 mean_reward=+59.7083 mean_length= 59.99 policy_loss=+0.00124 value_loss=+0.07767 ratio=1.0176 kl=0.0235
update=4789 mean_reward=+59.7231 mean_length= 60.00 policy_loss=+0.00118 value_loss=+0.01643 ratio=1.0154 kl=0.0240
update=4790 mean_reward=+59.7122 mean_length= 60.00 policy_loss=+0.00127 value_loss=+0.07460 ratio=1.0161 kl=0.0235 | eval_reward=+59.7164 eval_length= 60.00
update=4791 mean_reward=+59.7209 mean_length= 60.00 policy_loss=+0.00117 value_loss=+0.00956 ratio=1.0262 kl=0.0116
update=4792 mean_reward=+59.7208 mean_length= 60.00 policy_loss=+0.00113 value_loss=+0.00135 ratio=1.0229 kl=0.0061
update=4793 mean_reward=+59.7208 mean_length= 60.00 policy_loss=+0.00111 value_loss=+0.00135 ratio=1.0165 kl=0.0041
update=4794 mean_reward=+59.7166 mean_length= 60.00 policy_loss=+0.00038 value_loss=+0.00188 ratio=1.0142 kl=0.0063
update=4795 mean_reward=+59.7190 mean_length= 59.99 policy_loss=+0.00154 value_loss=+0.08565 ratio=1.0826 kl=0.0251 | eval_reward=+59.7206 eval_length= 60.00
update=4796 mean_reward=+59.7027 mean_length= 59.99 policy_loss=-0.00024 value_loss=+0.18777 ratio=1.0156 kl=0.0189
update=4797 mean_reward=+59.7201 mean_length= 60.00 policy_loss=+0.00124 value_loss=+0.00194 ratio=1.0163 kl=0.0086
update=4798 mean_reward=+59.7221 mean_length= 60.00 policy_loss=+0.00090 value_loss=+0.07753 ratio=1.0161 kl=0.0254
update=4799 mean_reward=+59.7121 mean_length= 59.99 policy_loss=+0.00136 value_loss=+0.07381 ratio=1.0183 kl=0.0243
update=4800 mean_reward=+59.7147 mean_length= 59.99 policy_loss=+0.00057 value_loss=+0.07409 ratio=1.0209 kl=0.0187 | eval_reward=+59.7213 eval_length= 60.00
update=4801 mean_reward=+59.7174 mean_length= 60.00 policy_loss=+0.00136 value_loss=+0.00127 ratio=1.0158 kl=0.0062
update=4802 mean_reward=+59.7090 mean_length= 59.99 policy_loss=+0.00095 value_loss=+0.24521 ratio=1.0212 kl=0.0283
update=4803 mean_reward=+59.7098 mean_length= 59.99 policy_loss=-0.00042 value_loss=+0.13998 ratio=1.0187 kl=0.0286
update=4804 mean_reward=+59.7212 mean_length= 60.00 policy_loss=+0.00182 value_loss=+0.00189 ratio=1.0171 kl=0.0136
update=4805 mean_reward=+59.7224 mean_length= 60.00 policy_loss=+0.00052 value_loss=+0.00243 ratio=1.0205 kl=0.0159 | eval_reward=+59.7159 eval_length= 60.00
update=4806 mean_reward=+59.7081 mean_length= 59.99 policy_loss=+0.00086 value_loss=+0.12600 ratio=1.0295 kl=0.0208
update=4807 mean_reward=+59.7232 mean_length= 60.00 policy_loss=+0.00276 value_loss=+0.00135 ratio=1.0232 kl=0.0161
update=4808 mean_reward=+59.7246 mean_length= 60.00 policy_loss=+0.00119 value_loss=+0.00129 ratio=1.0187 kl=0.0068
update=4809 mean_reward=+59.7202 mean_length= 60.00 policy_loss=+0.00077 value_loss=+0.00151 ratio=1.0173 kl=0.0081
update=4810 mean_reward=+59.7156 mean_length= 59.99 policy_loss=+0.00052 value_loss=+0.15080 ratio=1.0266 kl=0.0199 | eval_reward=+59.7123 eval_length= 60.00
update=4811 mean_reward=+59.7191 mean_length= 60.00 policy_loss=+0.00168 value_loss=+0.00126 ratio=1.0159 kl=0.0070
update=4812 mean_reward=+59.7216 mean_length= 60.00 policy_loss=+0.00082 value_loss=+0.00150 ratio=1.0164 kl=0.0103
update=4813 mean_reward=+59.7268 mean_length= 60.00 policy_loss=+0.00485 value_loss=+0.00123 ratio=1.0240 kl=0.0108
update=4814 mean_reward=+59.7150 mean_length= 59.99 policy_loss=+0.00226 value_loss=+0.18776 ratio=1.0153 kl=0.0194
update=4815 mean_reward=+59.7063 mean_length= 59.99 policy_loss=+0.00078 value_loss=+0.23596 ratio=1.0171 kl=0.0220 | eval_reward=+59.7140 eval_length= 60.00
update=4816 mean_reward=+59.7157 mean_length= 59.99 policy_loss=+0.00068 value_loss=+0.16788 ratio=1.0243 kl=0.0242
update=4817 mean_reward=+59.7032 mean_length= 59.99 policy_loss=+0.00099 value_loss=+0.23635 ratio=1.0202 kl=0.0171
update=4818 mean_reward=+59.7138 mean_length= 60.00 policy_loss=-0.00011 value_loss=+0.07450 ratio=1.0183 kl=0.0177
update=4819 mean_reward=+59.7178 mean_length= 60.00 policy_loss=+0.00240 value_loss=+0.00574 ratio=1.0196 kl=0.0087
update=4820 mean_reward=+59.7251 mean_length= 60.00 policy_loss=+0.00217 value_loss=+0.00122 ratio=1.0230 kl=0.0119 | eval_reward=+59.7106 eval_length= 60.00
update=4821 mean_reward=+59.7152 mean_length= 60.00 policy_loss=+0.00118 value_loss=+0.09213 ratio=1.0150 kl=0.0271
update=4822 mean_reward=+59.7176 mean_length= 59.99 policy_loss=+0.00065 value_loss=+0.08709 ratio=1.0224 kl=0.0229
update=4823 mean_reward=+59.7290 mean_length= 60.00 policy_loss=+0.00075 value_loss=+0.00163 ratio=1.0176 kl=0.0106
update=4824 mean_reward=+59.7103 mean_length= 59.99 policy_loss=+0.00205 value_loss=+0.28374 ratio=1.0167 kl=0.0213
update=4825 mean_reward=+59.7222 mean_length= 60.00 policy_loss=+0.00014 value_loss=+0.07418 ratio=1.0139 kl=0.0187 | eval_reward=+59.7081 eval_length= 60.00
update=4826 mean_reward=+59.7144 mean_length= 59.99 policy_loss=+0.00148 value_loss=+0.15783 ratio=1.0168 kl=0.0248
update=4827 mean_reward=+59.7154 mean_length= 60.00 policy_loss=+0.00116 value_loss=+0.08916 ratio=1.0152 kl=0.0253
update=4828 mean_reward=+59.7192 mean_length= 60.00 policy_loss=+0.00122 value_loss=+0.00195 ratio=1.0182 kl=0.0072
update=4829 mean_reward=+59.7127 mean_length= 59.99 policy_loss=+0.00154 value_loss=+0.17460 ratio=1.0167 kl=0.0183
update=4830 mean_reward=+59.7220 mean_length= 60.00 policy_loss=+0.00181 value_loss=+0.09781 ratio=1.0206 kl=0.0196 | eval_reward=+59.7052 eval_length= 60.00
update=4831 mean_reward=+59.7147 mean_length= 60.00 policy_loss=+0.00140 value_loss=+0.10539 ratio=1.0160 kl=0.0210
update=4832 mean_reward=+59.7169 mean_length= 60.00 policy_loss=-0.00006 value_loss=+0.07980 ratio=1.0170 kl=0.0344
update=4833 mean_reward=+59.7187 mean_length= 59.99 policy_loss=+0.00120 value_loss=+0.05739 ratio=1.0262 kl=0.0177
update=4834 mean_reward=+59.7198 mean_length= 60.00 policy_loss=+0.00381 value_loss=+0.00137 ratio=1.0179 kl=0.0148
update=4835 mean_reward=+59.7129 mean_length= 59.99 policy_loss=+0.00040 value_loss=+0.15544 ratio=1.0202 kl=0.0215 | eval_reward=+59.7078 eval_length= 60.00
update=4836 mean_reward=+59.7217 mean_length= 60.00 policy_loss=+0.00082 value_loss=+0.00230 ratio=1.0242 kl=0.0128
update=4837 mean_reward=+59.7134 mean_length= 59.99 policy_loss=+0.00113 value_loss=+0.07562 ratio=1.0164 kl=0.0236
update=4838 mean_reward=+59.7215 mean_length= 60.00 policy_loss=+0.00066 value_loss=+0.00162 ratio=1.0172 kl=0.0069
update=4839 mean_reward=+59.7242 mean_length= 60.00 policy_loss=+0.00019 value_loss=+0.07592 ratio=1.0195 kl=0.0216
update=4840 mean_reward=+59.7279 mean_length= 60.00 policy_loss=+0.00102 value_loss=+0.00269 ratio=1.0185 kl=0.0081 | eval_reward=+59.7129 eval_length= 60.00
update=4841 mean_reward=+59.7157 mean_length= 59.99 policy_loss=+0.00053 value_loss=+0.07430 ratio=1.0253 kl=0.0168
update=4842 mean_reward=+59.7231 mean_length= 60.00 policy_loss=+0.00326 value_loss=+0.00127 ratio=1.0168 kl=0.0132
update=4843 mean_reward=+59.7249 mean_length= 60.00 policy_loss=+0.00088 value_loss=+0.00114 ratio=1.0207 kl=0.0051
update=4844 mean_reward=+59.7209 mean_length= 60.00 policy_loss=+0.00091 value_loss=+0.08447 ratio=1.0231 kl=0.0252
update=4845 mean_reward=+59.7248 mean_length= 60.00 policy_loss=+0.00093 value_loss=+0.00151 ratio=1.0150 kl=0.0075 | eval_reward=+59.7092 eval_length= 60.00
update=4846 mean_reward=+59.7250 mean_length= 60.00 policy_loss=+0.00019 value_loss=+0.00280 ratio=1.0148 kl=0.0158
update=4847 mean_reward=+59.7251 mean_length= 60.00 policy_loss=+0.00264 value_loss=+0.00117 ratio=1.0188 kl=0.0132
update=4848 mean_reward=+59.7244 mean_length= 60.00 policy_loss=+0.00137 value_loss=+0.00118 ratio=1.0175 kl=0.0106
update=4849 mean_reward=+59.7296 mean_length= 60.00 policy_loss=+0.00058 value_loss=+0.00107 ratio=1.0201 kl=0.0042
update=4850 mean_reward=+59.7198 mean_length= 59.99 policy_loss=+0.00100 value_loss=+0.08265 ratio=1.0271 kl=0.0214 | eval_reward=+59.7125 eval_length= 60.00
update=4851 mean_reward=+59.7286 mean_length= 60.00 policy_loss=+0.00101 value_loss=+0.00132 ratio=1.0153 kl=0.0073
update=4852 mean_reward=+59.7255 mean_length= 60.00 policy_loss=+0.00210 value_loss=+0.00110 ratio=1.0203 kl=0.0054
update=4853 mean_reward=+59.7262 mean_length= 60.00 policy_loss=+0.00098 value_loss=+0.00113 ratio=1.0174 kl=0.0040
update=4854 mean_reward=+59.7233 mean_length= 60.00 policy_loss=+0.00102 value_loss=+0.08398 ratio=1.0300 kl=0.0275
update=4855 mean_reward=+59.7200 mean_length= 59.99 policy_loss=+0.00183 value_loss=+0.18164 ratio=1.0236 kl=0.0287 | eval_reward=+59.7146 eval_length= 60.00
update=4856 mean_reward=+59.7276 mean_length= 60.00 policy_loss=+0.00120 value_loss=+0.07847 ratio=1.0173 kl=0.0206
update=4857 mean_reward=+59.7261 mean_length= 60.00 policy_loss=+0.00097 value_loss=+0.00470 ratio=1.0145 kl=0.0145
update=4858 mean_reward=+59.7247 mean_length= 60.00 policy_loss=+0.00134 value_loss=+0.00339 ratio=1.0184 kl=0.0181
update=4859 mean_reward=+59.7286 mean_length= 60.00 policy_loss=+0.00124 value_loss=+0.00111 ratio=1.0153 kl=0.0057
update=4860 mean_reward=+59.7226 mean_length= 60.00 policy_loss=+0.00096 value_loss=+0.07856 ratio=1.0144 kl=0.0197 | eval_reward=+59.7117 eval_length= 60.00
update=4861 mean_reward=+59.7238 mean_length= 59.99 policy_loss=+0.00125 value_loss=+0.06271 ratio=1.1739 kl=0.0218
update=4862 mean_reward=+59.7262 mean_length= 60.00 policy_loss=+0.00164 value_loss=+0.00133 ratio=1.0161 kl=0.0127
update=4863 mean_reward=+59.7256 mean_length= 60.00 policy_loss=+0.00098 value_loss=+0.08469 ratio=1.0360 kl=0.0210
update=4864 mean_reward=+59.7272 mean_length= 60.00 policy_loss=+0.00143 value_loss=+0.00119 ratio=1.0153 kl=0.0107
update=4865 mean_reward=+59.7207 mean_length= 60.00 policy_loss=+0.00036 value_loss=+0.00139 ratio=1.0119 kl=0.0071 | eval_reward=+59.7122 eval_length= 60.00
update=4866 mean_reward=+59.7270 mean_length= 60.00 policy_loss=+0.00103 value_loss=+0.00292 ratio=1.0124 kl=0.0135
update=4867 mean_reward=+59.7274 mean_length= 60.00 policy_loss=+0.00063 value_loss=+0.00121 ratio=1.0121 kl=0.0050
update=4868 mean_reward=+59.7338 mean_length= 60.00 policy_loss=+0.00097 value_loss=+0.00105 ratio=1.0191 kl=0.0041
update=4869 mean_reward=+59.7334 mean_length= 60.00 policy_loss=+0.00289 value_loss=+0.00109 ratio=1.0151 kl=0.0197
update=4870 mean_reward=+59.7235 mean_length= 59.99 policy_loss=+0.00030 value_loss=+0.15458 ratio=1.0346 kl=0.0227 | eval_reward=+59.7135 eval_length= 60.00
update=4871 mean_reward=+59.7339 mean_length= 60.00 policy_loss=+0.00178 value_loss=+0.00109 ratio=1.0294 kl=0.0084
update=4872 mean_reward=+59.7177 mean_length= 59.99 policy_loss=+0.00072 value_loss=+0.21930 ratio=1.0115 kl=0.0227
update=4873 mean_reward=+59.7273 mean_length= 60.00 policy_loss=+0.00175 value_loss=+0.00170 ratio=1.0189 kl=0.0109
update=4874 mean_reward=+59.7282 mean_length= 60.00 policy_loss=+0.00116 value_loss=+0.08233 ratio=1.0137 kl=0.0266
update=4875 mean_reward=+59.7282 mean_length= 59.99 policy_loss=+0.00103 value_loss=+0.07407 ratio=1.0422 kl=0.0212 | eval_reward=+59.7127 eval_length= 60.00
update=4876 mean_reward=+59.7314 mean_length= 60.00 policy_loss=+0.00701 value_loss=+0.06781 ratio=1.0122 kl=0.0228
update=4877 mean_reward=+59.7300 mean_length= 60.00 policy_loss=+0.00102 value_loss=+0.00725 ratio=1.0268 kl=0.0224
update=4878 mean_reward=+59.7226 mean_length= 59.99 policy_loss=+0.00024 value_loss=+0.06363 ratio=1.0151 kl=0.0252
update=4879 mean_reward=+59.7330 mean_length= 60.00 policy_loss=+0.00299 value_loss=+0.00108 ratio=1.0142 kl=0.0108
update=4880 mean_reward=+59.7346 mean_length= 60.00 policy_loss=+0.00053 value_loss=+0.00424 ratio=1.0209 kl=0.0182 | eval_reward=+59.7115 eval_length= 60.00
update=4881 mean_reward=+59.7293 mean_length= 60.00 policy_loss=+0.00122 value_loss=+0.00128 ratio=1.0145 kl=0.0076
update=4882 mean_reward=+59.7135 mean_length= 59.98 policy_loss=-0.00072 value_loss=+0.25876 ratio=1.0139 kl=0.0214
update=4883 mean_reward=+59.7284 mean_length= 60.00 policy_loss=+0.00021 value_loss=+0.00286 ratio=1.0144 kl=0.0136
update=4884 mean_reward=+59.7342 mean_length= 60.00 policy_loss=+0.00046 value_loss=+0.00112 ratio=1.0154 kl=0.0064
update=4885 mean_reward=+59.7323 mean_length= 60.00 policy_loss=+0.00045 value_loss=+0.00424 ratio=1.0746 kl=0.0255 | eval_reward=+59.7183 eval_length= 60.00
update=4886 mean_reward=+59.7233 mean_length= 59.99 policy_loss=+0.00085 value_loss=+0.17754 ratio=1.0125 kl=0.0176
update=4887 mean_reward=+59.7284 mean_length= 60.00 policy_loss=+0.00076 value_loss=+0.10094 ratio=1.0140 kl=0.0217
update=4888 mean_reward=+59.7239 mean_length= 59.99 policy_loss=+0.00022 value_loss=+0.05345 ratio=1.0108 kl=0.0263
update=4889 mean_reward=+59.7294 mean_length= 60.00 policy_loss=+0.00179 value_loss=+0.00156 ratio=1.0124 kl=0.0230
update=4890 mean_reward=+59.7311 mean_length= 60.00 policy_loss=+0.00050 value_loss=+0.00103 ratio=1.0153 kl=0.0067 | eval_reward=+59.7238 eval_length= 60.00
update=4891 mean_reward=+59.7125 mean_length= 59.99 policy_loss=+0.00153 value_loss=+0.35449 ratio=1.0174 kl=0.0203
update=4892 mean_reward=+59.7334 mean_length= 60.00 policy_loss=+0.00131 value_loss=+0.00128 ratio=1.0111 kl=0.0087
update=4893 mean_reward=+59.7242 mean_length= 59.99 policy_loss=+0.00069 value_loss=+0.14771 ratio=1.0125 kl=0.0230
update=4894 mean_reward=+59.7287 mean_length= 60.00 policy_loss=+0.00122 value_loss=+0.04539 ratio=1.0091 kl=0.0231
update=4895 mean_reward=+59.7207 mean_length= 59.99 policy_loss=+0.00105 value_loss=+0.16794 ratio=1.0105 kl=0.0238 | eval_reward=+59.7193 eval_length= 60.00
update=4896 mean_reward=+59.7237 mean_length= 60.00 policy_loss=+0.00055 value_loss=+0.10617 ratio=1.0124 kl=0.0310
update=4897 mean_reward=+59.7285 mean_length= 60.00 policy_loss=+0.00156 value_loss=+0.10865 ratio=1.0146 kl=0.0186
update=4898 mean_reward=+59.7163 mean_length= 59.99 policy_loss=+0.00116 value_loss=+0.13210 ratio=1.0138 kl=0.0239
update=4899 mean_reward=+59.7198 mean_length= 59.99 policy_loss=+0.00204 value_loss=+0.16826 ratio=1.0096 kl=0.0319
update=4900 mean_reward=+59.7295 mean_length= 60.00 policy_loss=+0.00694 value_loss=+0.00391 ratio=1.0519 kl=0.0234 | eval_reward=+59.7212 eval_length= 60.00
update=4901 mean_reward=+59.7236 mean_length= 60.00 policy_loss=+0.00177 value_loss=+0.09382 ratio=1.0102 kl=0.0300
update=4902 mean_reward=+59.7206 mean_length= 60.00 policy_loss=-0.00009 value_loss=+0.07761 ratio=1.0125 kl=0.0225
update=4903 mean_reward=+59.7185 mean_length= 60.00 policy_loss=+0.00010 value_loss=+0.07531 ratio=1.0120 kl=0.0237
update=4904 mean_reward=+59.7185 mean_length= 60.00 policy_loss=-0.00019 value_loss=+0.15926 ratio=1.0084 kl=0.0219
update=4905 mean_reward=+59.7116 mean_length= 59.99 policy_loss=+0.00093 value_loss=+0.08072 ratio=1.0098 kl=0.0376 | eval_reward=+59.6817 eval_length= 60.00
update=4906 mean_reward=+59.7129 mean_length= 60.00 policy_loss=+0.00085 value_loss=+0.00359 ratio=1.0101 kl=0.0140
update=4907 mean_reward=+59.7040 mean_length= 59.99 policy_loss=+0.00049 value_loss=+0.24817 ratio=1.0123 kl=0.0266
update=4908 mean_reward=+59.7134 mean_length= 60.00 policy_loss=+0.00040 value_loss=+0.00201 ratio=1.0085 kl=0.0095
update=4909 mean_reward=+59.7055 mean_length= 59.99 policy_loss=+0.00063 value_loss=+0.24008 ratio=1.0121 kl=0.0243
update=4910 mean_reward=+59.7082 mean_length= 59.99 policy_loss=-0.00007 value_loss=+0.15871 ratio=1.0115 kl=0.0247 | eval_reward=+59.6414 eval_length= 60.00
update=4911 mean_reward=+59.7102 mean_length= 59.99 policy_loss=+0.00046 value_loss=+0.07178 ratio=1.0084 kl=0.0320
update=4912 mean_reward=+59.7181 mean_length= 60.00 policy_loss=+0.00056 value_loss=+0.00141 ratio=1.0089 kl=0.0077
update=4913 mean_reward=+59.7134 mean_length= 60.00 policy_loss=+0.00075 value_loss=+0.00155 ratio=1.0150 kl=0.0126
update=4914 mean_reward=+59.7235 mean_length= 60.00 policy_loss=+0.00143 value_loss=+0.10465 ratio=1.0107 kl=0.0210
update=4915 mean_reward=+59.7183 mean_length= 60.00 policy_loss=+0.00116 value_loss=+0.00123 ratio=1.0131 kl=0.0142 | eval_reward=+59.7191 eval_length= 60.00
update=4916 mean_reward=+59.7198 mean_length= 60.00 policy_loss=+0.00108 value_loss=+0.00124 ratio=1.0097 kl=0.0085
update=4917 mean_reward=+59.7213 mean_length= 60.00 policy_loss=+0.00099 value_loss=+0.08383 ratio=1.0291 kl=0.0224
update=4918 mean_reward=+59.7254 mean_length= 60.00 policy_loss=+0.00079 value_loss=+0.00120 ratio=1.0108 kl=0.0105
update=4919 mean_reward=+59.7202 mean_length= 59.99 policy_loss=+0.00057 value_loss=+0.07626 ratio=1.0113 kl=0.0241
update=4920 mean_reward=+59.7126 mean_length= 59.99 policy_loss=+0.00100 value_loss=+0.15669 ratio=1.0102 kl=0.0261 | eval_reward=+59.6202 eval_length= 60.00
update=4921 mean_reward=+59.7167 mean_length= 60.00 policy_loss=+0.00147 value_loss=+0.08500 ratio=1.0092 kl=0.0251
update=4922 mean_reward=+59.7196 mean_length= 60.00 policy_loss=+0.00012 value_loss=+0.07391 ratio=1.0170 kl=0.0233
update=4923 mean_reward=+59.7221 mean_length= 60.00 policy_loss=+0.00042 value_loss=+0.00287 ratio=1.0090 kl=0.0135
update=4924 mean_reward=+59.7213 mean_length= 60.00 policy_loss=+0.00464 value_loss=+0.00121 ratio=1.0426 kl=0.0346
update=4925 mean_reward=+59.7158 mean_length= 59.99 policy_loss=+0.00057 value_loss=+0.12666 ratio=1.0194 kl=0.0240 | eval_reward=+59.7063 eval_length= 60.00
update=4926 mean_reward=+59.7107 mean_length= 59.99 policy_loss=+0.00069 value_loss=+0.15824 ratio=1.0237 kl=0.0232
update=4927 mean_reward=+59.7047 mean_length= 59.98 policy_loss=+0.00027 value_loss=+0.31005 ratio=1.0099 kl=0.0219
update=4928 mean_reward=+59.7262 mean_length= 60.00 policy_loss=-0.00004 value_loss=+0.00342 ratio=1.0116 kl=0.0106
update=4929 mean_reward=+59.7069 mean_length= 59.98 policy_loss=+0.00037 value_loss=+0.30963 ratio=1.0110 kl=0.0227
update=4930 mean_reward=+59.7273 mean_length= 60.00 policy_loss=+0.00083 value_loss=+0.00280 ratio=1.0112 kl=0.0124 | eval_reward=+59.7263 eval_length= 60.00
update=4931 mean_reward=+59.7220 mean_length= 60.00 policy_loss=+0.00102 value_loss=+0.07996 ratio=1.0122 kl=0.0268
update=4932 mean_reward=+59.7092 mean_length= 59.98 policy_loss=+0.00032 value_loss=+0.29149 ratio=1.0138 kl=0.0234
update=4933 mean_reward=+59.7214 mean_length= 59.99 policy_loss=+0.00069 value_loss=+0.23472 ratio=1.0129 kl=0.0252
update=4934 mean_reward=+59.7281 mean_length= 60.00 policy_loss=+0.00046 value_loss=+0.00508 ratio=1.0151 kl=0.0086
update=4935 mean_reward=+59.7193 mean_length= 59.99 policy_loss=+0.00122 value_loss=+0.07188 ratio=1.0120 kl=0.0313 | eval_reward=+59.7242 eval_length= 60.00
update=4936 mean_reward=+59.7236 mean_length= 60.00 policy_loss=+0.00069 value_loss=+0.00135 ratio=1.0105 kl=0.0091
update=4937 mean_reward=+59.7202 mean_length= 59.99 policy_loss=+0.00127 value_loss=+0.15880 ratio=1.0108 kl=0.0197
update=4938 mean_reward=+59.7271 mean_length= 60.00 policy_loss=-0.00047 value_loss=+0.07606 ratio=1.0082 kl=0.0233
update=4939 mean_reward=+59.7129 mean_length= 59.99 policy_loss=+0.00204 value_loss=+0.18541 ratio=1.0123 kl=0.0219
update=4940 mean_reward=+59.7155 mean_length= 59.99 policy_loss=+0.00024 value_loss=+0.31971 ratio=1.0376 kl=0.0261 | eval_reward=+59.6830 eval_length= 60.00
update=4941 mean_reward=+59.7203 mean_length= 60.00 policy_loss=+0.00038 value_loss=+0.06402 ratio=1.0125 kl=0.0296
update=4942 mean_reward=+59.7235 mean_length= 60.00 policy_loss=+0.00133 value_loss=+0.00220 ratio=1.0124 kl=0.0074
update=4943 mean_reward=+59.7223 mean_length= 60.00 policy_loss=-0.00097 value_loss=+0.07732 ratio=1.0122 kl=0.0251
update=4944 mean_reward=+59.7242 mean_length= 60.00 policy_loss=+0.00106 value_loss=+0.02307 ratio=1.0144 kl=0.0265
update=4945 mean_reward=+59.7233 mean_length= 60.00 policy_loss=+0.00101 value_loss=+0.00133 ratio=1.0105 kl=0.0077 | eval_reward=+59.7117 eval_length= 60.00
update=4946 mean_reward=+59.7120 mean_length= 59.99 policy_loss=+0.00055 value_loss=+0.12696 ratio=1.0116 kl=0.0302
update=4947 mean_reward=+59.7131 mean_length= 59.99 policy_loss=+0.00084 value_loss=+0.05707 ratio=1.0130 kl=0.0230
update=4948 mean_reward=+59.7155 mean_length= 59.99 policy_loss=+0.00058 value_loss=+0.10105 ratio=1.0124 kl=0.0230
update=4949 mean_reward=+59.7074 mean_length= 59.99 policy_loss=+0.00137 value_loss=+0.17898 ratio=1.0153 kl=0.0201
update=4950 mean_reward=+59.7084 mean_length= 59.99 policy_loss=+0.00079 value_loss=+0.22660 ratio=1.0125 kl=0.0259 | eval_reward=+59.6197 eval_length= 60.00
update=4951 mean_reward=+59.7187 mean_length= 60.00 policy_loss=+0.00074 value_loss=+0.07676 ratio=1.0204 kl=0.0218
update=4952 mean_reward=+59.7173 mean_length= 60.00 policy_loss=+0.00075 value_loss=+0.08099 ratio=1.0106 kl=0.0246
update=4953 mean_reward=+59.7181 mean_length= 60.00 policy_loss=+0.00003 value_loss=+0.07957 ratio=1.0142 kl=0.0264
update=4954 mean_reward=+59.7177 mean_length= 60.00 policy_loss=+0.00139 value_loss=+0.11516 ratio=1.0119 kl=0.0216
update=4955 mean_reward=+59.7189 mean_length= 59.99 policy_loss=-0.00115 value_loss=+0.05559 ratio=1.0129 kl=0.0277 | eval_reward=+59.6725 eval_length= 60.00
update=4956 mean_reward=+59.7192 mean_length= 59.99 policy_loss=+0.00066 value_loss=+0.06537 ratio=1.0161 kl=0.0238
update=4957 mean_reward=+59.7096 mean_length= 59.99 policy_loss=+0.00126 value_loss=+0.15962 ratio=1.0138 kl=0.0284
update=4958 mean_reward=+59.7244 mean_length= 60.00 policy_loss=+0.00074 value_loss=+0.00276 ratio=1.0160 kl=0.0127
update=4959 mean_reward=+59.7155 mean_length= 59.99 policy_loss=+0.00150 value_loss=+0.07955 ratio=1.0167 kl=0.0222
update=4960 mean_reward=+59.7197 mean_length= 60.00 policy_loss=+0.00183 value_loss=+0.19367 ratio=1.0097 kl=0.0222 | eval_reward=+59.6660 eval_length= 60.00
update=4961 mean_reward=+59.7164 mean_length= 60.00 policy_loss=+0.00042 value_loss=+0.08305 ratio=1.0098 kl=0.0283
update=4962 mean_reward=+59.6998 mean_length= 59.98 policy_loss=-0.00027 value_loss=+0.26560 ratio=1.0107 kl=0.0209
update=4963 mean_reward=+59.7110 mean_length= 59.99 policy_loss=+0.00093 value_loss=+0.14327 ratio=1.0215 kl=0.0313
update=4964 mean_reward=+59.7229 mean_length= 60.00 policy_loss=+0.00167 value_loss=+0.00193 ratio=1.0181 kl=0.0095
update=4965 mean_reward=+59.7252 mean_length= 60.00 policy_loss=+0.00340 value_loss=+0.00125 ratio=1.0146 kl=0.0096 | eval_reward=+59.7207 eval_length= 60.00
update=4966 mean_reward=+59.7143 mean_length= 59.99 policy_loss=+0.00142 value_loss=+0.14347 ratio=1.0240 kl=0.0222
update=4967 mean_reward=+59.7169 mean_length= 60.00 policy_loss=+0.00277 value_loss=+0.11347 ratio=1.0141 kl=0.0209
update=4968 mean_reward=+59.7095 mean_length= 59.99 policy_loss=+0.00114 value_loss=+0.15996 ratio=1.0195 kl=0.0231
update=4969 mean_reward=+59.7142 mean_length= 59.99 policy_loss=+0.00030 value_loss=+0.11460 ratio=1.0141 kl=0.0219
update=4970 mean_reward=+59.7171 mean_length= 60.00 policy_loss=+0.00100 value_loss=+0.00172 ratio=1.0159 kl=0.0084 | eval_reward=+59.7135 eval_length= 60.00
update=4971 mean_reward=+59.7138 mean_length= 60.00 policy_loss=+0.00018 value_loss=+0.08300 ratio=1.0171 kl=0.0214
update=4972 mean_reward=+59.7234 mean_length= 60.00 policy_loss=+0.00220 value_loss=+0.00137 ratio=1.0177 kl=0.0111
update=4973 mean_reward=+59.7189 mean_length= 60.00 policy_loss=+0.00139 value_loss=+0.09000 ratio=1.0125 kl=0.0182
update=4974 mean_reward=+59.7088 mean_length= 59.99 policy_loss=+0.00107 value_loss=+0.24431 ratio=1.0137 kl=0.0238
update=4975 mean_reward=+59.7134 mean_length= 60.00 policy_loss=+0.00019 value_loss=+0.07757 ratio=1.0104 kl=0.0203 | eval_reward=+59.6027 eval_length= 60.00
update=4976 mean_reward=+59.7165 mean_length= 59.99 policy_loss=+0.00350 value_loss=+0.09839 ratio=1.0189 kl=0.0260
update=4977 mean_reward=+59.7172 mean_length= 60.00 policy_loss=+0.00117 value_loss=+0.00132 ratio=1.0216 kl=0.0090
update=4978 mean_reward=+59.7210 mean_length= 60.00 policy_loss=+0.00130 value_loss=+0.00177 ratio=1.0125 kl=0.0104
update=4979 mean_reward=+59.7193 mean_length= 60.00 policy_loss=+0.00124 value_loss=+0.08029 ratio=1.0141 kl=0.0195
update=4980 mean_reward=+59.7089 mean_length= 59.99 policy_loss=+0.00049 value_loss=+0.13045 ratio=1.0164 kl=0.0250 | eval_reward=+59.7150 eval_length= 60.00
update=4981 mean_reward=+59.7149 mean_length= 60.00 policy_loss=+0.00141 value_loss=+0.07280 ratio=1.0202 kl=0.0249
update=4982 mean_reward=+59.7237 mean_length= 60.00 policy_loss=+0.00155 value_loss=+0.00136 ratio=1.0145 kl=0.0116
update=4983 mean_reward=+59.7230 mean_length= 60.00 policy_loss=+0.00140 value_loss=+0.20370 ratio=1.0218 kl=0.0286
update=4984 mean_reward=+59.7201 mean_length= 60.00 policy_loss=+0.00076 value_loss=+0.07478 ratio=1.0188 kl=0.0258
update=4985 mean_reward=+59.7175 mean_length= 59.99 policy_loss=+0.00079 value_loss=+0.06171 ratio=1.0133 kl=0.0282 | eval_reward=+59.7075 eval_length= 60.00
update=4986 mean_reward=+59.7147 mean_length= 59.99 policy_loss=+0.00145 value_loss=+0.08404 ratio=1.0160 kl=0.0254
update=4987 mean_reward=+59.7129 mean_length= 59.99 policy_loss=+0.00012 value_loss=+0.06292 ratio=1.0150 kl=0.0275
update=4988 mean_reward=+59.7190 mean_length= 60.00 policy_loss=+0.00055 value_loss=+0.00150 ratio=1.0155 kl=0.0018
update=4989 mean_reward=+59.7175 mean_length= 59.99 policy_loss=+0.00035 value_loss=+0.13467 ratio=1.0162 kl=0.0162
update=4990 mean_reward=+59.7187 mean_length= 60.00 policy_loss=+0.00087 value_loss=+0.04981 ratio=1.0123 kl=0.0243 | eval_reward=+59.6392 eval_length= 60.00
update=4991 mean_reward=+59.7156 mean_length= 60.00 policy_loss=+0.00545 value_loss=+0.00270 ratio=1.0163 kl=0.0184
update=4992 mean_reward=+59.7228 mean_length= 60.00 policy_loss=+0.00105 value_loss=+0.00200 ratio=1.0249 kl=0.0107
update=4993 mean_reward=+59.7212 mean_length= 60.00 policy_loss=+0.00063 value_loss=+0.00118 ratio=1.0147 kl=0.0058
update=4994 mean_reward=+59.7206 mean_length= 60.00 policy_loss=+0.00236 value_loss=+0.09793 ratio=1.0229 kl=0.0253
update=4995 mean_reward=+59.7203 mean_length= 59.99 policy_loss=+0.00052 value_loss=+0.07521 ratio=1.0147 kl=0.0250 | eval_reward=+59.6780 eval_length= 60.00
update=4996 mean_reward=+59.7234 mean_length= 60.00 policy_loss=+0.00231 value_loss=+0.00130 ratio=1.0225 kl=0.0128
update=4997 mean_reward=+59.7268 mean_length= 60.00 policy_loss=-0.00119 value_loss=+0.08383 ratio=1.0142 kl=0.0166
update=4998 mean_reward=+59.7191 mean_length= 59.99 policy_loss=+0.00021 value_loss=+0.13475 ratio=1.0214 kl=0.0266
update=4999 mean_reward=+59.7252 mean_length= 60.00 policy_loss=+0.00237 value_loss=+0.00117 ratio=1.0162 kl=0.0118
update=5000 mean_reward=+59.7264 mean_length= 60.00 policy_loss=+0.00107 value_loss=+0.08196 ratio=1.0208 kl=0.0236 | eval_reward=+59.6377 eval_length= 60.00
update=5001 mean_reward=+59.7127 mean_length= 59.99 policy_loss=+0.00087 value_loss=+0.26730 ratio=1.0215 kl=0.0205
update=5002 mean_reward=+59.7188 mean_length= 60.00 policy_loss=+0.00113 value_loss=+0.09365 ratio=1.0207 kl=0.0226
update=5003 mean_reward=+59.7256 mean_length= 60.00 policy_loss=+0.00092 value_loss=+0.09982 ratio=1.0153 kl=0.0207
update=5004 mean_reward=+59.7074 mean_length= 59.99 policy_loss=+0.00053 value_loss=+0.14297 ratio=1.0179 kl=0.0206
update=5005 mean_reward=+59.7267 mean_length= 60.00 policy_loss=+0.00103 value_loss=+0.00371 ratio=1.0149 kl=0.0163 | eval_reward=+59.5674 eval_length= 60.00
update=5006 mean_reward=+59.7239 mean_length= 60.00 policy_loss=-0.00087 value_loss=+0.06662 ratio=1.0237 kl=0.0182
update=5007 mean_reward=+59.7234 mean_length= 60.00 policy_loss=+0.00172 value_loss=+0.00115 ratio=1.0163 kl=0.0105
update=5008 mean_reward=+59.7235 mean_length= 60.00 policy_loss=+0.00104 value_loss=+0.09274 ratio=1.0151 kl=0.0220
update=5009 mean_reward=+59.7247 mean_length= 60.00 policy_loss=+0.00203 value_loss=+0.00111 ratio=1.0185 kl=0.0216
update=5010 mean_reward=+59.7149 mean_length= 59.99 policy_loss=+0.00080 value_loss=+0.23684 ratio=1.0188 kl=0.0195 | eval_reward=+59.6909 eval_length= 60.00
update=5011 mean_reward=+59.7259 mean_length= 60.00 policy_loss=+0.00103 value_loss=+0.00321 ratio=1.0425 kl=0.0083
update=5012 mean_reward=+59.7288 mean_length= 60.00 policy_loss=+0.00144 value_loss=+0.09487 ratio=1.0173 kl=0.0245
update=5013 mean_reward=+59.7198 mean_length= 59.99 policy_loss=+0.00084 value_loss=+0.17167 ratio=1.0176 kl=0.0204
update=5014 mean_reward=+59.7227 mean_length= 59.99 policy_loss=+0.00475 value_loss=+0.07408 ratio=1.0229 kl=0.0227
update=5015 mean_reward=+59.7195 mean_length= 60.00 policy_loss=+0.00074 value_loss=+0.19278 ratio=1.0165 kl=0.0200 | eval_reward=+59.7278 eval_length= 60.00
update=5016 mean_reward=+59.7069 mean_length= 59.99 policy_loss=+0.00081 value_loss=+0.22763 ratio=1.0224 kl=0.0188
update=5017 mean_reward=+59.7180 mean_length= 60.00 policy_loss=+0.00117 value_loss=+0.07834 ratio=1.0299 kl=0.0198
update=5018 mean_reward=+59.7218 mean_length= 60.00 policy_loss=+0.00055 value_loss=+0.07858 ratio=1.0168 kl=0.0271
update=5019 mean_reward=+59.7099 mean_length= 59.99 policy_loss=+0.00074 value_loss=+0.08667 ratio=1.0190 kl=0.0237
update=5020 mean_reward=+59.7082 mean_length= 59.99 policy_loss=+0.00193 value_loss=+0.19053 ratio=1.0484 kl=0.0248 | eval_reward=+59.7225 eval_length= 60.00
update=5021 mean_reward=+59.7174 mean_length= 60.00 policy_loss=+0.00128 value_loss=+0.10304 ratio=1.0172 kl=0.0250
update=5022 mean_reward=+59.7072 mean_length= 59.99 policy_loss=+0.00116 value_loss=+0.31716 ratio=1.0202 kl=0.0207
update=5023 mean_reward=+59.7065 mean_length= 59.98 policy_loss=+0.00095 value_loss=+0.21199 ratio=1.0268 kl=0.0219
update=5024 mean_reward=+59.7235 mean_length= 60.00 policy_loss=+0.00070 value_loss=+0.10001 ratio=1.0281 kl=0.0254
update=5025 mean_reward=+59.7096 mean_length= 59.99 policy_loss=+0.00179 value_loss=+0.28552 ratio=1.0217 kl=0.0222 | eval_reward=+59.7289 eval_length= 60.00
update=5026 mean_reward=+59.7253 mean_length= 60.00 policy_loss=+0.00863 value_loss=+0.00515 ratio=1.0233 kl=0.0209
update=5027 mean_reward=+59.7160 mean_length= 60.00 policy_loss=+0.00124 value_loss=+0.08085 ratio=1.0217 kl=0.0210
update=5028 mean_reward=+59.7117 mean_length= 59.99 policy_loss=+0.00269 value_loss=+0.08803 ratio=1.0248 kl=0.0247
update=5029 mean_reward=+59.7206 mean_length= 60.00 policy_loss=+0.00123 value_loss=+0.00157 ratio=1.0232 kl=0.0060
update=5030 mean_reward=+59.7190 mean_length= 60.00 policy_loss=+0.00027 value_loss=+0.00149 ratio=1.0140 kl=0.0043 | eval_reward=+59.7278 eval_length= 60.00
update=5031 mean_reward=+59.7137 mean_length= 59.99 policy_loss=+0.00034 value_loss=+0.06135 ratio=1.0174 kl=0.0205
update=5032 mean_reward=+59.6969 mean_length= 59.97 policy_loss=+0.00011 value_loss=+0.34689 ratio=1.0269 kl=0.0204
update=5033 mean_reward=+59.7216 mean_length= 60.00 policy_loss=+0.00360 value_loss=+0.00176 ratio=1.0307 kl=0.0078
update=5034 mean_reward=+59.7097 mean_length= 59.99 policy_loss=+0.00025 value_loss=+0.13514 ratio=1.0152 kl=0.0191
update=5035 mean_reward=+59.7211 mean_length= 60.00 policy_loss=+0.00139 value_loss=+0.00123 ratio=1.0162 kl=0.0073 | eval_reward=+59.7235 eval_length= 60.00
update=5036 mean_reward=+59.7132 mean_length= 60.00 policy_loss=+0.00134 value_loss=+0.09584 ratio=1.0154 kl=0.0262
update=5037 mean_reward=+59.7174 mean_length= 60.00 policy_loss=+0.00124 value_loss=+0.00127 ratio=1.0276 kl=0.0089
update=5038 mean_reward=+59.7091 mean_length= 59.98 policy_loss=+0.00010 value_loss=+0.27386 ratio=1.0194 kl=0.0233
update=5039 mean_reward=+59.7018 mean_length= 59.98 policy_loss=+0.00106 value_loss=+0.29641 ratio=1.0421 kl=0.0150
update=5040 mean_reward=+59.7244 mean_length= 60.00 policy_loss=+0.00192 value_loss=+0.00184 ratio=1.0144 kl=0.0055 | eval_reward=+59.7212 eval_length= 60.00
update=5041 mean_reward=+59.7237 mean_length= 59.99 policy_loss=+0.00232 value_loss=+0.11190 ratio=1.0549 kl=0.0205
update=5042 mean_reward=+59.7148 mean_length= 59.99 policy_loss=-0.00054 value_loss=+0.14290 ratio=1.0127 kl=0.0264
update=5043 mean_reward=+59.7224 mean_length= 60.00 policy_loss=+0.00164 value_loss=+0.00123 ratio=1.0150 kl=0.0081
update=5044 mean_reward=+59.7281 mean_length= 60.00 policy_loss=+0.00126 value_loss=+0.00121 ratio=1.0120 kl=0.0061
update=5045 mean_reward=+59.7293 mean_length= 60.00 policy_loss=+0.00091 value_loss=+0.00132 ratio=1.0166 kl=0.0067 | eval_reward=+59.7299 eval_length= 60.00
update=5046 mean_reward=+59.7254 mean_length= 60.00 policy_loss=+0.00054 value_loss=+0.00115 ratio=1.0148 kl=0.0066
update=5047 mean_reward=+59.7203 mean_length= 60.00 policy_loss=+0.00275 value_loss=+0.08853 ratio=1.0303 kl=0.0293
update=5048 mean_reward=+59.7152 mean_length= 59.99 policy_loss=+0.00084 value_loss=+0.14580 ratio=1.0137 kl=0.0239
update=5049 mean_reward=+59.7231 mean_length= 60.00 policy_loss=-0.00023 value_loss=+0.07097 ratio=1.0118 kl=0.0204
update=5050 mean_reward=+59.7284 mean_length= 60.00 policy_loss=+0.00068 value_loss=+0.00145 ratio=1.0142 kl=0.0086 | eval_reward=+59.7243 eval_length= 60.00
update=5051 mean_reward=+59.7167 mean_length= 59.99 policy_loss=-0.00051 value_loss=+0.12023 ratio=1.0234 kl=0.0175
update=5052 mean_reward=+59.7283 mean_length= 60.00 policy_loss=+0.00196 value_loss=+0.00125 ratio=1.0135 kl=0.0108
update=5053 mean_reward=+59.7304 mean_length= 60.00 policy_loss=+0.00085 value_loss=+0.00099 ratio=1.0208 kl=0.0035
update=5054 mean_reward=+59.7105 mean_length= 59.98 policy_loss=+0.00025 value_loss=+0.28616 ratio=1.0236 kl=0.0243
update=5055 mean_reward=+59.7161 mean_length= 59.99 policy_loss=+0.00111 value_loss=+0.23526 ratio=1.0168 kl=0.0217 | eval_reward=+59.7249 eval_length= 60.00
update=5056 mean_reward=+59.7212 mean_length= 59.99 policy_loss=+0.00113 value_loss=+0.14968 ratio=1.0139 kl=0.0236
update=5057 mean_reward=+59.7269 mean_length= 60.00 policy_loss=+0.00109 value_loss=+0.00139 ratio=1.0155 kl=0.0063
update=5058 mean_reward=+59.7171 mean_length= 59.99 policy_loss=+0.00096 value_loss=+0.15675 ratio=1.0130 kl=0.0214
update=5059 mean_reward=+59.7245 mean_length= 59.99 policy_loss=-0.00049 value_loss=+0.07659 ratio=1.0144 kl=0.0222
update=5060 mean_reward=+59.7236 mean_length= 60.00 policy_loss=+0.00040 value_loss=+0.08431 ratio=1.0139 kl=0.0213 | eval_reward=+59.7176 eval_length= 60.00
update=5061 mean_reward=+59.7252 mean_length= 60.00 policy_loss=+0.00210 value_loss=+0.00170 ratio=1.0217 kl=0.0143
update=5062 mean_reward=+59.7291 mean_length= 60.00 policy_loss=+0.00080 value_loss=+0.00210 ratio=1.0160 kl=0.0087
update=5063 mean_reward=+59.7244 mean_length= 59.99 policy_loss=+0.00103 value_loss=+0.07303 ratio=1.0160 kl=0.0261
update=5064 mean_reward=+59.7197 mean_length= 59.99 policy_loss=+0.00053 value_loss=+0.14704 ratio=1.0327 kl=0.0170
update=5065 mean_reward=+59.7207 mean_length= 60.00 policy_loss=+0.00061 value_loss=+0.08227 ratio=1.0174 kl=0.0264 | eval_reward=+59.7240 eval_length= 60.00
update=5066 mean_reward=+59.7142 mean_length= 59.99 policy_loss=+0.00109 value_loss=+0.17001 ratio=1.1946 kl=0.0185
update=5067 mean_reward=+59.7266 mean_length= 60.00 policy_loss=+0.00329 value_loss=+0.00229 ratio=1.0164 kl=0.0108
update=5068 mean_reward=+59.7238 mean_length= 60.00 policy_loss=+0.00150 value_loss=+0.00120 ratio=1.0144 kl=0.0075
update=5069 mean_reward=+59.7271 mean_length= 60.00 policy_loss=-0.00004 value_loss=+0.01211 ratio=1.0240 kl=0.0264
update=5070 mean_reward=+59.7273 mean_length= 60.00 policy_loss=+0.00133 value_loss=+0.00117 ratio=1.0150 kl=0.0063 | eval_reward=+59.7248 eval_length= 60.00
update=5071 mean_reward=+59.7297 mean_length= 60.00 policy_loss=+0.00120 value_loss=+0.01979 ratio=1.0148 kl=0.0247
update=5072 mean_reward=+59.7270 mean_length= 60.00 policy_loss=+0.00196 value_loss=+0.00119 ratio=1.0126 kl=0.0199
update=5073 mean_reward=+59.7285 mean_length= 60.00 policy_loss=+0.00071 value_loss=+0.00121 ratio=1.0124 kl=0.0048
update=5074 mean_reward=+59.7271 mean_length= 59.99 policy_loss=+0.00097 value_loss=+0.08394 ratio=1.0176 kl=0.0234
update=5075 mean_reward=+59.7289 mean_length= 60.00 policy_loss=+0.00165 value_loss=+0.09875 ratio=1.0126 kl=0.0188 | eval_reward=+59.7234 eval_length= 60.00
update=5076 mean_reward=+59.7277 mean_length= 59.99 policy_loss=-0.00009 value_loss=+0.07389 ratio=1.0127 kl=0.0302
update=5077 mean_reward=+59.7325 mean_length= 60.00 policy_loss=+0.00185 value_loss=+0.00099 ratio=1.0177 kl=0.0118
update=5078 mean_reward=+59.7282 mean_length= 59.99 policy_loss=+0.00080 value_loss=+0.05719 ratio=1.0121 kl=0.0193
update=5079 mean_reward=+59.7237 mean_length= 60.00 policy_loss=+0.00193 value_loss=+0.08896 ratio=1.0194 kl=0.0193
update=5080 mean_reward=+59.7253 mean_length= 60.00 policy_loss=-0.00050 value_loss=+0.06628 ratio=1.0197 kl=0.0208 | eval_reward=+59.7208 eval_length= 60.00
update=5081 mean_reward=+59.7298 mean_length= 60.00 policy_loss=+0.00133 value_loss=+0.00174 ratio=1.0124 kl=0.0088
update=5082 mean_reward=+59.7234 mean_length= 59.99 policy_loss=+0.00140 value_loss=+0.06491 ratio=1.0346 kl=0.0202
update=5083 mean_reward=+59.7116 mean_length= 59.99 policy_loss=+0.00185 value_loss=+0.23862 ratio=1.0116 kl=0.0206
update=5084 mean_reward=+59.7267 mean_length= 60.00 policy_loss=-0.00039 value_loss=+0.06330 ratio=1.0123 kl=0.0244
update=5085 mean_reward=+59.7241 mean_length= 60.00 policy_loss=+0.00029 value_loss=+0.07632 ratio=1.0151 kl=0.0239 | eval_reward=+59.7198 eval_length= 60.00
update=5086 mean_reward=+59.7125 mean_length= 59.99 policy_loss=-0.00003 value_loss=+0.14354 ratio=1.0135 kl=0.0234
update=5087 mean_reward=+59.7158 mean_length= 59.99 policy_loss=+0.00028 value_loss=+0.13394 ratio=1.0122 kl=0.0236
update=5088 mean_reward=+59.7229 mean_length= 60.00 policy_loss=+0.00079 value_loss=+0.00288 ratio=1.0245 kl=0.0190
update=5089 mean_reward=+59.7232 mean_length= 60.00 policy_loss=+0.00128 value_loss=+0.00124 ratio=1.0110 kl=0.0123
update=5090 mean_reward=+59.7265 mean_length= 59.99 policy_loss=+0.00042 value_loss=+0.07215 ratio=1.0158 kl=0.0265 | eval_reward=+59.7225 eval_length= 60.00
update=5091 mean_reward=+59.7266 mean_length= 60.00 policy_loss=+0.00174 value_loss=+0.00297 ratio=1.0123 kl=0.0227
update=5092 mean_reward=+59.7268 mean_length= 60.00 policy_loss=+0.00179 value_loss=+0.00099 ratio=1.0123 kl=0.0079
update=5093 mean_reward=+59.7183 mean_length= 59.99 policy_loss=+0.00140 value_loss=+0.06843 ratio=1.0142 kl=0.0208
update=5094 mean_reward=+59.7206 mean_length= 59.99 policy_loss=+0.00133 value_loss=+0.17725 ratio=1.0133 kl=0.0248
update=5095 mean_reward=+59.7158 mean_length= 59.99 policy_loss=-0.00047 value_loss=+0.14808 ratio=1.0228 kl=0.0261 | eval_reward=+59.7287 eval_length= 60.00
update=5096 mean_reward=+59.7246 mean_length= 60.00 policy_loss=+0.00092 value_loss=+0.00224 ratio=1.0142 kl=0.0097
update=5097 mean_reward=+59.7080 mean_length= 59.98 policy_loss=+0.00114 value_loss=+0.30979 ratio=1.0194 kl=0.0285
update=5098 mean_reward=+59.7102 mean_length= 59.98 policy_loss=+0.00089 value_loss=+0.25804 ratio=1.0180 kl=0.0242
update=5099 mean_reward=+59.7109 mean_length= 59.99 policy_loss=+0.00050 value_loss=+0.16358 ratio=1.0149 kl=0.0225
update=5100 mean_reward=+59.7239 mean_length= 60.00 policy_loss=+0.00090 value_loss=+0.00371 ratio=1.0141 kl=0.0072 | eval_reward=+59.7348 eval_length= 60.00
update=5101 mean_reward=+59.7237 mean_length= 60.00 policy_loss=+0.00089 value_loss=+0.00133 ratio=1.0133 kl=0.0081
update=5102 mean_reward=+59.7225 mean_length= 59.99 policy_loss=+0.00147 value_loss=+0.08299 ratio=1.0164 kl=0.0197
update=5103 mean_reward=+59.7235 mean_length= 60.00 policy_loss=+0.00151 value_loss=+0.00116 ratio=1.0117 kl=0.0182
update=5104 mean_reward=+59.7284 mean_length= 60.00 policy_loss=+0.00344 value_loss=+0.00238 ratio=1.0250 kl=0.0133
update=5105 mean_reward=+59.7280 mean_length= 60.00 policy_loss=-0.00047 value_loss=+0.07473 ratio=1.0113 kl=0.0208 | eval_reward=+59.7046 eval_length= 60.00
update=5106 mean_reward=+59.7171 mean_length= 59.99 policy_loss=-0.00063 value_loss=+0.12975 ratio=1.0156 kl=0.0243
update=5107 mean_reward=+59.7255 mean_length= 60.00 policy_loss=-0.00041 value_loss=+0.08058 ratio=1.0223 kl=0.0255
update=5108 mean_reward=+59.7014 mean_length= 59.98 policy_loss=+0.00003 value_loss=+0.30463 ratio=1.0162 kl=0.0195
update=5109 mean_reward=+59.7297 mean_length= 60.00 policy_loss=+0.00106 value_loss=+0.00278 ratio=1.0170 kl=0.0087
update=5110 mean_reward=+59.7316 mean_length= 60.00 policy_loss=+0.00123 value_loss=+0.00106 ratio=1.0136 kl=0.0057 | eval_reward=+59.7183 eval_length= 60.00
update=5111 mean_reward=+59.7242 mean_length= 59.99 policy_loss=+0.00118 value_loss=+0.06752 ratio=1.0200 kl=0.0257
update=5112 mean_reward=+59.7174 mean_length= 59.99 policy_loss=+0.00082 value_loss=+0.07047 ratio=1.0343 kl=0.0272
update=5113 mean_reward=+59.7277 mean_length= 60.00 policy_loss=+0.00158 value_loss=+0.00130 ratio=1.0124 kl=0.0119
update=5114 mean_reward=+59.7100 mean_length= 59.99 policy_loss=+0.00063 value_loss=+0.23348 ratio=1.0158 kl=0.0240
update=5115 mean_reward=+59.7238 mean_length= 60.00 policy_loss=+0.00367 value_loss=+0.00165 ratio=1.0157 kl=0.0087 | eval_reward=+59.7320 eval_length= 60.00
update=5116 mean_reward=+59.7312 mean_length= 60.00 policy_loss=+0.00076 value_loss=+0.00122 ratio=1.0177 kl=0.0053
update=5117 mean_reward=+59.7136 mean_length= 59.99 policy_loss=+0.00014 value_loss=+0.14877 ratio=1.0104 kl=0.0248
update=5118 mean_reward=+59.7286 mean_length= 60.00 policy_loss=+0.00027 value_loss=+0.08079 ratio=1.0121 kl=0.0225
update=5119 mean_reward=+59.7107 mean_length= 59.98 policy_loss=+0.00116 value_loss=+0.22834 ratio=1.0134 kl=0.0223
update=5120 mean_reward=+59.7065 mean_length= 59.98 policy_loss=+0.00051 value_loss=+0.30763 ratio=1.0116 kl=0.0217 | eval_reward=+59.7209 eval_length= 60.00
update=5121 mean_reward=+59.7167 mean_length= 59.99 policy_loss=+0.00008 value_loss=+0.16128 ratio=1.0142 kl=0.0222
update=5122 mean_reward=+59.7156 mean_length= 59.99 policy_loss=+0.00086 value_loss=+0.14853 ratio=1.0324 kl=0.0240
update=5123 mean_reward=+59.7232 mean_length= 60.00 policy_loss=+0.00357 value_loss=+0.00297 ratio=1.0300 kl=0.0336
update=5124 mean_reward=+59.7173 mean_length= 60.00 policy_loss=+0.00077 value_loss=+0.08862 ratio=1.0195 kl=0.0254
update=5125 mean_reward=+59.7214 mean_length= 60.00 policy_loss=+0.00038 value_loss=+0.07652 ratio=1.0140 kl=0.0170 | eval_reward=+59.7206 eval_length= 60.00
update=5126 mean_reward=+59.7209 mean_length= 60.00 policy_loss=+0.00024 value_loss=+0.08199 ratio=1.0159 kl=0.0245
update=5127 mean_reward=+59.7137 mean_length= 59.99 policy_loss=+0.00072 value_loss=+0.25112 ratio=1.0150 kl=0.0259
update=5128 mean_reward=+59.7275 mean_length= 60.00 policy_loss=+0.00089 value_loss=+0.09303 ratio=1.0189 kl=0.0187
update=5129 mean_reward=+59.7114 mean_length= 59.99 policy_loss=+0.00018 value_loss=+0.24423 ratio=1.0156 kl=0.0206
update=5130 mean_reward=+59.7148 mean_length= 59.99 policy_loss=-0.00015 value_loss=+0.16098 ratio=1.0128 kl=0.0172 | eval_reward=+59.7194 eval_length= 60.00
update=5131 mean_reward=+59.7171 mean_length= 60.00 policy_loss=-0.00029 value_loss=+0.07651 ratio=1.0120 kl=0.0227
update=5132 mean_reward=+59.7204 mean_length= 60.00 policy_loss=+0.00048 value_loss=+0.08315 ratio=1.0121 kl=0.0220
update=5133 mean_reward=+59.7214 mean_length= 59.99 policy_loss=+0.00194 value_loss=+0.10917 ratio=1.0542 kl=0.0196
update=5134 mean_reward=+59.7247 mean_length= 60.00 policy_loss=-0.00022 value_loss=+0.07509 ratio=1.0203 kl=0.0227
update=5135 mean_reward=+59.7204 mean_length= 60.00 policy_loss=+0.00179 value_loss=+0.08225 ratio=1.0164 kl=0.0265 | eval_reward=+59.7131 eval_length= 60.00
update=5136 mean_reward=+59.7072 mean_length= 59.99 policy_loss=+0.00002 value_loss=+0.21717 ratio=1.0215 kl=0.0208
update=5137 mean_reward=+59.7270 mean_length= 60.00 policy_loss=+0.00044 value_loss=+0.00254 ratio=1.0173 kl=0.0110
update=5138 mean_reward=+59.7191 mean_length= 59.99 policy_loss=+0.00038 value_loss=+0.05796 ratio=1.0213 kl=0.0184
update=5139 mean_reward=+59.7253 mean_length= 60.00 policy_loss=+0.00179 value_loss=+0.00108 ratio=1.0172 kl=0.0095
update=5140 mean_reward=+59.7219 mean_length= 59.99 policy_loss=-0.00065 value_loss=+0.14476 ratio=1.0176 kl=0.0251 | eval_reward=+59.7187 eval_length= 60.00
update=5141 mean_reward=+59.7238 mean_length= 60.00 policy_loss=+0.00128 value_loss=+0.00109 ratio=1.0173 kl=0.0074
update=5142 mean_reward=+59.7290 mean_length= 60.00 policy_loss=+0.00029 value_loss=+0.00142 ratio=1.0160 kl=0.0073
update=5143 mean_reward=+59.7163 mean_length= 59.99 policy_loss=+0.00091 value_loss=+0.16783 ratio=1.0117 kl=0.0235
update=5144 mean_reward=+59.7273 mean_length= 60.00 policy_loss=+0.00093 value_loss=+0.00169 ratio=1.0105 kl=0.0066
update=5145 mean_reward=+59.7269 mean_length= 60.00 policy_loss=+0.00037 value_loss=+0.07849 ratio=1.0135 kl=0.0282 | eval_reward=+59.7217 eval_length= 60.00
update=5146 mean_reward=+59.7281 mean_length= 60.00 policy_loss=+0.00060 value_loss=+0.00241 ratio=1.0132 kl=0.0121
update=5147 mean_reward=+59.7179 mean_length= 59.99 policy_loss=+0.00143 value_loss=+0.23513 ratio=1.0274 kl=0.0284
update=5148 mean_reward=+59.7317 mean_length= 60.00 policy_loss=+0.00728 value_loss=+0.07553 ratio=1.0814 kl=0.0196
update=5149 mean_reward=+59.7265 mean_length= 59.99 policy_loss=+0.00198 value_loss=+0.16503 ratio=1.0138 kl=0.0206
update=5150 mean_reward=+59.7135 mean_length= 59.99 policy_loss=-0.00033 value_loss=+0.38078 ratio=1.0200 kl=0.0236 | eval_reward=+59.7403 eval_length= 60.00
update=5151 mean_reward=+59.7251 mean_length= 60.00 policy_loss=+0.00058 value_loss=+0.08798 ratio=1.0085 kl=0.0213
update=5152 mean_reward=+59.7239 mean_length= 60.00 policy_loss=+0.00029 value_loss=+0.09989 ratio=1.0075 kl=0.0235
update=5153 mean_reward=+59.7033 mean_length= 59.98 policy_loss=+0.00071 value_loss=+0.28048 ratio=1.0113 kl=0.0205
update=5154 mean_reward=+59.7148 mean_length= 59.99 policy_loss=+0.00059 value_loss=+0.16732 ratio=1.0133 kl=0.0179
update=5155 mean_reward=+59.7222 mean_length= 60.00 policy_loss=+0.00026 value_loss=+0.08138 ratio=1.0087 kl=0.0261 | eval_reward=+59.7386 eval_length= 60.00
update=5156 mean_reward=+59.7092 mean_length= 59.99 policy_loss=+0.00096 value_loss=+0.24552 ratio=1.0236 kl=0.0248
update=5157 mean_reward=+59.7193 mean_length= 60.00 policy_loss=+0.00024 value_loss=+0.07706 ratio=1.0101 kl=0.0184
update=5158 mean_reward=+59.7103 mean_length= 59.99 policy_loss=+0.00136 value_loss=+0.24417 ratio=1.0144 kl=0.0215
update=5159 mean_reward=+59.7227 mean_length= 59.99 policy_loss=+0.00143 value_loss=+0.17914 ratio=1.0100 kl=0.0235
update=5160 mean_reward=+59.7271 mean_length= 60.00 policy_loss=+0.00104 value_loss=+0.00323 ratio=1.0141 kl=0.0149 | eval_reward=+59.7145 eval_length= 60.00
update=5161 mean_reward=+59.7317 mean_length= 60.00 policy_loss=+0.00082 value_loss=+0.00131 ratio=1.0094 kl=0.0076
update=5162 mean_reward=+59.7271 mean_length= 59.99 policy_loss=+0.00120 value_loss=+0.07616 ratio=1.0191 kl=0.0215
update=5163 mean_reward=+59.7232 mean_length= 60.00 policy_loss=+0.00259 value_loss=+0.00096 ratio=1.0091 kl=0.0218
update=5164 mean_reward=+59.7214 mean_length= 60.00 policy_loss=+0.00239 value_loss=+0.02456 ratio=1.0075 kl=0.0231
update=5165 mean_reward=+59.7224 mean_length= 60.00 policy_loss=+0.00126 value_loss=+0.09629 ratio=1.0152 kl=0.0176 | eval_reward=+59.7110 eval_length= 60.00
update=5166 mean_reward=+59.7295 mean_length= 60.00 policy_loss=+0.00099 value_loss=+0.00145 ratio=1.0100 kl=0.0130
update=5167 mean_reward=+59.7236 mean_length= 59.99 policy_loss=+0.00153 value_loss=+0.09344 ratio=1.0105 kl=0.0225
update=5168 mean_reward=+59.7278 mean_length= 60.00 policy_loss=+0.00046 value_loss=+0.00156 ratio=1.0101 kl=0.0134
update=5169 mean_reward=+59.7320 mean_length= 60.00 policy_loss=+0.00129 value_loss=+0.00146 ratio=1.0111 kl=0.0110
update=5170 mean_reward=+59.7235 mean_length= 59.99 policy_loss=+0.00123 value_loss=+0.05386 ratio=1.0161 kl=0.0201 | eval_reward=+59.7349 eval_length= 60.00
update=5171 mean_reward=+59.7323 mean_length= 60.00 policy_loss=+0.00550 value_loss=+0.00108 ratio=1.0121 kl=0.0329
update=5172 mean_reward=+59.7267 mean_length= 59.99 policy_loss=-0.00000 value_loss=+0.07575 ratio=1.0122 kl=0.0211
update=5173 mean_reward=+59.7291 mean_length= 60.00 policy_loss=+0.00065 value_loss=+0.06395 ratio=1.0152 kl=0.0258
update=5174 mean_reward=+59.7279 mean_length= 60.00 policy_loss=+0.00280 value_loss=+0.00132 ratio=1.0113 kl=0.0185
update=5175 mean_reward=+59.7304 mean_length= 60.00 policy_loss=+0.00243 value_loss=+0.01657 ratio=1.0123 kl=0.0276 | eval_reward=+59.7229 eval_length= 60.00
update=5176 mean_reward=+59.7230 mean_length= 60.00 policy_loss=+0.00056 value_loss=+0.07465 ratio=1.0136 kl=0.0244
update=5177 mean_reward=+59.7150 mean_length= 59.99 policy_loss=+0.00038 value_loss=+0.14865 ratio=1.0126 kl=0.0223
update=5178 mean_reward=+59.7301 mean_length= 60.00 policy_loss=-0.00008 value_loss=+0.07712 ratio=1.0119 kl=0.0186
update=5179 mean_reward=+59.7209 mean_length= 59.99 policy_loss=+0.00105 value_loss=+0.09628 ratio=1.0121 kl=0.0224
update=5180 mean_reward=+59.7167 mean_length= 59.99 policy_loss=+0.00039 value_loss=+0.14752 ratio=1.0141 kl=0.0274 | eval_reward=+59.7195 eval_length= 60.00
update=5181 mean_reward=+59.7252 mean_length= 60.00 policy_loss=+0.00074 value_loss=+0.00152 ratio=1.0124 kl=0.0107
update=5182 mean_reward=+59.7291 mean_length= 60.00 policy_loss=+0.00107 value_loss=+0.00108 ratio=1.0125 kl=0.0055
update=5183 mean_reward=+59.7249 mean_length= 60.00 policy_loss=+0.00081 value_loss=+0.08311 ratio=1.0441 kl=0.0213
update=5184 mean_reward=+59.7327 mean_length= 60.00 policy_loss=+0.00037 value_loss=+0.00490 ratio=1.0120 kl=0.0105
update=5185 mean_reward=+59.7199 mean_length= 59.99 policy_loss=-0.00010 value_loss=+0.12555 ratio=1.0152 kl=0.0245 | eval_reward=+59.7148 eval_length= 60.00
update=5186 mean_reward=+59.7139 mean_length= 59.99 policy_loss=+0.00127 value_loss=+0.12997 ratio=1.0135 kl=0.0231
update=5187 mean_reward=+59.7288 mean_length= 60.00 policy_loss=+0.00016 value_loss=+0.03098 ratio=1.0182 kl=0.0235
update=5188 mean_reward=+59.7225 mean_length= 59.99 policy_loss=+0.00180 value_loss=+0.15313 ratio=1.0131 kl=0.0273
update=5189 mean_reward=+59.7267 mean_length= 59.99 policy_loss=+0.00091 value_loss=+0.08158 ratio=1.0116 kl=0.0249
update=5190 mean_reward=+59.7224 mean_length= 60.00 policy_loss=+0.00088 value_loss=+0.08746 ratio=1.0146 kl=0.0305 | eval_reward=+59.7124 eval_length= 60.00
update=5191 mean_reward=+59.7194 mean_length= 60.00 policy_loss=+0.00053 value_loss=+0.00840 ratio=1.0118 kl=0.0189
update=5192 mean_reward=+59.7211 mean_length= 59.99 policy_loss=+0.00028 value_loss=+0.15575 ratio=1.0119 kl=0.0235
update=5193 mean_reward=+59.7187 mean_length= 59.99 policy_loss=+0.00208 value_loss=+0.28581 ratio=1.0135 kl=0.0278
update=5194 mean_reward=+59.7180 mean_length= 59.99 policy_loss=+0.00132 value_loss=+0.15463 ratio=1.0322 kl=0.0216
update=5195 mean_reward=+59.7246 mean_length= 60.00 policy_loss=+0.00120 value_loss=+0.01070 ratio=1.0147 kl=0.0162 | eval_reward=+59.7104 eval_length= 60.00
update=5196 mean_reward=+59.7040 mean_length= 59.98 policy_loss=+0.00108 value_loss=+0.31704 ratio=1.0214 kl=0.0221
update=5197 mean_reward=+59.7194 mean_length= 60.00 policy_loss=+0.00247 value_loss=+0.09618 ratio=1.0116 kl=0.0201
update=5198 mean_reward=+59.7088 mean_length= 59.99 policy_loss=+0.00008 value_loss=+0.32319 ratio=1.0154 kl=0.0195
update=5199 mean_reward=+59.7215 mean_length= 60.00 policy_loss=+0.00105 value_loss=+0.00498 ratio=1.0184 kl=0.0086
update=5200 mean_reward=+59.7097 mean_length= 59.99 policy_loss=+0.00328 value_loss=+0.19332 ratio=1.0157 kl=0.0300 | eval_reward=+59.7127 eval_length= 60.00
update=5201 mean_reward=+59.7193 mean_length= 60.00 policy_loss=+0.00110 value_loss=+0.09327 ratio=1.0144 kl=0.0284
update=5202 mean_reward=+59.7174 mean_length= 60.00 policy_loss=+0.00169 value_loss=+0.08257 ratio=1.0172 kl=0.0213
update=5203 mean_reward=+59.7195 mean_length= 60.00 policy_loss=+0.00171 value_loss=+0.07693 ratio=1.0249 kl=0.0305
update=5204 mean_reward=+59.7124 mean_length= 59.99 policy_loss=+0.00080 value_loss=+0.23059 ratio=1.0168 kl=0.0248
update=5205 mean_reward=+59.7160 mean_length= 60.00 policy_loss=+0.00035 value_loss=+0.08984 ratio=1.0382 kl=0.0142 | eval_reward=+59.7073 eval_length= 60.00
update=5206 mean_reward=+59.7096 mean_length= 59.99 policy_loss=+0.00005 value_loss=+0.14851 ratio=1.0161 kl=0.0258
update=5207 mean_reward=+59.7156 mean_length= 60.00 policy_loss=+0.00142 value_loss=+0.07897 ratio=1.0180 kl=0.0241
update=5208 mean_reward=+59.7182 mean_length= 60.00 policy_loss=+0.00068 value_loss=+0.01537 ratio=1.0286 kl=0.0185
update=5209 mean_reward=+59.7195 mean_length= 60.00 policy_loss=+0.00030 value_loss=+0.00241 ratio=1.0194 kl=0.0102
update=5210 mean_reward=+59.7126 mean_length= 59.99 policy_loss=+0.00043 value_loss=+0.15826 ratio=1.0148 kl=0.0247 | eval_reward=+59.7058 eval_length= 60.00
update=5211 mean_reward=+59.7225 mean_length= 60.00 policy_loss=+0.00200 value_loss=+0.00322 ratio=1.0211 kl=0.0071
update=5212 mean_reward=+59.7184 mean_length= 59.99 policy_loss=-0.00018 value_loss=+0.07106 ratio=1.0179 kl=0.0173
update=5213 mean_reward=+59.6982 mean_length= 59.98 policy_loss=-0.00070 value_loss=+0.33116 ratio=1.0402 kl=0.0285
update=5214 mean_reward=+59.7167 mean_length= 60.00 policy_loss=+0.00056 value_loss=+0.02647 ratio=1.0193 kl=0.0101
update=5215 mean_reward=+59.7137 mean_length= 59.99 policy_loss=+0.00011 value_loss=+0.06751 ratio=1.0155 kl=0.0196 | eval_reward=+59.7101 eval_length= 60.00
update=5216 mean_reward=+59.7102 mean_length= 59.99 policy_loss=+0.00211 value_loss=+0.07645 ratio=1.0181 kl=0.0173
update=5217 mean_reward=+59.7044 mean_length= 59.98 policy_loss=-0.00009 value_loss=+0.27312 ratio=1.0187 kl=0.0243
update=5218 mean_reward=+59.7185 mean_length= 60.00 policy_loss=-0.00028 value_loss=+0.14274 ratio=1.0198 kl=0.0273
update=5219 mean_reward=+59.7156 mean_length= 59.99 policy_loss=+0.00099 value_loss=+0.07760 ratio=1.0218 kl=0.0260
update=5220 mean_reward=+59.7163 mean_length= 60.00 policy_loss=+0.00170 value_loss=+0.08487 ratio=1.0194 kl=0.0233 | eval_reward=+59.7196 eval_length= 60.00
update=5221 mean_reward=+59.7185 mean_length= 60.00 policy_loss=-0.00014 value_loss=+0.15550 ratio=1.0188 kl=0.0299
update=5222 mean_reward=+59.7160 mean_length= 59.99 policy_loss=+0.00138 value_loss=+0.16627 ratio=1.0290 kl=0.0212
update=5223 mean_reward=+59.7101 mean_length= 59.98 policy_loss=-0.00013 value_loss=+0.20549 ratio=1.0248 kl=0.0284
update=5224 mean_reward=+59.7177 mean_length= 60.00 policy_loss=+0.00044 value_loss=+0.08087 ratio=1.0278 kl=0.0257
update=5225 mean_reward=+59.7144 mean_length= 60.00 policy_loss=+0.00164 value_loss=+0.10214 ratio=1.0409 kl=0.0208 | eval_reward=+59.7183 eval_length= 60.00
update=5226 mean_reward=+59.7047 mean_length= 59.99 policy_loss=+0.00053 value_loss=+0.22393 ratio=1.0253 kl=0.0231
update=5227 mean_reward=+59.7170 mean_length= 60.00 policy_loss=+0.00075 value_loss=+0.16253 ratio=1.0204 kl=0.0192
update=5228 mean_reward=+59.7189 mean_length= 60.00 policy_loss=+0.00049 value_loss=+0.08010 ratio=1.0238 kl=0.0268
update=5229 mean_reward=+59.7147 mean_length= 59.99 policy_loss=+0.00029 value_loss=+0.15408 ratio=1.0203 kl=0.0207
update=5230 mean_reward=+59.7209 mean_length= 59.99 policy_loss=+0.00146 value_loss=+0.08172 ratio=1.0216 kl=0.0260 | eval_reward=+59.7224 eval_length= 60.00
update=5231 mean_reward=+59.7204 mean_length= 59.99 policy_loss=+0.00185 value_loss=+0.16186 ratio=1.0219 kl=0.0228
update=5232 mean_reward=+59.7276 mean_length= 60.00 policy_loss=+0.00047 value_loss=+0.01346 ratio=1.0243 kl=0.0070
update=5233 mean_reward=+59.7202 mean_length= 60.00 policy_loss=+0.00124 value_loss=+0.00178 ratio=1.0221 kl=0.0045
update=5234 mean_reward=+59.7264 mean_length= 59.99 policy_loss=+0.00082 value_loss=+0.07579 ratio=1.0242 kl=0.0251
update=5235 mean_reward=+59.7272 mean_length= 60.00 policy_loss=+0.00091 value_loss=+0.00172 ratio=1.0218 kl=0.0103 | eval_reward=+59.7255 eval_length= 60.00
update=5236 mean_reward=+59.7230 mean_length= 60.00 policy_loss=+0.00088 value_loss=+0.08869 ratio=1.0868 kl=0.0215
update=5237 mean_reward=+59.7162 mean_length= 59.99 policy_loss=+0.00075 value_loss=+0.16254 ratio=1.0201 kl=0.0246
update=5238 mean_reward=+59.7199 mean_length= 59.99 policy_loss=+0.00029 value_loss=+0.08060 ratio=1.0222 kl=0.0275
update=5239 mean_reward=+59.7103 mean_length= 59.99 policy_loss=-0.00009 value_loss=+0.29893 ratio=1.0919 kl=0.0256
update=5240 mean_reward=+59.6995 mean_length= 59.97 policy_loss=+0.00091 value_loss=+0.45629 ratio=1.0212 kl=0.0225 | eval_reward=+59.7203 eval_length= 60.00
update=5241 mean_reward=+59.7241 mean_length= 60.00 policy_loss=+0.00122 value_loss=+0.01053 ratio=1.0223 kl=0.0062
update=5242 mean_reward=+59.7209 mean_length= 60.00 policy_loss=+0.00032 value_loss=+0.07440 ratio=1.0263 kl=0.0191
update=5243 mean_reward=+59.7242 mean_length= 60.00 policy_loss=+0.00095 value_loss=+0.08722 ratio=1.0228 kl=0.0209
update=5244 mean_reward=+59.7150 mean_length= 59.99 policy_loss=+0.00107 value_loss=+0.22028 ratio=1.0205 kl=0.0282
update=5245 mean_reward=+59.7218 mean_length= 59.99 policy_loss=+0.00071 value_loss=+0.16434 ratio=1.0163 kl=0.0264 | eval_reward=+59.7204 eval_length= 60.00
update=5246 mean_reward=+59.7251 mean_length= 60.00 policy_loss=+0.00096 value_loss=+0.10853 ratio=1.0246 kl=0.0181
update=5247 mean_reward=+59.7206 mean_length= 59.99 policy_loss=+0.00100 value_loss=+0.17908 ratio=1.0172 kl=0.0214
update=5248 mean_reward=+59.7244 mean_length= 60.00 policy_loss=+0.00063 value_loss=+0.02168 ratio=1.0179 kl=0.0225
update=5249 mean_reward=+59.7198 mean_length= 59.99 policy_loss=+0.00133 value_loss=+0.18819 ratio=1.0169 kl=0.0227
update=5250 mean_reward=+59.7180 mean_length= 59.99 policy_loss=+0.00126 value_loss=+0.24498 ratio=1.0233 kl=0.0232 | eval_reward=+59.7188 eval_length= 60.00
update=5251 mean_reward=+59.7179 mean_length= 59.99 policy_loss=-0.00052 value_loss=+0.16689 ratio=1.0197 kl=0.0236
update=5252 mean_reward=+59.7100 mean_length= 59.99 policy_loss=-0.00033 value_loss=+0.30128 ratio=1.0171 kl=0.0311
update=5253 mean_reward=+59.7182 mean_length= 59.99 policy_loss=-0.00077 value_loss=+0.23307 ratio=1.0202 kl=0.0251
update=5254 mean_reward=+59.6993 mean_length= 59.97 policy_loss=+0.00008 value_loss=+0.53611 ratio=1.0165 kl=0.0291
update=5255 mean_reward=+59.7234 mean_length= 60.00 policy_loss=+0.00026 value_loss=+0.08474 ratio=1.0232 kl=0.0236 | eval_reward=+59.7168 eval_length= 60.00
update=5256 mean_reward=+59.7291 mean_length= 60.00 policy_loss=+0.00085 value_loss=+0.00500 ratio=1.0197 kl=0.0126
update=5257 mean_reward=+59.7174 mean_length= 59.99 policy_loss=+0.00138 value_loss=+0.15326 ratio=1.0228 kl=0.0204
update=5258 mean_reward=+59.7250 mean_length= 60.00 policy_loss=+0.00044 value_loss=+0.08954 ratio=1.0160 kl=0.0209
update=5259 mean_reward=+59.7199 mean_length= 60.00 policy_loss=+0.00097 value_loss=+0.07369 ratio=1.0200 kl=0.0215
update=5260 mean_reward=+59.7232 mean_length= 60.00 policy_loss=+0.00086 value_loss=+0.07920 ratio=1.0184 kl=0.0274 | eval_reward=+59.7170 eval_length= 60.00
update=5261 mean_reward=+59.7187 mean_length= 59.99 policy_loss=+0.00054 value_loss=+0.14362 ratio=1.0209 kl=0.0200
update=5262 mean_reward=+59.7207 mean_length= 59.99 policy_loss=+0.00041 value_loss=+0.06318 ratio=1.0176 kl=0.0264
update=5263 mean_reward=+59.7275 mean_length= 60.00 policy_loss=+0.00128 value_loss=+0.00217 ratio=1.0230 kl=0.0080
update=5264 mean_reward=+59.7227 mean_length= 60.00 policy_loss=+0.00055 value_loss=+0.08758 ratio=1.0161 kl=0.0212
update=5265 mean_reward=+59.7194 mean_length= 60.00 policy_loss=+0.01767 value_loss=+0.09636 ratio=1.0205 kl=0.0227 | eval_reward=+59.7168 eval_length= 60.00
update=5266 mean_reward=+59.7115 mean_length= 59.99 policy_loss=+0.00061 value_loss=+0.14067 ratio=1.0154 kl=0.0247
update=5267 mean_reward=+59.7218 mean_length= 60.00 policy_loss=+0.00142 value_loss=+0.00141 ratio=1.0240 kl=0.0105
update=5268 mean_reward=+59.7191 mean_length= 59.99 policy_loss=+0.00095 value_loss=+0.17993 ratio=1.0203 kl=0.0208
update=5269 mean_reward=+59.7077 mean_length= 59.98 policy_loss=-0.00053 value_loss=+0.29758 ratio=1.0169 kl=0.0333
update=5270 mean_reward=+59.7209 mean_length= 59.99 policy_loss=+0.00170 value_loss=+0.15612 ratio=1.0179 kl=0.0210 | eval_reward=+59.7374 eval_length= 60.00
update=5271 mean_reward=+59.7115 mean_length= 59.99 policy_loss=+0.00078 value_loss=+0.12872 ratio=1.0178 kl=0.0345
update=5272 mean_reward=+59.7222 mean_length= 60.00 policy_loss=+0.00164 value_loss=+0.00212 ratio=1.0155 kl=0.0066
update=5273 mean_reward=+59.7231 mean_length= 59.99 policy_loss=+0.00018 value_loss=+0.05870 ratio=1.0259 kl=0.0128
update=5274 mean_reward=+59.7116 mean_length= 59.99 policy_loss=+0.00103 value_loss=+0.12526 ratio=1.0160 kl=0.0184
update=5275 mean_reward=+59.7058 mean_length= 59.98 policy_loss=+0.00047 value_loss=+0.21093 ratio=1.0579 kl=0.0179 | eval_reward=+59.7197 eval_length= 60.00
update=5276 mean_reward=+59.7041 mean_length= 59.98 policy_loss=+0.00101 value_loss=+0.33350 ratio=1.0155 kl=0.0255
update=5277 mean_reward=+59.7138 mean_length= 60.00 policy_loss=+0.00099 value_loss=+0.07459 ratio=1.0137 kl=0.0286
update=5278 mean_reward=+59.6830 mean_length= 59.97 policy_loss=+0.00194 value_loss=+0.81818 ratio=1.0136 kl=0.0256
update=5279 mean_reward=+59.6891 mean_length= 59.98 policy_loss=-0.00061 value_loss=+0.40317 ratio=1.0241 kl=0.0133
update=5280 mean_reward=+59.6894 mean_length= 59.98 policy_loss=+0.00019 value_loss=+0.37637 ratio=1.0155 kl=0.0287 | eval_reward=+59.7205 eval_length= 60.00
update=5281 mean_reward=+59.6974 mean_length= 59.99 policy_loss=-0.00085 value_loss=+0.29364 ratio=1.0162 kl=0.0133
update=5282 mean_reward=+59.6895 mean_length= 59.98 policy_loss=-0.00019 value_loss=+0.28613 ratio=1.0266 kl=0.0228
update=5283 mean_reward=+59.6891 mean_length= 59.98 policy_loss=-0.00012 value_loss=+0.45729 ratio=1.0348 kl=0.0249
update=5284 mean_reward=+59.6828 mean_length= 59.97 policy_loss=-0.00067 value_loss=+0.50916 ratio=1.0240 kl=0.0160
update=5285 mean_reward=+59.6884 mean_length= 59.98 policy_loss=-0.00066 value_loss=+0.48075 ratio=1.0135 kl=0.0143 | eval_reward=+59.7174 eval_length= 60.00
update=5286 mean_reward=+59.7023 mean_length= 59.99 policy_loss=-0.00055 value_loss=+0.15830 ratio=1.0186 kl=0.0168
update=5287 mean_reward=+59.7110 mean_length= 59.99 policy_loss=+0.00050 value_loss=+0.16372 ratio=1.0145 kl=0.0245
update=5288 mean_reward=+59.6946 mean_length= 59.98 policy_loss=-0.00049 value_loss=+0.20890 ratio=1.0219 kl=0.0290
update=5289 mean_reward=+59.7163 mean_length= 60.00 policy_loss=+0.00547 value_loss=+0.00297 ratio=1.0170 kl=0.0141
update=5290 mean_reward=+59.7022 mean_length= 59.98 policy_loss=+0.00093 value_loss=+0.32159 ratio=1.0128 kl=0.0240 | eval_reward=+59.7194 eval_length= 60.00
update=5291 mean_reward=+59.6840 mean_length= 59.97 policy_loss=+0.00020 value_loss=+0.41342 ratio=1.0130 kl=0.0219
update=5292 mean_reward=+59.7139 mean_length= 59.99 policy_loss=+0.00023 value_loss=+0.09855 ratio=1.0131 kl=0.0249
update=5293 mean_reward=+59.7042 mean_length= 59.99 policy_loss=+0.00103 value_loss=+0.22638 ratio=1.0133 kl=0.0247
update=5294 mean_reward=+59.7114 mean_length= 60.00 policy_loss=+0.00147 value_loss=+0.08087 ratio=1.0130 kl=0.0326
update=5295 mean_reward=+59.7047 mean_length= 59.99 policy_loss=-0.00010 value_loss=+0.14643 ratio=1.0214 kl=0.0286 | eval_reward=+59.7206 eval_length= 60.00
update=5296 mean_reward=+59.7148 mean_length= 60.00 policy_loss=+0.00040 value_loss=+0.08111 ratio=1.0139 kl=0.0230
update=5297 mean_reward=+59.7110 mean_length= 60.00 policy_loss=+0.00071 value_loss=+0.07686 ratio=1.0130 kl=0.0178
update=5298 mean_reward=+59.6877 mean_length= 59.97 policy_loss=+0.00031 value_loss=+0.52782 ratio=1.0144 kl=0.0317
update=5299 mean_reward=+59.6874 mean_length= 59.98 policy_loss=-0.00032 value_loss=+0.39425 ratio=1.0135 kl=0.0288
update=5300 mean_reward=+59.7075 mean_length= 60.00 policy_loss=+0.00009 value_loss=+0.16926 ratio=1.0231 kl=0.0240 | eval_reward=+59.7193 eval_length= 60.00
update=5301 mean_reward=+59.7154 mean_length= 60.00 policy_loss=+0.00121 value_loss=+0.00465 ratio=1.0169 kl=0.0144
update=5302 mean_reward=+59.7053 mean_length= 59.99 policy_loss=+0.00027 value_loss=+0.21589 ratio=1.0127 kl=0.0284
update=5303 mean_reward=+59.7129 mean_length= 59.99 policy_loss=-0.00014 value_loss=+0.23665 ratio=1.0134 kl=0.0270
update=5304 mean_reward=+59.6964 mean_length= 59.99 policy_loss=+0.00094 value_loss=+0.23438 ratio=1.0134 kl=0.0215
update=5305 mean_reward=+59.7041 mean_length= 60.00 policy_loss=+0.00071 value_loss=+0.07032 ratio=1.0186 kl=0.0183 | eval_reward=+59.7191 eval_length= 60.00
update=5306 mean_reward=+59.7122 mean_length= 60.00 policy_loss=+0.00088 value_loss=+0.10379 ratio=1.0143 kl=0.0266
update=5307 mean_reward=+59.7035 mean_length= 59.99 policy_loss=+0.00003 value_loss=+0.21408 ratio=1.0592 kl=0.0207
update=5308 mean_reward=+59.7099 mean_length= 59.99 policy_loss=+0.00124 value_loss=+0.16261 ratio=1.0208 kl=0.0229
update=5309 mean_reward=+59.6989 mean_length= 59.99 policy_loss=+0.00069 value_loss=+0.30935 ratio=1.0152 kl=0.0299
update=5310 mean_reward=+59.6959 mean_length= 59.99 policy_loss=-0.00047 value_loss=+0.24801 ratio=1.0172 kl=0.0339 | eval_reward=+59.7231 eval_length= 60.00
update=5311 mean_reward=+59.6944 mean_length= 59.99 policy_loss=+0.00123 value_loss=+0.21989 ratio=1.0191 kl=0.0271
update=5312 mean_reward=+59.6924 mean_length= 59.98 policy_loss=+0.00091 value_loss=+0.58596 ratio=1.0149 kl=0.0228
update=5313 mean_reward=+59.6880 mean_length= 59.98 policy_loss=+0.00026 value_loss=+0.37681 ratio=1.0195 kl=0.0231
update=5314 mean_reward=+59.6865 mean_length= 59.97 policy_loss=-0.00041 value_loss=+0.44283 ratio=1.0140 kl=0.0252
update=5315 mean_reward=+59.6918 mean_length= 59.98 policy_loss=+0.00017 value_loss=+0.31713 ratio=1.0149 kl=0.0260 | eval_reward=+59.7231 eval_length= 60.00
update=5316 mean_reward=+59.6938 mean_length= 59.99 policy_loss=+0.00047 value_loss=+0.13159 ratio=1.0132 kl=0.0266
update=5317 mean_reward=+59.7065 mean_length= 59.99 policy_loss=+0.00159 value_loss=+0.15301 ratio=1.0186 kl=0.0279
update=5318 mean_reward=+59.7066 mean_length= 60.00 policy_loss=+0.00110 value_loss=+0.00260 ratio=1.0131 kl=0.0089
update=5319 mean_reward=+59.7108 mean_length= 59.99 policy_loss=+0.00060 value_loss=+0.15046 ratio=1.0147 kl=0.0188
update=5320 mean_reward=+59.7141 mean_length= 60.00 policy_loss=+0.00066 value_loss=+0.08201 ratio=1.0140 kl=0.0265 | eval_reward=+59.7202 eval_length= 60.00
update=5321 mean_reward=+59.7114 mean_length= 59.99 policy_loss=+0.00066 value_loss=+0.06795 ratio=1.0147 kl=0.0260
update=5322 mean_reward=+59.7100 mean_length= 59.99 policy_loss=+0.00072 value_loss=+0.15358 ratio=1.0191 kl=0.0263
update=5323 mean_reward=+59.7109 mean_length= 59.99 policy_loss=+0.00124 value_loss=+0.15209 ratio=1.0214 kl=0.0210
update=5324 mean_reward=+59.7019 mean_length= 59.99 policy_loss=+0.00037 value_loss=+0.16339 ratio=1.0296 kl=0.0178
update=5325 mean_reward=+59.7074 mean_length= 59.99 policy_loss=+0.00000 value_loss=+0.16182 ratio=1.0521 kl=0.0271 | eval_reward=+59.7208 eval_length= 60.00
update=5326 mean_reward=+59.6987 mean_length= 59.98 policy_loss=-0.00008 value_loss=+0.36882 ratio=1.0243 kl=0.0349
update=5327 mean_reward=+59.7037 mean_length= 59.99 policy_loss=-0.00048 value_loss=+0.14104 ratio=1.0182 kl=0.0265
update=5328 mean_reward=+59.6903 mean_length= 59.98 policy_loss=-0.00064 value_loss=+0.35348 ratio=1.0490 kl=0.0261
update=5329 mean_reward=+59.7021 mean_length= 59.99 policy_loss=-0.00005 value_loss=+0.20554 ratio=1.0246 kl=0.0270
update=5330 mean_reward=+59.7029 mean_length= 59.99 policy_loss=-0.00014 value_loss=+0.40509 ratio=1.0406 kl=0.0283 | eval_reward=+59.7266 eval_length= 60.00
update=5331 mean_reward=+59.7024 mean_length= 59.99 policy_loss=-0.00049 value_loss=+0.28094 ratio=1.0271 kl=0.0177
update=5332 mean_reward=+59.7039 mean_length= 59.99 policy_loss=+0.00041 value_loss=+0.24466 ratio=1.0202 kl=0.0173
update=5333 mean_reward=+59.7044 mean_length= 59.99 policy_loss=+0.00083 value_loss=+0.14353 ratio=1.0185 kl=0.0221
update=5334 mean_reward=+59.7098 mean_length= 60.00 policy_loss=+0.00118 value_loss=+0.09489 ratio=1.0331 kl=0.0250
update=5335 mean_reward=+59.7045 mean_length= 59.99 policy_loss=+0.02860 value_loss=+0.24492 ratio=1.0246 kl=0.0196 | eval_reward=+59.7251 eval_length= 60.00
update=5336 mean_reward=+59.7083 mean_length= 59.99 policy_loss=+0.00181 value_loss=+0.06197 ratio=1.0198 kl=0.0320
update=5337 mean_reward=+59.6934 mean_length= 59.98 policy_loss=+0.00085 value_loss=+0.48416 ratio=1.0333 kl=0.0149
update=5338 mean_reward=+59.6992 mean_length= 59.99 policy_loss=+0.00029 value_loss=+0.20161 ratio=1.0243 kl=0.0308
update=5339 mean_reward=+59.7034 mean_length= 59.99 policy_loss=-0.00051 value_loss=+0.17488 ratio=1.0178 kl=0.0164
update=5340 mean_reward=+59.6873 mean_length= 59.98 policy_loss=+0.00023 value_loss=+0.38670 ratio=1.0195 kl=0.0219 | eval_reward=+59.7264 eval_length= 60.00
update=5341 mean_reward=+59.6870 mean_length= 59.98 policy_loss=-0.00048 value_loss=+0.36951 ratio=1.0225 kl=0.0204
update=5342 mean_reward=+59.6990 mean_length= 59.99 policy_loss=+0.00073 value_loss=+0.24737 ratio=1.0195 kl=0.0265
update=5343 mean_reward=+59.7028 mean_length= 59.99 policy_loss=+0.00066 value_loss=+0.28873 ratio=1.0302 kl=0.0306
update=5344 mean_reward=+59.6946 mean_length= 59.99 policy_loss=+0.00160 value_loss=+0.76436 ratio=1.0322 kl=0.0162
update=5345 mean_reward=+59.6924 mean_length= 59.99 policy_loss=-0.00059 value_loss=+0.24085 ratio=1.0345 kl=0.0261 | eval_reward=+59.7244 eval_length= 60.00
update=5346 mean_reward=+59.7031 mean_length= 59.99 policy_loss=+0.00074 value_loss=+0.16637 ratio=1.0271 kl=0.0139
update=5347 mean_reward=+59.6872 mean_length= 59.98 policy_loss=+0.00118 value_loss=+0.44749 ratio=1.0476 kl=0.0293
update=5348 mean_reward=+59.7128 mean_length= 60.00 policy_loss=+0.00141 value_loss=+0.00868 ratio=1.0285 kl=0.0082
update=5349 mean_reward=+59.7083 mean_length= 60.00 policy_loss=+0.00275 value_loss=+0.00147 ratio=1.0220 kl=0.0037
update=5350 mean_reward=+59.7025 mean_length= 59.99 policy_loss=+0.00069 value_loss=+0.13100 ratio=1.0253 kl=0.0239 | eval_reward=+59.7280 eval_length= 60.00
update=5351 mean_reward=+59.7101 mean_length= 60.00 policy_loss=+0.00155 value_loss=+0.09677 ratio=1.0240 kl=0.0205
update=5352 mean_reward=+59.6801 mean_length= 59.97 policy_loss=+0.00142 value_loss=+0.51667 ratio=1.0254 kl=0.0242
update=5353 mean_reward=+59.7079 mean_length= 60.00 policy_loss=+0.00016 value_loss=+0.08859 ratio=1.0248 kl=0.0295
update=5354 mean_reward=+59.7010 mean_length= 59.98 policy_loss=+0.00130 value_loss=+0.21105 ratio=1.0719 kl=0.0200
update=5355 mean_reward=+59.7063 mean_length= 59.99 policy_loss=+0.00057 value_loss=+0.22211 ratio=1.0445 kl=0.0241 | eval_reward=+59.7304 eval_length= 60.00
update=5356 mean_reward=+59.7083 mean_length= 60.00 policy_loss=+0.00022 value_loss=+0.14777 ratio=1.0307 kl=0.0252
update=5357 mean_reward=+59.6891 mean_length= 59.98 policy_loss=-0.00022 value_loss=+0.40762 ratio=1.0264 kl=0.0135
update=5358 mean_reward=+59.6921 mean_length= 59.98 policy_loss=-0.00095 value_loss=+0.27989 ratio=1.0345 kl=0.0120
update=5359 mean_reward=+59.7081 mean_length= 60.00 policy_loss=+0.00053 value_loss=+0.15634 ratio=1.0613 kl=0.0162
update=5360 mean_reward=+59.7141 mean_length= 60.00 policy_loss=+0.00145 value_loss=+0.01622 ratio=1.0448 kl=0.0185 | eval_reward=+59.7335 eval_length= 60.00
update=5361 mean_reward=+59.7107 mean_length= 59.99 policy_loss=+0.00135 value_loss=+0.06557 ratio=1.0300 kl=0.0224
update=5362 mean_reward=+59.7035 mean_length= 59.99 policy_loss=+0.00028 value_loss=+0.30549 ratio=1.0241 kl=0.0329
update=5363 mean_reward=+59.7107 mean_length= 60.00 policy_loss=+0.00826 value_loss=+0.00304 ratio=1.0427 kl=0.0177
update=5364 mean_reward=+59.7151 mean_length= 60.00 policy_loss=+0.00063 value_loss=+0.00778 ratio=1.0214 kl=0.0156
update=5365 mean_reward=+59.7074 mean_length= 60.00 policy_loss=+0.00127 value_loss=+0.07149 ratio=1.0714 kl=0.0164 | eval_reward=+59.7229 eval_length= 60.00
update=5366 mean_reward=+59.7113 mean_length= 59.99 policy_loss=+0.00185 value_loss=+0.08417 ratio=1.0260 kl=0.0231
update=5367 mean_reward=+59.7033 mean_length= 59.99 policy_loss=-0.00070 value_loss=+0.12546 ratio=1.0277 kl=0.0176
update=5368 mean_reward=+59.6996 mean_length= 59.99 policy_loss=+0.00155 value_loss=+0.13874 ratio=1.0305 kl=0.0232
update=5369 mean_reward=+59.7070 mean_length= 59.99 policy_loss=+0.00198 value_loss=+0.17155 ratio=1.0275 kl=0.0285
update=5370 mean_reward=+59.7097 mean_length= 59.99 policy_loss=+0.00227 value_loss=+0.07492 ratio=1.0303 kl=0.0253 | eval_reward=+59.7185 eval_length= 60.00
update=5371 mean_reward=+59.7114 mean_length= 60.00 policy_loss=+0.00076 value_loss=+0.07665 ratio=1.0296 kl=0.0243
update=5372 mean_reward=+59.7069 mean_length= 60.00 policy_loss=-0.00071 value_loss=+0.07283 ratio=1.0252 kl=0.0227
update=5373 mean_reward=+59.7046 mean_length= 59.99 policy_loss=+0.00070 value_loss=+0.06064 ratio=1.0297 kl=0.0271
update=5374 mean_reward=+59.7164 mean_length= 60.00 policy_loss=+0.00063 value_loss=+0.00250 ratio=1.0242 kl=0.0053
update=5375 mean_reward=+59.7027 mean_length= 59.99 policy_loss=+0.00077 value_loss=+0.15094 ratio=1.0329 kl=0.0179 | eval_reward=+59.7169 eval_length= 60.00
update=5376 mean_reward=+59.7087 mean_length= 59.99 policy_loss=+0.00057 value_loss=+0.06606 ratio=1.0380 kl=0.0265
update=5377 mean_reward=+59.7013 mean_length= 59.99 policy_loss=+0.00034 value_loss=+0.17039 ratio=1.0397 kl=0.0337
update=5378 mean_reward=+59.6988 mean_length= 59.98 policy_loss=+0.00132 value_loss=+0.33741 ratio=1.0295 kl=0.0212
update=5379 mean_reward=+59.6792 mean_length= 59.97 policy_loss=-0.00037 value_loss=+0.57017 ratio=1.0344 kl=0.0229
update=5380 mean_reward=+59.6977 mean_length= 59.99 policy_loss=+0.00061 value_loss=+0.18894 ratio=1.0339 kl=0.0165 | eval_reward=+59.6622 eval_length= 60.00
update=5381 mean_reward=+59.7135 mean_length= 60.00 policy_loss=+0.00356 value_loss=+0.00241 ratio=1.0330 kl=0.0071
update=5382 mean_reward=+59.7060 mean_length= 59.99 policy_loss=+0.00296 value_loss=+0.07297 ratio=1.0783 kl=0.0209
update=5383 mean_reward=+59.7138 mean_length= 60.00 policy_loss=+0.00149 value_loss=+0.08801 ratio=1.0304 kl=0.0173
update=5384 mean_reward=+59.6952 mean_length= 59.99 policy_loss=+0.00187 value_loss=+0.26249 ratio=1.0340 kl=0.0235
update=5385 mean_reward=+59.6916 mean_length= 59.98 policy_loss=+0.00126 value_loss=+0.22101 ratio=1.0418 kl=0.0242 | eval_reward=+59.6832 eval_length= 60.00
update=5386 mean_reward=+59.6843 mean_length= 59.98 policy_loss=+0.00097 value_loss=+0.28060 ratio=1.0373 kl=0.0187
update=5387 mean_reward=+59.6734 mean_length= 59.98 policy_loss=+0.00136 value_loss=+0.36254 ratio=1.0252 kl=0.0245
update=5388 mean_reward=+59.6756 mean_length= 59.98 policy_loss=+0.00080 value_loss=+0.31632 ratio=1.0252 kl=0.0280
update=5389 mean_reward=+59.6720 mean_length= 59.97 policy_loss=-0.00032 value_loss=+0.35542 ratio=1.0397 kl=0.0177
update=5390 mean_reward=+59.6700 mean_length= 59.98 policy_loss=+0.00028 value_loss=+0.34884 ratio=1.0259 kl=0.0176 | eval_reward=+59.7023 eval_length= 60.00
update=5391 mean_reward=+59.6809 mean_length= 59.99 policy_loss=-0.00016 value_loss=+0.14469 ratio=1.0649 kl=0.0235
update=5392 mean_reward=+59.6659 mean_length= 59.98 policy_loss=+0.00081 value_loss=+0.39498 ratio=1.0288 kl=0.0213
update=5393 mean_reward=+59.6739 mean_length= 59.98 policy_loss=+0.00026 value_loss=+0.29172 ratio=1.0288 kl=0.0205
update=5394 mean_reward=+59.6894 mean_length= 59.99 policy_loss=+0.00045 value_loss=+0.14155 ratio=1.0357 kl=0.0217
update=5395 mean_reward=+59.6817 mean_length= 59.99 policy_loss=-0.00025 value_loss=+0.22784 ratio=1.0310 kl=0.0203 | eval_reward=+59.6763 eval_length= 60.00
update=5396 mean_reward=+59.6852 mean_length= 59.98 policy_loss=+0.00111 value_loss=+0.22470 ratio=1.0428 kl=0.0191
update=5397 mean_reward=+59.6713 mean_length= 59.97 policy_loss=+0.00016 value_loss=+0.42428 ratio=1.0298 kl=0.0292
update=5398 mean_reward=+59.6796 mean_length= 59.98 policy_loss=+0.00016 value_loss=+0.29123 ratio=1.0271 kl=0.0259
update=5399 mean_reward=+59.6830 mean_length= 59.98 policy_loss=+0.00142 value_loss=+0.32693 ratio=1.0275 kl=0.0280
update=5400 mean_reward=+59.6883 mean_length= 59.99 policy_loss=+0.00014 value_loss=+0.15083 ratio=1.0334 kl=0.0219 | eval_reward=+59.7197 eval_length= 60.00
update=5401 mean_reward=+59.6845 mean_length= 59.98 policy_loss=-0.00008 value_loss=+0.20512 ratio=1.0343 kl=0.0191
update=5402 mean_reward=+59.6929 mean_length= 59.99 policy_loss=-0.00018 value_loss=+0.15847 ratio=1.0297 kl=0.0224
update=5403 mean_reward=+59.6945 mean_length= 59.99 policy_loss=+0.00240 value_loss=+0.09484 ratio=1.0288 kl=0.0210
update=5404 mean_reward=+59.6688 mean_length= 59.97 policy_loss=+0.00061 value_loss=+0.33869 ratio=1.0349 kl=0.0215
update=5405 mean_reward=+59.6814 mean_length= 59.99 policy_loss=+0.00210 value_loss=+0.23683 ratio=1.1981 kl=0.0185 | eval_reward=+59.7147 eval_length= 60.00
update=5406 mean_reward=+59.6829 mean_length= 59.99 policy_loss=+0.00149 value_loss=+0.05833 ratio=1.0352 kl=0.0202
update=5407 mean_reward=+59.6709 mean_length= 59.98 policy_loss=-0.00031 value_loss=+0.32750 ratio=1.0475 kl=0.0134
update=5408 mean_reward=+59.6785 mean_length= 59.98 policy_loss=+0.00191 value_loss=+0.19808 ratio=1.0319 kl=0.0172
update=5409 mean_reward=+59.6826 mean_length= 59.99 policy_loss=+0.00101 value_loss=+0.13861 ratio=1.0562 kl=0.0290
update=5410 mean_reward=+59.6863 mean_length= 59.99 policy_loss=+0.00077 value_loss=+0.12949 ratio=1.0330 kl=0.0222 | eval_reward=+59.7119 eval_length= 60.00
update=5411 mean_reward=+59.6872 mean_length= 59.99 policy_loss=+0.00034 value_loss=+0.16489 ratio=1.0331 kl=0.0357
update=5412 mean_reward=+59.6945 mean_length= 59.99 policy_loss=+0.00634 value_loss=+0.07371 ratio=1.0526 kl=0.0166
update=5413 mean_reward=+59.6860 mean_length= 59.99 policy_loss=+0.00110 value_loss=+0.24908 ratio=1.0391 kl=0.0189
update=5414 mean_reward=+59.6876 mean_length= 59.99 policy_loss=+0.00218 value_loss=+0.22842 ratio=1.0317 kl=0.0232
update=5415 mean_reward=+59.6904 mean_length= 59.99 policy_loss=+0.00286 value_loss=+0.16064 ratio=1.0368 kl=0.0237 | eval_reward=+59.7230 eval_length= 60.00
update=5416 mean_reward=+59.6764 mean_length= 59.98 policy_loss=+0.00112 value_loss=+0.39573 ratio=1.0347 kl=0.0206
update=5417 mean_reward=+59.6851 mean_length= 59.99 policy_loss=+0.00276 value_loss=+0.15033 ratio=1.0496 kl=0.0220
update=5418 mean_reward=+59.6885 mean_length= 59.99 policy_loss=+0.00088 value_loss=+0.06992 ratio=1.0371 kl=0.0264
update=5419 mean_reward=+59.6935 mean_length= 59.99 policy_loss=+0.00644 value_loss=+0.07805 ratio=1.0394 kl=0.0196
update=5420 mean_reward=+59.6969 mean_length= 60.00 policy_loss=+0.00164 value_loss=+0.08342 ratio=1.0364 kl=0.0223 | eval_reward=+59.7207 eval_length= 60.00
update=5421 mean_reward=+59.6871 mean_length= 59.99 policy_loss=+0.00130 value_loss=+0.15398 ratio=1.0379 kl=0.0235
update=5422 mean_reward=+59.6973 mean_length= 60.00 policy_loss=+0.00298 value_loss=+0.07568 ratio=1.0577 kl=0.0231
update=5423 mean_reward=+59.6835 mean_length= 59.98 policy_loss=+0.00163 value_loss=+0.38992 ratio=1.0288 kl=0.0217
update=5424 mean_reward=+59.6888 mean_length= 59.98 policy_loss=+0.00000 value_loss=+0.47420 ratio=1.0359 kl=0.0164
update=5425 mean_reward=+59.6923 mean_length= 59.99 policy_loss=+0.00047 value_loss=+0.15529 ratio=1.0664 kl=0.0256 | eval_reward=+59.7182 eval_length= 60.00
update=5426 mean_reward=+59.6942 mean_length= 59.99 policy_loss=+0.00049 value_loss=+0.18362 ratio=1.0746 kl=0.0210
update=5427 mean_reward=+59.7002 mean_length= 59.99 policy_loss=+0.00016 value_loss=+0.16446 ratio=1.0411 kl=0.0108
update=5428 mean_reward=+59.7009 mean_length= 60.00 policy_loss=+0.00019 value_loss=+0.09691 ratio=1.0374 kl=0.0243
update=5429 mean_reward=+59.7021 mean_length= 60.00 policy_loss=+0.00181 value_loss=+0.17332 ratio=1.0301 kl=0.0221
update=5430 mean_reward=+59.7006 mean_length= 59.99 policy_loss=+0.00066 value_loss=+0.23624 ratio=1.0324 kl=0.0217 | eval_reward=+59.7217 eval_length= 60.00
update=5431 mean_reward=+59.6918 mean_length= 59.98 policy_loss=+0.00645 value_loss=+0.43242 ratio=1.0456 kl=0.0233
update=5432 mean_reward=+59.7038 mean_length= 60.00 policy_loss=+0.00291 value_loss=+0.06463 ratio=1.0383 kl=0.0235
update=5433 mean_reward=+59.6743 mean_length= 59.97 policy_loss=+0.00125 value_loss=+0.51021 ratio=1.0323 kl=0.0209
update=5434 mean_reward=+59.7067 mean_length= 60.00 policy_loss=+0.00104 value_loss=+0.01513 ratio=1.0439 kl=0.0094
update=5435 mean_reward=+59.6856 mean_length= 59.98 policy_loss=+0.00151 value_loss=+0.28352 ratio=1.0409 kl=0.0200 | eval_reward=+59.7062 eval_length= 60.00
update=5436 mean_reward=+59.6848 mean_length= 59.98 policy_loss=+0.00216 value_loss=+0.26347 ratio=1.0587 kl=0.0265
update=5437 mean_reward=+59.6899 mean_length= 59.98 policy_loss=-0.00000 value_loss=+0.21200 ratio=1.0369 kl=0.0163
update=5438 mean_reward=+59.6913 mean_length= 59.99 policy_loss=+0.00086 value_loss=+0.23041 ratio=1.0509 kl=0.0172
update=5439 mean_reward=+59.7001 mean_length= 60.00 policy_loss=+0.00164 value_loss=+0.08648 ratio=1.0708 kl=0.0233
update=5440 mean_reward=+59.7066 mean_length= 60.00 policy_loss=+0.00200 value_loss=+0.00424 ratio=1.0323 kl=0.0142 | eval_reward=+59.7053 eval_length= 60.00
update=5441 mean_reward=+59.7067 mean_length= 59.99 policy_loss=+0.00171 value_loss=+0.06926 ratio=1.0320 kl=0.0241
update=5442 mean_reward=+59.6982 mean_length= 59.99 policy_loss=+0.00144 value_loss=+0.07102 ratio=1.0398 kl=0.0285
update=5443 mean_reward=+59.7025 mean_length= 59.99 policy_loss=+0.00170 value_loss=+0.05938 ratio=1.0364 kl=0.0158
update=5444 mean_reward=+59.7000 mean_length= 59.99 policy_loss=+0.00221 value_loss=+0.14952 ratio=1.0596 kl=0.0223
update=5445 mean_reward=+59.6969 mean_length= 59.99 policy_loss=+0.00059 value_loss=+0.16078 ratio=1.0327 kl=0.0191 | eval_reward=+59.7129 eval_length= 60.00
update=5446 mean_reward=+59.6780 mean_length= 59.99 policy_loss=+0.00115 value_loss=+0.24285 ratio=1.0566 kl=0.0214
update=5447 mean_reward=+59.6992 mean_length= 60.00 policy_loss=+0.00088 value_loss=+0.00729 ratio=1.0383 kl=0.0074
update=5448 mean_reward=+59.6773 mean_length= 59.98 policy_loss=+0.00136 value_loss=+0.27521 ratio=1.0790 kl=0.0209
update=5449 mean_reward=+59.6917 mean_length= 59.99 policy_loss=+0.00136 value_loss=+0.14540 ratio=1.0357 kl=0.0236
update=5450 mean_reward=+59.6836 mean_length= 59.99 policy_loss=+0.00158 value_loss=+0.24721 ratio=1.0377 kl=0.0236 | eval_reward=+59.7163 eval_length= 60.00
update=5451 mean_reward=+59.6826 mean_length= 59.99 policy_loss=+0.00138 value_loss=+0.33393 ratio=1.0421 kl=0.0275
update=5452 mean_reward=+59.6893 mean_length= 59.99 policy_loss=+0.00138 value_loss=+0.17741 ratio=1.0290 kl=0.0253
update=5453 mean_reward=+59.6784 mean_length= 59.98 policy_loss=+0.00243 value_loss=+0.20739 ratio=1.0516 kl=0.0259
update=5454 mean_reward=+59.6935 mean_length= 60.00 policy_loss=+0.00129 value_loss=+0.09317 ratio=1.0372 kl=0.0306
update=5455 mean_reward=+59.6633 mean_length= 59.96 policy_loss=+0.00307 value_loss=+0.51932 ratio=1.0324 kl=0.0226 | eval_reward=+59.7232 eval_length= 60.00
update=5456 mean_reward=+59.6825 mean_length= 59.98 policy_loss=+0.00112 value_loss=+0.26519 ratio=1.0336 kl=0.0176
update=5457 mean_reward=+59.6984 mean_length= 60.00 policy_loss=+0.00084 value_loss=+0.07457 ratio=1.0433 kl=0.0264
update=5458 mean_reward=+59.6798 mean_length= 59.98 policy_loss=-0.00031 value_loss=+0.25474 ratio=1.0401 kl=0.0202
update=5459 mean_reward=+59.6833 mean_length= 59.98 policy_loss=-0.00050 value_loss=+0.28163 ratio=1.0303 kl=0.0206
update=5460 mean_reward=+59.6972 mean_length= 59.99 policy_loss=+0.00014 value_loss=+0.07339 ratio=1.0277 kl=0.0083 | eval_reward=+59.7168 eval_length= 60.00
update=5461 mean_reward=+59.6967 mean_length= 59.99 policy_loss=+0.00007 value_loss=+0.31111 ratio=1.0362 kl=0.0204
update=5462 mean_reward=+59.7027 mean_length= 60.00 policy_loss=+0.00374 value_loss=+0.08301 ratio=1.0469 kl=0.0169
update=5463 mean_reward=+59.6929 mean_length= 59.99 policy_loss=+0.00119 value_loss=+0.22480 ratio=1.0386 kl=0.0249
update=5464 mean_reward=+59.7095 mean_length= 60.00 policy_loss=+0.01145 value_loss=+0.01049 ratio=1.0422 kl=0.0148
update=5465 mean_reward=+59.6925 mean_length= 59.99 policy_loss=+0.00172 value_loss=+0.21873 ratio=1.0282 kl=0.0170 | eval_reward=+59.7174 eval_length= 60.00
update=5466 mean_reward=+59.7070 mean_length= 60.00 policy_loss=+0.00225 value_loss=+0.00292 ratio=1.0278 kl=0.0139
update=5467 mean_reward=+59.7028 mean_length= 59.99 policy_loss=+0.00058 value_loss=+0.07065 ratio=1.0337 kl=0.0237
update=5468 mean_reward=+59.6971 mean_length= 59.99 policy_loss=+0.00191 value_loss=+0.17450 ratio=1.0351 kl=0.0227
update=5469 mean_reward=+59.6978 mean_length= 59.99 policy_loss=+0.00021 value_loss=+0.13905 ratio=1.0375 kl=0.0302
update=5470 mean_reward=+59.6987 mean_length= 59.99 policy_loss=+0.00137 value_loss=+0.23195 ratio=1.0599 kl=0.0174 | eval_reward=+59.7191 eval_length= 60.00
update=5471 mean_reward=+59.7059 mean_length= 59.99 policy_loss=+0.00031 value_loss=+0.07176 ratio=1.0304 kl=0.0231
update=5472 mean_reward=+59.6917 mean_length= 59.98 policy_loss=+0.00128 value_loss=+0.21181 ratio=1.0334 kl=0.0240
update=5473 mean_reward=+59.7032 mean_length= 60.00 policy_loss=+0.00157 value_loss=+0.08756 ratio=1.0643 kl=0.0175
update=5474 mean_reward=+59.6904 mean_length= 59.99 policy_loss=+0.00308 value_loss=+0.20802 ratio=1.0641 kl=0.0223
update=5475 mean_reward=+59.7119 mean_length= 60.00 policy_loss=+0.00264 value_loss=+0.00212 ratio=1.1067 kl=0.0070 | eval_reward=+59.7080 eval_length= 60.00
update=5476 mean_reward=+59.6874 mean_length= 59.98 policy_loss=-0.00009 value_loss=+0.26802 ratio=1.0263 kl=0.0251
update=5477 mean_reward=+59.7051 mean_length= 59.99 policy_loss=+0.00090 value_loss=+0.06520 ratio=1.0399 kl=0.0139
update=5478 mean_reward=+59.6997 mean_length= 59.99 policy_loss=+0.01332 value_loss=+0.14181 ratio=1.0424 kl=0.0187
update=5479 mean_reward=+59.7113 mean_length= 60.00 policy_loss=+0.00090 value_loss=+0.02261 ratio=1.0716 kl=0.0207
update=5480 mean_reward=+59.6901 mean_length= 59.98 policy_loss=+0.00101 value_loss=+0.28826 ratio=1.0379 kl=0.0236 | eval_reward=+59.7166 eval_length= 60.00
update=5481 mean_reward=+59.7015 mean_length= 60.00 policy_loss=+0.00107 value_loss=+0.00405 ratio=1.0320 kl=0.0050
update=5482 mean_reward=+59.7019 mean_length= 60.00 policy_loss=+0.00094 value_loss=+0.07315 ratio=1.0340 kl=0.0212
update=5483 mean_reward=+59.6688 mean_length= 59.98 policy_loss=-0.00035 value_loss=+0.43144 ratio=1.0282 kl=0.0199
update=5484 mean_reward=+59.6999 mean_length= 60.00 policy_loss=+0.00066 value_loss=+0.00476 ratio=1.0283 kl=0.0032
update=5485 mean_reward=+59.6847 mean_length= 59.98 policy_loss=+0.00175 value_loss=+0.28395 ratio=1.0343 kl=0.0308 | eval_reward=+59.7125 eval_length= 60.00
update=5486 mean_reward=+59.6988 mean_length= 59.99 policy_loss=+0.00533 value_loss=+0.07945 ratio=1.0261 kl=0.0261
update=5487 mean_reward=+59.6919 mean_length= 59.98 policy_loss=+0.00091 value_loss=+0.22535 ratio=1.0225 kl=0.0183
update=5488 mean_reward=+59.6937 mean_length= 60.00 policy_loss=+0.00085 value_loss=+0.08157 ratio=1.0290 kl=0.0212
update=5489 mean_reward=+59.6774 mean_length= 59.98 policy_loss=+0.00579 value_loss=+0.20368 ratio=1.0333 kl=0.0156
update=5490 mean_reward=+59.6886 mean_length= 59.99 policy_loss=+0.00173 value_loss=+0.08457 ratio=1.0235 kl=0.0180 | eval_reward=+59.7133 eval_length= 60.00
update=5491 mean_reward=+59.6849 mean_length= 59.99 policy_loss=+0.00139 value_loss=+0.07469 ratio=1.0593 kl=0.0184
update=5492 mean_reward=+59.6687 mean_length= 59.98 policy_loss=+0.00158 value_loss=+0.29466 ratio=1.0314 kl=0.0252
update=5493 mean_reward=+59.6899 mean_length= 59.99 policy_loss=+0.00024 value_loss=+0.07637 ratio=1.0229 kl=0.0137
update=5494 mean_reward=+59.6817 mean_length= 59.99 policy_loss=+0.00188 value_loss=+0.23824 ratio=1.0227 kl=0.0207
update=5495 mean_reward=+59.6914 mean_length= 59.99 policy_loss=+0.00131 value_loss=+0.18811 ratio=1.0327 kl=0.0195 | eval_reward=+59.7115 eval_length= 60.00
update=5496 mean_reward=+59.6913 mean_length= 59.99 policy_loss=+0.00206 value_loss=+0.09118 ratio=1.0343 kl=0.0204
update=5497 mean_reward=+59.6773 mean_length= 59.99 policy_loss=+0.00074 value_loss=+0.20175 ratio=1.0555 kl=0.0249
update=5498 mean_reward=+59.6695 mean_length= 59.98 policy_loss=+0.00120 value_loss=+0.25160 ratio=1.0246 kl=0.0208
update=5499 mean_reward=+59.6907 mean_length= 59.99 policy_loss=+0.00131 value_loss=+0.06905 ratio=1.0270 kl=0.0164
update=5500 mean_reward=+59.6903 mean_length= 59.99 policy_loss=+0.00059 value_loss=+0.15400 ratio=1.0299 kl=0.0274 | eval_reward=+59.7128 eval_length= 60.00
update=5501 mean_reward=+59.6918 mean_length= 59.99 policy_loss=+0.00069 value_loss=+0.06431 ratio=1.0347 kl=0.0118
update=5502 mean_reward=+59.6885 mean_length= 59.99 policy_loss=+0.00168 value_loss=+0.14313 ratio=1.0295 kl=0.0213
update=5503 mean_reward=+59.6922 mean_length= 59.99 policy_loss=+0.00164 value_loss=+0.07527 ratio=1.0302 kl=0.0257
update=5504 mean_reward=+59.7062 mean_length= 60.00 policy_loss=+0.00918 value_loss=+0.00226 ratio=1.0337 kl=0.0185
update=5505 mean_reward=+59.6996 mean_length= 60.00 policy_loss=+0.00061 value_loss=+0.15734 ratio=1.0480 kl=0.0297 | eval_reward=+59.7163 eval_length= 60.00
update=5506 mean_reward=+59.6993 mean_length= 59.99 policy_loss=+0.00151 value_loss=+0.25131 ratio=1.0288 kl=0.0228
update=5507 mean_reward=+59.6895 mean_length= 59.98 policy_loss=+0.00301 value_loss=+0.30673 ratio=1.0326 kl=0.0231
update=5508 mean_reward=+59.6612 mean_length= 59.96 policy_loss=+0.00104 value_loss=+0.58130 ratio=1.0370 kl=0.0196
update=5509 mean_reward=+59.6687 mean_length= 59.98 policy_loss=-0.00006 value_loss=+0.44284 ratio=1.0366 kl=0.0283
update=5510 mean_reward=+59.6781 mean_length= 59.99 policy_loss=-0.00058 value_loss=+0.23341 ratio=1.0263 kl=0.0214 | eval_reward=+59.7283 eval_length= 60.00
update=5511 mean_reward=+59.6919 mean_length= 59.99 policy_loss=+0.00005 value_loss=+0.07306 ratio=1.0410 kl=0.0095
update=5512 mean_reward=+59.6946 mean_length= 60.00 policy_loss=-0.00023 value_loss=+0.08439 ratio=1.0331 kl=0.0244
update=5513 mean_reward=+59.6878 mean_length= 59.99 policy_loss=+0.01466 value_loss=+0.24892 ratio=1.0262 kl=0.0080
update=5514 mean_reward=+59.6776 mean_length= 59.98 policy_loss=+0.00076 value_loss=+0.23410 ratio=1.0489 kl=0.0214
update=5515 mean_reward=+59.6877 mean_length= 59.99 policy_loss=+0.00036 value_loss=+0.14985 ratio=1.0273 kl=0.0237 | eval_reward=+59.7316 eval_length= 60.00
update=5516 mean_reward=+59.6950 mean_length= 60.00 policy_loss=+0.00048 value_loss=+0.01944 ratio=1.0230 kl=0.0122
update=5517 mean_reward=+59.6768 mean_length= 59.98 policy_loss=-0.00029 value_loss=+0.27996 ratio=1.0279 kl=0.0244
update=5518 mean_reward=+59.6917 mean_length= 59.99 policy_loss=+0.00141 value_loss=+0.17515 ratio=1.0443 kl=0.0168
update=5519 mean_reward=+59.6871 mean_length= 59.99 policy_loss=+0.00042 value_loss=+0.30436 ratio=1.0266 kl=0.0210
update=5520 mean_reward=+59.6750 mean_length= 59.98 policy_loss=-0.00070 value_loss=+0.45035 ratio=1.0208 kl=0.0129 | eval_reward=+59.7209 eval_length= 60.00
update=5521 mean_reward=+59.6714 mean_length= 59.98 policy_loss=-0.00093 value_loss=+0.60538 ratio=1.0219 kl=0.0064
update=5522 mean_reward=+59.6888 mean_length= 59.99 policy_loss=-0.00018 value_loss=+0.34469 ratio=1.0221 kl=0.0196
update=5523 mean_reward=+59.6922 mean_length= 59.99 policy_loss=+0.00091 value_loss=+0.16751 ratio=1.0241 kl=0.0238
update=5524 mean_reward=+59.6952 mean_length= 59.99 policy_loss=+0.00171 value_loss=+0.15416 ratio=1.0545 kl=0.0224
update=5525 mean_reward=+59.6985 mean_length= 60.00 policy_loss=+0.00171 value_loss=+0.18455 ratio=1.0452 kl=0.0239 | eval_reward=+59.7231 eval_length= 60.00
update=5526 mean_reward=+59.6926 mean_length= 60.00 policy_loss=+0.00125 value_loss=+0.16704 ratio=1.0277 kl=0.0179
update=5527 mean_reward=+59.7019 mean_length= 60.00 policy_loss=+0.00051 value_loss=+0.00563 ratio=1.0221 kl=0.0060
update=5528 mean_reward=+59.6892 mean_length= 59.98 policy_loss=+0.00088 value_loss=+0.20690 ratio=1.0246 kl=0.0194
update=5529 mean_reward=+59.6965 mean_length= 59.99 policy_loss=+0.05941 value_loss=+0.15381 ratio=1.0197 kl=0.0179
update=5530 mean_reward=+59.6955 mean_length= 60.00 policy_loss=+0.00228 value_loss=+0.09351 ratio=1.0211 kl=0.0259 | eval_reward=+59.7132 eval_length= 60.00
update=5531 mean_reward=+59.6918 mean_length= 60.00 policy_loss=+0.00132 value_loss=+0.07181 ratio=1.0312 kl=0.0217
update=5532 mean_reward=+59.6920 mean_length= 59.99 policy_loss=+0.00020 value_loss=+0.06924 ratio=1.0313 kl=0.0232
update=5533 mean_reward=+59.6989 mean_length= 60.00 policy_loss=+0.00045 value_loss=+0.07548 ratio=1.0279 kl=0.0195
update=5534 mean_reward=+59.7002 mean_length= 60.00 policy_loss=+0.00043 value_loss=+0.07533 ratio=1.0289 kl=0.0220
update=5535 mean_reward=+59.6946 mean_length= 59.99 policy_loss=+0.00007 value_loss=+0.13987 ratio=1.0267 kl=0.0241 | eval_reward=+59.7159 eval_length= 60.00
update=5536 mean_reward=+59.6986 mean_length= 59.99 policy_loss=+0.00098 value_loss=+0.15702 ratio=1.0319 kl=0.0265
update=5537 mean_reward=+59.6795 mean_length= 59.98 policy_loss=+0.00116 value_loss=+0.25859 ratio=1.0597 kl=0.0312
update=5538 mean_reward=+59.6928 mean_length= 59.99 policy_loss=+0.00291 value_loss=+0.21316 ratio=1.0340 kl=0.0341
update=5539 mean_reward=+59.7015 mean_length= 60.00 policy_loss=+0.00064 value_loss=+0.10568 ratio=1.0287 kl=0.0201
update=5540 mean_reward=+59.6947 mean_length= 60.00 policy_loss=-0.00015 value_loss=+0.23723 ratio=1.0263 kl=0.0250 | eval_reward=+59.7196 eval_length= 60.00
update=5541 mean_reward=+59.7030 mean_length= 60.00 policy_loss=+0.00067 value_loss=+0.09805 ratio=1.0372 kl=0.0313
update=5542 mean_reward=+59.6942 mean_length= 59.99 policy_loss=-0.00013 value_loss=+0.31566 ratio=1.0289 kl=0.0210
update=5543 mean_reward=+59.6931 mean_length= 59.99 policy_loss=-0.00025 value_loss=+0.28988 ratio=1.0319 kl=0.0121
update=5544 mean_reward=+59.6910 mean_length= 59.99 policy_loss=-0.00011 value_loss=+0.24309 ratio=1.0467 kl=0.0202
update=5545 mean_reward=+59.6963 mean_length= 59.99 policy_loss=+0.00026 value_loss=+0.07442 ratio=1.0263 kl=0.0158 | eval_reward=+59.7172 eval_length= 60.00
update=5546 mean_reward=+59.6920 mean_length= 59.99 policy_loss=+0.00103 value_loss=+0.25458 ratio=1.0351 kl=0.0241
update=5547 mean_reward=+59.7039 mean_length= 60.00 policy_loss=+0.00097 value_loss=+0.09656 ratio=1.0360 kl=0.0228
update=5548 mean_reward=+59.6873 mean_length= 59.99 policy_loss=-0.00022 value_loss=+0.25113 ratio=1.0403 kl=0.0303
update=5549 mean_reward=+59.6990 mean_length= 59.99 policy_loss=+0.00166 value_loss=+0.15629 ratio=1.0361 kl=0.0214
update=5550 mean_reward=+59.7026 mean_length= 59.99 policy_loss=+0.00190 value_loss=+0.06675 ratio=1.0328 kl=0.0306 | eval_reward=+59.7125 eval_length= 60.00
update=5551 mean_reward=+59.6819 mean_length= 59.99 policy_loss=+0.00193 value_loss=+0.21218 ratio=1.0378 kl=0.0319
update=5552 mean_reward=+59.6776 mean_length= 59.98 policy_loss=+0.01058 value_loss=+0.23475 ratio=1.0722 kl=0.0199
update=5553 mean_reward=+59.6780 mean_length= 59.99 policy_loss=+0.00130 value_loss=+0.21854 ratio=1.0393 kl=0.0210
update=5554 mean_reward=+59.6661 mean_length= 59.98 policy_loss=+0.00174 value_loss=+0.22707 ratio=1.0273 kl=0.0192
update=5555 mean_reward=+59.6480 mean_length= 59.97 policy_loss=+0.00011 value_loss=+0.67747 ratio=1.0328 kl=0.0213 | eval_reward=+59.7048 eval_length= 60.00
update=5556 mean_reward=+59.6388 mean_length= 59.96 policy_loss=-0.00079 value_loss=+0.66510 ratio=1.0350 kl=0.0096
update=5557 mean_reward=+59.6443 mean_length= 59.96 policy_loss=-0.00037 value_loss=+0.49299 ratio=1.0352 kl=0.0184
update=5558 mean_reward=+59.6488 mean_length= 59.96 policy_loss=-0.00019 value_loss=+0.77839 ratio=1.0334 kl=0.0110
update=5559 mean_reward=+59.6441 mean_length= 59.97 policy_loss=-0.00049 value_loss=+0.64818 ratio=1.0471 kl=0.0058
update=5560 mean_reward=+59.6426 mean_length= 59.96 policy_loss=-0.00086 value_loss=+0.77284 ratio=1.0598 kl=0.0071 | eval_reward=+59.7102 eval_length= 60.00
update=5561 mean_reward=+59.6732 mean_length= 59.99 policy_loss=+0.00025 value_loss=+0.23948 ratio=1.0337 kl=0.0088
update=5562 mean_reward=+59.6704 mean_length= 59.98 policy_loss=+0.00034 value_loss=+0.41837 ratio=1.0509 kl=0.0179
update=5563 mean_reward=+59.6599 mean_length= 59.97 policy_loss=+0.00124 value_loss=+0.38099 ratio=1.0340 kl=0.0293
update=5564 mean_reward=+59.6667 mean_length= 59.98 policy_loss=-0.00016 value_loss=+0.31165 ratio=1.0293 kl=0.0206
update=5565 mean_reward=+59.6788 mean_length= 59.99 policy_loss=-0.00024 value_loss=+0.23188 ratio=1.0537 kl=0.0234 | eval_reward=+59.7138 eval_length= 60.00
update=5566 mean_reward=+59.6554 mean_length= 59.97 policy_loss=-0.00055 value_loss=+0.48790 ratio=1.0313 kl=0.0178
update=5567 mean_reward=+59.6662 mean_length= 59.98 policy_loss=-0.00019 value_loss=+0.36013 ratio=1.0289 kl=0.0150
update=5568 mean_reward=+59.6752 mean_length= 59.99 policy_loss=+0.00117 value_loss=+0.31058 ratio=1.0363 kl=0.0288
update=5569 mean_reward=+59.6646 mean_length= 59.98 policy_loss=+0.00315 value_loss=+0.48482 ratio=1.0387 kl=0.0269
update=5570 mean_reward=+59.6611 mean_length= 59.97 policy_loss=+0.00032 value_loss=+0.56900 ratio=1.0384 kl=0.0240 | eval_reward=+59.7149 eval_length= 60.00
update=5571 mean_reward=+59.6730 mean_length= 59.99 policy_loss=-0.00027 value_loss=+0.27137 ratio=1.0283 kl=0.0133
update=5572 mean_reward=+59.6787 mean_length= 59.99 policy_loss=+0.00099 value_loss=+0.17788 ratio=1.0316 kl=0.0236
update=5573 mean_reward=+59.6503 mean_length= 59.97 policy_loss=+0.00082 value_loss=+0.52741 ratio=1.0406 kl=0.0246
update=5574 mean_reward=+59.6447 mean_length= 59.97 policy_loss=-0.00021 value_loss=+0.41534 ratio=1.0543 kl=0.0217
update=5575 mean_reward=+59.6332 mean_length= 59.96 policy_loss=+0.00082 value_loss=+0.50750 ratio=1.0267 kl=0.0199 | eval_reward=+59.6263 eval_length= 60.00
update=5576 mean_reward=+59.6477 mean_length= 59.97 policy_loss=-0.00041 value_loss=+0.45211 ratio=1.0392 kl=0.0176
update=5577 mean_reward=+59.6663 mean_length= 59.99 policy_loss=+0.00050 value_loss=+0.17467 ratio=1.0343 kl=0.0158
update=5578 mean_reward=+59.6603 mean_length= 59.98 policy_loss=+0.00112 value_loss=+0.30245 ratio=1.0783 kl=0.0254
update=5579 mean_reward=+59.6646 mean_length= 59.98 policy_loss=+0.00135 value_loss=+0.30777 ratio=1.0326 kl=0.0209
update=5580 mean_reward=+59.6585 mean_length= 59.97 policy_loss=+0.00197 value_loss=+0.31912 ratio=1.0428 kl=0.0233 | eval_reward=+59.7177 eval_length= 60.00
update=5581 mean_reward=+59.6384 mean_length= 59.96 policy_loss=-0.00049 value_loss=+0.50122 ratio=1.0329 kl=0.0224
update=5582 mean_reward=+59.6460 mean_length= 59.97 policy_loss=-0.00059 value_loss=+0.53115 ratio=1.0315 kl=0.0197
update=5583 mean_reward=+59.6732 mean_length= 59.99 policy_loss=+0.00020 value_loss=+0.15151 ratio=1.0424 kl=0.0199
update=5584 mean_reward=+59.6675 mean_length= 59.99 policy_loss=+0.00110 value_loss=+0.32927 ratio=1.0452 kl=0.0166
update=5585 mean_reward=+59.6504 mean_length= 59.97 policy_loss=+0.00114 value_loss=+0.47347 ratio=1.0410 kl=0.0249 | eval_reward=+59.7190 eval_length= 60.00
update=5586 mean_reward=+59.6668 mean_length= 59.98 policy_loss=-0.00022 value_loss=+0.17983 ratio=1.0404 kl=0.0078
update=5587 mean_reward=+59.6521 mean_length= 59.96 policy_loss=+0.00049 value_loss=+0.49968 ratio=1.0474 kl=0.0336
update=5588 mean_reward=+59.6575 mean_length= 59.97 policy_loss=-0.00047 value_loss=+0.49699 ratio=1.0391 kl=0.0117
update=5589 mean_reward=+59.6504 mean_length= 59.97 policy_loss=-0.00070 value_loss=+0.59478 ratio=1.0259 kl=0.0049
update=5590 mean_reward=+59.6684 mean_length= 59.98 policy_loss=+0.00004 value_loss=+0.37218 ratio=1.0291 kl=0.0244 | eval_reward=+59.7213 eval_length= 60.00
update=5591 mean_reward=+59.6875 mean_length= 60.00 policy_loss=+0.00042 value_loss=+0.08869 ratio=1.0278 kl=0.0216
update=5592 mean_reward=+59.6497 mean_length= 59.96 policy_loss=-0.00030 value_loss=+0.62334 ratio=1.0349 kl=0.0146
update=5593 mean_reward=+59.6689 mean_length= 59.98 policy_loss=+0.00044 value_loss=+0.41142 ratio=1.0466 kl=0.0271
update=5594 mean_reward=+59.6777 mean_length= 59.99 policy_loss=+0.00005 value_loss=+0.17180 ratio=1.0582 kl=0.0179
update=5595 mean_reward=+59.6777 mean_length= 59.99 policy_loss=+0.00044 value_loss=+0.23458 ratio=1.0292 kl=0.0160 | eval_reward=+59.7168 eval_length= 60.00
update=5596 mean_reward=+59.6925 mean_length= 60.00 policy_loss=+0.00110 value_loss=+0.00456 ratio=1.0302 kl=0.0083
update=5597 mean_reward=+59.6783 mean_length= 59.98 policy_loss=+0.00254 value_loss=+0.24466 ratio=1.0303 kl=0.0225
update=5598 mean_reward=+59.6796 mean_length= 59.98 policy_loss=+0.00116 value_loss=+0.22969 ratio=1.0363 kl=0.0204
update=5599 mean_reward=+59.6699 mean_length= 59.98 policy_loss=-0.00037 value_loss=+0.45365 ratio=1.0543 kl=0.0203
update=5600 mean_reward=+59.6754 mean_length= 59.98 policy_loss=-0.00079 value_loss=+0.44522 ratio=1.0352 kl=0.0050 | eval_reward=+59.7094 eval_length= 60.00
update=5601 mean_reward=+59.6779 mean_length= 59.99 policy_loss=-0.00023 value_loss=+0.26061 ratio=1.0338 kl=0.0102
update=5602 mean_reward=+59.6685 mean_length= 59.98 policy_loss=+0.00098 value_loss=+0.30450 ratio=1.0538 kl=0.0256
update=5603 mean_reward=+59.6791 mean_length= 59.99 policy_loss=+0.00035 value_loss=+0.14393 ratio=1.0506 kl=0.0291
update=5604 mean_reward=+59.6684 mean_length= 59.98 policy_loss=-0.00061 value_loss=+0.46197 ratio=1.0482 kl=0.0244
update=5605 mean_reward=+59.6636 mean_length= 59.98 policy_loss=+0.00013 value_loss=+0.29553 ratio=1.0498 kl=0.0135 | eval_reward=+59.7154 eval_length= 60.00
update=5606 mean_reward=+59.6706 mean_length= 59.98 policy_loss=+0.00059 value_loss=+0.29687 ratio=1.0795 kl=0.0236
update=5607 mean_reward=+59.6732 mean_length= 59.99 policy_loss=+0.00087 value_loss=+0.12883 ratio=1.0338 kl=0.0312
update=5608 mean_reward=+59.6728 mean_length= 59.99 policy_loss=+0.00163 value_loss=+0.13470 ratio=1.0413 kl=0.0262
update=5609 mean_reward=+59.6707 mean_length= 59.99 policy_loss=+0.00070 value_loss=+0.14366 ratio=1.0368 kl=0.0190
update=5610 mean_reward=+59.6828 mean_length= 59.99 policy_loss=+0.00089 value_loss=+0.06626 ratio=1.0591 kl=0.0225 | eval_reward=+59.7083 eval_length= 60.00
update=5611 mean_reward=+59.6709 mean_length= 59.99 policy_loss=+0.00137 value_loss=+0.33409 ratio=1.0657 kl=0.0232
update=5612 mean_reward=+59.6661 mean_length= 59.98 policy_loss=-0.00037 value_loss=+0.41888 ratio=1.0306 kl=0.0206
update=5613 mean_reward=+59.6748 mean_length= 59.98 policy_loss=+0.00009 value_loss=+0.20864 ratio=1.0537 kl=0.0270
update=5614 mean_reward=+59.6934 mean_length= 60.00 policy_loss=+0.00149 value_loss=+0.08816 ratio=1.1716 kl=0.0244
update=5615 mean_reward=+59.6590 mean_length= 59.97 policy_loss=+0.00076 value_loss=+0.42347 ratio=1.0490 kl=0.0227 | eval_reward=+59.7132 eval_length= 60.00
update=5616 mean_reward=+59.6348 mean_length= 59.95 policy_loss=+0.00098 value_loss=+0.76887 ratio=1.0412 kl=0.0178
update=5617 mean_reward=+59.6833 mean_length= 59.99 policy_loss=+0.00058 value_loss=+0.18022 ratio=1.0573 kl=0.0075
update=5618 mean_reward=+59.6616 mean_length= 59.97 policy_loss=+0.00202 value_loss=+0.46722 ratio=1.0346 kl=0.0290
update=5619 mean_reward=+59.6936 mean_length= 60.00 policy_loss=+0.00089 value_loss=+0.08882 ratio=1.0451 kl=0.0232
update=5620 mean_reward=+59.6721 mean_length= 59.98 policy_loss=+0.00068 value_loss=+0.15467 ratio=1.0312 kl=0.0285 | eval_reward=+59.7084 eval_length= 60.00
update=5621 mean_reward=+59.6733 mean_length= 59.98 policy_loss=+0.00034 value_loss=+0.28338 ratio=1.0381 kl=0.0291
update=5622 mean_reward=+59.6779 mean_length= 59.99 policy_loss=+0.00046 value_loss=+0.23269 ratio=1.0423 kl=0.0174
update=5623 mean_reward=+59.6747 mean_length= 59.98 policy_loss=-0.00008 value_loss=+0.21455 ratio=1.0476 kl=0.0138
update=5624 mean_reward=+59.6718 mean_length= 59.98 policy_loss=+0.00016 value_loss=+0.18913 ratio=1.0486 kl=0.0177
update=5625 mean_reward=+59.6846 mean_length= 59.99 policy_loss=+0.00103 value_loss=+0.13598 ratio=1.0385 kl=0.0179 | eval_reward=+59.7051 eval_length= 60.00
update=5626 mean_reward=+59.6786 mean_length= 59.99 policy_loss=+0.00170 value_loss=+0.14916 ratio=1.0329 kl=0.0190
update=5627 mean_reward=+59.6736 mean_length= 59.98 policy_loss=+0.00168 value_loss=+0.22976 ratio=1.0383 kl=0.0246
update=5628 mean_reward=+59.6675 mean_length= 59.98 policy_loss=-0.00032 value_loss=+0.26562 ratio=1.0417 kl=0.0223
update=5629 mean_reward=+59.6906 mean_length= 59.99 policy_loss=+0.00002 value_loss=+0.23507 ratio=1.0367 kl=0.0144
update=5630 mean_reward=+59.6735 mean_length= 59.98 policy_loss=+0.00009 value_loss=+0.31335 ratio=1.0569 kl=0.0245 | eval_reward=+59.7060 eval_length= 60.00
update=5631 mean_reward=+59.6909 mean_length= 60.00 policy_loss=+0.00265 value_loss=+0.00482 ratio=1.0380 kl=0.0051
update=5632 mean_reward=+59.6789 mean_length= 59.99 policy_loss=+0.00085 value_loss=+0.14459 ratio=1.0400 kl=0.0219
update=5633 mean_reward=+59.6764 mean_length= 59.99 policy_loss=+0.00070 value_loss=+0.06374 ratio=1.0519 kl=0.0193
update=5634 mean_reward=+59.6750 mean_length= 59.98 policy_loss=+0.00184 value_loss=+0.22357 ratio=1.0357 kl=0.0212
update=5635 mean_reward=+59.6667 mean_length= 59.98 policy_loss=-0.00035 value_loss=+0.26959 ratio=1.0456 kl=0.0226 | eval_reward=+59.7051 eval_length= 60.00
update=5636 mean_reward=+59.6736 mean_length= 59.98 policy_loss=+0.00007 value_loss=+0.20750 ratio=1.0395 kl=0.0286
update=5637 mean_reward=+59.6819 mean_length= 59.99 policy_loss=-0.00010 value_loss=+0.17413 ratio=1.0456 kl=0.0153
update=5638 mean_reward=+59.6675 mean_length= 59.98 policy_loss=-0.00117 value_loss=+0.43103 ratio=1.0412 kl=0.0060
update=5639 mean_reward=+59.6842 mean_length= 59.99 policy_loss=-0.00000 value_loss=+0.17895 ratio=1.0539 kl=0.0152
update=5640 mean_reward=+59.6838 mean_length= 59.99 policy_loss=-0.00009 value_loss=+0.15749 ratio=1.0466 kl=0.0213 | eval_reward=+59.7076 eval_length= 60.00
update=5641 mean_reward=+59.6731 mean_length= 59.98 policy_loss=-0.00053 value_loss=+0.27789 ratio=1.0411 kl=0.0084
update=5642 mean_reward=+59.6591 mean_length= 59.97 policy_loss=-0.00024 value_loss=+0.44783 ratio=1.0489 kl=0.0249
update=5643 mean_reward=+59.6734 mean_length= 59.99 policy_loss=+0.00098 value_loss=+0.24195 ratio=1.0361 kl=0.0203
update=5644 mean_reward=+59.6731 mean_length= 59.98 policy_loss=+0.00101 value_loss=+0.28927 ratio=1.0365 kl=0.0211
update=5645 mean_reward=+59.6725 mean_length= 59.98 policy_loss=+0.00176 value_loss=+0.40529 ratio=1.0547 kl=0.0275 | eval_reward=+59.7069 eval_length= 60.00
update=5646 mean_reward=+59.6790 mean_length= 59.99 policy_loss=+0.00123 value_loss=+0.12367 ratio=1.0507 kl=0.0255
update=5647 mean_reward=+59.6575 mean_length= 59.98 policy_loss=+0.00386 value_loss=+0.45861 ratio=1.0439 kl=0.0199
update=5648 mean_reward=+59.6494 mean_length= 59.97 policy_loss=+0.00100 value_loss=+0.42860 ratio=1.0393 kl=0.0237
update=5649 mean_reward=+59.6741 mean_length= 59.99 policy_loss=+0.00058 value_loss=+0.17711 ratio=1.0335 kl=0.0169
update=5650 mean_reward=+59.6803 mean_length= 60.00 policy_loss=+0.00155 value_loss=+0.08632 ratio=1.0378 kl=0.0179 | eval_reward=+59.7260 eval_length= 60.00
update=5651 mean_reward=+59.6704 mean_length= 59.98 policy_loss=+0.00088 value_loss=+0.22691 ratio=1.0403 kl=0.0159
update=5652 mean_reward=+59.6704 mean_length= 59.98 policy_loss=+0.00217 value_loss=+0.20174 ratio=1.0599 kl=0.0283
update=5653 mean_reward=+59.6659 mean_length= 59.98 policy_loss=+0.00006 value_loss=+0.18102 ratio=1.0613 kl=0.0169
update=5654 mean_reward=+59.6750 mean_length= 59.99 policy_loss=+0.00055 value_loss=+0.22765 ratio=1.0379 kl=0.0255
update=5655 mean_reward=+59.6759 mean_length= 59.99 policy_loss=+0.00040 value_loss=+0.15566 ratio=1.0388 kl=0.0063 | eval_reward=+59.7345 eval_length= 60.00
update=5656 mean_reward=+59.6733 mean_length= 59.99 policy_loss=-0.00010 value_loss=+0.23091 ratio=1.0495 kl=0.0127
update=5657 mean_reward=+59.6777 mean_length= 59.99 policy_loss=+0.00101 value_loss=+0.06526 ratio=1.0379 kl=0.0088
update=5658 mean_reward=+59.6667 mean_length= 59.98 policy_loss=-0.00014 value_loss=+0.28200 ratio=1.0425 kl=0.0290
update=5659 mean_reward=+59.6649 mean_length= 59.98 policy_loss=-0.00002 value_loss=+0.29909 ratio=1.0402 kl=0.0130
update=5660 mean_reward=+59.6505 mean_length= 59.96 policy_loss=+0.00208 value_loss=+0.49429 ratio=1.0603 kl=0.0251 | eval_reward=+59.7408 eval_length= 60.00
update=5661 mean_reward=+59.6713 mean_length= 59.98 policy_loss=+0.00077 value_loss=+0.20068 ratio=1.0305 kl=0.0197
update=5662 mean_reward=+59.6710 mean_length= 59.98 policy_loss=-0.00030 value_loss=+0.26263 ratio=1.0496 kl=0.0146
update=5663 mean_reward=+59.6542 mean_length= 59.97 policy_loss=-0.00020 value_loss=+0.53515 ratio=1.0371 kl=0.0080
update=5664 mean_reward=+59.6731 mean_length= 59.98 policy_loss=+0.00003 value_loss=+0.28497 ratio=1.0386 kl=0.0182
update=5665 mean_reward=+59.6833 mean_length= 60.00 policy_loss=+0.00046 value_loss=+0.07399 ratio=1.0399 kl=0.0172 | eval_reward=+59.7277 eval_length= 60.00
update=5666 mean_reward=+59.6614 mean_length= 59.97 policy_loss=+0.00087 value_loss=+0.36134 ratio=1.0426 kl=0.0177
update=5667 mean_reward=+59.6613 mean_length= 59.98 policy_loss=-0.00019 value_loss=+0.20099 ratio=1.0503 kl=0.0097
update=5668 mean_reward=+59.6565 mean_length= 59.98 policy_loss=+0.01594 value_loss=+0.28567 ratio=1.0391 kl=0.0249
update=5669 mean_reward=+59.6208 mean_length= 59.94 policy_loss=-0.00033 value_loss=+0.73089 ratio=1.0482 kl=0.0242
update=5670 mean_reward=+59.6395 mean_length= 59.97 policy_loss=+0.00116 value_loss=+0.67606 ratio=1.0579 kl=0.0170 | eval_reward=+59.5689 eval_length= 60.00
update=5671 mean_reward=+59.6358 mean_length= 59.96 policy_loss=+0.00064 value_loss=+0.74768 ratio=1.0452 kl=0.0170
update=5672 mean_reward=+59.6269 mean_length= 59.95 policy_loss=-0.00062 value_loss=+0.68560 ratio=1.0443 kl=0.0085
update=5673 mean_reward=+59.6583 mean_length= 59.98 policy_loss=-0.00068 value_loss=+0.67587 ratio=1.0529 kl=-0.0009
update=5674 mean_reward=+59.6571 mean_length= 59.98 policy_loss=+0.00152 value_loss=+0.41319 ratio=1.0572 kl=0.0143
update=5675 mean_reward=+59.6624 mean_length= 59.98 policy_loss=-0.00003 value_loss=+0.29730 ratio=1.0446 kl=0.0073 | eval_reward=+59.7075 eval_length= 60.00
update=5676 mean_reward=+59.6700 mean_length= 59.99 policy_loss=+0.00103 value_loss=+0.36903 ratio=1.0465 kl=0.0130
update=5677 mean_reward=+59.6833 mean_length= 60.00 policy_loss=+0.00085 value_loss=+0.11676 ratio=1.0456 kl=0.0134
update=5678 mean_reward=+59.6739 mean_length= 59.99 policy_loss=+0.00268 value_loss=+0.27711 ratio=1.0554 kl=0.0138
update=5679 mean_reward=+59.6580 mean_length= 59.97 policy_loss=-0.00023 value_loss=+0.54850 ratio=1.0402 kl=0.0138
update=5680 mean_reward=+59.6741 mean_length= 59.99 policy_loss=-0.00032 value_loss=+0.44183 ratio=1.0384 kl=0.0066 | eval_reward=+59.7092 eval_length= 60.00
update=5681 mean_reward=+59.6671 mean_length= 59.98 policy_loss=-0.00014 value_loss=+0.40177 ratio=1.0476 kl=0.0170
update=5682 mean_reward=+59.6803 mean_length= 59.99 policy_loss=+0.00058 value_loss=+0.06932 ratio=1.0479 kl=0.0090
update=5683 mean_reward=+59.6615 mean_length= 59.98 policy_loss=+0.00064 value_loss=+0.36933 ratio=1.0476 kl=0.0187
update=5684 mean_reward=+59.6595 mean_length= 59.98 policy_loss=-0.00004 value_loss=+0.30638 ratio=1.0468 kl=0.0158
update=5685 mean_reward=+59.6644 mean_length= 59.98 policy_loss=-0.00035 value_loss=+0.45382 ratio=1.0558 kl=0.0094 | eval_reward=+59.7094 eval_length= 60.00
update=5686 mean_reward=+59.6681 mean_length= 59.99 policy_loss=+0.00050 value_loss=+0.23602 ratio=1.0500 kl=0.0148
update=5687 mean_reward=+59.6692 mean_length= 59.99 policy_loss=+0.00123 value_loss=+0.13646 ratio=1.0505 kl=0.0276
update=5688 mean_reward=+59.6680 mean_length= 59.99 policy_loss=+0.00059 value_loss=+0.15322 ratio=1.0392 kl=0.0218
update=5689 mean_reward=+59.6702 mean_length= 59.99 policy_loss=-0.00024 value_loss=+0.39041 ratio=1.0387 kl=0.0098
update=5690 mean_reward=+59.6403 mean_length= 59.96 policy_loss=+0.00047 value_loss=+0.78746 ratio=1.0585 kl=0.0059 | eval_reward=+59.6297 eval_length= 60.00
update=5691 mean_reward=+59.6334 mean_length= 59.96 policy_loss=+0.00020 value_loss=+0.96712 ratio=1.0455 kl=0.0033
update=5692 mean_reward=+59.6451 mean_length= 59.97 policy_loss=-0.00023 value_loss=+0.47333 ratio=1.0438 kl=0.0123
update=5693 mean_reward=+59.6600 mean_length= 59.98 policy_loss=+0.00066 value_loss=+0.21137 ratio=1.0492 kl=0.0142
update=5694 mean_reward=+59.6714 mean_length= 59.99 policy_loss=+0.00377 value_loss=+0.22303 ratio=1.0876 kl=0.0180
update=5695 mean_reward=+59.6651 mean_length= 59.99 policy_loss=+0.00093 value_loss=+0.32094 ratio=1.0478 kl=0.0336 | eval_reward=+59.7160 eval_length= 60.00
update=5696 mean_reward=+59.6449 mean_length= 59.97 policy_loss=+0.00141 value_loss=+0.44508 ratio=1.0412 kl=0.0268
update=5697 mean_reward=+59.6628 mean_length= 59.99 policy_loss=+0.00070 value_loss=+0.23250 ratio=1.0860 kl=0.0193
update=5698 mean_reward=+59.6820 mean_length= 60.00 policy_loss=+0.00140 value_loss=+0.08801 ratio=1.0583 kl=0.0228
update=5699 mean_reward=+59.6672 mean_length= 59.99 policy_loss=+0.00204 value_loss=+0.24613 ratio=1.0624 kl=0.0283
update=5700 mean_reward=+59.6499 mean_length= 59.97 policy_loss=+0.00049 value_loss=+0.49846 ratio=1.0480 kl=0.0335 | eval_reward=+59.7151 eval_length= 60.00
update=5701 mean_reward=+59.6438 mean_length= 59.97 policy_loss=+0.00284 value_loss=+0.68616 ratio=1.0665 kl=0.0230
update=5702 mean_reward=+59.6524 mean_length= 59.98 policy_loss=-0.00014 value_loss=+0.30401 ratio=1.0458 kl=0.0175
update=5703 mean_reward=+59.6512 mean_length= 59.97 policy_loss=+0.00238 value_loss=+0.48214 ratio=1.0439 kl=0.0124
update=5704 mean_reward=+59.6463 mean_length= 59.98 policy_loss=-0.00038 value_loss=+0.30762 ratio=1.0437 kl=0.0157
update=5705 mean_reward=+59.6599 mean_length= 59.99 policy_loss=+0.00219 value_loss=+0.23149 ratio=1.0444 kl=0.0283 | eval_reward=+59.7060 eval_length= 60.00
update=5706 mean_reward=+59.6297 mean_length= 59.96 policy_loss=+0.00058 value_loss=+0.85949 ratio=1.0575 kl=0.0272
update=5707 mean_reward=+59.6608 mean_length= 60.00 policy_loss=+0.00022 value_loss=+0.16182 ratio=1.0551 kl=0.0055
update=5708 mean_reward=+59.6498 mean_length= 59.98 policy_loss=+0.00034 value_loss=+0.49873 ratio=1.0538 kl=0.0189
update=5709 mean_reward=+59.6401 mean_length= 59.97 policy_loss=+0.00159 value_loss=+0.45773 ratio=1.0521 kl=0.0211
update=5710 mean_reward=+59.6462 mean_length= 59.98 policy_loss=+0.00045 value_loss=+0.40972 ratio=1.0669 kl=0.0104 | eval_reward=+59.6958 eval_length= 60.00
update=5711 mean_reward=+59.6346 mean_length= 59.97 policy_loss=-0.00035 value_loss=+0.44123 ratio=1.0510 kl=0.0163
update=5712 mean_reward=+59.6545 mean_length= 59.99 policy_loss=+0.00108 value_loss=+0.26551 ratio=1.0581 kl=0.0228
update=5713 mean_reward=+59.6397 mean_length= 59.97 policy_loss=+0.00206 value_loss=+0.46639 ratio=1.0613 kl=0.0312
update=5714 mean_reward=+59.6346 mean_length= 59.97 policy_loss=+0.00041 value_loss=+0.49210 ratio=1.0651 kl=0.0273
update=5715 mean_reward=+59.6566 mean_length= 59.99 policy_loss=+0.00023 value_loss=+0.16985 ratio=1.0579 kl=0.0059 | eval_reward=+59.7004 eval_length= 60.00
update=5716 mean_reward=+59.6446 mean_length= 59.98 policy_loss=+0.00311 value_loss=+0.38620 ratio=1.0946 kl=0.0259
update=5717 mean_reward=+59.6508 mean_length= 59.99 policy_loss=+0.00019 value_loss=+0.22320 ratio=1.0513 kl=0.0216
update=5718 mean_reward=+59.6312 mean_length= 59.97 policy_loss=+0.00008 value_loss=+0.49931 ratio=1.0355 kl=0.0170
update=5719 mean_reward=+59.6296 mean_length= 59.96 policy_loss=-0.00051 value_loss=+0.58518 ratio=1.0618 kl=0.0071
update=5720 mean_reward=+59.6490 mean_length= 59.98 policy_loss=-0.00015 value_loss=+0.39914 ratio=1.0503 kl=0.0087 | eval_reward=+59.7037 eval_length= 60.00
update=5721 mean_reward=+59.6413 mean_length= 59.98 policy_loss=-0.00023 value_loss=+0.49887 ratio=1.0604 kl=0.0129
update=5722 mean_reward=+59.6557 mean_length= 59.98 policy_loss=+0.00126 value_loss=+0.21799 ratio=1.0891 kl=0.0240
update=5723 mean_reward=+59.6275 mean_length= 59.97 policy_loss=+0.00002 value_loss=+0.50223 ratio=1.0452 kl=0.0248
update=5724 mean_reward=+59.6471 mean_length= 59.98 policy_loss=-0.00005 value_loss=+0.60325 ratio=1.0710 kl=0.0138
update=5725 mean_reward=+59.6432 mean_length= 59.98 policy_loss=-0.00041 value_loss=+0.55554 ratio=1.0467 kl=0.0021 | eval_reward=+59.6993 eval_length= 60.00
update=5726 mean_reward=+59.6313 mean_length= 59.97 policy_loss=-0.00034 value_loss=+0.61988 ratio=1.0441 kl=0.0103
update=5727 mean_reward=+59.6463 mean_length= 59.98 policy_loss=+0.00058 value_loss=+0.41987 ratio=1.0430 kl=0.0112
update=5728 mean_reward=+59.6488 mean_length= 59.99 policy_loss=-0.00040 value_loss=+0.37470 ratio=1.0549 kl=0.0053
update=5729 mean_reward=+59.6484 mean_length= 59.98 policy_loss=-0.00030 value_loss=+0.37187 ratio=1.0836 kl=0.0030
update=5730 mean_reward=+59.6193 mean_length= 59.96 policy_loss=-0.00030 value_loss=+0.83004 ratio=1.0639 kl=0.0061 | eval_reward=+59.7017 eval_length= 60.00
update=5731 mean_reward=+59.6423 mean_length= 59.97 policy_loss=-0.00047 value_loss=+0.35716 ratio=1.0412 kl=0.0052
update=5732 mean_reward=+59.6253 mean_length= 59.96 policy_loss=-0.00057 value_loss=+0.68315 ratio=1.0946 kl=0.0020
update=5733 mean_reward=+59.6381 mean_length= 59.98 policy_loss=-0.00062 value_loss=+0.31068 ratio=1.0463 kl=0.0013
update=5734 mean_reward=+59.6404 mean_length= 59.97 policy_loss=+0.00046 value_loss=+0.38054 ratio=1.0515 kl=0.0207
update=5735 mean_reward=+59.6102 mean_length= 59.94 policy_loss=+0.00696 value_loss=+1.02011 ratio=1.0494 kl=0.0217 | eval_reward=+59.7102 eval_length= 60.00
update=5736 mean_reward=+59.6265 mean_length= 59.95 policy_loss=-0.00041 value_loss=+0.91875 ratio=1.0422 kl=0.0021
update=5737 mean_reward=+59.6475 mean_length= 59.98 policy_loss=+0.00020 value_loss=+0.46525 ratio=1.0563 kl=0.0048
update=5738 mean_reward=+59.6492 mean_length= 59.98 policy_loss=+0.00162 value_loss=+0.69420 ratio=1.0457 kl=0.0316
update=5739 mean_reward=+59.6525 mean_length= 59.98 policy_loss=+0.00308 value_loss=+0.45011 ratio=1.0519 kl=0.0211
update=5740 mean_reward=+59.6393 mean_length= 59.97 policy_loss=-0.00051 value_loss=+0.36522 ratio=1.0452 kl=0.0085 | eval_reward=+59.7030 eval_length= 60.00
update=5741 mean_reward=+59.6383 mean_length= 59.97 policy_loss=+0.00014 value_loss=+0.34696 ratio=1.0551 kl=0.0109
update=5742 mean_reward=+59.6282 mean_length= 59.97 policy_loss=+0.00040 value_loss=+0.50382 ratio=1.0481 kl=0.0106
update=5743 mean_reward=+59.6548 mean_length= 59.99 policy_loss=+0.00346 value_loss=+0.25018 ratio=1.0728 kl=0.0249
update=5744 mean_reward=+59.6415 mean_length= 59.98 policy_loss=+0.00057 value_loss=+0.40503 ratio=1.0846 kl=0.0184
update=5745 mean_reward=+59.6256 mean_length= 59.96 policy_loss=+0.00152 value_loss=+0.51114 ratio=1.0445 kl=0.0263 | eval_reward=+59.6986 eval_length= 60.00
update=5746 mean_reward=+59.6570 mean_length= 59.99 policy_loss=+0.00066 value_loss=+0.27188 ratio=1.0608 kl=0.0140
update=5747 mean_reward=+59.6482 mean_length= 59.98 policy_loss=-0.00007 value_loss=+0.36979 ratio=1.0411 kl=0.0125
update=5748 mean_reward=+59.6566 mean_length= 59.99 policy_loss=+0.00032 value_loss=+0.42974 ratio=1.0638 kl=0.0115
update=5749 mean_reward=+59.6374 mean_length= 59.97 policy_loss=-0.00023 value_loss=+0.69488 ratio=1.1105 kl=0.0098
update=5750 mean_reward=+59.6277 mean_length= 59.96 policy_loss=-0.00069 value_loss=+0.64627 ratio=1.0476 kl=0.0094 | eval_reward=+59.7013 eval_length= 60.00
update=5751 mean_reward=+59.6398 mean_length= 59.98 policy_loss=-0.00004 value_loss=+0.30291 ratio=1.0493 kl=0.0154
update=5752 mean_reward=+59.6466 mean_length= 59.98 policy_loss=-0.00044 value_loss=+0.35325 ratio=1.0626 kl=0.0092
update=5753 mean_reward=+59.6607 mean_length= 59.99 policy_loss=-0.00046 value_loss=+0.23765 ratio=1.0514 kl=0.0031
update=5754 mean_reward=+59.6448 mean_length= 59.98 policy_loss=-0.00060 value_loss=+0.43564 ratio=1.0512 kl=0.0116
update=5755 mean_reward=+59.6295 mean_length= 59.96 policy_loss=-0.00082 value_loss=+0.63686 ratio=1.0500 kl=0.0036 | eval_reward=+59.7003 eval_length= 60.00
update=5756 mean_reward=+59.6290 mean_length= 59.96 policy_loss=+0.00123 value_loss=+0.65676 ratio=1.0484 kl=0.0290
update=5757 mean_reward=+59.6419 mean_length= 59.98 policy_loss=+0.00140 value_loss=+0.38055 ratio=1.0408 kl=0.0086
update=5758 mean_reward=+59.6518 mean_length= 59.99 policy_loss=+0.00096 value_loss=+0.37842 ratio=1.0450 kl=0.0213
update=5759 mean_reward=+59.6383 mean_length= 59.98 policy_loss=+0.00015 value_loss=+0.36143 ratio=1.0415 kl=0.0217
update=5760 mean_reward=+59.6284 mean_length= 59.96 policy_loss=-0.00039 value_loss=+0.47097 ratio=1.0540 kl=0.0145 | eval_reward=+59.7127 eval_length= 60.00
update=5761 mean_reward=+59.6411 mean_length= 59.97 policy_loss=-0.00014 value_loss=+0.46108 ratio=1.0493 kl=0.0158
update=5762 mean_reward=+59.6609 mean_length= 59.99 policy_loss=-0.00006 value_loss=+0.18932 ratio=1.0441 kl=0.0147
update=5763 mean_reward=+59.6547 mean_length= 59.99 policy_loss=-0.00024 value_loss=+0.38795 ratio=1.0437 kl=0.0105
update=5764 mean_reward=+59.6480 mean_length= 59.98 policy_loss=-0.00052 value_loss=+0.29823 ratio=1.0414 kl=0.0048
update=5765 mean_reward=+59.6350 mean_length= 59.97 policy_loss=+0.00014 value_loss=+0.45631 ratio=1.0520 kl=0.0165 | eval_reward=+59.7146 eval_length= 60.00
update=5766 mean_reward=+59.6496 mean_length= 59.99 policy_loss=+0.00158 value_loss=+0.22777 ratio=1.0487 kl=0.0146
update=5767 mean_reward=+59.6287 mean_length= 59.98 policy_loss=+0.00067 value_loss=+0.35885 ratio=1.0402 kl=0.0273
update=5768 mean_reward=+59.6312 mean_length= 59.97 policy_loss=+0.00077 value_loss=+0.38290 ratio=1.0484 kl=0.0232
update=5769 mean_reward=+59.6530 mean_length= 59.99 policy_loss=+0.00014 value_loss=+0.40186 ratio=1.0632 kl=0.0123
update=5770 mean_reward=+59.6224 mean_length= 59.96 policy_loss=-0.00017 value_loss=+0.71686 ratio=1.0564 kl=0.0131 | eval_reward=+59.7007 eval_length= 60.00
update=5771 mean_reward=+59.6337 mean_length= 59.97 policy_loss=+0.00003 value_loss=+0.43920 ratio=1.0596 kl=0.0170
update=5772 mean_reward=+59.5928 mean_length= 59.93 policy_loss=+0.00634 value_loss=+1.09209 ratio=1.1201 kl=0.0100
update=5773 mean_reward=+59.6245 mean_length= 59.96 policy_loss=+0.00193 value_loss=+0.73245 ratio=1.0595 kl=0.0192
update=5774 mean_reward=+59.6343 mean_length= 59.97 policy_loss=+0.00030 value_loss=+0.49341 ratio=1.0701 kl=0.0123
update=5775 mean_reward=+59.6167 mean_length= 59.97 policy_loss=+0.00060 value_loss=+0.43392 ratio=1.0474 kl=0.0224 | eval_reward=+59.7299 eval_length= 60.00
update=5776 mean_reward=+59.6203 mean_length= 59.97 policy_loss=+0.00215 value_loss=+0.53779 ratio=1.0496 kl=0.0242
update=5777 mean_reward=+59.6048 mean_length= 59.96 policy_loss=-0.00083 value_loss=+0.54258 ratio=1.0763 kl=0.0081
update=5778 mean_reward=+59.6375 mean_length= 59.98 policy_loss=+0.00025 value_loss=+0.29132 ratio=1.0462 kl=0.0161
update=5779 mean_reward=+59.6485 mean_length= 59.99 policy_loss=+0.00008 value_loss=+0.23748 ratio=1.0559 kl=0.0145
update=5780 mean_reward=+59.6363 mean_length= 59.98 policy_loss=+0.00191 value_loss=+0.34326 ratio=1.0489 kl=0.0302 | eval_reward=+59.7124 eval_length= 60.00
update=5781 mean_reward=+59.6205 mean_length= 59.97 policy_loss=+0.00061 value_loss=+0.36519 ratio=1.0592 kl=0.0169
update=5782 mean_reward=+59.6354 mean_length= 59.97 policy_loss=+0.00071 value_loss=+0.44103 ratio=1.0528 kl=0.0266
update=5783 mean_reward=+59.6619 mean_length= 60.00 policy_loss=+0.00120 value_loss=+0.05073 ratio=1.0614 kl=0.0068
update=5784 mean_reward=+59.6359 mean_length= 59.97 policy_loss=+0.01512 value_loss=+0.31959 ratio=1.2312 kl=0.0249
update=5785 mean_reward=+59.6225 mean_length= 59.97 policy_loss=+0.00145 value_loss=+0.52450 ratio=1.0782 kl=0.0214 | eval_reward=+59.7145 eval_length= 60.00
update=5786 mean_reward=+59.6414 mean_length= 59.99 policy_loss=+0.00187 value_loss=+0.24995 ratio=1.0944 kl=0.0140
update=5787 mean_reward=+59.6307 mean_length= 59.99 policy_loss=+0.00227 value_loss=+0.33770 ratio=1.0655 kl=0.0240
update=5788 mean_reward=+59.6233 mean_length= 59.99 policy_loss=+0.00256 value_loss=+0.23563 ratio=1.1142 kl=0.0187
update=5789 mean_reward=+59.6159 mean_length= 59.98 policy_loss=+0.00034 value_loss=+0.20022 ratio=1.0828 kl=0.0081
update=5790 mean_reward=+59.6247 mean_length= 59.99 policy_loss=+0.00393 value_loss=+0.16134 ratio=1.0750 kl=0.0227 | eval_reward=+59.6992 eval_length= 60.00
update=5791 mean_reward=+59.6201 mean_length= 59.98 policy_loss=+0.00243 value_loss=+0.35454 ratio=1.0608 kl=0.0255
update=5792 mean_reward=+59.6270 mean_length= 59.98 policy_loss=+0.00111 value_loss=+0.35389 ratio=1.0897 kl=0.0300
update=5793 mean_reward=+59.6219 mean_length= 59.97 policy_loss=-0.00048 value_loss=+0.63344 ratio=1.0681 kl=0.0021
update=5794 mean_reward=+59.6210 mean_length= 59.98 policy_loss=+0.00103 value_loss=+0.45682 ratio=1.0768 kl=0.0221
update=5795 mean_reward=+59.6287 mean_length= 59.98 policy_loss=+0.00112 value_loss=+0.19453 ratio=1.0686 kl=0.0227 | eval_reward=+59.7028 eval_length= 60.00
update=5796 mean_reward=+59.6197 mean_length= 59.97 policy_loss=+0.11445 value_loss=+0.41497 ratio=1.0772 kl=0.0234
update=5797 mean_reward=+59.6173 mean_length= 59.97 policy_loss=+0.00235 value_loss=+0.53992 ratio=1.1158 kl=0.0226
update=5798 mean_reward=+59.5897 mean_length= 59.95 policy_loss=+0.00381 value_loss=+0.87593 ratio=1.0679 kl=0.0187
update=5799 mean_reward=+59.6084 mean_length= 59.98 policy_loss=+0.00256 value_loss=+0.64002 ratio=1.0973 kl=0.0159
update=5800 mean_reward=+59.5865 mean_length= 59.96 policy_loss=+0.00164 value_loss=+0.74818 ratio=1.1297 kl=0.0183 | eval_reward=+59.6948 eval_length= 60.00
update=5801 mean_reward=+59.5926 mean_length= 59.97 policy_loss=-0.00021 value_loss=+0.56787 ratio=1.0841 kl=-0.0017
update=5802 mean_reward=+59.6110 mean_length= 59.98 policy_loss=+0.00386 value_loss=+0.48722 ratio=1.0846 kl=0.0075
update=5803 mean_reward=+59.6084 mean_length= 59.98 policy_loss=+0.00151 value_loss=+0.35432 ratio=1.0710 kl=0.0253
update=5804 mean_reward=+59.6187 mean_length= 59.99 policy_loss=+0.00225 value_loss=+0.10084 ratio=1.0565 kl=0.0081
update=5805 mean_reward=+59.6161 mean_length= 59.98 policy_loss=+0.00258 value_loss=+0.29476 ratio=1.0732 kl=0.0204 | eval_reward=+59.6998 eval_length= 60.00
update=5806 mean_reward=+59.6095 mean_length= 59.98 policy_loss=+0.00193 value_loss=+0.32202 ratio=1.0849 kl=0.0315
update=5807 mean_reward=+59.6112 mean_length= 59.98 policy_loss=+0.00104 value_loss=+0.21536 ratio=1.0759 kl=0.0102
update=5808 mean_reward=+59.6147 mean_length= 59.98 policy_loss=+0.00494 value_loss=+0.38365 ratio=1.0683 kl=0.0028
update=5809 mean_reward=+59.6123 mean_length= 59.98 policy_loss=+0.00328 value_loss=+0.38272 ratio=1.0652 kl=0.0168
update=5810 mean_reward=+59.5953 mean_length= 59.98 policy_loss=+0.00188 value_loss=+0.50407 ratio=1.0849 kl=0.0279 | eval_reward=+59.6986 eval_length= 60.00
update=5811 mean_reward=+59.5802 mean_length= 59.95 policy_loss=+0.00236 value_loss=+0.81309 ratio=1.1316 kl=0.0287
update=5812 mean_reward=+59.5795 mean_length= 59.95 policy_loss=-0.00012 value_loss=+0.81684 ratio=1.0714 kl=-0.0014
update=5813 mean_reward=+59.6083 mean_length= 59.98 policy_loss=+0.00103 value_loss=+0.41185 ratio=1.0671 kl=0.0230
update=5814 mean_reward=+59.6173 mean_length= 59.98 policy_loss=+0.00100 value_loss=+0.29338 ratio=1.0696 kl=0.0120
update=5815 mean_reward=+59.6150 mean_length= 59.98 policy_loss=+0.00008 value_loss=+0.33107 ratio=1.0743 kl=0.0100 | eval_reward=+59.7097 eval_length= 60.00
update=5816 mean_reward=+59.6249 mean_length= 59.98 policy_loss=-0.00009 value_loss=+0.27827 ratio=1.0935 kl=0.0007
update=5817 mean_reward=+59.6066 mean_length= 59.96 policy_loss=+0.00025 value_loss=+0.73141 ratio=1.1281 kl=0.0238
update=5818 mean_reward=+59.6131 mean_length= 59.98 policy_loss=+0.00184 value_loss=+0.32532 ratio=1.0656 kl=0.0249
update=5819 mean_reward=+59.5959 mean_length= 59.96 policy_loss=-0.00021 value_loss=+0.59267 ratio=1.1997 kl=0.0103
update=5820 mean_reward=+59.6034 mean_length= 59.97 policy_loss=+0.00082 value_loss=+0.35331 ratio=1.0732 kl=0.0088 | eval_reward=+59.7106 eval_length= 60.00
update=5821 mean_reward=+59.6183 mean_length= 59.97 policy_loss=+0.00085 value_loss=+0.40411 ratio=1.0704 kl=0.0174
update=5822 mean_reward=+59.6177 mean_length= 59.98 policy_loss=+0.00074 value_loss=+0.31028 ratio=1.0665 kl=0.0259
update=5823 mean_reward=+59.6097 mean_length= 59.97 policy_loss=+0.00074 value_loss=+0.34214 ratio=1.0825 kl=0.0136
update=5824 mean_reward=+59.6295 mean_length= 59.99 policy_loss=-0.00008 value_loss=+0.19957 ratio=1.0653 kl=0.0005
update=5825 mean_reward=+59.6099 mean_length= 59.97 policy_loss=-0.00006 value_loss=+0.38528 ratio=1.0578 kl=0.0153 | eval_reward=+59.7365 eval_length= 60.00
update=5826 mean_reward=+59.6257 mean_length= 59.98 policy_loss=-0.00035 value_loss=+0.33143 ratio=1.0584 kl=0.0039
update=5827 mean_reward=+59.6174 mean_length= 59.97 policy_loss=+0.00012 value_loss=+0.51745 ratio=1.0822 kl=0.0131
update=5828 mean_reward=+59.6217 mean_length= 59.97 policy_loss=+0.00025 value_loss=+0.40135 ratio=1.0714 kl=0.0077
update=5829 mean_reward=+59.6182 mean_length= 59.98 policy_loss=+0.00034 value_loss=+0.34127 ratio=1.0608 kl=0.0156
update=5830 mean_reward=+59.6369 mean_length= 59.99 policy_loss=+0.00013 value_loss=+0.26720 ratio=1.1020 kl=0.0034 | eval_reward=+59.7291 eval_length= 60.00
update=5831 mean_reward=+59.6308 mean_length= 59.98 policy_loss=+0.00221 value_loss=+0.31761 ratio=1.0640 kl=0.0112
update=5832 mean_reward=+59.5903 mean_length= 59.94 policy_loss=+0.00027 value_loss=+0.95276 ratio=1.0792 kl=0.0194
update=5833 mean_reward=+59.6268 mean_length= 59.98 policy_loss=-0.00023 value_loss=+0.40236 ratio=1.0635 kl=0.0007
update=5834 mean_reward=+59.6207 mean_length= 59.97 policy_loss=+0.00097 value_loss=+0.48101 ratio=1.0678 kl=0.0093
update=5835 mean_reward=+59.6223 mean_length= 59.97 policy_loss=-0.00008 value_loss=+0.56056 ratio=1.0634 kl=-0.0008 | eval_reward=+59.7337 eval_length= 60.00
update=5836 mean_reward=+59.6087 mean_length= 59.96 policy_loss=-0.00048 value_loss=+0.54374 ratio=1.0854 kl=0.0044
update=5837 mean_reward=+59.6125 mean_length= 59.97 policy_loss=-0.00018 value_loss=+0.58566 ratio=1.0666 kl=0.0013
update=5838 mean_reward=+59.6263 mean_length= 59.98 policy_loss=+0.00067 value_loss=+0.40833 ratio=1.0591 kl=0.0038
update=5839 mean_reward=+59.6256 mean_length= 59.98 policy_loss=+0.00020 value_loss=+0.34559 ratio=1.0952 kl=0.0129
update=5840 mean_reward=+59.6288 mean_length= 59.98 policy_loss=+0.00046 value_loss=+0.46138 ratio=1.0547 kl=0.0068 | eval_reward=+59.7318 eval_length= 60.00
update=5841 mean_reward=+59.6137 mean_length= 59.96 policy_loss=+0.00002 value_loss=+0.49222 ratio=1.0697 kl=0.0110
update=5842 mean_reward=+59.6090 mean_length= 59.97 policy_loss=+0.00060 value_loss=+0.43166 ratio=1.0887 kl=0.0225
update=5843 mean_reward=+59.6350 mean_length= 59.99 policy_loss=+0.00327 value_loss=+0.18708 ratio=1.0653 kl=0.0214
update=5844 mean_reward=+59.6149 mean_length= 59.97 policy_loss=+0.00090 value_loss=+0.44524 ratio=1.0546 kl=0.0169
update=5845 mean_reward=+59.6275 mean_length= 59.99 policy_loss=+0.00218 value_loss=+0.16438 ratio=1.0624 kl=0.0123 | eval_reward=+59.7020 eval_length= 60.00
update=5846 mean_reward=+59.6312 mean_length= 59.98 policy_loss=+0.00060 value_loss=+0.40614 ratio=1.0640 kl=0.0177
update=5847 mean_reward=+59.6018 mean_length= 59.96 policy_loss=-0.00010 value_loss=+0.61601 ratio=1.0934 kl=0.0038
update=5848 mean_reward=+59.6300 mean_length= 59.99 policy_loss=+0.00000 value_loss=+0.27142 ratio=1.0810 kl=-0.0002
update=5849 mean_reward=+59.5916 mean_length= 59.95 policy_loss=-0.00086 value_loss=+0.87690 ratio=1.1149 kl=0.0001
update=5850 mean_reward=+59.6171 mean_length= 59.97 policy_loss=+0.00017 value_loss=+0.47257 ratio=1.0580 kl=0.0109 | eval_reward=+59.7043 eval_length= 60.00
update=5851 mean_reward=+59.6343 mean_length= 59.99 policy_loss=+0.00171 value_loss=+0.12928 ratio=1.0877 kl=0.0099
update=5852 mean_reward=+59.6299 mean_length= 59.98 policy_loss=+0.00328 value_loss=+0.44031 ratio=1.0720 kl=0.0190
update=5853 mean_reward=+59.6013 mean_length= 59.95 policy_loss=+0.00676 value_loss=+0.67556 ratio=1.0887 kl=0.0116
update=5854 mean_reward=+59.6329 mean_length= 59.99 policy_loss=+0.00416 value_loss=+0.07374 ratio=1.1400 kl=0.0172
update=5855 mean_reward=+59.5623 mean_length= 59.94 policy_loss=+0.00214 value_loss=+0.83469 ratio=1.4422 kl=0.0167 | eval_reward=+59.7161 eval_length= 60.00
update=5856 mean_reward=+59.5625 mean_length= 59.97 policy_loss=+0.00043 value_loss=+0.45897 ratio=1.0758 kl=-0.0007
update=5857 mean_reward=+59.5771 mean_length= 59.97 policy_loss=+0.00002 value_loss=+0.45873 ratio=1.0854 kl=0.0204
update=5858 mean_reward=+59.5922 mean_length= 59.97 policy_loss=+0.14715 value_loss=+0.35714 ratio=1.3326 kl=0.0135
update=5859 mean_reward=+59.5619 mean_length= 59.94 policy_loss=+0.00106 value_loss=+0.77231 ratio=1.0790 kl=0.0120
update=5860 mean_reward=+59.5749 mean_length= 59.96 policy_loss=+0.00208 value_loss=+0.73055 ratio=1.0653 kl=0.0188 | eval_reward=+59.7256 eval_length= 60.00
update=5861 mean_reward=+59.5198 mean_length= 59.91 policy_loss=+0.00070 value_loss=+1.39686 ratio=1.0625 kl=0.0026
update=5862 mean_reward=+59.5470 mean_length= 59.94 policy_loss=-0.00052 value_loss=+0.95391 ratio=1.0644 kl=-0.0035
update=5863 mean_reward=+59.5685 mean_length= 59.96 policy_loss=-0.00035 value_loss=+0.75590 ratio=1.0659 kl=-0.0049
update=5864 mean_reward=+59.5478 mean_length= 59.93 policy_loss=+0.00026 value_loss=+1.14839 ratio=1.0607 kl=-0.0003
update=5865 mean_reward=+59.5864 mean_length= 59.96 policy_loss=-0.00057 value_loss=+0.60060 ratio=1.0689 kl=-0.0021 | eval_reward=+59.7318 eval_length= 60.00
update=5866 mean_reward=+59.5911 mean_length= 59.97 policy_loss=+0.00008 value_loss=+0.47659 ratio=1.0678 kl=0.0054
update=5867 mean_reward=+59.5834 mean_length= 59.96 policy_loss=+0.00074 value_loss=+0.49549 ratio=1.0906 kl=0.0114
update=5868 mean_reward=+59.6207 mean_length= 59.99 policy_loss=+0.00127 value_loss=+0.14983 ratio=1.0687 kl=0.0111
update=5869 mean_reward=+59.5997 mean_length= 59.97 policy_loss=+0.00171 value_loss=+0.46411 ratio=1.0606 kl=0.0199
update=5870 mean_reward=+59.6189 mean_length= 59.98 policy_loss=+0.00111 value_loss=+0.18992 ratio=1.0778 kl=0.0142 | eval_reward=+59.7272 eval_length= 60.00
update=5871 mean_reward=+59.5852 mean_length= 59.95 policy_loss=+0.00215 value_loss=+0.54417 ratio=1.0662 kl=0.0113
update=5872 mean_reward=+59.5393 mean_length= 59.92 policy_loss=+0.00091 value_loss=+1.06574 ratio=1.0614 kl=0.0067
update=5873 mean_reward=+59.6001 mean_length= 59.97 policy_loss=+0.00040 value_loss=+0.33544 ratio=1.0746 kl=0.0056
update=5874 mean_reward=+59.5637 mean_length= 59.94 policy_loss=-0.00033 value_loss=+0.83573 ratio=1.0768 kl=0.0006
update=5875 mean_reward=+59.5802 mean_length= 59.95 policy_loss=-0.00076 value_loss=+0.85079 ratio=1.2102 kl=0.0003 | eval_reward=+59.7240 eval_length= 60.00
update=5876 mean_reward=+59.6161 mean_length= 59.99 policy_loss=+0.00094 value_loss=+0.16500 ratio=1.0616 kl=0.0037
update=5877 mean_reward=+59.6103 mean_length= 59.98 policy_loss=+0.00656 value_loss=+0.33515 ratio=1.0761 kl=0.0184
update=5878 mean_reward=+59.5702 mean_length= 59.94 policy_loss=+0.00078 value_loss=+0.84184 ratio=1.1116 kl=0.0196
update=5879 mean_reward=+59.6063 mean_length= 59.96 policy_loss=+0.00067 value_loss=+0.65250 ratio=1.0685 kl=0.0216
update=5880 mean_reward=+59.6091 mean_length= 59.97 policy_loss=+0.00229 value_loss=+0.43355 ratio=1.0675 kl=0.0126 | eval_reward=+59.7325 eval_length= 60.00
update=5881 mean_reward=+59.5898 mean_length= 59.96 policy_loss=+0.00247 value_loss=+0.69228 ratio=1.1345 kl=0.0202
update=5882 mean_reward=+59.5508 mean_length= 59.94 policy_loss=-0.00008 value_loss=+0.98475 ratio=1.0602 kl=0.0053
update=5883 mean_reward=+59.5556 mean_length= 59.95 policy_loss=-0.00023 value_loss=+0.68176 ratio=1.0559 kl=0.0050
update=5884 mean_reward=+59.6123 mean_length= 59.99 policy_loss=+0.00042 value_loss=+0.24331 ratio=1.0584 kl=0.0020
update=5885 mean_reward=+59.5810 mean_length= 59.96 policy_loss=-0.00069 value_loss=+0.70639 ratio=1.0589 kl=-0.0003 | eval_reward=+59.7054 eval_length= 60.00
update=5886 mean_reward=+59.5972 mean_length= 59.97 policy_loss=-0.00054 value_loss=+0.52337 ratio=1.0559 kl=0.0014
update=5887 mean_reward=+59.5965 mean_length= 59.97 policy_loss=-0.00060 value_loss=+0.52580 ratio=1.0629 kl=0.0019
update=5888 mean_reward=+59.5774 mean_length= 59.95 policy_loss=+0.00009 value_loss=+0.61378 ratio=1.0889 kl=0.0049
update=5889 mean_reward=+59.6259 mean_length= 59.99 policy_loss=+0.00248 value_loss=+0.16756 ratio=1.0506 kl=0.0215
update=5890 mean_reward=+59.5970 mean_length= 59.97 policy_loss=+0.00089 value_loss=+0.50019 ratio=1.0601 kl=0.0213 | eval_reward=+59.7014 eval_length= 60.00
update=5891 mean_reward=+59.5894 mean_length= 59.96 policy_loss=-0.00044 value_loss=+0.69222 ratio=1.0638 kl=0.0028
update=5892 mean_reward=+59.6024 mean_length= 59.97 policy_loss=+0.00049 value_loss=+0.45293 ratio=1.0819 kl=0.0153
update=5893 mean_reward=+59.6286 mean_length= 59.99 policy_loss=-0.00001 value_loss=+0.27466 ratio=1.0502 kl=0.0078
update=5894 mean_reward=+59.6216 mean_length= 59.99 policy_loss=+0.00559 value_loss=+0.28237 ratio=1.0468 kl=0.0213
update=5895 mean_reward=+59.6065 mean_length= 59.98 policy_loss=+0.00222 value_loss=+0.56596 ratio=1.0503 kl=0.0170 | eval_reward=+59.7090 eval_length= 60.00
update=5896 mean_reward=+59.5720 mean_length= 59.96 policy_loss=+0.00078 value_loss=+0.55353 ratio=1.0710 kl=0.0193
update=5897 mean_reward=+59.5618 mean_length= 59.94 policy_loss=+0.00040 value_loss=+1.14643 ratio=1.0547 kl=0.0034
update=5898 mean_reward=+59.5784 mean_length= 59.96 policy_loss=-0.00019 value_loss=+0.70304 ratio=1.0895 kl=-0.0023
update=5899 mean_reward=+59.5780 mean_length= 59.96 policy_loss=-0.00040 value_loss=+0.69507 ratio=1.0787 kl=-0.0033
update=5900 mean_reward=+59.5329 mean_length= 59.92 policy_loss=-0.00029 value_loss=+1.03737 ratio=1.0580 kl=0.0028 | eval_reward=+59.6940 eval_length= 60.00
update=5901 mean_reward=+59.5748 mean_length= 59.95 policy_loss=-0.00038 value_loss=+0.78586 ratio=1.0563 kl=0.0070
update=5902 mean_reward=+59.5789 mean_length= 59.95 policy_loss=+0.00008 value_loss=+0.65351 ratio=1.0567 kl=0.0066
update=5903 mean_reward=+59.5693 mean_length= 59.94 policy_loss=-0.00064 value_loss=+0.85336 ratio=1.0963 kl=-0.0005
update=5904 mean_reward=+59.6047 mean_length= 59.98 policy_loss=+0.00111 value_loss=+0.31777 ratio=1.0536 kl=0.0107
update=5905 mean_reward=+59.5261 mean_length= 59.91 policy_loss=+0.00193 value_loss=+1.36453 ratio=1.0750 kl=0.0156 | eval_reward=+59.7050 eval_length= 60.00
update=5906 mean_reward=+59.5985 mean_length= 59.96 policy_loss=+0.00064 value_loss=+0.48741 ratio=1.0577 kl=0.0091
update=5907 mean_reward=+59.5795 mean_length= 59.95 policy_loss=-0.00057 value_loss=+0.67807 ratio=1.0535 kl=0.0075
update=5908 mean_reward=+59.5952 mean_length= 59.96 policy_loss=-0.00051 value_loss=+0.54725 ratio=1.0638 kl=0.0019
update=5909 mean_reward=+59.6122 mean_length= 59.97 policy_loss=+0.00021 value_loss=+0.43820 ratio=1.0786 kl=0.0121
update=5910 mean_reward=+59.5975 mean_length= 59.97 policy_loss=+0.00033 value_loss=+0.38830 ratio=1.0521 kl=0.0072 | eval_reward=+59.6972 eval_length= 60.00
update=5911 mean_reward=+59.6079 mean_length= 59.97 policy_loss=-0.00067 value_loss=+0.53822 ratio=1.0538 kl=0.0050
update=5912 mean_reward=+59.5951 mean_length= 59.96 policy_loss=-0.00041 value_loss=+0.74435 ratio=1.0605 kl=0.0009
update=5913 mean_reward=+59.6164 mean_length= 59.98 policy_loss=+0.00082 value_loss=+0.33914 ratio=1.0513 kl=0.0113
update=5914 mean_reward=+59.6015 mean_length= 59.97 policy_loss=+0.00001 value_loss=+0.50205 ratio=1.0538 kl=0.0096
update=5915 mean_reward=+59.5826 mean_length= 59.95 policy_loss=-0.00010 value_loss=+0.85862 ratio=1.0556 kl=0.0045 | eval_reward=+59.6974 eval_length= 60.00
update=5916 mean_reward=+59.5976 mean_length= 59.96 policy_loss=+0.00349 value_loss=+0.50525 ratio=1.0619 kl=0.0134
update=5917 mean_reward=+59.5963 mean_length= 59.97 policy_loss=+0.00094 value_loss=+0.41592 ratio=1.0504 kl=0.0187
update=5918 mean_reward=+59.6203 mean_length= 59.99 policy_loss=+0.00166 value_loss=+0.22673 ratio=1.0603 kl=0.0214
update=5919 mean_reward=+59.5835 mean_length= 59.96 policy_loss=+0.00071 value_loss=+0.77214 ratio=1.1318 kl=0.0249
update=5920 mean_reward=+59.5924 mean_length= 59.95 policy_loss=-0.00043 value_loss=+0.65491 ratio=1.0770 kl=0.0018 | eval_reward=+59.7130 eval_length= 60.00
update=5921 mean_reward=+59.6120 mean_length= 59.97 policy_loss=+0.00024 value_loss=+0.41852 ratio=1.0656 kl=0.0175
update=5922 mean_reward=+59.5897 mean_length= 59.96 policy_loss=-0.00040 value_loss=+0.71861 ratio=1.0685 kl=0.0111
update=5923 mean_reward=+59.5998 mean_length= 59.96 policy_loss=+0.00022 value_loss=+0.60180 ratio=1.0687 kl=0.0081
update=5924 mean_reward=+59.6032 mean_length= 59.97 policy_loss=+0.00004 value_loss=+0.52037 ratio=1.0546 kl=0.0077
update=5925 mean_reward=+59.6236 mean_length= 59.99 policy_loss=+0.00629 value_loss=+0.18643 ratio=1.0671 kl=0.0289 | eval_reward=+59.7022 eval_length= 60.00
update=5926 mean_reward=+59.6235 mean_length= 59.98 policy_loss=+0.00005 value_loss=+0.41983 ratio=1.0886 kl=0.0150
update=5927 mean_reward=+59.5994 mean_length= 59.96 policy_loss=+0.00359 value_loss=+0.86456 ratio=1.0458 kl=0.0229
update=5928 mean_reward=+59.5765 mean_length= 59.94 policy_loss=+0.00369 value_loss=+1.17568 ratio=1.0501 kl=0.0217
update=5929 mean_reward=+59.5232 mean_length= 59.90 policy_loss=+0.00030 value_loss=+1.78178 ratio=1.0831 kl=0.0058
update=5930 mean_reward=+59.5592 mean_length= 59.94 policy_loss=-0.00046 value_loss=+1.10884 ratio=1.0552 kl=0.0015 | eval_reward=+59.6952 eval_length= 60.00
update=5931 mean_reward=+59.5987 mean_length= 59.97 policy_loss=+0.03836 value_loss=+0.85183 ratio=1.1196 kl=0.0049
update=5932 mean_reward=+59.5691 mean_length= 59.95 policy_loss=+0.00612 value_loss=+0.84380 ratio=1.0473 kl=0.0667
update=5933 mean_reward=+59.5475 mean_length= 59.95 policy_loss=-0.00083 value_loss=+0.59069 ratio=1.0471 kl=0.0316
update=5934 mean_reward=+59.5159 mean_length= 59.95 policy_loss=+0.00142 value_loss=+0.76880 ratio=1.0603 kl=0.0329
update=5935 mean_reward=+59.4829 mean_length= 59.96 policy_loss=+0.00423 value_loss=+0.59973 ratio=1.0760 kl=0.0216 | eval_reward=+59.7027 eval_length= 60.00
update=5936 mean_reward=+59.4438 mean_length= 59.97 policy_loss=+0.00111 value_loss=+0.44452 ratio=1.0906 kl=0.0123
update=5937 mean_reward=+59.4563 mean_length= 59.97 policy_loss=+0.00311 value_loss=+0.55546 ratio=1.0644 kl=0.0258
update=5938 mean_reward=+59.5083 mean_length= 59.98 policy_loss=+0.00223 value_loss=+0.42380 ratio=1.0505 kl=0.0136
update=5939 mean_reward=+59.5142 mean_length= 59.99 policy_loss=+0.00809 value_loss=+0.21317 ratio=1.0738 kl=0.0152
update=5940 mean_reward=+59.5104 mean_length= 59.97 policy_loss=+0.00570 value_loss=+0.47940 ratio=1.0490 kl=0.0305 | eval_reward=+59.7186 eval_length= 60.00
update=5941 mean_reward=+59.4829 mean_length= 59.96 policy_loss=+0.00294 value_loss=+0.66782 ratio=1.0583 kl=0.0243
update=5942 mean_reward=+59.5179 mean_length= 59.98 policy_loss=+0.00447 value_loss=+0.46806 ratio=1.0443 kl=0.0177
update=5943 mean_reward=+59.5127 mean_length= 59.96 policy_loss=+0.00181 value_loss=+0.45839 ratio=1.0637 kl=0.0183
update=5944 mean_reward=+59.5649 mean_length= 59.99 policy_loss=+0.00122 value_loss=+0.30354 ratio=1.0489 kl=0.0058
update=5945 mean_reward=+59.5753 mean_length= 59.99 policy_loss=+0.00151 value_loss=+0.23560 ratio=1.0426 kl=0.0144 | eval_reward=+59.7170 eval_length= 60.00
update=5946 mean_reward=+59.5758 mean_length= 59.98 policy_loss=+0.00119 value_loss=+0.20388 ratio=1.1068 kl=0.0129
update=5947 mean_reward=+59.5749 mean_length= 59.98 policy_loss=+0.00112 value_loss=+0.40105 ratio=1.0683 kl=0.0132
update=5948 mean_reward=+59.5746 mean_length= 59.97 policy_loss=-0.00021 value_loss=+0.44340 ratio=1.0441 kl=0.0060
update=5949 mean_reward=+59.5945 mean_length= 59.98 policy_loss=+0.00019 value_loss=+0.41475 ratio=1.0857 kl=0.0093
update=5950 mean_reward=+59.5973 mean_length= 60.00 policy_loss=+0.00031 value_loss=+0.08871 ratio=1.0444 kl=-0.0013 | eval_reward=+59.7220 eval_length= 60.00
update=5951 mean_reward=+59.5860 mean_length= 59.97 policy_loss=-0.00050 value_loss=+0.44351 ratio=1.0407 kl=0.0031
update=5952 mean_reward=+59.5944 mean_length= 59.97 policy_loss=+0.00018 value_loss=+0.42518 ratio=1.0848 kl=0.0153
update=5953 mean_reward=+59.6038 mean_length= 59.99 policy_loss=-0.00037 value_loss=+0.28581 ratio=1.0487 kl=0.0061
update=5954 mean_reward=+59.6065 mean_length= 59.98 policy_loss=-0.00015 value_loss=+0.50694 ratio=1.0375 kl=0.0089
update=5955 mean_reward=+59.5867 mean_length= 59.96 policy_loss=+0.00015 value_loss=+0.61788 ratio=1.0437 kl=0.0096 | eval_reward=+59.7046 eval_length= 60.00
update=5956 mean_reward=+59.5996 mean_length= 59.98 policy_loss=+0.00098 value_loss=+0.37625 ratio=1.0382 kl=0.0241
update=5957 mean_reward=+59.6080 mean_length= 59.98 policy_loss=+0.00018 value_loss=+0.31959 ratio=1.0567 kl=0.0093
update=5958 mean_reward=+59.5837 mean_length= 59.96 policy_loss=-0.00103 value_loss=+0.65502 ratio=1.0518 kl=0.0033
update=5959 mean_reward=+59.6070 mean_length= 59.98 policy_loss=+0.00830 value_loss=+0.34774 ratio=1.0666 kl=0.0094
update=5960 mean_reward=+59.6023 mean_length= 59.98 policy_loss=+0.00072 value_loss=+0.21170 ratio=1.0360 kl=0.0120 | eval_reward=+59.7105 eval_length= 60.00
update=5961 mean_reward=+59.5765 mean_length= 59.96 policy_loss=+0.00077 value_loss=+0.68716 ratio=1.0526 kl=0.0200
update=5962 mean_reward=+59.5904 mean_length= 59.97 policy_loss=+0.00076 value_loss=+0.55144 ratio=1.0717 kl=0.0119
update=5963 mean_reward=+59.6197 mean_length= 59.99 policy_loss=+0.00045 value_loss=+0.25213 ratio=1.0387 kl=0.0093
update=5964 mean_reward=+59.6143 mean_length= 59.99 policy_loss=+0.00051 value_loss=+0.38391 ratio=1.0396 kl=0.0184
update=5965 mean_reward=+59.6023 mean_length= 59.98 policy_loss=+0.01189 value_loss=+0.31401 ratio=1.0500 kl=0.0185 | eval_reward=+59.7307 eval_length= 60.00
update=5966 mean_reward=+59.5979 mean_length= 59.99 policy_loss=+0.00184 value_loss=+0.23123 ratio=1.0494 kl=0.0255
update=5967 mean_reward=+59.5763 mean_length= 59.96 policy_loss=+0.00087 value_loss=+0.60171 ratio=1.2450 kl=0.0194
update=5968 mean_reward=+59.5838 mean_length= 59.97 policy_loss=+0.00116 value_loss=+0.62055 ratio=1.0499 kl=0.0214
update=5969 mean_reward=+59.5980 mean_length= 59.99 policy_loss=+0.00014 value_loss=+0.42128 ratio=1.0437 kl=0.0149
update=5970 mean_reward=+59.6089 mean_length= 59.98 policy_loss=+0.00069 value_loss=+0.34697 ratio=1.0418 kl=0.0143 | eval_reward=+59.7336 eval_length= 60.00
update=5971 mean_reward=+59.5955 mean_length= 59.98 policy_loss=-0.00033 value_loss=+0.37686 ratio=1.0325 kl=0.0044
update=5972 mean_reward=+59.5778 mean_length= 59.96 policy_loss=+0.00017 value_loss=+0.62230 ratio=1.0361 kl=0.0090
update=5973 mean_reward=+59.5961 mean_length= 59.97 policy_loss=+0.00079 value_loss=+0.43337 ratio=1.0381 kl=0.0184
update=5974 mean_reward=+59.6161 mean_length= 59.99 policy_loss=+0.00063 value_loss=+0.22740 ratio=1.0820 kl=0.0240
update=5975 mean_reward=+59.6274 mean_length= 59.99 policy_loss=+0.00007 value_loss=+0.33064 ratio=1.0452 kl=0.0156 | eval_reward=+59.7320 eval_length= 60.00
update=5976 mean_reward=+59.5876 mean_length= 59.97 policy_loss=-0.00025 value_loss=+0.50379 ratio=1.0348 kl=0.0178
update=5977 mean_reward=+59.5989 mean_length= 59.97 policy_loss=-0.00051 value_loss=+0.67528 ratio=1.0624 kl=0.0075
update=5978 mean_reward=+59.6078 mean_length= 59.98 policy_loss=+0.00066 value_loss=+0.26853 ratio=1.0393 kl=0.0139
update=5979 mean_reward=+59.6192 mean_length= 59.98 policy_loss=+0.00127 value_loss=+0.24219 ratio=1.0474 kl=0.0198
update=5980 mean_reward=+59.6008 mean_length= 59.97 policy_loss=-0.00035 value_loss=+0.47721 ratio=1.0322 kl=0.0167 | eval_reward=+59.7218 eval_length= 60.00
update=5981 mean_reward=+59.6107 mean_length= 59.98 policy_loss=+0.00088 value_loss=+0.47035 ratio=1.0374 kl=0.0213
update=5982 mean_reward=+59.5975 mean_length= 59.97 policy_loss=-0.00034 value_loss=+0.60736 ratio=1.0378 kl=0.0080
update=5983 mean_reward=+59.6126 mean_length= 59.98 policy_loss=+0.00016 value_loss=+0.54677 ratio=1.0594 kl=0.0109
update=5984 mean_reward=+59.6013 mean_length= 59.97 policy_loss=-0.00036 value_loss=+0.50947 ratio=1.1120 kl=0.0134
update=5985 mean_reward=+59.6109 mean_length= 59.98 policy_loss=+0.00005 value_loss=+0.37614 ratio=1.0414 kl=0.0040 | eval_reward=+59.6903 eval_length= 60.00
update=5986 mean_reward=+59.6136 mean_length= 59.99 policy_loss=-0.00022 value_loss=+0.34570 ratio=1.0354 kl=0.0044
update=5987 mean_reward=+59.6226 mean_length= 59.99 policy_loss=+0.00171 value_loss=+0.10512 ratio=1.0576 kl=0.0161
update=5988 mean_reward=+59.6066 mean_length= 59.98 policy_loss=-0.00022 value_loss=+0.39826 ratio=1.0322 kl=0.0161
update=5989 mean_reward=+59.6176 mean_length= 59.98 policy_loss=+0.00087 value_loss=+0.32092 ratio=1.0443 kl=0.0213
update=5990 mean_reward=+59.5972 mean_length= 59.97 policy_loss=+0.00048 value_loss=+0.63170 ratio=1.0772 kl=0.0226 | eval_reward=+59.7281 eval_length= 60.00
update=5991 mean_reward=+59.6122 mean_length= 59.98 policy_loss=+0.00207 value_loss=+0.31116 ratio=1.0532 kl=0.0202
update=5992 mean_reward=+59.5931 mean_length= 59.96 policy_loss=+0.00166 value_loss=+0.62894 ratio=1.0353 kl=0.0180
update=5993 mean_reward=+59.6181 mean_length= 59.98 policy_loss=+0.00183 value_loss=+0.27174 ratio=1.0355 kl=0.0243
update=5994 mean_reward=+59.5993 mean_length= 59.96 policy_loss=-0.00058 value_loss=+0.76869 ratio=1.0444 kl=0.0065
update=5995 mean_reward=+59.6099 mean_length= 59.98 policy_loss=-0.00041 value_loss=+0.40456 ratio=1.0492 kl=0.0072 | eval_reward=+59.7327 eval_length= 60.00
update=5996 mean_reward=+59.6424 mean_length= 60.00 policy_loss=+0.00309 value_loss=+0.10339 ratio=1.1055 kl=0.0231
update=5997 mean_reward=+59.6204 mean_length= 59.98 policy_loss=+0.00185 value_loss=+0.49915 ratio=1.0612 kl=0.0279
update=5998 mean_reward=+59.6023 mean_length= 59.97 policy_loss=+0.00045 value_loss=+0.67796 ratio=1.0364 kl=0.0197
update=5999 mean_reward=+59.5862 mean_length= 59.96 policy_loss=+0.00024 value_loss=+0.86643 ratio=1.0504 kl=0.0262
update=6000 mean_reward=+59.6042 mean_length= 59.96 policy_loss=-0.00095 value_loss=+0.67296 ratio=1.0653 kl=0.0004 | eval_reward=+59.7471 eval_length= 60.00
update=6001 mean_reward=+59.6020 mean_length= 59.97 policy_loss=-0.00038 value_loss=+0.62486 ratio=1.0401 kl=0.0177
update=6002 mean_reward=+59.5977 mean_length= 59.97 policy_loss=-0.00018 value_loss=+0.73134 ratio=1.0470 kl=0.0041
update=6003 mean_reward=+59.6075 mean_length= 59.97 policy_loss=-0.00069 value_loss=+0.47148 ratio=1.0517 kl=0.0017
update=6004 mean_reward=+59.6049 mean_length= 59.97 policy_loss=-0.00051 value_loss=+0.54010 ratio=1.0343 kl=0.0068
update=6005 mean_reward=+59.6072 mean_length= 59.97 policy_loss=+0.00006 value_loss=+0.45782 ratio=1.0938 kl=0.0050 | eval_reward=+59.7291 eval_length= 60.00
update=6006 mean_reward=+59.6123 mean_length= 59.98 policy_loss=-0.00047 value_loss=+0.35554 ratio=1.0540 kl=0.0083
update=6007 mean_reward=+59.6178 mean_length= 59.98 policy_loss=+0.00036 value_loss=+0.39959 ratio=1.0402 kl=0.0202
update=6008 mean_reward=+59.6098 mean_length= 59.98 policy_loss=+0.00029 value_loss=+0.43459 ratio=1.0400 kl=0.0165
update=6009 mean_reward=+59.5974 mean_length= 59.95 policy_loss=-0.00063 value_loss=+0.73619 ratio=1.0643 kl=0.0093
update=6010 mean_reward=+59.6203 mean_length= 59.98 policy_loss=+0.00046 value_loss=+0.30227 ratio=1.0635 kl=0.0078 | eval_reward=+59.7043 eval_length= 60.00
update=6011 mean_reward=+59.6169 mean_length= 59.98 policy_loss=-0.00007 value_loss=+0.36258 ratio=1.0672 kl=0.0153
update=6012 mean_reward=+59.6009 mean_length= 59.96 policy_loss=-0.00078 value_loss=+0.67147 ratio=1.0463 kl=0.0040
update=6013 mean_reward=+59.6346 mean_length= 59.99 policy_loss=+0.00077 value_loss=+0.23129 ratio=1.0586 kl=0.0182
update=6014 mean_reward=+59.6198 mean_length= 59.98 policy_loss=+0.00166 value_loss=+0.33771 ratio=1.0540 kl=0.0264
update=6015 mean_reward=+59.6141 mean_length= 59.97 policy_loss=+0.00010 value_loss=+0.52788 ratio=1.0468 kl=0.0111 | eval_reward=+59.7010 eval_length= 60.00
update=6016 mean_reward=+59.6264 mean_length= 59.98 policy_loss=+0.00032 value_loss=+0.28865 ratio=1.0558 kl=0.0139
update=6017 mean_reward=+59.6204 mean_length= 59.98 policy_loss=+0.00052 value_loss=+0.35683 ratio=1.0500 kl=0.0201
update=6018 mean_reward=+59.6261 mean_length= 59.98 policy_loss=+0.00158 value_loss=+0.46787 ratio=1.0636 kl=0.0246
update=6019 mean_reward=+59.6233 mean_length= 59.99 policy_loss=+0.00044 value_loss=+0.38169 ratio=1.1081 kl=0.0091
update=6020 mean_reward=+59.6361 mean_length= 59.99 policy_loss=+0.00137 value_loss=+0.17117 ratio=1.0532 kl=0.0168 | eval_reward=+59.7417 eval_length= 60.00
update=6021 mean_reward=+59.6217 mean_length= 59.98 policy_loss=+0.00179 value_loss=+0.38415 ratio=1.0367 kl=0.0161
update=6022 mean_reward=+59.6439 mean_length= 60.00 policy_loss=+0.00183 value_loss=+0.15871 ratio=1.1133 kl=0.0228
update=6023 mean_reward=+59.6277 mean_length= 59.98 policy_loss=+0.00109 value_loss=+0.23067 ratio=1.0716 kl=0.0170
update=6024 mean_reward=+59.6091 mean_length= 59.96 policy_loss=-0.00054 value_loss=+0.73250 ratio=1.0444 kl=0.0059
update=6025 mean_reward=+59.6324 mean_length= 59.98 policy_loss=+0.00127 value_loss=+0.26399 ratio=1.0571 kl=0.0154 | eval_reward=+59.7087 eval_length= 60.00
update=6026 mean_reward=+59.6369 mean_length= 59.99 policy_loss=+0.00149 value_loss=+0.17404 ratio=1.0674 kl=0.0234
update=6027 mean_reward=+59.6274 mean_length= 59.98 policy_loss=+0.00044 value_loss=+0.30228 ratio=1.0563 kl=0.0292
update=6028 mean_reward=+59.6210 mean_length= 59.98 policy_loss=+0.00011 value_loss=+0.35066 ratio=1.1337 kl=0.0124
update=6029 mean_reward=+59.6365 mean_length= 59.99 policy_loss=+0.00081 value_loss=+0.16857 ratio=1.0467 kl=0.0105
update=6030 mean_reward=+59.6319 mean_length= 59.98 policy_loss=+0.00169 value_loss=+0.20823 ratio=1.0395 kl=0.0191 | eval_reward=+59.7146 eval_length= 60.00
update=6031 mean_reward=+59.6413 mean_length= 59.99 policy_loss=+0.00322 value_loss=+0.04985 ratio=1.2158 kl=0.0192
update=6032 mean_reward=+59.6073 mean_length= 59.96 policy_loss=+0.00134 value_loss=+0.50297 ratio=1.0419 kl=0.0188
update=6033 mean_reward=+59.6168 mean_length= 59.97 policy_loss=-0.00009 value_loss=+0.44446 ratio=1.1529 kl=0.0171
update=6034 mean_reward=+59.6137 mean_length= 59.97 policy_loss=+0.00050 value_loss=+0.50043 ratio=1.0502 kl=0.0083
update=6035 mean_reward=+59.6256 mean_length= 59.98 policy_loss=+0.00196 value_loss=+0.28039 ratio=1.0494 kl=0.0133 | eval_reward=+59.7148 eval_length= 60.00
update=6036 mean_reward=+59.5692 mean_length= 59.93 policy_loss=+0.00125 value_loss=+0.87454 ratio=1.0582 kl=0.0328
update=6037 mean_reward=+59.5344 mean_length= 59.90 policy_loss=+0.00040 value_loss=+1.27715 ratio=1.0463 kl=0.0020
update=6038 mean_reward=+59.5937 mean_length= 59.96 policy_loss=-0.00067 value_loss=+0.57860 ratio=1.0473 kl=0.0011
update=6039 mean_reward=+59.5971 mean_length= 59.96 policy_loss=+0.00356 value_loss=+0.47569 ratio=1.0518 kl=0.0226
update=6040 mean_reward=+59.5619 mean_length= 59.93 policy_loss=-0.00055 value_loss=+0.95249 ratio=1.0467 kl=0.0104 | eval_reward=+59.7215 eval_length= 60.00
update=6041 mean_reward=+59.5742 mean_length= 59.94 policy_loss=-0.00086 value_loss=+0.78859 ratio=1.1002 kl=0.0078
update=6042 mean_reward=+59.5904 mean_length= 59.95 policy_loss=-0.00006 value_loss=+0.60603 ratio=1.0472 kl=0.0164
update=6043 mean_reward=+59.5639 mean_length= 59.93 policy_loss=+0.00727 value_loss=+0.94045 ratio=1.1232 kl=0.0280
update=6044 mean_reward=+59.5906 mean_length= 59.95 policy_loss=-0.00027 value_loss=+0.46169 ratio=1.0848 kl=0.0029
update=6045 mean_reward=+59.6136 mean_length= 59.98 policy_loss=+0.03787 value_loss=+0.41768 ratio=1.2217 kl=0.0126 | eval_reward=+59.7121 eval_length= 60.00
update=6046 mean_reward=+59.6145 mean_length= 59.98 policy_loss=+0.00174 value_loss=+0.31019 ratio=1.0493 kl=0.0201
update=6047 mean_reward=+59.5856 mean_length= 59.96 policy_loss=+0.00278 value_loss=+0.64125 ratio=1.0580 kl=0.0126
update=6048 mean_reward=+59.5395 mean_length= 59.92 policy_loss=+0.00152 value_loss=+0.93265 ratio=1.0599 kl=0.0158
update=6049 mean_reward=+59.5172 mean_length= 59.94 policy_loss=+0.00125 value_loss=+0.79291 ratio=1.0538 kl=0.0204
update=6050 mean_reward=+59.5501 mean_length= 59.96 policy_loss=+0.00061 value_loss=+0.39173 ratio=1.0546 kl=0.0106 | eval_reward=+59.6835 eval_length= 60.00
update=6051 mean_reward=+59.5474 mean_length= 59.96 policy_loss=+0.00195 value_loss=+0.54404 ratio=1.0517 kl=0.0228
update=6052 mean_reward=+59.5667 mean_length= 59.98 policy_loss=+0.00111 value_loss=+0.39399 ratio=1.0561 kl=0.0095
update=6053 mean_reward=+59.5502 mean_length= 59.95 policy_loss=+0.00256 value_loss=+0.59336 ratio=1.0512 kl=0.0218
update=6054 mean_reward=+59.5266 mean_length= 59.93 policy_loss=+0.00923 value_loss=+0.90316 ratio=1.0530 kl=0.0241
update=6055 mean_reward=+59.5687 mean_length= 59.98 policy_loss=+0.00220 value_loss=+0.46584 ratio=1.0582 kl=0.0247 | eval_reward=+59.7136 eval_length= 60.00
update=6056 mean_reward=+59.5665 mean_length= 59.98 policy_loss=+0.00044 value_loss=+0.26616 ratio=1.0496 kl=0.0047
update=6057 mean_reward=+59.5724 mean_length= 59.98 policy_loss=+0.00093 value_loss=+0.29740 ratio=1.0453 kl=0.0172
update=6058 mean_reward=+59.5596 mean_length= 59.97 policy_loss=+0.00038 value_loss=+0.32616 ratio=1.0442 kl=0.0104
update=6059 mean_reward=+59.5522 mean_length= 59.95 policy_loss=+0.00106 value_loss=+0.59811 ratio=1.0767 kl=0.0241
update=6060 mean_reward=+59.5864 mean_length= 59.99 policy_loss=+0.00200 value_loss=+0.16778 ratio=1.0526 kl=0.0115 | eval_reward=+59.7221 eval_length= 60.00
update=6061 mean_reward=+59.5498 mean_length= 59.94 policy_loss=+0.00069 value_loss=+0.63933 ratio=1.0662 kl=0.0227
update=6062 mean_reward=+59.5604 mean_length= 59.96 policy_loss=+0.00062 value_loss=+0.43596 ratio=1.0661 kl=0.0088
update=6063 mean_reward=+59.5532 mean_length= 59.95 policy_loss=-0.00054 value_loss=+0.66724 ratio=1.0464 kl=0.0119
update=6064 mean_reward=+59.5506 mean_length= 59.95 policy_loss=+0.00024 value_loss=+0.57455 ratio=1.0577 kl=0.0116
update=6065 mean_reward=+59.5660 mean_length= 59.96 policy_loss=+0.00034 value_loss=+0.47313 ratio=1.0525 kl=0.0213 | eval_reward=+59.7037 eval_length= 60.00
update=6066 mean_reward=+59.5778 mean_length= 59.97 policy_loss=+0.00131 value_loss=+0.31912 ratio=1.0922 kl=0.0197
update=6067 mean_reward=+59.5713 mean_length= 59.96 policy_loss=+0.00017 value_loss=+0.59381 ratio=1.0609 kl=0.0063
update=6068 mean_reward=+59.5754 mean_length= 59.97 policy_loss=-0.00034 value_loss=+0.45016 ratio=1.0570 kl=0.0063
update=6069 mean_reward=+59.5414 mean_length= 59.94 policy_loss=-0.00102 value_loss=+0.83029 ratio=1.0427 kl=0.0018
update=6070 mean_reward=+59.5801 mean_length= 59.96 policy_loss=+0.00035 value_loss=+0.46295 ratio=1.0630 kl=0.0096 | eval_reward=+59.7015 eval_length= 60.00
update=6071 mean_reward=+59.5789 mean_length= 59.96 policy_loss=+0.00023 value_loss=+0.44809 ratio=1.0458 kl=0.0093
update=6072 mean_reward=+59.5856 mean_length= 59.97 policy_loss=+0.00058 value_loss=+0.53631 ratio=1.0592 kl=0.0276
update=6073 mean_reward=+59.5840 mean_length= 59.97 policy_loss=+0.00235 value_loss=+0.41786 ratio=1.0647 kl=0.0232
update=6074 mean_reward=+59.5946 mean_length= 59.99 policy_loss=+0.00029 value_loss=+0.22792 ratio=1.0567 kl=0.0078
update=6075 mean_reward=+59.5700 mean_length= 59.96 policy_loss=-0.00005 value_loss=+0.53917 ratio=1.0510 kl=0.0114 | eval_reward=+59.7073 eval_length= 60.00
update=6076 mean_reward=+59.5842 mean_length= 59.97 policy_loss=-0.00038 value_loss=+0.41065 ratio=1.0869 kl=0.0036
update=6077 mean_reward=+59.5875 mean_length= 59.96 policy_loss=+0.00194 value_loss=+0.65173 ratio=1.0464 kl=0.0180
update=6078 mean_reward=+59.6091 mean_length= 59.99 policy_loss=+0.00215 value_loss=+0.23479 ratio=1.0536 kl=0.0260
update=6079 mean_reward=+59.5772 mean_length= 59.95 policy_loss=-0.00053 value_loss=+0.69657 ratio=1.0436 kl=0.0086
update=6080 mean_reward=+59.5839 mean_length= 59.97 policy_loss=-0.00038 value_loss=+0.51133 ratio=1.0476 kl=0.0149 | eval_reward=+59.7067 eval_length= 60.00
update=6081 mean_reward=+59.5863 mean_length= 59.97 policy_loss=+0.00040 value_loss=+0.47417 ratio=1.0410 kl=0.0156
update=6082 mean_reward=+59.5965 mean_length= 59.97 policy_loss=+0.00042 value_loss=+0.43327 ratio=1.0564 kl=0.0090
update=6083 mean_reward=+59.5916 mean_length= 59.97 policy_loss=+0.00004 value_loss=+0.50450 ratio=1.0472 kl=0.0178
update=6084 mean_reward=+59.5987 mean_length= 59.97 policy_loss=+0.00055 value_loss=+0.53542 ratio=1.0484 kl=0.0115
update=6085 mean_reward=+59.5832 mean_length= 59.96 policy_loss=-0.00024 value_loss=+0.53424 ratio=1.0481 kl=0.0133 | eval_reward=+59.7168 eval_length= 60.00
update=6086 mean_reward=+59.5955 mean_length= 59.97 policy_loss=+0.00563 value_loss=+0.37385 ratio=1.0516 kl=0.0176
update=6087 mean_reward=+59.5956 mean_length= 59.97 policy_loss=+0.00362 value_loss=+0.41613 ratio=1.0486 kl=0.0195
update=6088 mean_reward=+59.6120 mean_length= 59.99 policy_loss=+0.00347 value_loss=+0.25430 ratio=1.0569 kl=0.0280
update=6089 mean_reward=+59.5940 mean_length= 59.96 policy_loss=+0.00666 value_loss=+0.57751 ratio=1.0564 kl=0.0180
update=6090 mean_reward=+59.5770 mean_length= 59.95 policy_loss=+0.00178 value_loss=+0.72349 ratio=1.0758 kl=0.0160 | eval_reward=+59.7213 eval_length= 60.00
update=6091 mean_reward=+59.5847 mean_length= 59.97 policy_loss=+0.00076 value_loss=+0.69240 ratio=1.0678 kl=0.0213
update=6092 mean_reward=+59.5783 mean_length= 59.96 policy_loss=-0.00014 value_loss=+0.56617 ratio=1.0597 kl=0.0106
update=6093 mean_reward=+59.6046 mean_length= 59.98 policy_loss=+0.00857 value_loss=+0.34066 ratio=1.0823 kl=0.0149
update=6094 mean_reward=+59.5734 mean_length= 59.96 policy_loss=+0.00149 value_loss=+0.75256 ratio=1.0602 kl=0.0287
update=6095 mean_reward=+59.5828 mean_length= 59.98 policy_loss=-0.00013 value_loss=+0.36547 ratio=1.0589 kl=0.0060 | eval_reward=+59.6756 eval_length= 60.00
update=6096 mean_reward=+59.5656 mean_length= 59.96 policy_loss=+0.00756 value_loss=+0.63765 ratio=1.0550 kl=0.0164
update=6097 mean_reward=+59.5409 mean_length= 59.94 policy_loss=+0.00287 value_loss=+0.90265 ratio=1.0435 kl=0.0237
update=6098 mean_reward=+59.5031 mean_length= 59.92 policy_loss=-0.00011 value_loss=+1.21844 ratio=1.0490 kl=0.0058
update=6099 mean_reward=+59.5427 mean_length= 59.95 policy_loss=-0.00084 value_loss=+0.80969 ratio=1.0438 kl=0.0014
update=6100 mean_reward=+59.5396 mean_length= 59.95 policy_loss=-0.00080 value_loss=+0.90794 ratio=1.0471 kl=0.0049 | eval_reward=+59.6827 eval_length= 60.00
update=6101 mean_reward=+59.5422 mean_length= 59.95 policy_loss=+0.00032 value_loss=+0.92408 ratio=1.0496 kl=0.0015
update=6102 mean_reward=+59.5593 mean_length= 59.96 policy_loss=-0.00053 value_loss=+0.62524 ratio=1.0443 kl=0.0019
update=6103 mean_reward=+59.5655 mean_length= 59.96 policy_loss=+0.00005 value_loss=+0.69572 ratio=1.0941 kl=0.0044
update=6104 mean_reward=+59.5675 mean_length= 59.96 policy_loss=+0.00096 value_loss=+0.87455 ratio=1.0573 kl=0.0081
update=6105 mean_reward=+59.5671 mean_length= 59.96 policy_loss=-0.00065 value_loss=+0.68098 ratio=1.0592 kl=0.0044 | eval_reward=+59.6887 eval_length= 60.00
update=6106 mean_reward=+59.5836 mean_length= 59.97 policy_loss=-0.00056 value_loss=+0.50497 ratio=1.0476 kl=0.0024
update=6107 mean_reward=+59.5722 mean_length= 59.95 policy_loss=-0.00072 value_loss=+0.65116 ratio=1.0710 kl=0.0019
update=6108 mean_reward=+59.5809 mean_length= 59.96 policy_loss=-0.00078 value_loss=+0.63681 ratio=1.0435 kl=0.0059
update=6109 mean_reward=+59.5954 mean_length= 59.97 policy_loss=+0.00003 value_loss=+0.46041 ratio=1.0822 kl=0.0084
update=6110 mean_reward=+59.6056 mean_length= 59.98 policy_loss=+0.00070 value_loss=+0.28776 ratio=1.0430 kl=0.0106 | eval_reward=+59.7042 eval_length= 60.00
update=6111 mean_reward=+59.5872 mean_length= 59.96 policy_loss=+0.00001 value_loss=+0.85467 ratio=1.0575 kl=0.0090
update=6112 mean_reward=+59.5898 mean_length= 59.96 policy_loss=-0.00042 value_loss=+0.56931 ratio=1.0521 kl=0.0039
update=6113 mean_reward=+59.6234 mean_length= 59.99 policy_loss=+0.00104 value_loss=+0.15970 ratio=1.0416 kl=0.0210
update=6114 mean_reward=+59.6204 mean_length= 59.99 policy_loss=+0.01284 value_loss=+0.28024 ratio=1.0509 kl=0.0199
update=6115 mean_reward=+59.6057 mean_length= 59.98 policy_loss=+0.00049 value_loss=+0.38761 ratio=1.0409 kl=0.0135 | eval_reward=+59.7262 eval_length= 60.00
update=6116 mean_reward=+59.5670 mean_length= 59.95 policy_loss=-0.00003 value_loss=+0.87398 ratio=1.0516 kl=0.0093
update=6117 mean_reward=+59.6008 mean_length= 59.97 policy_loss=-0.00066 value_loss=+0.43378 ratio=1.0612 kl=0.0033
update=6118 mean_reward=+59.6151 mean_length= 59.98 policy_loss=+0.00021 value_loss=+0.31771 ratio=1.0462 kl=0.0178
update=6119 mean_reward=+59.6224 mean_length= 59.98 policy_loss=+0.00053 value_loss=+0.32360 ratio=1.0660 kl=0.0068
update=6120 mean_reward=+59.6198 mean_length= 59.99 policy_loss=+0.00059 value_loss=+0.21590 ratio=1.0486 kl=0.0205 | eval_reward=+59.7296 eval_length= 60.00
update=6121 mean_reward=+59.5885 mean_length= 59.95 policy_loss=-0.00071 value_loss=+0.60847 ratio=1.0459 kl=0.0035
update=6122 mean_reward=+59.6057 mean_length= 59.98 policy_loss=-0.00041 value_loss=+0.41150 ratio=1.0650 kl=0.0055
update=6123 mean_reward=+59.5987 mean_length= 59.97 policy_loss=+0.00027 value_loss=+0.53734 ratio=1.0994 kl=0.0175
update=6124 mean_reward=+59.6094 mean_length= 59.98 policy_loss=+0.00087 value_loss=+0.27537 ratio=1.0465 kl=0.0162
update=6125 mean_reward=+59.6101 mean_length= 59.98 policy_loss=+0.00139 value_loss=+0.26904 ratio=1.0624 kl=0.0267 | eval_reward=+59.7062 eval_length= 60.00
update=6126 mean_reward=+59.6098 mean_length= 59.98 policy_loss=+0.00091 value_loss=+0.27736 ratio=1.0499 kl=0.0196
update=6127 mean_reward=+59.6093 mean_length= 59.98 policy_loss=+0.00131 value_loss=+0.27729 ratio=1.0527 kl=0.0167
update=6128 mean_reward=+59.6043 mean_length= 59.98 policy_loss=+0.00020 value_loss=+0.38130 ratio=1.0920 kl=0.0123
update=6129 mean_reward=+59.6136 mean_length= 59.99 policy_loss=+0.00010 value_loss=+0.27511 ratio=1.0491 kl=0.0126
update=6130 mean_reward=+59.6087 mean_length= 59.98 policy_loss=+0.00061 value_loss=+0.39982 ratio=1.0636 kl=0.0130 | eval_reward=+59.7187 eval_length= 60.00
update=6131 mean_reward=+59.6125 mean_length= 59.98 policy_loss=+0.00135 value_loss=+0.31551 ratio=1.0673 kl=0.0284
update=6132 mean_reward=+59.5750 mean_length= 59.95 policy_loss=-0.00103 value_loss=+0.75796 ratio=1.0502 kl=0.0056
update=6133 mean_reward=+59.6006 mean_length= 59.97 policy_loss=+0.00054 value_loss=+0.47465 ratio=1.0625 kl=0.0197
update=6134 mean_reward=+59.6125 mean_length= 59.98 policy_loss=+0.00058 value_loss=+0.28429 ratio=1.0500 kl=0.0113
update=6135 mean_reward=+59.6237 mean_length= 59.99 policy_loss=+0.00087 value_loss=+0.06200 ratio=1.0455 kl=0.0044 | eval_reward=+59.7216 eval_length= 60.00
update=6136 mean_reward=+59.6176 mean_length= 59.98 policy_loss=+0.00174 value_loss=+0.36871 ratio=1.0522 kl=0.0267
update=6137 mean_reward=+59.5904 mean_length= 59.96 policy_loss=+0.00125 value_loss=+0.52158 ratio=1.0573 kl=0.0148
update=6138 mean_reward=+59.5913 mean_length= 59.96 policy_loss=-0.00035 value_loss=+0.66786 ratio=1.0682 kl=0.0111
update=6139 mean_reward=+59.5644 mean_length= 59.93 policy_loss=+0.00010 value_loss=+0.88821 ratio=1.1706 kl=0.0128
update=6140 mean_reward=+59.6023 mean_length= 59.97 policy_loss=+0.00089 value_loss=+0.43764 ratio=1.0599 kl=0.0235 | eval_reward=+59.7253 eval_length= 60.00
update=6141 mean_reward=+59.6037 mean_length= 59.97 policy_loss=+0.00027 value_loss=+0.43272 ratio=1.1050 kl=0.0065
update=6142 mean_reward=+59.6153 mean_length= 59.98 policy_loss=+0.01232 value_loss=+0.50132 ratio=1.0995 kl=0.0117
update=6143 mean_reward=+59.5668 mean_length= 59.93 policy_loss=+0.00131 value_loss=+0.85975 ratio=1.0684 kl=0.0286
update=6144 mean_reward=+59.5611 mean_length= 59.95 policy_loss=-0.00070 value_loss=+0.81329 ratio=1.0642 kl=0.0073
update=6145 mean_reward=+59.5938 mean_length= 59.98 policy_loss=-0.00001 value_loss=+0.37846 ratio=1.0747 kl=-0.0001 | eval_reward=+59.7131 eval_length= 60.00
update=6146 mean_reward=+59.5620 mean_length= 59.94 policy_loss=-0.00059 value_loss=+0.99725 ratio=1.1028 kl=0.0040
update=6147 mean_reward=+59.6111 mean_length= 59.98 policy_loss=+0.00082 value_loss=+0.32160 ratio=1.0486 kl=0.0112
update=6148 mean_reward=+59.6086 mean_length= 59.98 policy_loss=+0.00173 value_loss=+0.31546 ratio=1.0963 kl=0.0172
update=6149 mean_reward=+59.6067 mean_length= 59.98 policy_loss=+0.00048 value_loss=+0.35124 ratio=1.0501 kl=0.0130
update=6150 mean_reward=+59.5913 mean_length= 59.96 policy_loss=+0.00008 value_loss=+0.64551 ratio=1.1375 kl=0.0099 | eval_reward=+59.6983 eval_length= 60.00
update=6151 mean_reward=+59.6268 mean_length= 59.99 policy_loss=+0.00158 value_loss=+0.15021 ratio=1.0709 kl=0.0089
update=6152 mean_reward=+59.6218 mean_length= 59.98 policy_loss=+0.00017 value_loss=+0.34542 ratio=1.0615 kl=0.0302
update=6153 mean_reward=+59.6062 mean_length= 59.96 policy_loss=+0.00021 value_loss=+0.46615 ratio=1.0476 kl=0.0245
update=6154 mean_reward=+59.5994 mean_length= 59.96 policy_loss=-0.00004 value_loss=+0.54987 ratio=1.0896 kl=0.0097
update=6155 mean_reward=+59.5984 mean_length= 59.95 policy_loss=-0.00002 value_loss=+0.61865 ratio=1.0532 kl=0.0013 | eval_reward=+59.7175 eval_length= 60.00
update=6156 mean_reward=+59.6331 mean_length= 59.99 policy_loss=+0.00178 value_loss=+0.16146 ratio=1.0586 kl=0.0153
update=6157 mean_reward=+59.6347 mean_length= 59.99 policy_loss=+0.00140 value_loss=+0.12541 ratio=1.0510 kl=0.0149
update=6158 mean_reward=+59.6023 mean_length= 59.96 policy_loss=-0.00007 value_loss=+0.63370 ratio=1.0435 kl=0.0165
update=6159 mean_reward=+59.6109 mean_length= 59.97 policy_loss=-0.00068 value_loss=+0.49400 ratio=1.0536 kl=0.0035
update=6160 mean_reward=+59.6115 mean_length= 59.97 policy_loss=-0.00046 value_loss=+0.51191 ratio=1.0726 kl=0.0086 | eval_reward=+59.7193 eval_length= 60.00
update=6161 mean_reward=+59.6193 mean_length= 59.97 policy_loss=+0.00125 value_loss=+0.35609 ratio=1.0567 kl=0.0129
update=6162 mean_reward=+59.6091 mean_length= 59.97 policy_loss=+0.00165 value_loss=+0.44976 ratio=1.0591 kl=0.0149
update=6163 mean_reward=+59.6222 mean_length= 59.98 policy_loss=+0.00328 value_loss=+0.26857 ratio=1.0566 kl=0.0110
update=6164 mean_reward=+59.6157 mean_length= 59.97 policy_loss=+0.00270 value_loss=+0.41257 ratio=1.0823 kl=0.0176
update=6165 mean_reward=+59.6064 mean_length= 59.97 policy_loss=+0.00110 value_loss=+0.57820 ratio=1.0927 kl=0.0223 | eval_reward=+59.7010 eval_length= 60.00
update=6166 mean_reward=+59.6086 mean_length= 59.97 policy_loss=-0.00006 value_loss=+0.67854 ratio=1.0510 kl=-0.0021
update=6167 mean_reward=+59.6275 mean_length= 59.99 policy_loss=-0.00018 value_loss=+0.34458 ratio=1.0728 kl=-0.0003
update=6168 mean_reward=+59.6381 mean_length= 59.99 policy_loss=+0.00301 value_loss=+0.07264 ratio=1.0850 kl=0.0032
update=6169 mean_reward=+59.5968 mean_length= 59.96 policy_loss=+0.00127 value_loss=+0.74246 ratio=1.0757 kl=0.0159
update=6170 mean_reward=+59.6193 mean_length= 59.98 policy_loss=+0.00133 value_loss=+0.40785 ratio=1.0951 kl=0.0234 | eval_reward=+59.6940 eval_length= 60.00
update=6171 mean_reward=+59.6201 mean_length= 59.98 policy_loss=-0.00043 value_loss=+0.35702 ratio=1.0961 kl=-0.0043
update=6172 mean_reward=+59.5958 mean_length= 59.96 policy_loss=+0.00042 value_loss=+0.82946 ratio=1.0687 kl=0.0054
update=6173 mean_reward=+59.6343 mean_length= 60.00 policy_loss=+0.00168 value_loss=+0.11315 ratio=1.0613 kl=0.0108
update=6174 mean_reward=+59.5724 mean_length= 59.94 policy_loss=+0.00009 value_loss=+0.98555 ratio=1.0638 kl=0.0115
update=6175 mean_reward=+59.6175 mean_length= 59.98 policy_loss=+0.00017 value_loss=+0.38237 ratio=1.0742 kl=0.0092 | eval_reward=+59.7090 eval_length= 60.00
update=6176 mean_reward=+59.5987 mean_length= 59.96 policy_loss=-0.00003 value_loss=+0.64972 ratio=1.0472 kl=0.0091
update=6177 mean_reward=+59.6158 mean_length= 59.97 policy_loss=+0.00034 value_loss=+0.48903 ratio=1.0598 kl=0.0043
update=6178 mean_reward=+59.6218 mean_length= 59.98 policy_loss=+0.00214 value_loss=+0.42498 ratio=1.0587 kl=0.0231
update=6179 mean_reward=+59.6232 mean_length= 59.98 policy_loss=-0.00022 value_loss=+0.40155 ratio=1.0623 kl=-0.0003
update=6180 mean_reward=+59.6409 mean_length= 59.99 policy_loss=+0.00037 value_loss=+0.18292 ratio=1.0550 kl=0.0054 | eval_reward=+59.7085 eval_length= 60.00
update=6181 mean_reward=+59.6361 mean_length= 59.98 policy_loss=-0.00030 value_loss=+0.32321 ratio=1.1547 kl=0.0080
update=6182 mean_reward=+59.6359 mean_length= 59.99 policy_loss=+0.00072 value_loss=+0.23349 ratio=1.1038 kl=0.0148
update=6183 mean_reward=+59.6248 mean_length= 59.97 policy_loss=+0.00032 value_loss=+0.43028 ratio=1.1155 kl=0.0150
update=6184 mean_reward=+59.6420 mean_length= 59.99 policy_loss=+0.00055 value_loss=+0.28424 ratio=1.0710 kl=0.0208
update=6185 mean_reward=+59.6175 mean_length= 59.97 policy_loss=-0.00091 value_loss=+0.58339 ratio=1.0638 kl=0.0001 | eval_reward=+59.7205 eval_length= 60.00
update=6186 mean_reward=+59.6225 mean_length= 59.97 policy_loss=+0.00344 value_loss=+0.39004 ratio=1.0572 kl=0.0105
update=6187 mean_reward=+59.6087 mean_length= 59.97 policy_loss=+0.00128 value_loss=+0.43681 ratio=1.0717 kl=0.0236
update=6188 mean_reward=+59.6235 mean_length= 59.98 policy_loss=+0.00372 value_loss=+0.20595 ratio=1.0583 kl=0.0111
update=6189 mean_reward=+59.5821 mean_length= 59.95 policy_loss=+0.00285 value_loss=+1.22575 ratio=1.0477 kl=0.0181
update=6190 mean_reward=+59.5515 mean_length= 59.94 policy_loss=+0.00135 value_loss=+1.07147 ratio=1.0565 kl=0.0211 | eval_reward=+59.7223 eval_length= 60.00
update=6191 mean_reward=+59.5619 mean_length= 59.95 policy_loss=-0.00047 value_loss=+0.75089 ratio=1.0966 kl=-0.0022
update=6192 mean_reward=+59.5705 mean_length= 59.96 policy_loss=-0.00030 value_loss=+0.66050 ratio=1.1851 kl=-0.0003
update=6193 mean_reward=+59.5563 mean_length= 59.94 policy_loss=-0.00036 value_loss=+0.95670 ratio=1.0771 kl=-0.0021
update=6194 mean_reward=+59.5896 mean_length= 59.97 policy_loss=+0.00084 value_loss=+0.50948 ratio=1.0646 kl=0.0154
update=6195 mean_reward=+59.5813 mean_length= 59.96 policy_loss=-0.00023 value_loss=+0.67049 ratio=1.0528 kl=0.0018 | eval_reward=+59.7141 eval_length= 60.00
update=6196 mean_reward=+59.5807 mean_length= 59.96 policy_loss=+0.00075 value_loss=+0.58149 ratio=1.0532 kl=0.0232
update=6197 mean_reward=+59.5853 mean_length= 59.96 policy_loss=+0.00108 value_loss=+0.58582 ratio=1.0652 kl=0.0065
update=6198 mean_reward=+59.5987 mean_length= 59.97 policy_loss=+0.00065 value_loss=+0.53236 ratio=1.0603 kl=0.0122
update=6199 mean_reward=+59.5880 mean_length= 59.96 policy_loss=+0.00045 value_loss=+0.59614 ratio=1.0491 kl=0.0182
update=6200 mean_reward=+59.5548 mean_length= 59.93 policy_loss=-0.00048 value_loss=+0.90991 ratio=1.0484 kl=0.0070 | eval_reward=+59.7242 eval_length= 60.00
update=6201 mean_reward=+59.5897 mean_length= 59.96 policy_loss=-0.00014 value_loss=+0.59821 ratio=1.0626 kl=0.0001
update=6202 mean_reward=+59.5832 mean_length= 59.95 policy_loss=-0.00009 value_loss=+0.85358 ratio=1.0634 kl=0.0148
update=6203 mean_reward=+59.5636 mean_length= 59.94 policy_loss=-0.00071 value_loss=+0.84544 ratio=1.0538 kl=0.0023
update=6204 mean_reward=+59.5880 mean_length= 59.96 policy_loss=-0.00083 value_loss=+0.61490 ratio=1.1045 kl=0.0003
update=6205 mean_reward=+59.5773 mean_length= 59.95 policy_loss=+0.00018 value_loss=+0.62192 ratio=1.0967 kl=0.0085 | eval_reward=+59.7321 eval_length= 60.00
update=6206 mean_reward=+59.6130 mean_length= 59.98 policy_loss=-0.00041 value_loss=+0.42664 ratio=1.0763 kl=0.0000
update=6207 mean_reward=+59.5902 mean_length= 59.97 policy_loss=+0.00052 value_loss=+0.55383 ratio=1.1096 kl=0.0175
update=6208 mean_reward=+59.5937 mean_length= 59.97 policy_loss=+0.02070 value_loss=+0.53864 ratio=1.0942 kl=0.0142
update=6209 mean_reward=+59.5983 mean_length= 59.97 policy_loss=+0.00047 value_loss=+0.59516 ratio=1.1053 kl=0.0245
update=6210 mean_reward=+59.5679 mean_length= 59.95 policy_loss=+0.00020 value_loss=+0.72084 ratio=1.0547 kl=0.0006 | eval_reward=+59.7351 eval_length= 60.00
update=6211 mean_reward=+59.5904 mean_length= 59.96 policy_loss=-0.00031 value_loss=+0.53799 ratio=1.0996 kl=0.0028
update=6212 mean_reward=+59.5492 mean_length= 59.93 policy_loss=-0.00048 value_loss=+1.05781 ratio=1.1249 kl=-0.0032
update=6213 mean_reward=+59.5760 mean_length= 59.95 policy_loss=-0.00070 value_loss=+0.88484 ratio=1.0616 kl=-0.0018
update=6214 mean_reward=+59.6055 mean_length= 59.98 policy_loss=-0.00028 value_loss=+0.40148 ratio=1.0629 kl=0.0034
update=6215 mean_reward=+59.6128 mean_length= 59.99 policy_loss=+0.00382 value_loss=+0.33266 ratio=1.2210 kl=0.0219 | eval_reward=+59.7260 eval_length= 60.00
update=6216 mean_reward=+59.5667 mean_length= 59.95 policy_loss=+0.00061 value_loss=+0.77242 ratio=1.0563 kl=0.0313
update=6217 mean_reward=+59.5858 mean_length= 59.97 policy_loss=+0.00027 value_loss=+0.44092 ratio=1.0657 kl=0.0109
update=6218 mean_reward=+59.6070 mean_length= 59.99 policy_loss=+0.00174 value_loss=+0.25765 ratio=1.0972 kl=0.0153
update=6219 mean_reward=+59.5995 mean_length= 59.98 policy_loss=+0.00102 value_loss=+0.31156 ratio=1.0586 kl=0.0222
update=6220 mean_reward=+59.5960 mean_length= 59.98 policy_loss=+0.00027 value_loss=+0.39597 ratio=1.0702 kl=0.0159 | eval_reward=+59.7371 eval_length= 60.00
update=6221 mean_reward=+59.6074 mean_length= 59.99 policy_loss=-0.00034 value_loss=+0.48234 ratio=1.0580 kl=-0.0005
update=6222 mean_reward=+59.5845 mean_length= 59.97 policy_loss=+0.00176 value_loss=+0.45901 ratio=1.0817 kl=0.0247
update=6223 mean_reward=+59.5953 mean_length= 59.97 policy_loss=+0.00124 value_loss=+0.45420 ratio=1.0626 kl=0.0273
update=6224 mean_reward=+59.5770 mean_length= 59.96 policy_loss=+0.00031 value_loss=+0.53909 ratio=1.0827 kl=0.0187
update=6225 mean_reward=+59.5767 mean_length= 59.97 policy_loss=+0.00049 value_loss=+0.49527 ratio=1.0748 kl=0.0154 | eval_reward=+59.7051 eval_length= 60.00
update=6226 mean_reward=+59.6182 mean_length= 60.00 policy_loss=+0.00327 value_loss=+0.11114 ratio=1.0598 kl=0.0198
update=6227 mean_reward=+59.5845 mean_length= 59.96 policy_loss=-0.00045 value_loss=+0.51199 ratio=1.0640 kl=0.0305
update=6228 mean_reward=+59.6115 mean_length= 59.98 policy_loss=+0.00099 value_loss=+0.33778 ratio=1.0645 kl=0.0332
update=6229 mean_reward=+59.6052 mean_length= 59.98 policy_loss=+0.00249 value_loss=+0.30931 ratio=1.0846 kl=0.0089
update=6230 mean_reward=+59.5934 mean_length= 59.97 policy_loss=+0.00271 value_loss=+0.60408 ratio=1.0495 kl=0.0132 | eval_reward=+59.7135 eval_length= 60.00
update=6231 mean_reward=+59.5675 mean_length= 59.97 policy_loss=+0.00077 value_loss=+0.46372 ratio=1.0757 kl=0.0125
update=6232 mean_reward=+59.6074 mean_length= 59.99 policy_loss=+0.00140 value_loss=+0.23417 ratio=1.0611 kl=0.0100
update=6233 mean_reward=+59.5977 mean_length= 59.97 policy_loss=+0.00038 value_loss=+0.40538 ratio=1.0752 kl=0.0104
update=6234 mean_reward=+59.5819 mean_length= 59.97 policy_loss=+0.00000 value_loss=+0.47981 ratio=1.0663 kl=0.0041
update=6235 mean_reward=+59.6063 mean_length= 59.98 policy_loss=-0.00010 value_loss=+0.30782 ratio=1.0642 kl=0.0058 | eval_reward=+59.7354 eval_length= 60.00
update=6236 mean_reward=+59.6003 mean_length= 59.97 policy_loss=+0.00040 value_loss=+0.32691 ratio=1.0470 kl=0.0060
update=6237 mean_reward=+59.6001 mean_length= 59.98 policy_loss=+0.00722 value_loss=+0.58412 ratio=1.1810 kl=0.0166
update=6238 mean_reward=+59.6141 mean_length= 59.99 policy_loss=+0.00219 value_loss=+0.13956 ratio=1.0743 kl=0.0186
update=6239 mean_reward=+59.6011 mean_length= 59.98 policy_loss=+0.01380 value_loss=+0.36919 ratio=1.1031 kl=0.0232
update=6240 mean_reward=+59.6109 mean_length= 59.99 policy_loss=+0.00261 value_loss=+0.25393 ratio=1.0895 kl=0.0220 | eval_reward=+59.7253 eval_length= 60.00
update=6241 mean_reward=+59.5910 mean_length= 59.98 policy_loss=+0.00411 value_loss=+0.32933 ratio=1.0714 kl=0.0195
update=6242 mean_reward=+59.5514 mean_length= 59.95 policy_loss=+0.00305 value_loss=+1.10405 ratio=1.1025 kl=0.0201
update=6243 mean_reward=+59.5442 mean_length= 59.95 policy_loss=+0.00144 value_loss=+0.73902 ratio=1.0427 kl=0.0195
update=6244 mean_reward=+59.5505 mean_length= 59.95 policy_loss=+0.00532 value_loss=+0.85330 ratio=1.0682 kl=0.0130
update=6245 mean_reward=+59.5552 mean_length= 59.96 policy_loss=+0.00327 value_loss=+0.59782 ratio=1.0547 kl=0.0183 | eval_reward=+59.7204 eval_length= 60.00
update=6246 mean_reward=+59.5719 mean_length= 59.98 policy_loss=+0.00011 value_loss=+0.48183 ratio=1.0722 kl=-0.0025
update=6247 mean_reward=+59.5604 mean_length= 59.96 policy_loss=-0.00007 value_loss=+0.69042 ratio=1.0802 kl=0.0107
update=6248 mean_reward=+59.5740 mean_length= 59.98 policy_loss=+0.00023 value_loss=+0.45095 ratio=1.0551 kl=0.0019
update=6249 mean_reward=+59.5816 mean_length= 59.98 policy_loss=-0.00056 value_loss=+0.43101 ratio=1.0521 kl=0.0004
update=6250 mean_reward=+59.5881 mean_length= 59.98 policy_loss=+0.00403 value_loss=+0.31772 ratio=1.0654 kl=0.0139 | eval_reward=+59.7150 eval_length= 60.00
update=6251 mean_reward=+59.5721 mean_length= 59.98 policy_loss=+0.00164 value_loss=+0.54383 ratio=1.0568 kl=0.0267
update=6252 mean_reward=+59.5763 mean_length= 59.97 policy_loss=+0.00014 value_loss=+0.46592 ratio=1.0575 kl=0.0068
update=6253 mean_reward=+59.5871 mean_length= 59.98 policy_loss=+0.00033 value_loss=+0.32651 ratio=1.0482 kl=0.0067
update=6254 mean_reward=+59.5786 mean_length= 59.97 policy_loss=+0.00161 value_loss=+0.73515 ratio=1.0481 kl=0.0189
update=6255 mean_reward=+59.5858 mean_length= 59.98 policy_loss=-0.00017 value_loss=+0.48573 ratio=1.0518 kl=0.0032 | eval_reward=+59.7050 eval_length= 60.00
update=6256 mean_reward=+59.5761 mean_length= 59.96 policy_loss=+0.00020 value_loss=+0.47360 ratio=1.0696 kl=0.0131
update=6257 mean_reward=+59.5956 mean_length= 59.98 policy_loss=+0.00379 value_loss=+0.40767 ratio=1.0565 kl=0.0202
update=6258 mean_reward=+59.5568 mean_length= 59.95 policy_loss=+0.00147 value_loss=+0.72595 ratio=1.1167 kl=0.0168
update=6259 mean_reward=+59.5535 mean_length= 59.96 policy_loss=+0.00001 value_loss=+0.71516 ratio=1.0601 kl=0.0105
update=6260 mean_reward=+59.5807 mean_length= 59.98 policy_loss=+0.00161 value_loss=+0.48273 ratio=1.0723 kl=0.0259 | eval_reward=+59.7040 eval_length= 60.00
update=6261 mean_reward=+59.5807 mean_length= 59.98 policy_loss=+0.00107 value_loss=+0.35192 ratio=1.0595 kl=0.0244
update=6262 mean_reward=+59.5697 mean_length= 59.96 policy_loss=+0.00026 value_loss=+0.59134 ratio=1.0555 kl=0.0158
update=6263 mean_reward=+59.5964 mean_length= 59.98 policy_loss=+0.00139 value_loss=+0.30367 ratio=1.0684 kl=0.0176
update=6264 mean_reward=+59.5893 mean_length= 59.98 policy_loss=+0.00083 value_loss=+0.44776 ratio=1.0525 kl=0.0254
update=6265 mean_reward=+59.6054 mean_length= 59.99 policy_loss=+0.00129 value_loss=+0.21035 ratio=1.0640 kl=0.0183 | eval_reward=+59.7159 eval_length= 60.00
update=6266 mean_reward=+59.6106 mean_length= 59.98 policy_loss=+0.00120 value_loss=+0.21530 ratio=1.0745 kl=0.0184
update=6267 mean_reward=+59.6071 mean_length= 59.98 policy_loss=+0.00102 value_loss=+0.16732 ratio=1.0479 kl=0.0127
update=6268 mean_reward=+59.6191 mean_length= 59.99 policy_loss=+0.00122 value_loss=+0.21814 ratio=1.0505 kl=0.0247
update=6269 mean_reward=+59.6257 mean_length= 59.99 policy_loss=+0.00075 value_loss=+0.14410 ratio=1.0568 kl=0.0076
update=6270 mean_reward=+59.6163 mean_length= 59.98 policy_loss=+0.00108 value_loss=+0.25531 ratio=1.0461 kl=0.0250 | eval_reward=+59.7104 eval_length= 60.00
update=6271 mean_reward=+59.6036 mean_length= 59.97 policy_loss=+0.00043 value_loss=+0.47190 ratio=1.0518 kl=0.0282
update=6272 mean_reward=+59.6245 mean_length= 59.99 policy_loss=+0.00208 value_loss=+0.22620 ratio=1.0639 kl=0.0162
update=6273 mean_reward=+59.6306 mean_length= 59.99 policy_loss=+0.00429 value_loss=+0.21441 ratio=1.0544 kl=0.0157
update=6274 mean_reward=+59.5995 mean_length= 59.97 policy_loss=+0.00118 value_loss=+0.41943 ratio=1.0560 kl=0.0271
update=6275 mean_reward=+59.5900 mean_length= 59.96 policy_loss=-0.00036 value_loss=+0.63473 ratio=1.0528 kl=0.0085 | eval_reward=+59.7380 eval_length= 60.00
update=6276 mean_reward=+59.6234 mean_length= 59.99 policy_loss=+0.00066 value_loss=+0.26217 ratio=1.0588 kl=0.0060
update=6277 mean_reward=+59.5984 mean_length= 59.97 policy_loss=-0.00029 value_loss=+0.44884 ratio=1.0584 kl=0.0063
update=6278 mean_reward=+59.6188 mean_length= 59.99 policy_loss=+0.00001 value_loss=+0.40177 ratio=1.1122 kl=0.0032
update=6279 mean_reward=+59.6009 mean_length= 59.97 policy_loss=+0.00006 value_loss=+0.58797 ratio=1.0564 kl=0.0085
update=6280 mean_reward=+59.6069 mean_length= 59.97 policy_loss=-0.00051 value_loss=+0.45559 ratio=1.0546 kl=0.0017 | eval_reward=+59.7264 eval_length= 60.00
update=6281 mean_reward=+59.6071 mean_length= 59.98 policy_loss=+0.00111 value_loss=+0.38083 ratio=1.0529 kl=0.0138
update=6282 mean_reward=+59.6056 mean_length= 59.97 policy_loss=+0.00073 value_loss=+0.31994 ratio=1.0472 kl=0.0221
update=6283 mean_reward=+59.6090 mean_length= 59.97 policy_loss=+0.00069 value_loss=+0.33224 ratio=1.0761 kl=0.0196
update=6284 mean_reward=+59.6074 mean_length= 59.97 policy_loss=+0.00215 value_loss=+0.35825 ratio=1.0635 kl=0.0165
update=6285 mean_reward=+59.6002 mean_length= 59.98 policy_loss=+0.00007 value_loss=+0.34657 ratio=1.0684 kl=0.0062 | eval_reward=+59.7373 eval_length= 60.00
update=6286 mean_reward=+59.6167 mean_length= 59.98 policy_loss=+0.00028 value_loss=+0.39075 ratio=1.0913 kl=0.0106
update=6287 mean_reward=+59.5975 mean_length= 59.97 policy_loss=+0.00002 value_loss=+0.49656 ratio=1.0611 kl=0.0126
update=6288 mean_reward=+59.6209 mean_length= 59.99 policy_loss=+0.00061 value_loss=+0.23725 ratio=1.0567 kl=0.0148
update=6289 mean_reward=+59.6143 mean_length= 59.98 policy_loss=+0.00090 value_loss=+0.25760 ratio=1.0597 kl=0.0152
update=6290 mean_reward=+59.6114 mean_length= 59.98 policy_loss=+0.00169 value_loss=+0.30534 ratio=1.0480 kl=0.0139 | eval_reward=+59.7349 eval_length= 60.00
update=6291 mean_reward=+59.5924 mean_length= 59.96 policy_loss=+0.00362 value_loss=+0.61129 ratio=1.0766 kl=0.0092
update=6292 mean_reward=+59.6052 mean_length= 59.97 policy_loss=-0.00022 value_loss=+0.41870 ratio=1.0647 kl=0.0061
update=6293 mean_reward=+59.6259 mean_length= 59.99 policy_loss=+0.00013 value_loss=+0.21784 ratio=1.0734 kl=0.0075
update=6294 mean_reward=+59.6016 mean_length= 59.97 policy_loss=+0.00083 value_loss=+0.42967 ratio=1.0657 kl=0.0107
update=6295 mean_reward=+59.6085 mean_length= 59.97 policy_loss=-0.00010 value_loss=+0.36812 ratio=1.0829 kl=0.0060 | eval_reward=+59.7310 eval_length= 60.00
update=6296 mean_reward=+59.6213 mean_length= 59.99 policy_loss=+0.00149 value_loss=+0.22383 ratio=1.0690 kl=0.0240
update=6297 mean_reward=+59.6302 mean_length= 60.00 policy_loss=+0.00099 value_loss=+0.09053 ratio=1.0439 kl=0.0089
update=6298 mean_reward=+59.6144 mean_length= 59.98 policy_loss=+0.00045 value_loss=+0.26646 ratio=1.0747 kl=0.0072
update=6299 mean_reward=+59.5853 mean_length= 59.95 policy_loss=+0.00189 value_loss=+0.54154 ratio=1.0747 kl=0.0112
update=6300 mean_reward=+59.6207 mean_length= 59.98 policy_loss=+0.00094 value_loss=+0.30984 ratio=1.0619 kl=0.0234 | eval_reward=+59.7368 eval_length= 60.00
update=6301 mean_reward=+59.6167 mean_length= 59.98 policy_loss=+0.00309 value_loss=+0.40038 ratio=1.0521 kl=0.0242
update=6302 mean_reward=+59.6067 mean_length= 59.97 policy_loss=+0.00178 value_loss=+0.49189 ratio=1.0679 kl=0.0231
update=6303 mean_reward=+59.6106 mean_length= 59.98 policy_loss=+0.00002 value_loss=+0.37840 ratio=1.0647 kl=0.0040
update=6304 mean_reward=+59.5936 mean_length= 59.96 policy_loss=-0.00015 value_loss=+0.45721 ratio=1.0592 kl=0.0156
update=6305 mean_reward=+59.5820 mean_length= 59.95 policy_loss=+0.00026 value_loss=+0.68545 ratio=1.1460 kl=0.0189 | eval_reward=+59.7277 eval_length= 60.00
update=6306 mean_reward=+59.6229 mean_length= 59.99 policy_loss=+0.00110 value_loss=+0.13237 ratio=1.2631 kl=0.0041
update=6307 mean_reward=+59.6145 mean_length= 59.98 policy_loss=+0.00066 value_loss=+0.24848 ratio=1.0747 kl=0.0281
update=6308 mean_reward=+59.6119 mean_length= 59.97 policy_loss=+0.00020 value_loss=+0.36393 ratio=1.0955 kl=0.0131
update=6309 mean_reward=+59.6422 mean_length= 59.99 policy_loss=+0.00313 value_loss=+0.06196 ratio=1.0521 kl=0.0226
update=6310 mean_reward=+59.5991 mean_length= 59.96 policy_loss=+0.00430 value_loss=+0.46502 ratio=1.0482 kl=0.0163 | eval_reward=+59.7086 eval_length= 60.00
update=6311 mean_reward=+59.6104 mean_length= 59.97 policy_loss=+0.00263 value_loss=+0.43965 ratio=1.0795 kl=0.0183
update=6312 mean_reward=+59.6061 mean_length= 59.97 policy_loss=+0.00059 value_loss=+0.34699 ratio=1.0729 kl=0.0217
update=6313 mean_reward=+59.6035 mean_length= 59.97 policy_loss=-0.00042 value_loss=+0.32265 ratio=1.0633 kl=0.0063
update=6314 mean_reward=+59.6145 mean_length= 59.98 policy_loss=-0.00036 value_loss=+0.50769 ratio=1.0597 kl=0.0086
update=6315 mean_reward=+59.5919 mean_length= 59.96 policy_loss=-0.00026 value_loss=+0.61208 ratio=1.0553 kl=0.0115 | eval_reward=+59.6903 eval_length= 60.00
update=6316 mean_reward=+59.6184 mean_length= 59.98 policy_loss=+0.00107 value_loss=+0.28808 ratio=1.0655 kl=0.0141
update=6317 mean_reward=+59.6322 mean_length= 60.00 policy_loss=+0.00215 value_loss=+0.20459 ratio=1.0590 kl=0.0207
update=6318 mean_reward=+59.6041 mean_length= 59.97 policy_loss=+0.00291 value_loss=+0.41802 ratio=1.0708 kl=0.0188
update=6319 mean_reward=+59.6149 mean_length= 59.98 policy_loss=+0.00101 value_loss=+0.32839 ratio=1.0515 kl=0.0180
update=6320 mean_reward=+59.6056 mean_length= 59.98 policy_loss=+0.00032 value_loss=+0.37238 ratio=1.0615 kl=0.0079 | eval_reward=+59.7042 eval_length= 60.00
update=6321 mean_reward=+59.6093 mean_length= 59.98 policy_loss=+0.00047 value_loss=+0.28209 ratio=1.0725 kl=0.0107
update=6322 mean_reward=+59.6070 mean_length= 59.99 policy_loss=+0.00408 value_loss=+0.37657 ratio=1.0687 kl=0.0130
update=6323 mean_reward=+59.6100 mean_length= 59.98 policy_loss=+0.00122 value_loss=+0.20029 ratio=1.0625 kl=0.0126
update=6324 mean_reward=+59.5956 mean_length= 59.97 policy_loss=+0.00134 value_loss=+0.34914 ratio=1.0605 kl=0.0205
update=6325 mean_reward=+59.5788 mean_length= 59.96 policy_loss=+0.00004 value_loss=+0.41533 ratio=1.0692 kl=0.0165 | eval_reward=+59.6804 eval_length= 60.00
update=6326 mean_reward=+59.5890 mean_length= 59.96 policy_loss=+0.00025 value_loss=+0.48700 ratio=1.0998 kl=0.0054
update=6327 mean_reward=+59.5964 mean_length= 59.96 policy_loss=+0.00306 value_loss=+0.38307 ratio=1.0598 kl=0.0113
update=6328 mean_reward=+59.6065 mean_length= 59.98 policy_loss=+0.00143 value_loss=+0.21989 ratio=1.0792 kl=0.0212
update=6329 mean_reward=+59.6011 mean_length= 59.97 policy_loss=+0.00068 value_loss=+0.30923 ratio=1.0663 kl=0.0183
update=6330 mean_reward=+59.6078 mean_length= 59.97 policy_loss=+0.00223 value_loss=+0.32173 ratio=1.0896 kl=0.0107 | eval_reward=+59.6825 eval_length= 60.00
update=6331 mean_reward=+59.5929 mean_length= 59.96 policy_loss=+0.00323 value_loss=+0.66873 ratio=1.0861 kl=0.0234
update=6332 mean_reward=+59.5794 mean_length= 59.96 policy_loss=-0.00042 value_loss=+0.61771 ratio=1.0621 kl=0.0012
update=6333 mean_reward=+59.6057 mean_length= 59.98 policy_loss=+0.00046 value_loss=+0.36879 ratio=1.0691 kl=0.0115
update=6334 mean_reward=+59.6041 mean_length= 59.97 policy_loss=-0.00025 value_loss=+0.51949 ratio=1.0732 kl=-0.0006
update=6335 mean_reward=+59.5956 mean_length= 59.96 policy_loss=+0.00055 value_loss=+0.63402 ratio=1.0493 kl=0.0082 | eval_reward=+59.6750 eval_length= 60.00
update=6336 mean_reward=+59.6088 mean_length= 59.98 policy_loss=+0.00035 value_loss=+0.51995 ratio=1.0548 kl=0.0092
update=6337 mean_reward=+59.5707 mean_length= 59.95 policy_loss=-0.00076 value_loss=+0.75708 ratio=1.0738 kl=0.0039
update=6338 mean_reward=+59.6248 mean_length= 59.99 policy_loss=+0.00156 value_loss=+0.38777 ratio=1.0840 kl=0.0143
update=6339 mean_reward=+59.6283 mean_length= 59.99 policy_loss=+0.00157 value_loss=+0.17208 ratio=1.0785 kl=0.0099
update=6340 mean_reward=+59.6026 mean_length= 59.97 policy_loss=+0.00393 value_loss=+0.62010 ratio=1.0689 kl=0.0082 | eval_reward=+59.6477 eval_length= 60.00
update=6341 mean_reward=+59.6034 mean_length= 59.97 policy_loss=+0.00132 value_loss=+0.59173 ratio=1.0746 kl=0.0183
update=6342 mean_reward=+59.6062 mean_length= 59.97 policy_loss=-0.00023 value_loss=+0.64302 ratio=1.0579 kl=0.0051
update=6343 mean_reward=+59.5955 mean_length= 59.96 policy_loss=+0.00009 value_loss=+0.67947 ratio=1.0609 kl=-0.0008
update=6344 mean_reward=+59.6112 mean_length= 59.97 policy_loss=+0.00007 value_loss=+0.53352 ratio=1.0504 kl=0.0040
update=6345 mean_reward=+59.6108 mean_length= 59.98 policy_loss=+0.00037 value_loss=+0.54177 ratio=1.0510 kl=0.0115 | eval_reward=+59.6836 eval_length= 60.00
update=6346 mean_reward=+59.6150 mean_length= 59.98 policy_loss=-0.00037 value_loss=+0.46668 ratio=1.0535 kl=0.0052
update=6347 mean_reward=+59.6094 mean_length= 59.97 policy_loss=+0.00005 value_loss=+0.52039 ratio=1.0518 kl=0.0112
update=6348 mean_reward=+59.6136 mean_length= 59.98 policy_loss=+0.00070 value_loss=+0.45645 ratio=1.0440 kl=0.0121
update=6349 mean_reward=+59.6178 mean_length= 59.98 policy_loss=+0.00001 value_loss=+0.55944 ratio=1.0517 kl=0.0040
update=6350 mean_reward=+59.5911 mean_length= 59.96 policy_loss=-0.00084 value_loss=+0.69708 ratio=1.0618 kl=0.0003 | eval_reward=+59.6776 eval_length= 60.00
update=6351 mean_reward=+59.6169 mean_length= 59.97 policy_loss=-0.00033 value_loss=+0.63553 ratio=1.0538 kl=0.0006
update=6352 mean_reward=+59.6210 mean_length= 59.98 policy_loss=-0.00046 value_loss=+0.43575 ratio=1.0474 kl=0.0039
update=6353 mean_reward=+59.6178 mean_length= 59.98 policy_loss=-0.00066 value_loss=+0.38527 ratio=1.0391 kl=-0.0012
update=6354 mean_reward=+59.6063 mean_length= 59.97 policy_loss=+0.00097 value_loss=+0.50458 ratio=1.0565 kl=0.0250
update=6355 mean_reward=+59.5889 mean_length= 59.95 policy_loss=+0.00026 value_loss=+0.74128 ratio=1.0690 kl=0.0119 | eval_reward=+59.7033 eval_length= 60.00
update=6356 mean_reward=+59.5950 mean_length= 59.96 policy_loss=-0.00088 value_loss=+0.64208 ratio=1.0571 kl=0.0038
update=6357 mean_reward=+59.6377 mean_length= 60.00 policy_loss=+0.00251 value_loss=+0.03410 ratio=1.0718 kl=0.0125
update=6358 mean_reward=+59.6230 mean_length= 59.98 policy_loss=+0.00350 value_loss=+0.48410 ratio=1.0635 kl=0.0228
update=6359 mean_reward=+59.6194 mean_length= 59.99 policy_loss=+0.00127 value_loss=+0.12749 ratio=1.0523 kl=0.0205
update=6360 mean_reward=+59.6189 mean_length= 59.98 policy_loss=+0.00016 value_loss=+0.29561 ratio=1.0533 kl=0.0234 | eval_reward=+59.6883 eval_length= 60.00
update=6361 mean_reward=+59.5818 mean_length= 59.94 policy_loss=-0.00071 value_loss=+0.74079 ratio=1.0708 kl=0.0129
update=6362 mean_reward=+59.6177 mean_length= 59.98 policy_loss=-0.00005 value_loss=+0.41608 ratio=1.0501 kl=0.0179
update=6363 mean_reward=+59.6090 mean_length= 59.97 policy_loss=+0.00055 value_loss=+0.46665 ratio=1.0618 kl=0.0117
update=6364 mean_reward=+59.6169 mean_length= 59.98 policy_loss=-0.00026 value_loss=+0.40626 ratio=1.0443 kl=0.0008
update=6365 mean_reward=+59.6003 mean_length= 59.96 policy_loss=-0.00012 value_loss=+0.55481 ratio=1.0449 kl=0.0084 | eval_reward=+59.6888 eval_length= 60.00
update=6366 mean_reward=+59.6199 mean_length= 59.98 policy_loss=-0.00061 value_loss=+0.45110 ratio=1.0579 kl=0.0084
update=6367 mean_reward=+59.6174 mean_length= 59.97 policy_loss=-0.00047 value_loss=+0.37930 ratio=1.0662 kl=0.0032
update=6368 mean_reward=+59.6046 mean_length= 59.96 policy_loss=-0.00036 value_loss=+0.55321 ratio=1.0463 kl=0.0023
update=6369 mean_reward=+59.6272 mean_length= 59.99 policy_loss=-0.00065 value_loss=+0.31986 ratio=1.0707 kl=-0.0010
update=6370 mean_reward=+59.6172 mean_length= 59.97 policy_loss=+0.00011 value_loss=+0.57006 ratio=1.1170 kl=0.0007 | eval_reward=+59.6931 eval_length= 60.00
update=6371 mean_reward=+59.6131 mean_length= 59.97 policy_loss=+0.00181 value_loss=+0.66679 ratio=1.0609 kl=0.0048
update=6372 mean_reward=+59.6174 mean_length= 59.98 policy_loss=+0.00061 value_loss=+0.20912 ratio=1.0523 kl=0.0135
update=6373 mean_reward=+59.6261 mean_length= 59.99 policy_loss=+0.00071 value_loss=+0.21294 ratio=1.0494 kl=0.0190
update=6374 mean_reward=+59.6288 mean_length= 59.99 policy_loss=+0.00005 value_loss=+0.23115 ratio=1.0653 kl=0.0109
update=6375 mean_reward=+59.6106 mean_length= 59.96 policy_loss=-0.00030 value_loss=+0.66840 ratio=1.0553 kl=0.0056 | eval_reward=+59.6990 eval_length= 60.00
update=6376 mean_reward=+59.6120 mean_length= 59.97 policy_loss=-0.00009 value_loss=+0.39648 ratio=1.0508 kl=0.0078
update=6377 mean_reward=+59.6198 mean_length= 59.98 policy_loss=+0.00043 value_loss=+0.35977 ratio=1.0541 kl=0.0085
update=6378 mean_reward=+59.6259 mean_length= 59.98 policy_loss=+0.00161 value_loss=+0.22098 ratio=1.0612 kl=0.0224
update=6379 mean_reward=+59.6120 mean_length= 59.98 policy_loss=+0.00198 value_loss=+0.27187 ratio=1.0510 kl=0.0268
update=6380 mean_reward=+59.6142 mean_length= 59.98 policy_loss=+0.00027 value_loss=+0.31034 ratio=1.0989 kl=0.0137 | eval_reward=+59.7116 eval_length= 60.00
update=6381 mean_reward=+59.6055 mean_length= 59.96 policy_loss=+0.00021 value_loss=+0.53870 ratio=1.0681 kl=0.0145
update=6382 mean_reward=+59.5984 mean_length= 59.97 policy_loss=+0.00027 value_loss=+0.63227 ratio=1.0606 kl=0.0199
update=6383 mean_reward=+59.6239 mean_length= 59.99 policy_loss=+0.00128 value_loss=+0.19974 ratio=1.0543 kl=0.0103
update=6384 mean_reward=+59.6119 mean_length= 59.98 policy_loss=+0.00205 value_loss=+0.21020 ratio=1.0976 kl=0.0251
update=6385 mean_reward=+59.5883 mean_length= 59.96 policy_loss=+0.00208 value_loss=+0.68518 ratio=1.0530 kl=0.0167 | eval_reward=+59.7102 eval_length= 60.00
update=6386 mean_reward=+59.6174 mean_length= 59.98 policy_loss=+0.00128 value_loss=+0.34842 ratio=1.0659 kl=0.0149
update=6387 mean_reward=+59.5968 mean_length= 59.97 policy_loss=+0.00052 value_loss=+0.59894 ratio=1.0532 kl=0.0155
update=6388 mean_reward=+59.6185 mean_length= 59.98 policy_loss=+0.00165 value_loss=+0.39243 ratio=1.0806 kl=0.0164
update=6389 mean_reward=+59.6083 mean_length= 59.97 policy_loss=+0.00064 value_loss=+0.35105 ratio=1.0612 kl=0.0071
update=6390 mean_reward=+59.5974 mean_length= 59.95 policy_loss=+0.00001 value_loss=+0.63350 ratio=1.0794 kl=0.0092 | eval_reward=+59.7041 eval_length= 60.00
update=6391 mean_reward=+59.6334 mean_length= 60.00 policy_loss=+0.00249 value_loss=+0.09419 ratio=1.0640 kl=0.0093
update=6392 mean_reward=+59.6220 mean_length= 59.98 policy_loss=+0.00044 value_loss=+0.44813 ratio=1.0764 kl=0.0222
update=6393 mean_reward=+59.6071 mean_length= 59.96 policy_loss=+0.00012 value_loss=+0.37841 ratio=1.0532 kl=0.0117
update=6394 mean_reward=+59.6221 mean_length= 59.98 policy_loss=+0.00030 value_loss=+0.37165 ratio=1.0559 kl=0.0144
update=6395 mean_reward=+59.6019 mean_length= 59.96 policy_loss=+0.00019 value_loss=+0.51988 ratio=1.0649 kl=0.0222 | eval_reward=+59.7041 eval_length= 60.00
update=6396 mean_reward=+59.6228 mean_length= 59.98 policy_loss=+0.00013 value_loss=+0.45844 ratio=1.0639 kl=0.0143
update=6397 mean_reward=+59.6064 mean_length= 59.96 policy_loss=-0.00102 value_loss=+0.48840 ratio=1.0899 kl=-0.0005
update=6398 mean_reward=+59.6185 mean_length= 59.98 policy_loss=-0.00006 value_loss=+0.34540 ratio=1.0996 kl=0.0023
update=6399 mean_reward=+59.6268 mean_length= 59.98 policy_loss=-0.00037 value_loss=+0.41952 ratio=1.0508 kl=0.0019
update=6400 mean_reward=+59.6173 mean_length= 59.98 policy_loss=+0.00053 value_loss=+0.58378 ratio=1.0704 kl=0.0073 | eval_reward=+59.7169 eval_length= 60.00
update=6401 mean_reward=+59.5991 mean_length= 59.96 policy_loss=-0.00024 value_loss=+0.63827 ratio=1.0564 kl=0.0126
update=6402 mean_reward=+59.6015 mean_length= 59.95 policy_loss=+0.00048 value_loss=+0.63087 ratio=1.0644 kl=0.0215
update=6403 mean_reward=+59.5993 mean_length= 59.96 policy_loss=-0.00046 value_loss=+0.66268 ratio=1.0584 kl=0.0170
update=6404 mean_reward=+59.6137 mean_length= 59.97 policy_loss=-0.00010 value_loss=+0.41364 ratio=1.0617 kl=0.0066
update=6405 mean_reward=+59.5957 mean_length= 59.95 policy_loss=+0.00001 value_loss=+0.66516 ratio=1.0629 kl=0.0025 | eval_reward=+59.7304 eval_length= 60.00
update=6406 mean_reward=+59.6121 mean_length= 59.98 policy_loss=-0.00072 value_loss=+0.57628 ratio=1.0647 kl=-0.0033
update=6407 mean_reward=+59.5934 mean_length= 59.96 policy_loss=-0.00063 value_loss=+0.56812 ratio=1.0656 kl=-0.0027
update=6408 mean_reward=+59.5899 mean_length= 59.95 policy_loss=-0.00026 value_loss=+0.71906 ratio=1.0694 kl=0.0059
update=6409 mean_reward=+59.6159 mean_length= 59.98 policy_loss=+0.00161 value_loss=+0.41898 ratio=1.1331 kl=0.0147
update=6410 mean_reward=+59.6175 mean_length= 59.97 policy_loss=+0.00177 value_loss=+0.47859 ratio=1.1406 kl=0.0170 | eval_reward=+59.7106 eval_length= 60.00
update=6411 mean_reward=+59.6092 mean_length= 59.97 policy_loss=+0.00048 value_loss=+0.44750 ratio=1.0744 kl=0.0122
update=6412 mean_reward=+59.6212 mean_length= 59.99 policy_loss=+0.00007 value_loss=+0.26567 ratio=1.0734 kl=0.0068
update=6413 mean_reward=+59.6183 mean_length= 59.98 policy_loss=+0.00023 value_loss=+0.32061 ratio=1.0811 kl=0.0058
update=6414 mean_reward=+59.6213 mean_length= 59.98 policy_loss=-0.00009 value_loss=+0.51247 ratio=1.0914 kl=-0.0024
update=6415 mean_reward=+59.6194 mean_length= 59.98 policy_loss=-0.00001 value_loss=+0.39509 ratio=1.0681 kl=0.0008 | eval_reward=+59.6333 eval_length= 60.00
update=6416 mean_reward=+59.6170 mean_length= 59.98 policy_loss=+0.05247 value_loss=+0.42808 ratio=1.0984 kl=0.0166
update=6417 mean_reward=+59.6229 mean_length= 59.99 policy_loss=+0.00200 value_loss=+0.40852 ratio=1.0771 kl=0.0110
update=6418 mean_reward=+59.5937 mean_length= 59.97 policy_loss=+0.00402 value_loss=+0.38937 ratio=1.3284 kl=0.0201
update=6419 mean_reward=+59.5975 mean_length= 59.98 policy_loss=+0.00033 value_loss=+0.54624 ratio=1.1338 kl=0.0103
update=6420 mean_reward=+59.5991 mean_length= 59.97 policy_loss=+0.00563 value_loss=+0.57055 ratio=1.0871 kl=0.0163 | eval_reward=+59.7268 eval_length= 60.00
update=6421 mean_reward=+59.5830 mean_length= 59.97 policy_loss=+0.00327 value_loss=+0.80369 ratio=1.0886 kl=0.0130
update=6422 mean_reward=+59.5837 mean_length= 59.97 policy_loss=+0.03547 value_loss=+0.62473 ratio=1.0920 kl=0.0115
update=6423 mean_reward=+59.5893 mean_length= 59.99 policy_loss=+0.00144 value_loss=+0.32145 ratio=1.0843 kl=0.0144
update=6424 mean_reward=+59.5854 mean_length= 59.97 policy_loss=+0.00105 value_loss=+0.33950 ratio=1.0757 kl=0.0118
update=6425 mean_reward=+59.5818 mean_length= 59.98 policy_loss=+0.00072 value_loss=+0.36518 ratio=1.0892 kl=0.0050 | eval_reward=+59.7240 eval_length= 60.00
update=6426 mean_reward=+59.6024 mean_length= 59.99 policy_loss=+0.00349 value_loss=+0.13615 ratio=1.1124 kl=0.0216
update=6427 mean_reward=+59.5764 mean_length= 59.96 policy_loss=+0.00251 value_loss=+0.58920 ratio=1.0994 kl=0.0248
update=6428 mean_reward=+59.5873 mean_length= 59.98 policy_loss=+0.00164 value_loss=+0.28335 ratio=1.0880 kl=0.0216
update=6429 mean_reward=+59.5844 mean_length= 59.98 policy_loss=+0.00052 value_loss=+0.44836 ratio=1.1035 kl=-0.0011
update=6430 mean_reward=+59.5859 mean_length= 59.98 policy_loss=+0.00148 value_loss=+0.63504 ratio=1.0992 kl=0.0042 | eval_reward=+59.7249 eval_length= 60.00
update=6431 mean_reward=+59.5752 mean_length= 59.96 policy_loss=+0.00081 value_loss=+0.74331 ratio=1.0933 kl=-0.0061
update=6432 mean_reward=+59.5901 mean_length= 59.97 policy_loss=+0.00079 value_loss=+0.36892 ratio=1.0838 kl=-0.0032
update=6433 mean_reward=+59.5744 mean_length= 59.95 policy_loss=+0.00443 value_loss=+0.62196 ratio=1.1003 kl=0.0114
update=6434 mean_reward=+59.5899 mean_length= 59.97 policy_loss=+0.00094 value_loss=+0.42296 ratio=1.1009 kl=0.0112
update=6435 mean_reward=+59.6009 mean_length= 59.99 policy_loss=+0.00103 value_loss=+0.24648 ratio=1.0621 kl=0.0104 | eval_reward=+59.7214 eval_length= 60.00
update=6436 mean_reward=+59.6161 mean_length= 60.00 policy_loss=+0.00380 value_loss=+0.09600 ratio=1.0720 kl=0.0091
update=6437 mean_reward=+59.5790 mean_length= 59.96 policy_loss=+0.00353 value_loss=+0.47252 ratio=1.1115 kl=0.0251
update=6438 mean_reward=+59.5630 mean_length= 59.95 policy_loss=-0.00010 value_loss=+0.66196 ratio=1.2300 kl=-0.0022
update=6439 mean_reward=+59.5818 mean_length= 59.97 policy_loss=+0.00213 value_loss=+0.32193 ratio=1.1104 kl=0.0219
update=6440 mean_reward=+59.5894 mean_length= 59.97 policy_loss=+0.00075 value_loss=+0.43471 ratio=1.0585 kl=0.0041 | eval_reward=+59.7192 eval_length= 60.00
update=6441 mean_reward=+59.5900 mean_length= 59.98 policy_loss=+0.00036 value_loss=+0.27818 ratio=1.0762 kl=0.0059
update=6442 mean_reward=+59.5608 mean_length= 59.96 policy_loss=-0.00060 value_loss=+0.63734 ratio=1.2067 kl=-0.0020
update=6443 mean_reward=+59.5940 mean_length= 59.98 policy_loss=+0.00134 value_loss=+0.23410 ratio=1.0846 kl=0.0127
update=6444 mean_reward=+59.6063 mean_length= 59.99 policy_loss=+0.00596 value_loss=+0.26794 ratio=1.1844 kl=0.0020
update=6445 mean_reward=+59.5818 mean_length= 59.97 policy_loss=+0.00361 value_loss=+0.45838 ratio=1.0640 kl=0.0164 | eval_reward=+59.7236 eval_length= 60.00
update=6446 mean_reward=+59.5822 mean_length= 59.98 policy_loss=+0.00108 value_loss=+0.18207 ratio=1.0533 kl=0.0155
update=6447 mean_reward=+59.5910 mean_length= 59.98 policy_loss=+0.00714 value_loss=+0.29053 ratio=1.0870 kl=0.0203
update=6448 mean_reward=+59.5803 mean_length= 59.97 policy_loss=+0.00152 value_loss=+0.53262 ratio=1.0600 kl=0.0189
update=6449 mean_reward=+59.5636 mean_length= 59.98 policy_loss=+0.00062 value_loss=+0.58567 ratio=1.0750 kl=-0.0005
update=6450 mean_reward=+59.5698 mean_length= 59.98 policy_loss=+0.00099 value_loss=+0.42794 ratio=1.0556 kl=0.0104 | eval_reward=+59.7001 eval_length= 60.00
update=6451 mean_reward=+59.5692 mean_length= 59.98 policy_loss=+0.00055 value_loss=+0.42098 ratio=1.0580 kl=0.0012
update=6452 mean_reward=+59.5843 mean_length= 59.99 policy_loss=+0.00092 value_loss=+0.22238 ratio=1.0490 kl=0.0063
update=6453 mean_reward=+59.5761 mean_length= 59.98 policy_loss=+0.00127 value_loss=+0.37924 ratio=1.0577 kl=0.0140
update=6454 mean_reward=+59.5724 mean_length= 59.97 policy_loss=-0.00053 value_loss=+0.51028 ratio=1.0531 kl=0.0072
update=6455 mean_reward=+59.5729 mean_length= 59.97 policy_loss=+0.00065 value_loss=+0.50738 ratio=1.0615 kl=0.0123 | eval_reward=+59.7146 eval_length= 60.00
update=6456 mean_reward=+59.5850 mean_length= 59.97 policy_loss=-0.00024 value_loss=+0.47145 ratio=1.0609 kl=-0.0041
update=6457 mean_reward=+59.5461 mean_length= 59.94 policy_loss=+0.02005 value_loss=+0.90990 ratio=1.0540 kl=0.0186
update=6458 mean_reward=+59.5725 mean_length= 59.97 policy_loss=+0.00044 value_loss=+0.56908 ratio=1.1692 kl=0.0091
update=6459 mean_reward=+59.5740 mean_length= 59.97 policy_loss=+0.00070 value_loss=+0.45536 ratio=1.0592 kl=0.0085
update=6460 mean_reward=+59.5872 mean_length= 59.98 policy_loss=+0.00059 value_loss=+0.20826 ratio=1.0485 kl=0.0059 | eval_reward=+59.7185 eval_length= 60.00
update=6461 mean_reward=+59.5825 mean_length= 59.98 policy_loss=+0.00292 value_loss=+0.30995 ratio=1.0815 kl=0.0157
update=6462 mean_reward=+59.5755 mean_length= 59.97 policy_loss=+0.00065 value_loss=+0.50146 ratio=1.2350 kl=0.0257
update=6463 mean_reward=+59.5679 mean_length= 59.96 policy_loss=-0.00019 value_loss=+0.65897 ratio=1.0454 kl=0.0133
update=6464 mean_reward=+59.5970 mean_length= 59.98 policy_loss=+0.00057 value_loss=+0.30885 ratio=1.0490 kl=0.0060
update=6465 mean_reward=+59.5901 mean_length= 59.98 policy_loss=+0.00078 value_loss=+0.40262 ratio=1.0481 kl=0.0127 | eval_reward=+59.7219 eval_length= 60.00
update=6466 mean_reward=+59.6004 mean_length= 59.98 policy_loss=-0.00022 value_loss=+0.53923 ratio=1.0728 kl=-0.0029
update=6467 mean_reward=+59.6106 mean_length= 59.99 policy_loss=+0.00092 value_loss=+0.14078 ratio=1.0628 kl=0.0103
update=6468 mean_reward=+59.5686 mean_length= 59.96 policy_loss=+0.00020 value_loss=+0.90787 ratio=1.0633 kl=0.0154
update=6469 mean_reward=+59.5696 mean_length= 59.95 policy_loss=+0.00077 value_loss=+0.72202 ratio=1.0770 kl=0.0099
update=6470 mean_reward=+59.6083 mean_length= 59.99 policy_loss=+0.00076 value_loss=+0.24995 ratio=1.0686 kl=0.0033 | eval_reward=+59.7205 eval_length= 60.00
update=6471 mean_reward=+59.5822 mean_length= 59.96 policy_loss=-0.00048 value_loss=+0.58099 ratio=1.0520 kl=0.0024
update=6472 mean_reward=+59.6055 mean_length= 59.99 policy_loss=+0.00042 value_loss=+0.20394 ratio=1.0607 kl=0.0044
update=6473 mean_reward=+59.5834 mean_length= 59.96 policy_loss=+0.00187 value_loss=+0.70099 ratio=1.0697 kl=0.0226
update=6474 mean_reward=+59.5812 mean_length= 59.97 policy_loss=+0.00053 value_loss=+0.70072 ratio=1.0507 kl=0.0044
update=6475 mean_reward=+59.5784 mean_length= 59.96 policy_loss=+0.00246 value_loss=+0.81158 ratio=1.1348 kl=0.0170 | eval_reward=+59.7242 eval_length= 60.00
update=6476 mean_reward=+59.6041 mean_length= 59.99 policy_loss=+0.00178 value_loss=+0.26194 ratio=1.0564 kl=0.0087
update=6477 mean_reward=+59.5898 mean_length= 59.98 policy_loss=+0.00410 value_loss=+0.33926 ratio=1.0492 kl=0.0146
update=6478 mean_reward=+59.5969 mean_length= 59.99 policy_loss=+0.00332 value_loss=+0.28907 ratio=1.0535 kl=0.0184
update=6479 mean_reward=+59.5611 mean_length= 59.96 policy_loss=+0.00120 value_loss=+0.65399 ratio=1.0542 kl=0.0130
update=6480 mean_reward=+59.5567 mean_length= 59.96 policy_loss=+0.00136 value_loss=+0.44595 ratio=1.0532 kl=0.0154 | eval_reward=+59.7113 eval_length= 60.00
update=6481 mean_reward=+59.5754 mean_length= 59.98 policy_loss=+0.00068 value_loss=+0.37477 ratio=1.0761 kl=0.0125
update=6482 mean_reward=+59.5347 mean_length= 59.94 policy_loss=+0.00034 value_loss=+0.87737 ratio=1.0436 kl=0.0032
update=6483 mean_reward=+59.5959 mean_length= 59.99 policy_loss=+0.00016 value_loss=+0.21664 ratio=1.0464 kl=0.0031
update=6484 mean_reward=+59.5962 mean_length= 59.98 policy_loss=+0.00033 value_loss=+0.28612 ratio=1.0688 kl=0.0080
update=6485 mean_reward=+59.6002 mean_length= 59.98 policy_loss=+0.00071 value_loss=+0.20834 ratio=1.0431 kl=0.0120 | eval_reward=+59.7142 eval_length= 60.00
update=6486 mean_reward=+59.5994 mean_length= 59.98 policy_loss=+0.00757 value_loss=+0.37713 ratio=1.0656 kl=0.0187
update=6487 mean_reward=+59.5329 mean_length= 59.92 policy_loss=+0.00600 value_loss=+1.44410 ratio=1.0799 kl=0.0170
update=6488 mean_reward=+59.5303 mean_length= 59.93 policy_loss=+0.00141 value_loss=+1.21387 ratio=1.0428 kl=0.0087
update=6489 mean_reward=+59.5313 mean_length= 59.93 policy_loss=-0.00077 value_loss=+1.17752 ratio=1.0502 kl=-0.0017
update=6490 mean_reward=+59.5336 mean_length= 59.94 policy_loss=-0.00028 value_loss=+1.16799 ratio=1.0899 kl=-0.0024 | eval_reward=+59.7220 eval_length= 60.00
update=6491 mean_reward=+59.5187 mean_length= 59.92 policy_loss=-0.00043 value_loss=+1.29789 ratio=1.0636 kl=-0.0022
update=6492 mean_reward=+59.5586 mean_length= 59.95 policy_loss=-0.00102 value_loss=+0.88601 ratio=1.0375 kl=-0.0004
update=6493 mean_reward=+59.5361 mean_length= 59.94 policy_loss=-0.00019 value_loss=+0.92634 ratio=1.0492 kl=0.0007
update=6494 mean_reward=+59.5458 mean_length= 59.94 policy_loss=-0.00073 value_loss=+0.93670 ratio=1.0382 kl=0.0007
update=6495 mean_reward=+59.5505 mean_length= 59.94 policy_loss=+0.00009 value_loss=+0.92576 ratio=1.1064 kl=-0.0015 | eval_reward=+59.7136 eval_length= 60.00
update=6496 mean_reward=+59.5611 mean_length= 59.95 policy_loss=-0.00065 value_loss=+0.74014 ratio=1.0532 kl=0.0069
update=6497 mean_reward=+59.5621 mean_length= 59.96 policy_loss=-0.00036 value_loss=+0.70252 ratio=1.0474 kl=0.0047
update=6498 mean_reward=+59.5615 mean_length= 59.95 policy_loss=+0.00909 value_loss=+0.68067 ratio=1.0368 kl=0.0059
update=6499 mean_reward=+59.5649 mean_length= 59.96 policy_loss=+0.00159 value_loss=+0.63633 ratio=1.0393 kl=0.0243
update=6500 mean_reward=+59.5592 mean_length= 59.96 policy_loss=+0.00030 value_loss=+0.78290 ratio=1.0444 kl=0.0179 | eval_reward=+59.7405 eval_length= 60.00
update=6501 mean_reward=+59.5518 mean_length= 59.95 policy_loss=-0.00025 value_loss=+0.80775 ratio=1.0398 kl=0.0012
update=6502 mean_reward=+59.5791 mean_length= 59.97 policy_loss=-0.00085 value_loss=+0.60125 ratio=1.0593 kl=-0.0009
update=6503 mean_reward=+59.5792 mean_length= 59.98 policy_loss=+0.00039 value_loss=+0.47097 ratio=1.0509 kl=0.0114
update=6504 mean_reward=+59.5898 mean_length= 59.98 policy_loss=+0.00699 value_loss=+0.53003 ratio=1.1165 kl=0.0215
update=6505 mean_reward=+59.5812 mean_length= 59.98 policy_loss=+0.00214 value_loss=+0.18912 ratio=1.0401 kl=0.0276 | eval_reward=+59.7416 eval_length= 60.00
update=6506 mean_reward=+59.5555 mean_length= 59.95 policy_loss=-0.00005 value_loss=+0.74121 ratio=1.0394 kl=0.0146
update=6507 mean_reward=+59.5683 mean_length= 59.96 policy_loss=-0.00075 value_loss=+0.65937 ratio=1.0366 kl=-0.0002
update=6508 mean_reward=+59.5774 mean_length= 59.97 policy_loss=+0.00020 value_loss=+0.40753 ratio=1.0455 kl=0.0019
update=6509 mean_reward=+59.5883 mean_length= 59.98 policy_loss=+0.00034 value_loss=+0.31952 ratio=1.0459 kl=0.0109
update=6510 mean_reward=+59.5785 mean_length= 59.97 policy_loss=+0.00082 value_loss=+0.44248 ratio=1.0475 kl=0.0137 | eval_reward=+59.7405 eval_length= 60.00
update=6511 mean_reward=+59.5902 mean_length= 59.98 policy_loss=+0.00020 value_loss=+0.30238 ratio=1.0466 kl=0.0085
update=6512 mean_reward=+59.5756 mean_length= 59.97 policy_loss=+0.00044 value_loss=+0.62348 ratio=1.0556 kl=0.0130
update=6513 mean_reward=+59.5913 mean_length= 59.98 policy_loss=+0.00020 value_loss=+0.29238 ratio=1.0470 kl=0.0129
update=6514 mean_reward=+59.5935 mean_length= 59.98 policy_loss=+0.00037 value_loss=+0.34116 ratio=1.0383 kl=0.0127
update=6515 mean_reward=+59.6084 mean_length= 59.99 policy_loss=+0.00168 value_loss=+0.16989 ratio=1.0592 kl=0.0132 | eval_reward=+59.7238 eval_length= 60.00
update=6516 mean_reward=+59.5875 mean_length= 59.98 policy_loss=+0.00031 value_loss=+0.28015 ratio=1.0378 kl=0.0161
update=6517 mean_reward=+59.5879 mean_length= 59.99 policy_loss=+0.00067 value_loss=+0.15391 ratio=1.0423 kl=0.0175
update=6518 mean_reward=+59.5890 mean_length= 59.98 policy_loss=+0.00210 value_loss=+0.20026 ratio=1.0400 kl=0.0202
update=6519 mean_reward=+59.5806 mean_length= 59.97 policy_loss=+0.00732 value_loss=+0.38485 ratio=1.0395 kl=0.0171
update=6520 mean_reward=+59.5679 mean_length= 59.99 policy_loss=+0.01586 value_loss=+0.24041 ratio=1.0654 kl=0.0190 | eval_reward=+59.7246 eval_length= 60.00
update=6521 mean_reward=+59.5442 mean_length= 59.97 policy_loss=+0.00181 value_loss=+0.39277 ratio=1.0607 kl=0.0183
update=6522 mean_reward=+59.5319 mean_length= 59.96 policy_loss=+0.00165 value_loss=+0.60974 ratio=1.0487 kl=0.0204
update=6523 mean_reward=+59.5271 mean_length= 59.95 policy_loss=-0.00043 value_loss=+0.70530 ratio=1.0484 kl=0.0009
update=6524 mean_reward=+59.5416 mean_length= 59.96 policy_loss=-0.00081 value_loss=+0.70260 ratio=1.0650 kl=0.0021
update=6525 mean_reward=+59.5566 mean_length= 59.97 policy_loss=+0.00058 value_loss=+0.51853 ratio=1.0501 kl=0.0195 | eval_reward=+59.7400 eval_length= 60.00
update=6526 mean_reward=+59.5552 mean_length= 59.97 policy_loss=-0.00034 value_loss=+0.43078 ratio=1.0955 kl=0.0109
update=6527 mean_reward=+59.5531 mean_length= 59.96 policy_loss=+0.00238 value_loss=+0.52746 ratio=1.0530 kl=0.0170
update=6528 mean_reward=+59.5795 mean_length= 59.98 policy_loss=+0.00222 value_loss=+0.20705 ratio=1.0719 kl=0.0211
update=6529 mean_reward=+59.5588 mean_length= 59.96 policy_loss=+0.00011 value_loss=+0.70017 ratio=1.0435 kl=0.0112
update=6530 mean_reward=+59.5548 mean_length= 59.96 policy_loss=-0.00045 value_loss=+0.61249 ratio=1.0429 kl=0.0045 | eval_reward=+59.7124 eval_length= 60.00
update=6531 mean_reward=+59.5761 mean_length= 59.98 policy_loss=+0.00081 value_loss=+0.26649 ratio=1.0435 kl=0.0082
update=6532 mean_reward=+59.5939 mean_length= 59.99 policy_loss=+0.00235 value_loss=+0.15757 ratio=1.0616 kl=0.0147
update=6533 mean_reward=+59.5581 mean_length= 59.96 policy_loss=+0.00077 value_loss=+0.65094 ratio=1.0625 kl=0.0211
update=6534 mean_reward=+59.5766 mean_length= 59.97 policy_loss=-0.00006 value_loss=+0.51061 ratio=1.0779 kl=0.0038
update=6535 mean_reward=+59.5670 mean_length= 59.96 policy_loss=-0.00037 value_loss=+0.65808 ratio=1.0592 kl=0.0087 | eval_reward=+59.7260 eval_length= 60.00
update=6536 mean_reward=+59.5874 mean_length= 59.98 policy_loss=+0.00052 value_loss=+0.35751 ratio=1.0483 kl=0.0109
update=6537 mean_reward=+59.5841 mean_length= 59.97 policy_loss=+0.00412 value_loss=+0.49405 ratio=1.0391 kl=0.0122
update=6538 mean_reward=+59.5787 mean_length= 59.97 policy_loss=+0.00126 value_loss=+0.42135 ratio=1.0473 kl=0.0204
update=6539 mean_reward=+59.6109 mean_length= 59.99 policy_loss=+0.00093 value_loss=+0.12700 ratio=1.0476 kl=0.0113
update=6540 mean_reward=+59.5988 mean_length= 59.99 policy_loss=+0.00029 value_loss=+0.23434 ratio=1.0779 kl=0.0094 | eval_reward=+59.7285 eval_length= 60.00
update=6541 mean_reward=+59.6010 mean_length= 59.99 policy_loss=-0.00019 value_loss=+0.25337 ratio=1.0359 kl=0.0065
update=6542 mean_reward=+59.6012 mean_length= 59.98 policy_loss=-0.00008 value_loss=+0.29403 ratio=1.0447 kl=0.0093
update=6543 mean_reward=+59.5911 mean_length= 59.97 policy_loss=+0.00039 value_loss=+0.57335 ratio=1.0541 kl=0.0097
update=6544 mean_reward=+59.5916 mean_length= 59.97 policy_loss=-0.00046 value_loss=+0.43386 ratio=1.0649 kl=0.0044
update=6545 mean_reward=+59.6141 mean_length= 59.99 policy_loss=+0.00063 value_loss=+0.22368 ratio=1.0452 kl=0.0151 | eval_reward=+59.7289 eval_length= 60.00
update=6546 mean_reward=+59.6084 mean_length= 59.99 policy_loss=+0.00128 value_loss=+0.18289 ratio=1.0504 kl=0.0144
update=6547 mean_reward=+59.6003 mean_length= 59.98 policy_loss=+0.00485 value_loss=+0.20292 ratio=1.0453 kl=0.0183
update=6548 mean_reward=+59.5776 mean_length= 59.97 policy_loss=+0.00348 value_loss=+0.72859 ratio=1.0377 kl=0.0181
update=6549 mean_reward=+59.5820 mean_length= 59.97 policy_loss=+0.00154 value_loss=+0.45248 ratio=1.0544 kl=0.0206
update=6550 mean_reward=+59.5919 mean_length= 59.98 policy_loss=+0.01924 value_loss=+0.28103 ratio=1.0571 kl=0.0143 | eval_reward=+59.7209 eval_length= 60.00
update=6551 mean_reward=+59.5928 mean_length= 59.98 policy_loss=+0.00079 value_loss=+0.35887 ratio=1.0489 kl=0.0291
update=6552 mean_reward=+59.5763 mean_length= 59.97 policy_loss=+0.00178 value_loss=+0.45847 ratio=1.0679 kl=0.0169
update=6553 mean_reward=+59.5802 mean_length= 59.98 policy_loss=+0.00247 value_loss=+0.26323 ratio=1.0549 kl=0.0290
update=6554 mean_reward=+59.5728 mean_length= 59.98 policy_loss=+0.00203 value_loss=+0.27245 ratio=1.0462 kl=0.0202
update=6555 mean_reward=+59.5701 mean_length= 59.98 policy_loss=+0.00060 value_loss=+0.54483 ratio=1.0453 kl=0.0161 | eval_reward=+59.6310 eval_length= 60.00
update=6556 mean_reward=+59.5669 mean_length= 59.97 policy_loss=-0.00042 value_loss=+0.54415 ratio=1.0979 kl=-0.0005
update=6557 mean_reward=+59.5737 mean_length= 59.97 policy_loss=+0.00026 value_loss=+0.41086 ratio=1.0616 kl=0.0066
update=6558 mean_reward=+59.5761 mean_length= 59.97 policy_loss=-0.00084 value_loss=+0.56210 ratio=1.0796 kl=-0.0004
update=6559 mean_reward=+59.5729 mean_length= 59.97 policy_loss=-0.00006 value_loss=+0.34513 ratio=1.0464 kl=0.0062
update=6560 mean_reward=+59.5945 mean_length= 59.98 policy_loss=+0.00066 value_loss=+0.33785 ratio=1.1223 kl=0.0203 | eval_reward=+59.7259 eval_length= 60.00
update=6561 mean_reward=+59.6068 mean_length= 59.99 policy_loss=+0.00420 value_loss=+0.13879 ratio=1.0492 kl=0.0264
update=6562 mean_reward=+59.5976 mean_length= 59.98 policy_loss=+0.00404 value_loss=+0.34110 ratio=1.0743 kl=0.0230
update=6563 mean_reward=+59.5823 mean_length= 59.97 policy_loss=+0.00267 value_loss=+0.50985 ratio=1.0590 kl=0.0149
update=6564 mean_reward=+59.5763 mean_length= 59.97 policy_loss=+0.00212 value_loss=+0.53042 ratio=1.0545 kl=0.0193
update=6565 mean_reward=+59.5899 mean_length= 59.97 policy_loss=+0.00025 value_loss=+0.50117 ratio=1.0731 kl=0.0103 | eval_reward=+59.7197 eval_length= 60.00
update=6566 mean_reward=+59.5681 mean_length= 59.96 policy_loss=-0.00071 value_loss=+0.59861 ratio=1.0766 kl=-0.0032
update=6567 mean_reward=+59.5971 mean_length= 59.98 policy_loss=+0.00019 value_loss=+0.36667 ratio=1.0641 kl=-0.0032
update=6568 mean_reward=+59.5945 mean_length= 59.98 policy_loss=+0.00006 value_loss=+0.39351 ratio=1.0924 kl=0.0009
update=6569 mean_reward=+59.5433 mean_length= 59.93 policy_loss=-0.00032 value_loss=+1.15408 ratio=1.0704 kl=0.0049
update=6570 mean_reward=+59.6051 mean_length= 59.99 policy_loss=-0.00010 value_loss=+0.29602 ratio=1.0562 kl=-0.0026 | eval_reward=+59.7137 eval_length= 60.00
update=6571 mean_reward=+59.6076 mean_length= 59.99 policy_loss=+0.00217 value_loss=+0.12848 ratio=1.0758 kl=0.0164
update=6572 mean_reward=+59.5920 mean_length= 59.97 policy_loss=+0.00074 value_loss=+0.69001 ratio=1.0617 kl=0.0211
update=6573 mean_reward=+59.5790 mean_length= 59.96 policy_loss=-0.00050 value_loss=+0.67163 ratio=1.0556 kl=0.0014
update=6574 mean_reward=+59.5836 mean_length= 59.96 policy_loss=+0.00008 value_loss=+0.77175 ratio=1.0733 kl=0.0001
update=6575 mean_reward=+59.6070 mean_length= 59.98 policy_loss=+0.00064 value_loss=+0.24970 ratio=1.0639 kl=0.0039 | eval_reward=+59.7178 eval_length= 60.00
update=6576 mean_reward=+59.5604 mean_length= 59.94 policy_loss=+0.00076 value_loss=+0.69573 ratio=1.0691 kl=0.0113
update=6577 mean_reward=+59.5745 mean_length= 59.96 policy_loss=-0.00012 value_loss=+0.86861 ratio=1.0856 kl=0.0075
update=6578 mean_reward=+59.5871 mean_length= 59.97 policy_loss=+0.00000 value_loss=+0.45591 ratio=1.0588 kl=0.0042
update=6579 mean_reward=+59.6037 mean_length= 59.98 policy_loss=+0.00070 value_loss=+0.22012 ratio=1.1492 kl=0.0063
update=6580 mean_reward=+59.6006 mean_length= 59.97 policy_loss=+0.00559 value_loss=+0.35241 ratio=1.0552 kl=0.0172 | eval_reward=+59.7164 eval_length= 60.00
update=6581 mean_reward=+59.5925 mean_length= 59.98 policy_loss=+0.00281 value_loss=+0.42221 ratio=1.0661 kl=0.0165
update=6582 mean_reward=+59.5991 mean_length= 59.99 policy_loss=+0.00357 value_loss=+0.19600 ratio=1.0894 kl=0.0221
update=6583 mean_reward=+59.5704 mean_length= 59.96 policy_loss=+0.00052 value_loss=+0.52228 ratio=1.0609 kl=0.0263
update=6584 mean_reward=+59.6014 mean_length= 60.00 policy_loss=+0.00136 value_loss=+0.10730 ratio=1.0537 kl=0.0047
update=6585 mean_reward=+59.5936 mean_length= 59.99 policy_loss=+0.00262 value_loss=+0.14444 ratio=1.0614 kl=0.0254 | eval_reward=+59.6783 eval_length= 60.00
update=6586 mean_reward=+59.5883 mean_length= 59.98 policy_loss=+0.00148 value_loss=+0.29833 ratio=1.0746 kl=0.0240
update=6587 mean_reward=+59.5559 mean_length= 59.95 policy_loss=+0.00070 value_loss=+0.68381 ratio=1.0587 kl=0.0162
update=6588 mean_reward=+59.5882 mean_length= 59.98 policy_loss=-0.00020 value_loss=+0.35474 ratio=1.0645 kl=0.0056
update=6589 mean_reward=+59.5949 mean_length= 59.98 policy_loss=+0.00046 value_loss=+0.29753 ratio=1.0654 kl=0.0091
update=6590 mean_reward=+59.5778 mean_length= 59.97 policy_loss=+0.00012 value_loss=+0.45221 ratio=1.0731 kl=0.0004 | eval_reward=+59.7192 eval_length= 60.00
update=6591 mean_reward=+59.5943 mean_length= 59.98 policy_loss=+0.00084 value_loss=+0.36499 ratio=1.0679 kl=0.0130
update=6592 mean_reward=+59.6027 mean_length= 59.98 policy_loss=-0.00006 value_loss=+0.37660 ratio=1.0798 kl=0.0068
update=6593 mean_reward=+59.5924 mean_length= 59.97 policy_loss=+0.00047 value_loss=+0.49449 ratio=1.0772 kl=0.0206
update=6594 mean_reward=+59.5764 mean_length= 59.96 policy_loss=+0.00682 value_loss=+0.66624 ratio=1.0749 kl=0.0040
update=6595 mean_reward=+59.6320 mean_length= 60.00 policy_loss=+0.00620 value_loss=+0.01659 ratio=1.0683 kl=0.0197 | eval_reward=+59.6894 eval_length= 60.00
update=6596 mean_reward=+59.6146 mean_length= 59.98 policy_loss=+0.00263 value_loss=+0.29264 ratio=1.0601 kl=0.0277
update=6597 mean_reward=+59.5982 mean_length= 59.97 policy_loss=+0.00012 value_loss=+0.39729 ratio=1.0618 kl=0.0139
update=6598 mean_reward=+59.6049 mean_length= 59.97 policy_loss=-0.00022 value_loss=+0.27089 ratio=1.0549 kl=0.0086
update=6599 mean_reward=+59.6236 mean_length= 59.99 policy_loss=+0.00311 value_loss=+0.24218 ratio=1.0498 kl=0.0202
update=6600 mean_reward=+59.6135 mean_length= 59.98 policy_loss=+0.00302 value_loss=+0.28326 ratio=1.0553 kl=0.0187 | eval_reward=+59.7202 eval_length= 60.00
update=6601 mean_reward=+59.5978 mean_length= 59.97 policy_loss=+0.00144 value_loss=+0.81263 ratio=1.0495 kl=0.0183
update=6602 mean_reward=+59.5820 mean_length= 59.97 policy_loss=+0.00026 value_loss=+0.68544 ratio=1.0664 kl=0.0056
update=6603 mean_reward=+59.5600 mean_length= 59.94 policy_loss=-0.00111 value_loss=+1.10086 ratio=1.0439 kl=-0.0045
update=6604 mean_reward=+59.5802 mean_length= 59.97 policy_loss=+0.00090 value_loss=+0.60880 ratio=1.0469 kl=0.0121
update=6605 mean_reward=+59.5790 mean_length= 59.96 policy_loss=+0.02046 value_loss=+0.88303 ratio=1.0569 kl=0.0242 | eval_reward=+59.7192 eval_length= 60.00
update=6606 mean_reward=+59.5758 mean_length= 59.97 policy_loss=+0.00179 value_loss=+0.81882 ratio=1.0498 kl=0.0255
update=6607 mean_reward=+59.5791 mean_length= 59.96 policy_loss=-0.00033 value_loss=+0.55287 ratio=1.0700 kl=0.0013
update=6608 mean_reward=+59.5977 mean_length= 59.98 policy_loss=+0.00285 value_loss=+0.47699 ratio=1.0465 kl=0.0108
update=6609 mean_reward=+59.5591 mean_length= 59.94 policy_loss=-0.00020 value_loss=+0.96580 ratio=1.1467 kl=-0.0001
update=6610 mean_reward=+59.5835 mean_length= 59.97 policy_loss=+0.00026 value_loss=+0.81999 ratio=1.0432 kl=-0.0021 | eval_reward=+59.7160 eval_length= 60.00
update=6611 mean_reward=+59.6071 mean_length= 59.99 policy_loss=+0.00013 value_loss=+0.29792 ratio=1.0618 kl=0.0064
update=6612 mean_reward=+59.5938 mean_length= 59.97 policy_loss=-0.00064 value_loss=+0.67862 ratio=1.0474 kl=-0.0008
update=6613 mean_reward=+59.6014 mean_length= 59.97 policy_loss=-0.00070 value_loss=+0.82390 ratio=1.0949 kl=-0.0010
update=6614 mean_reward=+59.6058 mean_length= 59.97 policy_loss=+0.00570 value_loss=+0.59640 ratio=1.0563 kl=0.0171
update=6615 mean_reward=+59.5816 mean_length= 59.96 policy_loss=+0.00016 value_loss=+0.70243 ratio=1.1209 kl=0.0081 | eval_reward=+59.7132 eval_length= 60.00
update=6616 mean_reward=+59.6007 mean_length= 59.98 policy_loss=-0.00024 value_loss=+0.37748 ratio=1.0503 kl=-0.0001
update=6617 mean_reward=+59.5965 mean_length= 59.97 policy_loss=-0.00030 value_loss=+0.46806 ratio=1.0469 kl=0.0065
update=6618 mean_reward=+59.6056 mean_length= 59.98 policy_loss=+0.00005 value_loss=+0.44860 ratio=1.0615 kl=0.0056
update=6619 mean_reward=+59.6118 mean_length= 59.98 policy_loss=+0.00003 value_loss=+0.48240 ratio=1.0474 kl=0.0138
update=6620 mean_reward=+59.5933 mean_length= 59.96 policy_loss=+0.00043 value_loss=+0.73291 ratio=1.0423 kl=0.0075 | eval_reward=+59.7385 eval_length= 60.00
update=6621 mean_reward=+59.5840 mean_length= 59.96 policy_loss=-0.00023 value_loss=+0.66154 ratio=1.1079 kl=0.0030
update=6622 mean_reward=+59.6199 mean_length= 59.99 policy_loss=+0.00093 value_loss=+0.22320 ratio=1.0564 kl=0.0035
update=6623 mean_reward=+59.5878 mean_length= 59.96 policy_loss=-0.00052 value_loss=+0.51196 ratio=1.0529 kl=0.0045
update=6624 mean_reward=+59.5958 mean_length= 59.97 policy_loss=-0.00081 value_loss=+0.65642 ratio=1.0934 kl=0.0046
update=6625 mean_reward=+59.6033 mean_length= 59.97 policy_loss=-0.00024 value_loss=+0.42188 ratio=1.0440 kl=0.0092 | eval_reward=+59.7166 eval_length= 60.00
update=6626 mean_reward=+59.5983 mean_length= 59.97 policy_loss=+0.00020 value_loss=+0.58643 ratio=1.0440 kl=0.0130
update=6627 mean_reward=+59.5883 mean_length= 59.96 policy_loss=-0.00094 value_loss=+0.71863 ratio=1.0516 kl=0.0002
update=6628 mean_reward=+59.6182 mean_length= 59.98 policy_loss=-0.00003 value_loss=+0.35658 ratio=1.0607 kl=0.0055
update=6629 mean_reward=+59.5852 mean_length= 59.95 policy_loss=-0.00063 value_loss=+0.92731 ratio=1.0829 kl=0.0004
update=6630 mean_reward=+59.5944 mean_length= 59.96 policy_loss=-0.00097 value_loss=+0.58387 ratio=1.0871 kl=-0.0026 | eval_reward=+59.7196 eval_length= 60.00
update=6631 mean_reward=+59.6003 mean_length= 59.97 policy_loss=+0.00042 value_loss=+0.43131 ratio=1.0579 kl=0.0054
update=6632 mean_reward=+59.6241 mean_length= 59.98 policy_loss=+0.00040 value_loss=+0.55007 ratio=1.0561 kl=0.0218
update=6633 mean_reward=+59.6039 mean_length= 59.97 policy_loss=+0.00861 value_loss=+0.41806 ratio=1.0669 kl=0.0200
update=6634 mean_reward=+59.6187 mean_length= 59.98 policy_loss=+0.00027 value_loss=+0.37252 ratio=1.0651 kl=0.0191
update=6635 mean_reward=+59.6088 mean_length= 59.97 policy_loss=+0.00126 value_loss=+0.53221 ratio=1.0541 kl=0.0141 | eval_reward=+59.7241 eval_length= 60.00
update=6636 mean_reward=+59.6213 mean_length= 59.99 policy_loss=+0.00620 value_loss=+0.44201 ratio=1.1191 kl=0.0127
update=6637 mean_reward=+59.5921 mean_length= 59.97 policy_loss=+0.00234 value_loss=+0.50228 ratio=1.0449 kl=0.0248
update=6638 mean_reward=+59.6178 mean_length= 59.99 policy_loss=+0.00043 value_loss=+0.20220 ratio=1.0567 kl=0.0099
update=6639 mean_reward=+59.5874 mean_length= 59.96 policy_loss=+0.00376 value_loss=+0.64602 ratio=1.0814 kl=0.0056
update=6640 mean_reward=+59.6077 mean_length= 59.98 policy_loss=+0.00272 value_loss=+0.43417 ratio=1.0641 kl=0.0188 | eval_reward=+59.7368 eval_length= 60.00
update=6641 mean_reward=+59.5894 mean_length= 59.96 policy_loss=+0.00283 value_loss=+0.76034 ratio=1.0700 kl=0.0156
update=6642 mean_reward=+59.5799 mean_length= 59.96 policy_loss=+0.00051 value_loss=+0.55990 ratio=1.0497 kl=0.0104
update=6643 mean_reward=+59.5838 mean_length= 59.97 policy_loss=+0.00004 value_loss=+0.52422 ratio=1.0519 kl=0.0076
update=6644 mean_reward=+59.5932 mean_length= 59.98 policy_loss=-0.00053 value_loss=+0.54152 ratio=1.0688 kl=0.0002
update=6645 mean_reward=+59.6115 mean_length= 59.99 policy_loss=+0.00424 value_loss=+0.16546 ratio=1.0515 kl=0.0165 | eval_reward=+59.7149 eval_length= 60.00
update=6646 mean_reward=+59.5903 mean_length= 59.98 policy_loss=+0.00208 value_loss=+0.79280 ratio=1.0707 kl=0.0178
update=6647 mean_reward=+59.5012 mean_length= 59.91 policy_loss=+0.00633 value_loss=+1.53416 ratio=1.1032 kl=0.0168
update=6648 mean_reward=+59.5575 mean_length= 59.96 policy_loss=+0.00119 value_loss=+0.92496 ratio=1.0660 kl=-0.0060
update=6649 mean_reward=+59.5542 mean_length= 59.95 policy_loss=+0.00018 value_loss=+1.17273 ratio=1.0756 kl=-0.0056
update=6650 mean_reward=+59.5400 mean_length= 59.94 policy_loss=-0.00038 value_loss=+1.20819 ratio=1.0690 kl=-0.0058 | eval_reward=+59.7316 eval_length= 60.00
update=6651 mean_reward=+59.5547 mean_length= 59.95 policy_loss=+0.00238 value_loss=+1.06200 ratio=1.0646 kl=0.0219
update=6652 mean_reward=+59.5558 mean_length= 59.96 policy_loss=-0.00048 value_loss=+1.00389 ratio=1.0960 kl=-0.0045
update=6653 mean_reward=+59.5474 mean_length= 59.95 policy_loss=+0.00170 value_loss=+0.98602 ratio=1.1645 kl=0.0037
update=6654 mean_reward=+59.5792 mean_length= 59.98 policy_loss=+0.00041 value_loss=+0.41446 ratio=1.0875 kl=-0.0013
update=6655 mean_reward=+59.6055 mean_length= 59.99 policy_loss=+0.00180 value_loss=+0.19449 ratio=1.0753 kl=0.0101 | eval_reward=+59.7432 eval_length= 60.00
update=6656 mean_reward=+59.5942 mean_length= 59.99 policy_loss=+0.00450 value_loss=+0.27235 ratio=1.1298 kl=0.0171
update=6657 mean_reward=+59.6168 mean_length= 59.99 policy_loss=+0.00637 value_loss=+0.19712 ratio=1.0967 kl=0.0194
update=6658 mean_reward=+59.5766 mean_length= 59.96 policy_loss=+0.02282 value_loss=+0.75082 ratio=1.0541 kl=0.0086
update=6659 mean_reward=+59.5919 mean_length= 59.97 policy_loss=+0.00467 value_loss=+0.49620 ratio=1.0492 kl=0.0289
update=6660 mean_reward=+59.5916 mean_length= 59.97 policy_loss=+0.00834 value_loss=+0.51774 ratio=1.1092 kl=0.0086 | eval_reward=+59.7193 eval_length= 60.00
update=6661 mean_reward=+59.6028 mean_length= 59.99 policy_loss=+0.00457 value_loss=+0.28237 ratio=1.0740 kl=0.0174
update=6662 mean_reward=+59.5651 mean_length= 59.97 policy_loss=+0.00171 value_loss=+0.46598 ratio=1.1421 kl=0.0182
update=6663 mean_reward=+59.5758 mean_length= 59.98 policy_loss=+0.00068 value_loss=+0.27739 ratio=1.0897 kl=0.0051
update=6664 mean_reward=+59.5776 mean_length= 59.97 policy_loss=+0.00127 value_loss=+0.44382 ratio=1.0442 kl=0.0123
update=6665 mean_reward=+59.5739 mean_length= 59.97 policy_loss=+0.00168 value_loss=+0.30830 ratio=1.0525 kl=0.0196 | eval_reward=+59.6980 eval_length= 60.00
update=6666 mean_reward=+59.5884 mean_length= 59.99 policy_loss=+0.00108 value_loss=+0.24888 ratio=1.0427 kl=0.0223
update=6667 mean_reward=+59.5594 mean_length= 59.96 policy_loss=+0.00943 value_loss=+0.56144 ratio=1.0430 kl=0.0205
update=6668 mean_reward=+59.5705 mean_length= 59.96 policy_loss=+0.00383 value_loss=+0.60647 ratio=1.0560 kl=0.0241
update=6669 mean_reward=+59.5575 mean_length= 59.96 policy_loss=+0.00046 value_loss=+0.64003 ratio=1.0521 kl=0.0178
update=6670 mean_reward=+59.5671 mean_length= 59.97 policy_loss=+0.00222 value_loss=+0.65658 ratio=1.1167 kl=0.0290 | eval_reward=+59.7217 eval_length= 60.00
update=6671 mean_reward=+59.5941 mean_length= 59.99 policy_loss=+0.00123 value_loss=+0.28671 ratio=1.0536 kl=0.0127
update=6672 mean_reward=+59.5823 mean_length= 59.97 policy_loss=+0.00003 value_loss=+0.42765 ratio=1.0784 kl=0.0076
update=6673 mean_reward=+59.5749 mean_length= 59.96 policy_loss=-0.00011 value_loss=+0.64337 ratio=1.0658 kl=0.0059
update=6674 mean_reward=+59.6010 mean_length= 59.98 policy_loss=+0.00019 value_loss=+0.41053 ratio=1.0569 kl=0.0034
update=6675 mean_reward=+59.5904 mean_length= 59.98 policy_loss=+0.00041 value_loss=+0.43519 ratio=1.0576 kl=0.0097 | eval_reward=+59.6979 eval_length= 60.00
update=6676 mean_reward=+59.5953 mean_length= 59.97 policy_loss=-0.00061 value_loss=+0.55652 ratio=1.0517 kl=-0.0018
update=6677 mean_reward=+59.5826 mean_length= 59.96 policy_loss=-0.00055 value_loss=+0.69826 ratio=1.0450 kl=0.0029
update=6678 mean_reward=+59.5899 mean_length= 59.96 policy_loss=-0.00019 value_loss=+0.76959 ratio=1.0811 kl=0.0014
update=6679 mean_reward=+59.5922 mean_length= 59.97 policy_loss=+0.00633 value_loss=+0.56502 ratio=1.0947 kl=0.0170
update=6680 mean_reward=+59.5944 mean_length= 59.97 policy_loss=+0.00164 value_loss=+0.41834 ratio=1.0905 kl=0.0263 | eval_reward=+59.7396 eval_length= 60.00
update=6681 mean_reward=+59.5982 mean_length= 59.98 policy_loss=+0.00063 value_loss=+0.28260 ratio=1.0593 kl=0.0175
update=6682 mean_reward=+59.5824 mean_length= 59.96 policy_loss=+0.00062 value_loss=+0.45050 ratio=1.0443 kl=0.0224
update=6683 mean_reward=+59.6111 mean_length= 60.00 policy_loss=+0.00338 value_loss=+0.01821 ratio=1.0670 kl=0.0053
update=6684 mean_reward=+59.5826 mean_length= 59.97 policy_loss=+0.00285 value_loss=+0.43656 ratio=1.0441 kl=0.0242
update=6685 mean_reward=+59.5764 mean_length= 59.98 policy_loss=+0.00197 value_loss=+0.35078 ratio=1.0435 kl=0.0218 | eval_reward=+59.6846 eval_length= 60.00
update=6686 mean_reward=+59.5466 mean_length= 59.97 policy_loss=+0.00381 value_loss=+0.64698 ratio=1.0448 kl=0.0176
update=6687 mean_reward=+59.5829 mean_length= 59.99 policy_loss=+0.00126 value_loss=+0.16547 ratio=1.0691 kl=0.0140
update=6688 mean_reward=+59.5654 mean_length= 59.97 policy_loss=+0.00238 value_loss=+0.41948 ratio=1.0471 kl=0.0262
update=6689 mean_reward=+59.5726 mean_length= 59.98 policy_loss=+0.00084 value_loss=+0.38849 ratio=1.0558 kl=-0.0018
update=6690 mean_reward=+59.5527 mean_length= 59.96 policy_loss=-0.00061 value_loss=+0.67499 ratio=1.0588 kl=0.0043 | eval_reward=+59.6908 eval_length= 60.00
update=6691 mean_reward=+59.5902 mean_length= 59.99 policy_loss=+0.00048 value_loss=+0.26730 ratio=1.0478 kl=0.0173
update=6692 mean_reward=+59.5815 mean_length= 59.97 policy_loss=+0.00194 value_loss=+0.36487 ratio=1.0556 kl=0.0144
update=6693 mean_reward=+59.5994 mean_length= 59.99 policy_loss=+0.00040 value_loss=+0.26860 ratio=1.0565 kl=0.0155
update=6694 mean_reward=+59.5674 mean_length= 59.96 policy_loss=+0.00058 value_loss=+0.59622 ratio=1.1040 kl=0.0191
update=6695 mean_reward=+59.5934 mean_length= 59.99 policy_loss=+0.00241 value_loss=+0.17040 ratio=1.1040 kl=0.0209 | eval_reward=+59.6979 eval_length= 60.00
update=6696 mean_reward=+59.6167 mean_length= 59.99 policy_loss=+0.00137 value_loss=+0.19169 ratio=1.0867 kl=0.0151
update=6697 mean_reward=+59.6091 mean_length= 59.99 policy_loss=+0.00109 value_loss=+0.16167 ratio=1.1391 kl=0.0140
update=6698 mean_reward=+59.5853 mean_length= 59.97 policy_loss=+0.00006 value_loss=+0.42971 ratio=1.0483 kl=0.0218
update=6699 mean_reward=+59.6202 mean_length= 59.99 policy_loss=+0.00227 value_loss=+0.18660 ratio=1.0511 kl=0.0218
update=6700 mean_reward=+59.6153 mean_length= 59.99 policy_loss=-0.00000 value_loss=+0.32707 ratio=1.0391 kl=0.0098 | eval_reward=+59.6960 eval_length= 60.00
update=6701 mean_reward=+59.6039 mean_length= 59.98 policy_loss=+0.00105 value_loss=+0.23612 ratio=1.0494 kl=0.0228
update=6702 mean_reward=+59.5908 mean_length= 59.96 policy_loss=+0.00346 value_loss=+0.49518 ratio=1.0444 kl=0.0197
update=6703 mean_reward=+59.6170 mean_length= 60.00 policy_loss=+0.00116 value_loss=+0.25897 ratio=1.0588 kl=0.0087
update=6704 mean_reward=+59.5941 mean_length= 59.97 policy_loss=-0.00015 value_loss=+0.52597 ratio=1.0586 kl=0.0043
update=6705 mean_reward=+59.6170 mean_length= 59.99 policy_loss=+0.00125 value_loss=+0.12655 ratio=1.0580 kl=0.0064 | eval_reward=+59.6946 eval_length= 60.00
update=6706 mean_reward=+59.5975 mean_length= 59.97 policy_loss=+0.00152 value_loss=+0.32004 ratio=1.0469 kl=0.0227
update=6707 mean_reward=+59.6252 mean_length= 60.00 policy_loss=+0.00370 value_loss=+0.34210 ratio=1.0424 kl=0.0170
update=6708 mean_reward=+59.5909 mean_length= 59.98 policy_loss=+0.00165 value_loss=+0.41412 ratio=1.0544 kl=0.0194
update=6709 mean_reward=+59.6004 mean_length= 59.98 policy_loss=+0.00060 value_loss=+0.45852 ratio=1.0500 kl=0.0146
update=6710 mean_reward=+59.6022 mean_length= 59.98 policy_loss=+0.00011 value_loss=+0.26080 ratio=1.0415 kl=0.0111 | eval_reward=+59.6709 eval_length= 60.00
update=6711 mean_reward=+59.6020 mean_length= 59.99 policy_loss=+0.00056 value_loss=+0.30037 ratio=1.0655 kl=0.0084
update=6712 mean_reward=+59.6008 mean_length= 59.98 policy_loss=+0.04160 value_loss=+0.46979 ratio=1.0655 kl=0.0187
update=6713 mean_reward=+59.6172 mean_length= 59.99 policy_loss=+0.00303 value_loss=+0.31828 ratio=1.0464 kl=0.0197
update=6714 mean_reward=+59.5929 mean_length= 59.97 policy_loss=+0.00161 value_loss=+0.45697 ratio=1.0800 kl=0.0209
update=6715 mean_reward=+59.6112 mean_length= 59.99 policy_loss=+0.00100 value_loss=+0.24320 ratio=1.0861 kl=0.0086 | eval_reward=+59.6707 eval_length= 60.00
update=6716 mean_reward=+59.5998 mean_length= 59.97 policy_loss=+0.00170 value_loss=+0.45469 ratio=1.0455 kl=0.0227
update=6717 mean_reward=+59.5914 mean_length= 59.98 policy_loss=+0.00027 value_loss=+0.46254 ratio=1.0641 kl=0.0088
update=6718 mean_reward=+59.5894 mean_length= 59.97 policy_loss=-0.00037 value_loss=+0.44599 ratio=1.0573 kl=0.0025
update=6719 mean_reward=+59.5990 mean_length= 59.98 policy_loss=-0.00007 value_loss=+0.29928 ratio=1.0514 kl=-0.0016
update=6720 mean_reward=+59.5815 mean_length= 59.97 policy_loss=-0.00035 value_loss=+0.52027 ratio=1.0447 kl=0.0123 | eval_reward=+59.6744 eval_length= 60.00
update=6721 mean_reward=+59.6133 mean_length= 59.99 policy_loss=+0.00130 value_loss=+0.16291 ratio=1.0582 kl=0.0186
update=6722 mean_reward=+59.6091 mean_length= 59.99 policy_loss=+0.00125 value_loss=+0.21355 ratio=1.0720 kl=0.0152
update=6723 mean_reward=+59.6036 mean_length= 59.98 policy_loss=+0.00143 value_loss=+0.41570 ratio=1.0566 kl=0.0148
update=6724 mean_reward=+59.6056 mean_length= 59.98 policy_loss=+0.00013 value_loss=+0.31026 ratio=1.0483 kl=0.0065
update=6725 mean_reward=+59.6104 mean_length= 59.98 policy_loss=+0.00123 value_loss=+0.22220 ratio=1.0613 kl=0.0139 | eval_reward=+59.6818 eval_length= 60.00
update=6726 mean_reward=+59.6207 mean_length= 59.99 policy_loss=+0.00069 value_loss=+0.16954 ratio=1.0635 kl=0.0211
update=6727 mean_reward=+59.6088 mean_length= 59.98 policy_loss=+0.00335 value_loss=+0.19292 ratio=1.0516 kl=0.0235
update=6728 mean_reward=+59.6016 mean_length= 59.97 policy_loss=+0.00139 value_loss=+0.32292 ratio=1.2003 kl=0.0296
update=6729 mean_reward=+59.6011 mean_length= 59.97 policy_loss=+0.00154 value_loss=+0.42176 ratio=1.0716 kl=0.0152
update=6730 mean_reward=+59.6205 mean_length= 59.99 policy_loss=+0.00226 value_loss=+0.15321 ratio=1.0589 kl=0.0159 | eval_reward=+59.6887 eval_length= 60.00
update=6731 mean_reward=+59.6130 mean_length= 59.98 policy_loss=+0.00026 value_loss=+0.27562 ratio=1.0867 kl=0.0192
update=6732 mean_reward=+59.6044 mean_length= 59.98 policy_loss=+0.00219 value_loss=+0.28666 ratio=1.0521 kl=0.0180
update=6733 mean_reward=+59.6216 mean_length= 59.98 policy_loss=+0.00099 value_loss=+0.23271 ratio=1.0574 kl=0.0286
update=6734 mean_reward=+59.5893 mean_length= 59.97 policy_loss=+0.00027 value_loss=+0.47323 ratio=1.2323 kl=0.0087
update=6735 mean_reward=+59.6195 mean_length= 59.99 policy_loss=+0.00061 value_loss=+0.17165 ratio=1.0566 kl=0.0112 | eval_reward=+59.6739 eval_length= 60.00
update=6736 mean_reward=+59.6094 mean_length= 59.98 policy_loss=+0.00190 value_loss=+0.29023 ratio=1.0610 kl=0.0157
update=6737 mean_reward=+59.5964 mean_length= 59.98 policy_loss=+0.00102 value_loss=+0.25424 ratio=1.0589 kl=0.0174
update=6738 mean_reward=+59.5905 mean_length= 59.97 policy_loss=+0.00119 value_loss=+0.46977 ratio=1.0500 kl=0.0090
update=6739 mean_reward=+59.6090 mean_length= 59.98 policy_loss=+0.00004 value_loss=+0.38680 ratio=1.0624 kl=0.0077
update=6740 mean_reward=+59.5960 mean_length= 59.97 policy_loss=+0.00012 value_loss=+0.42560 ratio=1.0493 kl=0.0137 | eval_reward=+59.6804 eval_length= 60.00
update=6741 mean_reward=+59.5809 mean_length= 59.96 policy_loss=-0.00060 value_loss=+0.56240 ratio=1.0585 kl=0.0066
update=6742 mean_reward=+59.6061 mean_length= 59.98 policy_loss=+0.00083 value_loss=+0.20883 ratio=1.0565 kl=0.0049
update=6743 mean_reward=+59.6086 mean_length= 59.98 policy_loss=+0.00161 value_loss=+0.17754 ratio=1.0505 kl=0.0205
update=6744 mean_reward=+59.5690 mean_length= 59.94 policy_loss=+0.00056 value_loss=+0.80200 ratio=1.0478 kl=0.0276
update=6745 mean_reward=+59.5904 mean_length= 59.96 policy_loss=+0.00018 value_loss=+0.44597 ratio=1.0515 kl=0.0082 | eval_reward=+59.6943 eval_length= 60.00
update=6746 mean_reward=+59.6153 mean_length= 59.99 policy_loss=+0.00177 value_loss=+0.25395 ratio=1.3032 kl=0.0139
update=6747 mean_reward=+59.6134 mean_length= 59.99 policy_loss=+0.00328 value_loss=+0.23673 ratio=1.0786 kl=0.0130
update=6748 mean_reward=+59.5822 mean_length= 59.96 policy_loss=+0.00271 value_loss=+0.55304 ratio=1.0641 kl=0.0198
update=6749 mean_reward=+59.5882 mean_length= 59.97 policy_loss=+0.00212 value_loss=+0.35615 ratio=1.0621 kl=0.0233
update=6750 mean_reward=+59.5957 mean_length= 59.99 policy_loss=+0.00223 value_loss=+0.23519 ratio=1.0739 kl=0.0128 | eval_reward=+59.6765 eval_length= 60.00
update=6751 mean_reward=+59.5710 mean_length= 59.96 policy_loss=+0.00129 value_loss=+0.47168 ratio=1.1390 kl=0.0122
update=6752 mean_reward=+59.5599 mean_length= 59.95 policy_loss=+0.00075 value_loss=+0.50100 ratio=1.0786 kl=0.0211
update=6753 mean_reward=+59.5820 mean_length= 59.96 policy_loss=+0.00081 value_loss=+0.45959 ratio=1.0629 kl=0.0207
update=6754 mean_reward=+59.5863 mean_length= 59.97 policy_loss=+0.00066 value_loss=+0.46359 ratio=1.0655 kl=0.0299
update=6755 mean_reward=+59.6068 mean_length= 59.98 policy_loss=+0.00163 value_loss=+0.18816 ratio=1.0732 kl=0.0112 | eval_reward=+59.6636 eval_length= 60.00
update=6756 mean_reward=+59.5928 mean_length= 59.97 policy_loss=+0.00075 value_loss=+0.38011 ratio=1.0755 kl=0.0268
update=6757 mean_reward=+59.5977 mean_length= 59.97 policy_loss=-0.00053 value_loss=+0.42337 ratio=1.0712 kl=0.0089
update=6758 mean_reward=+59.6167 mean_length= 59.99 policy_loss=+0.00715 value_loss=+0.21280 ratio=1.0935 kl=0.0107
update=6759 mean_reward=+59.5937 mean_length= 59.97 policy_loss=+0.00062 value_loss=+0.55185 ratio=1.0645 kl=0.0144
update=6760 mean_reward=+59.5959 mean_length= 59.97 policy_loss=+0.00047 value_loss=+0.44790 ratio=1.0741 kl=0.0081 | eval_reward=+59.6862 eval_length= 60.00
update=6761 mean_reward=+59.5793 mean_length= 59.96 policy_loss=+0.00094 value_loss=+0.79771 ratio=1.0623 kl=0.0061
update=6762 mean_reward=+59.5985 mean_length= 59.98 policy_loss=+0.00028 value_loss=+0.30167 ratio=1.0600 kl=0.0043
update=6763 mean_reward=+59.5994 mean_length= 59.98 policy_loss=+0.00059 value_loss=+0.33544 ratio=1.0797 kl=0.0013
update=6764 mean_reward=+59.6198 mean_length= 59.99 policy_loss=+0.00040 value_loss=+0.22633 ratio=1.0961 kl=0.0082
update=6765 mean_reward=+59.6052 mean_length= 59.98 policy_loss=-0.00024 value_loss=+0.26556 ratio=1.0636 kl=0.0049 | eval_reward=+59.6961 eval_length= 60.00
update=6766 mean_reward=+59.6108 mean_length= 59.99 policy_loss=+0.00052 value_loss=+0.17227 ratio=1.0765 kl=0.0059
update=6767 mean_reward=+59.6186 mean_length= 59.99 policy_loss=+0.00074 value_loss=+0.23771 ratio=1.0694 kl=0.0229
update=6768 mean_reward=+59.6186 mean_length= 59.98 policy_loss=+0.00048 value_loss=+0.29589 ratio=1.0726 kl=0.0211
update=6769 mean_reward=+59.6142 mean_length= 59.98 policy_loss=+0.01132 value_loss=+0.49901 ratio=1.0763 kl=0.0229
update=6770 mean_reward=+59.5820 mean_length= 59.96 policy_loss=+0.03522 value_loss=+0.68712 ratio=1.0555 kl=0.0066 | eval_reward=+59.6767 eval_length= 60.00
update=6771 mean_reward=+59.5991 mean_length= 59.97 policy_loss=+0.00238 value_loss=+0.37828 ratio=1.0505 kl=0.0216
update=6772 mean_reward=+59.6141 mean_length= 59.99 policy_loss=+0.00195 value_loss=+0.18281 ratio=1.0592 kl=0.0145
update=6773 mean_reward=+59.5798 mean_length= 59.97 policy_loss=-0.00042 value_loss=+0.58427 ratio=1.0736 kl=0.0041
update=6774 mean_reward=+59.5880 mean_length= 59.97 policy_loss=+0.00025 value_loss=+0.41967 ratio=1.0504 kl=0.0141
update=6775 mean_reward=+59.5949 mean_length= 59.97 policy_loss=-0.00029 value_loss=+0.49926 ratio=1.0597 kl=0.0046 | eval_reward=+59.7182 eval_length= 60.00
update=6776 mean_reward=+59.5926 mean_length= 59.97 policy_loss=+0.03976 value_loss=+0.41551 ratio=1.0823 kl=0.0133
update=6777 mean_reward=+59.5837 mean_length= 59.97 policy_loss=+0.00391 value_loss=+0.53802 ratio=1.0652 kl=0.0333
update=6778 mean_reward=+59.4054 mean_length= 59.83 policy_loss=+0.00022 value_loss=+1.92265 ratio=1.0585 kl=0.0020
update=6779 mean_reward=+59.4985 mean_length= 59.91 policy_loss=-0.00080 value_loss=+1.19327 ratio=1.0547 kl=-0.0045
update=6780 mean_reward=+59.5137 mean_length= 59.92 policy_loss=-0.00047 value_loss=+1.04691 ratio=1.0659 kl=-0.0038 | eval_reward=+59.6785 eval_length= 60.00
update=6781 mean_reward=+59.5376 mean_length= 59.93 policy_loss=-0.00032 value_loss=+0.77758 ratio=1.0747 kl=-0.0016
update=6782 mean_reward=+59.5640 mean_length= 59.96 policy_loss=+0.00044 value_loss=+0.52306 ratio=1.0544 kl=0.0049
update=6783 mean_reward=+59.5575 mean_length= 59.95 policy_loss=-0.00051 value_loss=+0.54685 ratio=1.0666 kl=0.0013
update=6784 mean_reward=+59.5746 mean_length= 59.96 policy_loss=+0.00000 value_loss=+0.59064 ratio=1.0584 kl=0.0054
update=6785 mean_reward=+59.5970 mean_length= 59.98 policy_loss=+0.00527 value_loss=+0.23302 ratio=1.0733 kl=0.0126 | eval_reward=+59.7019 eval_length= 60.00
update=6786 mean_reward=+59.5917 mean_length= 59.98 policy_loss=+0.00107 value_loss=+0.21561 ratio=1.0575 kl=0.0095
update=6787 mean_reward=+59.5613 mean_length= 59.95 policy_loss=+0.00020 value_loss=+0.79398 ratio=1.0535 kl=0.0164
update=6788 mean_reward=+59.5955 mean_length= 59.99 policy_loss=+0.00092 value_loss=+0.15645 ratio=1.0535 kl=0.0157
update=6789 mean_reward=+59.5823 mean_length= 59.97 policy_loss=+0.00347 value_loss=+0.59859 ratio=1.0646 kl=0.0176
update=6790 mean_reward=+59.5847 mean_length= 59.97 policy_loss=-0.00057 value_loss=+0.63151 ratio=1.0478 kl=-0.0024 | eval_reward=+59.7178 eval_length= 60.00
update=6791 mean_reward=+59.5867 mean_length= 59.98 policy_loss=+0.00089 value_loss=+0.26724 ratio=1.0728 kl=0.0091
update=6792 mean_reward=+59.6048 mean_length= 59.99 policy_loss=+0.00190 value_loss=+0.29600 ratio=1.0526 kl=0.0159
update=6793 mean_reward=+59.5917 mean_length= 59.97 policy_loss=+0.00007 value_loss=+0.44963 ratio=1.0599 kl=0.0002
update=6794 mean_reward=+59.5990 mean_length= 59.98 policy_loss=+0.00200 value_loss=+0.17259 ratio=1.0919 kl=0.0124
update=6795 mean_reward=+59.5982 mean_length= 59.98 policy_loss=+0.00168 value_loss=+0.35198 ratio=1.0494 kl=0.0321 | eval_reward=+59.6940 eval_length= 60.00
update=6796 mean_reward=+59.5894 mean_length= 59.98 policy_loss=+0.00007 value_loss=+0.21350 ratio=1.0571 kl=-0.0006
update=6797 mean_reward=+59.6104 mean_length= 59.99 policy_loss=+0.00005 value_loss=+0.24142 ratio=1.0658 kl=0.0029
update=6798 mean_reward=+59.6066 mean_length= 59.99 policy_loss=+0.00574 value_loss=+0.15323 ratio=1.0641 kl=0.0133
update=6799 mean_reward=+59.5944 mean_length= 59.97 policy_loss=+0.00299 value_loss=+0.38902 ratio=1.0545 kl=0.0182
update=6800 mean_reward=+59.5641 mean_length= 59.95 policy_loss=+0.00195 value_loss=+0.87577 ratio=1.0569 kl=0.0176 | eval_reward=+59.6775 eval_length= 60.00
update=6801 mean_reward=+59.5815 mean_length= 59.98 policy_loss=+0.00074 value_loss=+0.22369 ratio=1.0783 kl=-0.0040
update=6802 mean_reward=+59.5655 mean_length= 59.96 policy_loss=-0.00001 value_loss=+0.51325 ratio=1.0581 kl=-0.0012
update=6803 mean_reward=+59.6021 mean_length= 60.00 policy_loss=+0.00021 value_loss=+0.17921 ratio=1.0590 kl=0.0059
update=6804 mean_reward=+59.5899 mean_length= 59.97 policy_loss=+0.00075 value_loss=+0.51227 ratio=1.0764 kl=0.0184
update=6805 mean_reward=+59.5909 mean_length= 59.98 policy_loss=+0.00041 value_loss=+0.44237 ratio=1.0869 kl=0.0020 | eval_reward=+59.6883 eval_length= 60.00
update=6806 mean_reward=+59.5980 mean_length= 59.98 policy_loss=-0.00009 value_loss=+0.38503 ratio=1.0633 kl=0.0014
update=6807 mean_reward=+59.5992 mean_length= 59.98 policy_loss=+0.00023 value_loss=+0.47590 ratio=1.0622 kl=0.0011
update=6808 mean_reward=+59.6050 mean_length= 59.98 policy_loss=+0.00061 value_loss=+0.22140 ratio=1.0630 kl=0.0003
update=6809 mean_reward=+59.5914 mean_length= 59.97 policy_loss=-0.00046 value_loss=+0.41925 ratio=1.0708 kl=-0.0016
update=6810 mean_reward=+59.5911 mean_length= 59.97 policy_loss=+0.00142 value_loss=+0.58806 ratio=1.0622 kl=0.0142 | eval_reward=+59.6899 eval_length= 60.00
update=6811 mean_reward=+59.5986 mean_length= 59.98 policy_loss=+0.00017 value_loss=+0.35186 ratio=1.0863 kl=-0.0024
update=6812 mean_reward=+59.6159 mean_length= 59.99 policy_loss=+0.00182 value_loss=+0.25343 ratio=1.0671 kl=0.0106
update=6813 mean_reward=+59.6217 mean_length= 59.99 policy_loss=+0.00057 value_loss=+0.24163 ratio=1.0610 kl=0.0119
update=6814 mean_reward=+59.6210 mean_length= 59.99 policy_loss=+0.00044 value_loss=+0.14862 ratio=1.0664 kl=0.0100
update=6815 mean_reward=+59.6296 mean_length= 59.99 policy_loss=+0.00149 value_loss=+0.12100 ratio=1.0666 kl=0.0159 | eval_reward=+59.6923 eval_length= 60.00
update=6816 mean_reward=+59.6229 mean_length= 59.99 policy_loss=+0.00119 value_loss=+0.34687 ratio=1.0611 kl=0.0282
update=6817 mean_reward=+59.6035 mean_length= 59.97 policy_loss=+0.00053 value_loss=+0.47142 ratio=1.0788 kl=0.0051
update=6818 mean_reward=+59.6143 mean_length= 59.99 policy_loss=-0.00004 value_loss=+0.23001 ratio=1.1252 kl=0.0069
update=6819 mean_reward=+59.6142 mean_length= 59.98 policy_loss=+0.00222 value_loss=+0.35020 ratio=1.0544 kl=0.0160
update=6820 mean_reward=+59.6204 mean_length= 59.99 policy_loss=+0.00143 value_loss=+0.06541 ratio=1.0531 kl=0.0005 | eval_reward=+59.7070 eval_length= 60.00
update=6821 mean_reward=+59.6155 mean_length= 59.98 policy_loss=+0.00110 value_loss=+0.18707 ratio=1.0768 kl=0.0180
update=6822 mean_reward=+59.6267 mean_length= 59.99 policy_loss=+0.00076 value_loss=+0.13779 ratio=1.0551 kl=0.0073
update=6823 mean_reward=+59.6087 mean_length= 59.98 policy_loss=+0.00165 value_loss=+0.45365 ratio=1.0567 kl=0.0133
update=6824 mean_reward=+59.6166 mean_length= 59.98 policy_loss=+0.00957 value_loss=+0.27704 ratio=1.0846 kl=0.0120
update=6825 mean_reward=+59.6214 mean_length= 59.99 policy_loss=+0.00289 value_loss=+0.14262 ratio=1.0759 kl=0.0221 | eval_reward=+59.7065 eval_length= 60.00
update=6826 mean_reward=+59.6005 mean_length= 59.98 policy_loss=+0.00239 value_loss=+0.30169 ratio=1.0617 kl=0.0100
update=6827 mean_reward=+59.5755 mean_length= 59.96 policy_loss=+0.00252 value_loss=+0.61129 ratio=1.0625 kl=0.0194
update=6828 mean_reward=+59.5649 mean_length= 59.95 policy_loss=+0.00022 value_loss=+0.53486 ratio=1.0622 kl=0.0183
update=6829 mean_reward=+59.5926 mean_length= 59.97 policy_loss=-0.00007 value_loss=+0.42774 ratio=1.0563 kl=0.0093
update=6830 mean_reward=+59.5918 mean_length= 59.97 policy_loss=+0.00035 value_loss=+0.45428 ratio=1.0582 kl=0.0229 | eval_reward=+59.6917 eval_length= 60.00
update=6831 mean_reward=+59.5916 mean_length= 59.97 policy_loss=+0.00041 value_loss=+0.33050 ratio=1.0922 kl=0.0089
update=6832 mean_reward=+59.5894 mean_length= 59.96 policy_loss=+0.00225 value_loss=+0.57238 ratio=1.0781 kl=0.0185
update=6833 mean_reward=+59.6152 mean_length= 59.99 policy_loss=+0.00100 value_loss=+0.34342 ratio=1.0524 kl=0.0058
update=6834 mean_reward=+59.6009 mean_length= 59.98 policy_loss=-0.00018 value_loss=+0.49215 ratio=1.0516 kl=0.0034
update=6835 mean_reward=+59.6117 mean_length= 59.99 policy_loss=+0.00121 value_loss=+0.24137 ratio=1.0603 kl=0.0069 | eval_reward=+59.7159 eval_length= 60.00
update=6836 mean_reward=+59.6033 mean_length= 59.98 policy_loss=+0.00046 value_loss=+0.44908 ratio=1.0503 kl=0.0099
update=6837 mean_reward=+59.5980 mean_length= 59.98 policy_loss=+0.00169 value_loss=+0.31646 ratio=1.1077 kl=0.0206
update=6838 mean_reward=+59.6032 mean_length= 59.98 policy_loss=-0.00010 value_loss=+0.43518 ratio=1.0707 kl=0.0083
update=6839 mean_reward=+59.6035 mean_length= 59.98 policy_loss=-0.00016 value_loss=+0.38471 ratio=1.0667 kl=0.0034
update=6840 mean_reward=+59.5816 mean_length= 59.96 policy_loss=-0.00032 value_loss=+0.61765 ratio=1.0582 kl=0.0082 | eval_reward=+59.7132 eval_length= 60.00
update=6841 mean_reward=+59.6210 mean_length= 59.99 policy_loss=+0.00053 value_loss=+0.21848 ratio=1.0539 kl=0.0154
update=6842 mean_reward=+59.5910 mean_length= 59.96 policy_loss=-0.00023 value_loss=+0.55274 ratio=1.0654 kl=0.0063
update=6843 mean_reward=+59.5978 mean_length= 59.98 policy_loss=+0.00193 value_loss=+0.29470 ratio=1.0868 kl=0.0136
update=6844 mean_reward=+59.6068 mean_length= 59.99 policy_loss=+0.00157 value_loss=+0.25858 ratio=1.0810 kl=0.0184
update=6845 mean_reward=+59.5948 mean_length= 59.98 policy_loss=+0.00121 value_loss=+0.47408 ratio=1.0678 kl=0.0147 | eval_reward=+59.6909 eval_length= 60.00
update=6846 mean_reward=+59.5965 mean_length= 59.97 policy_loss=+0.00052 value_loss=+0.36075 ratio=1.0760 kl=0.0136
update=6847 mean_reward=+59.6109 mean_length= 59.98 policy_loss=+0.00058 value_loss=+0.29174 ratio=1.0575 kl=0.0092
update=6848 mean_reward=+59.5916 mean_length= 59.97 policy_loss=+0.00030 value_loss=+0.47059 ratio=1.0618 kl=0.0120
update=6849 mean_reward=+59.5983 mean_length= 59.97 policy_loss=+0.00142 value_loss=+0.48120 ratio=1.0576 kl=0.0109
update=6850 mean_reward=+59.5810 mean_length= 59.96 policy_loss=-0.00059 value_loss=+0.51911 ratio=1.0613 kl=-0.0009 | eval_reward=+59.6889 eval_length= 60.00
update=6851 mean_reward=+59.5984 mean_length= 59.98 policy_loss=+0.00011 value_loss=+0.34131 ratio=1.0711 kl=0.0064
update=6852 mean_reward=+59.6098 mean_length= 59.99 policy_loss=+0.00047 value_loss=+0.16773 ratio=1.0783 kl=-0.0005
update=6853 mean_reward=+59.5958 mean_length= 59.97 policy_loss=+0.00026 value_loss=+0.38200 ratio=1.0543 kl=0.0112
update=6854 mean_reward=+59.6098 mean_length= 59.99 policy_loss=+0.00111 value_loss=+0.30547 ratio=1.0608 kl=0.0044
update=6855 mean_reward=+59.5995 mean_length= 59.98 policy_loss=-0.00011 value_loss=+0.46594 ratio=1.0482 kl=0.0001 | eval_reward=+59.6905 eval_length= 60.00
update=6856 mean_reward=+59.5989 mean_length= 59.98 policy_loss=+0.00475 value_loss=+0.37121 ratio=1.0877 kl=0.0103
update=6857 mean_reward=+59.5964 mean_length= 59.98 policy_loss=+0.00180 value_loss=+0.38659 ratio=1.0619 kl=0.0114
update=6858 mean_reward=+59.5913 mean_length= 59.98 policy_loss=+0.00095 value_loss=+0.43124 ratio=1.0808 kl=0.0178
update=6859 mean_reward=+59.5891 mean_length= 59.97 policy_loss=+0.00043 value_loss=+0.54126 ratio=1.0479 kl=0.0210
update=6860 mean_reward=+59.5902 mean_length= 59.97 policy_loss=+0.00032 value_loss=+0.48484 ratio=1.0570 kl=0.0106 | eval_reward=+59.6935 eval_length= 60.00
update=6861 mean_reward=+59.6054 mean_length= 59.99 policy_loss=+0.00048 value_loss=+0.24917 ratio=1.0936 kl=0.0013
update=6862 mean_reward=+59.5841 mean_length= 59.96 policy_loss=+0.00025 value_loss=+0.44804 ratio=1.0545 kl=0.0127
update=6863 mean_reward=+59.6169 mean_length= 59.99 policy_loss=+0.00177 value_loss=+0.08304 ratio=1.0821 kl=0.0024
update=6864 mean_reward=+59.6120 mean_length= 59.99 policy_loss=+0.00350 value_loss=+0.15276 ratio=1.0778 kl=0.0222
update=6865 mean_reward=+59.5929 mean_length= 59.97 policy_loss=+0.00259 value_loss=+0.46072 ratio=1.0644 kl=0.0206 | eval_reward=+59.6980 eval_length= 60.00
update=6866 mean_reward=+59.6023 mean_length= 59.98 policy_loss=+0.01132 value_loss=+0.19645 ratio=1.1706 kl=0.0096
update=6867 mean_reward=+59.6025 mean_length= 59.98 policy_loss=+0.01007 value_loss=+0.24768 ratio=1.0803 kl=0.0234
update=6868 mean_reward=+59.6038 mean_length= 59.99 policy_loss=+0.00243 value_loss=+0.37168 ratio=1.0707 kl=0.0194
update=6869 mean_reward=+59.5665 mean_length= 59.97 policy_loss=+0.00169 value_loss=+1.08028 ratio=1.1007 kl=0.0174
update=6870 mean_reward=+59.5131 mean_length= 59.95 policy_loss=+0.00208 value_loss=+2.64205 ratio=1.0896 kl=0.0027 | eval_reward=+59.6473 eval_length= 60.00
update=6871 mean_reward=+59.5574 mean_length= 59.98 policy_loss=+0.00138 value_loss=+1.22206 ratio=1.1627 kl=-0.0106
update=6872 mean_reward=+59.5496 mean_length= 59.97 policy_loss=+0.00286 value_loss=+1.06309 ratio=1.0940 kl=0.0023
update=6873 mean_reward=+59.5758 mean_length= 59.98 policy_loss=+0.03187 value_loss=+0.61950 ratio=1.1188 kl=0.0058
update=6874 mean_reward=+59.5175 mean_length= 59.97 policy_loss=+0.02138 value_loss=+2.07191 ratio=1.1029 kl=0.0205
update=6875 mean_reward=+59.4432 mean_length= 59.94 policy_loss=+0.00668 value_loss=+3.85000 ratio=1.0723 kl=0.0024 | eval_reward=+58.9038 eval_length= 60.00
update=6876 mean_reward=+59.4564 mean_length= 59.95 policy_loss=+0.00234 value_loss=+3.53428 ratio=1.0746 kl=-0.0108
update=6877 mean_reward=+59.4761 mean_length= 59.95 policy_loss=+0.00094 value_loss=+2.79568 ratio=1.0844 kl=-0.0119
update=6878 mean_reward=+59.5060 mean_length= 59.96 policy_loss=+0.00135 value_loss=+1.71066 ratio=1.0814 kl=-0.0120
update=6879 mean_reward=+59.5450 mean_length= 59.98 policy_loss=+0.00203 value_loss=+0.89072 ratio=1.0712 kl=-0.0036
update=6880 mean_reward=+59.5285 mean_length= 59.96 policy_loss=+0.00126 value_loss=+1.20408 ratio=1.0766 kl=-0.0085 | eval_reward=+59.5341 eval_length= 60.00
update=6881 mean_reward=+59.5465 mean_length= 59.98 policy_loss=+0.00311 value_loss=+0.77938 ratio=1.0854 kl=-0.0034
update=6882 mean_reward=+59.5518 mean_length= 59.97 policy_loss=+0.00023 value_loss=+1.00424 ratio=1.0671 kl=-0.0094
update=6883 mean_reward=+59.5437 mean_length= 59.96 policy_loss=+0.00015 value_loss=+0.94671 ratio=1.0833 kl=-0.0057
update=6884 mean_reward=+59.5585 mean_length= 59.98 policy_loss=+0.00038 value_loss=+0.61361 ratio=1.0722 kl=-0.0061
update=6885 mean_reward=+59.5879 mean_length= 59.98 policy_loss=+0.00089 value_loss=+0.45766 ratio=1.0818 kl=0.0005 | eval_reward=+59.6510 eval_length= 60.00
update=6886 mean_reward=+59.5661 mean_length= 59.97 policy_loss=+0.00143 value_loss=+0.39397 ratio=1.0872 kl=0.0038
update=6887 mean_reward=+59.5833 mean_length= 59.98 policy_loss=+0.00065 value_loss=+0.40138 ratio=1.0873 kl=0.0068
update=6888 mean_reward=+59.5955 mean_length= 59.99 policy_loss=+0.00244 value_loss=+0.25533 ratio=1.0619 kl=0.0059
update=6889 mean_reward=+59.5750 mean_length= 59.97 policy_loss=+0.00144 value_loss=+0.70748 ratio=1.0644 kl=0.0043
update=6890 mean_reward=+59.5831 mean_length= 59.98 policy_loss=+0.00059 value_loss=+0.38197 ratio=1.0614 kl=0.0048 | eval_reward=+59.6697 eval_length= 60.00
update=6891 mean_reward=+59.6048 mean_length= 59.99 policy_loss=+0.00118 value_loss=+0.30447 ratio=1.0705 kl=-0.0003
update=6892 mean_reward=+59.5882 mean_length= 59.98 policy_loss=+0.00630 value_loss=+0.50734 ratio=1.0785 kl=0.0115
update=6893 mean_reward=+59.5881 mean_length= 59.99 policy_loss=+0.00439 value_loss=+0.26946 ratio=1.0660 kl=0.0191
update=6894 mean_reward=+59.5859 mean_length= 59.98 policy_loss=+0.00165 value_loss=+0.29719 ratio=1.0632 kl=0.0150
update=6895 mean_reward=+59.5868 mean_length= 59.98 policy_loss=+0.00117 value_loss=+0.27432 ratio=1.0693 kl=0.0136 | eval_reward=+59.6924 eval_length= 60.00
update=6896 mean_reward=+59.5958 mean_length= 59.98 policy_loss=+0.00011 value_loss=+0.58184 ratio=1.1140 kl=0.0120
update=6897 mean_reward=+59.5832 mean_length= 59.96 policy_loss=+0.00138 value_loss=+0.74247 ratio=1.1474 kl=-0.0008
update=6898 mean_reward=+59.6099 mean_length= 59.99 policy_loss=-0.00023 value_loss=+0.24511 ratio=1.0550 kl=-0.0027
update=6899 mean_reward=+59.5937 mean_length= 59.97 policy_loss=+0.01082 value_loss=+0.43865 ratio=1.0748 kl=0.0087
update=6900 mean_reward=+59.5545 mean_length= 59.94 policy_loss=+0.00161 value_loss=+1.02976 ratio=1.0629 kl=0.0141 | eval_reward=+59.7025 eval_length= 60.00
update=6901 mean_reward=+59.6086 mean_length= 60.00 policy_loss=+0.00106 value_loss=+0.08847 ratio=1.0726 kl=-0.0009
update=6902 mean_reward=+59.5793 mean_length= 59.97 policy_loss=+0.00028 value_loss=+0.54799 ratio=1.0600 kl=0.0143
update=6903 mean_reward=+59.6057 mean_length= 59.99 policy_loss=+0.00045 value_loss=+0.15325 ratio=1.0517 kl=-0.0036
update=6904 mean_reward=+59.6039 mean_length= 59.99 policy_loss=+0.00020 value_loss=+0.24586 ratio=1.0847 kl=0.0068
update=6905 mean_reward=+59.6053 mean_length= 59.99 policy_loss=+0.00149 value_loss=+0.22979 ratio=1.0660 kl=0.0177 | eval_reward=+59.7272 eval_length= 60.00
update=6906 mean_reward=+59.5973 mean_length= 59.98 policy_loss=+0.00244 value_loss=+0.32150 ratio=1.1047 kl=0.0164
update=6907 mean_reward=+59.6077 mean_length= 59.99 policy_loss=+0.00728 value_loss=+0.15053 ratio=1.0596 kl=0.0137
update=6908 mean_reward=+59.5925 mean_length= 59.98 policy_loss=+0.00240 value_loss=+0.21892 ratio=1.0605 kl=0.0213
update=6909 mean_reward=+59.6103 mean_length= 60.00 policy_loss=+0.00181 value_loss=+0.07512 ratio=1.0534 kl=0.0071
update=6910 mean_reward=+59.6145 mean_length= 59.99 policy_loss=+0.00209 value_loss=+0.16382 ratio=1.0533 kl=0.0171 | eval_reward=+59.7348 eval_length= 60.00
update=6911 mean_reward=+59.6016 mean_length= 59.99 policy_loss=+0.00410 value_loss=+0.16317 ratio=1.0866 kl=0.0313
update=6912 mean_reward=+59.5833 mean_length= 59.97 policy_loss=+0.00144 value_loss=+0.35679 ratio=1.0545 kl=0.0196
update=6913 mean_reward=+59.6030 mean_length= 59.99 policy_loss=+0.00114 value_loss=+0.12761 ratio=1.0652 kl=0.0046
update=6914 mean_reward=+59.6145 mean_length= 59.99 policy_loss=+0.00116 value_loss=+0.23987 ratio=1.0589 kl=0.0207
update=6915 mean_reward=+59.6130 mean_length= 59.99 policy_loss=+0.00060 value_loss=+0.34086 ratio=1.0733 kl=0.0102 | eval_reward=+59.7401 eval_length= 60.00
update=6916 mean_reward=+59.5945 mean_length= 59.98 policy_loss=+0.00439 value_loss=+0.51794 ratio=1.0452 kl=0.0176
update=6917 mean_reward=+59.6054 mean_length= 59.98 policy_loss=+0.00197 value_loss=+0.22967 ratio=1.0637 kl=0.0184
update=6918 mean_reward=+59.5846 mean_length= 59.97 policy_loss=+0.00163 value_loss=+0.49499 ratio=1.0465 kl=0.0141
update=6919 mean_reward=+59.5697 mean_length= 59.97 policy_loss=-0.00017 value_loss=+0.51809 ratio=1.0579 kl=0.0059
update=6920 mean_reward=+59.5897 mean_length= 59.98 policy_loss=+0.00436 value_loss=+0.28364 ratio=1.0762 kl=0.0062 | eval_reward=+59.7257 eval_length= 60.00
update=6921 mean_reward=+59.5802 mean_length= 59.98 policy_loss=+0.00011 value_loss=+0.32303 ratio=1.0501 kl=0.0087
update=6922 mean_reward=+59.5752 mean_length= 59.97 policy_loss=+0.00088 value_loss=+0.32904 ratio=1.0504 kl=0.0224
update=6923 mean_reward=+59.5945 mean_length= 59.98 policy_loss=+0.00303 value_loss=+0.30876 ratio=1.0513 kl=0.0223
update=6924 mean_reward=+59.5837 mean_length= 59.98 policy_loss=+0.00277 value_loss=+0.30080 ratio=1.0551 kl=0.0208
update=6925 mean_reward=+59.5925 mean_length= 60.00 policy_loss=+0.02241 value_loss=+0.11208 ratio=1.0906 kl=0.0096 | eval_reward=+59.7246 eval_length= 60.00
update=6926 mean_reward=+59.5703 mean_length= 59.98 policy_loss=+0.00297 value_loss=+0.31386 ratio=1.0580 kl=0.0188
update=6927 mean_reward=+59.5697 mean_length= 59.97 policy_loss=+0.00021 value_loss=+0.38257 ratio=1.0507 kl=0.0201
update=6928 mean_reward=+59.5537 mean_length= 59.96 policy_loss=+0.00179 value_loss=+0.51398 ratio=1.0948 kl=0.0301
update=6929 mean_reward=+59.5359 mean_length= 59.94 policy_loss=+0.00110 value_loss=+0.69242 ratio=1.0929 kl=0.0171
update=6930 mean_reward=+59.5832 mean_length= 59.98 policy_loss=+0.00150 value_loss=+0.32977 ratio=1.0440 kl=0.0060 | eval_reward=+59.6698 eval_length= 60.00
update=6931 mean_reward=+59.5746 mean_length= 59.97 policy_loss=+0.00536 value_loss=+0.53099 ratio=1.0558 kl=0.0232
update=6932 mean_reward=+59.5740 mean_length= 59.97 policy_loss=+0.00114 value_loss=+0.33327 ratio=1.0528 kl=0.0192
update=6933 mean_reward=+59.5710 mean_length= 59.99 policy_loss=+0.00129 value_loss=+0.21608 ratio=1.0532 kl=0.0191
update=6934 mean_reward=+59.5780 mean_length= 59.97 policy_loss=+0.00101 value_loss=+0.33765 ratio=1.0594 kl=0.0274
update=6935 mean_reward=+59.5957 mean_length= 59.99 policy_loss=+0.00182 value_loss=+0.23843 ratio=1.2028 kl=0.0252 | eval_reward=+59.7149 eval_length= 60.00
update=6936 mean_reward=+59.5963 mean_length= 59.98 policy_loss=+0.00236 value_loss=+0.25588 ratio=1.0507 kl=0.0164
update=6937 mean_reward=+59.5863 mean_length= 59.98 policy_loss=+0.00130 value_loss=+0.39591 ratio=1.0689 kl=0.0063
update=6938 mean_reward=+59.5824 mean_length= 59.98 policy_loss=+0.00064 value_loss=+0.35879 ratio=1.0696 kl=0.0071
update=6939 mean_reward=+59.5807 mean_length= 59.97 policy_loss=+0.00026 value_loss=+0.60210 ratio=1.0576 kl=0.0130
update=6940 mean_reward=+59.5924 mean_length= 59.99 policy_loss=+0.00021 value_loss=+0.25159 ratio=1.0544 kl=0.0021 | eval_reward=+59.7127 eval_length= 60.00
update=6941 mean_reward=+59.5790 mean_length= 59.97 policy_loss=-0.00017 value_loss=+0.46133 ratio=1.0689 kl=0.0054
update=6942 mean_reward=+59.6044 mean_length= 59.99 policy_loss=+0.00066 value_loss=+0.16831 ratio=1.0459 kl=0.0077
update=6943 mean_reward=+59.6125 mean_length= 60.00 policy_loss=+0.00064 value_loss=+0.12799 ratio=1.0442 kl=0.0062
update=6944 mean_reward=+59.5983 mean_length= 59.98 policy_loss=+0.00158 value_loss=+0.31423 ratio=1.0427 kl=0.0078
update=6945 mean_reward=+59.5704 mean_length= 59.95 policy_loss=+0.00428 value_loss=+0.79868 ratio=1.0535 kl=0.0168 | eval_reward=+59.7196 eval_length= 60.00
update=6946 mean_reward=+59.5568 mean_length= 59.96 policy_loss=+0.00167 value_loss=+0.50804 ratio=1.0487 kl=0.0257
update=6947 mean_reward=+59.5777 mean_length= 59.98 policy_loss=+0.00117 value_loss=+0.43708 ratio=1.0599 kl=0.0103
update=6948 mean_reward=+59.5960 mean_length= 59.99 policy_loss=+0.00087 value_loss=+0.15214 ratio=1.0444 kl=0.0098
update=6949 mean_reward=+59.5979 mean_length= 59.99 policy_loss=+0.00075 value_loss=+0.22481 ratio=1.0595 kl=0.0067
update=6950 mean_reward=+59.6044 mean_length= 59.99 policy_loss=+0.00101 value_loss=+0.21094 ratio=1.0431 kl=0.0203 | eval_reward=+59.7264 eval_length= 60.00
update=6951 mean_reward=+59.5960 mean_length= 59.98 policy_loss=+0.00034 value_loss=+0.37500 ratio=1.0605 kl=0.0188
update=6952 mean_reward=+59.5676 mean_length= 59.96 policy_loss=+0.00069 value_loss=+0.64166 ratio=1.0486 kl=0.0169
update=6953 mean_reward=+59.6130 mean_length= 59.99 policy_loss=+0.00046 value_loss=+0.16468 ratio=1.0481 kl=0.0080
update=6954 mean_reward=+59.5896 mean_length= 59.97 policy_loss=+0.00061 value_loss=+0.52128 ratio=1.0623 kl=0.0118
update=6955 mean_reward=+59.6072 mean_length= 59.98 policy_loss=+0.00057 value_loss=+0.20924 ratio=1.0430 kl=0.0131 | eval_reward=+59.7072 eval_length= 60.00
update=6956 mean_reward=+59.5921 mean_length= 59.97 policy_loss=+0.00060 value_loss=+0.33436 ratio=1.0384 kl=0.0132
update=6957 mean_reward=+59.6127 mean_length= 59.99 policy_loss=+0.00204 value_loss=+0.10403 ratio=1.0388 kl=0.0205
update=6958 mean_reward=+59.5996 mean_length= 59.97 policy_loss=+0.00025 value_loss=+0.46816 ratio=1.0432 kl=0.0066
update=6959 mean_reward=+59.6205 mean_length= 59.99 policy_loss=+0.00054 value_loss=+0.11480 ratio=1.0449 kl=-0.0002
update=6960 mean_reward=+59.5895 mean_length= 59.96 policy_loss=+0.00063 value_loss=+0.58596 ratio=1.0551 kl=0.0328 | eval_reward=+59.7075 eval_length= 60.00
update=6961 mean_reward=+59.6054 mean_length= 59.97 policy_loss=+0.00227 value_loss=+0.38045 ratio=1.0802 kl=0.0128
update=6962 mean_reward=+59.6290 mean_length= 59.99 policy_loss=+0.00313 value_loss=+0.07773 ratio=1.0423 kl=0.0165
update=6963 mean_reward=+59.6112 mean_length= 59.98 policy_loss=+0.00188 value_loss=+0.29611 ratio=1.0467 kl=0.0179
update=6964 mean_reward=+59.5923 mean_length= 59.96 policy_loss=-0.00028 value_loss=+0.49607 ratio=1.0496 kl=0.0080
update=6965 mean_reward=+59.6013 mean_length= 59.98 policy_loss=-0.00078 value_loss=+0.46297 ratio=1.0481 kl=0.0011 | eval_reward=+59.7103 eval_length= 60.00
update=6966 mean_reward=+59.5872 mean_length= 59.96 policy_loss=-0.00094 value_loss=+0.49108 ratio=1.0387 kl=0.0031
update=6967 mean_reward=+59.6159 mean_length= 59.99 policy_loss=+0.00181 value_loss=+0.25670 ratio=1.0552 kl=0.0160
update=6968 mean_reward=+59.6002 mean_length= 59.97 policy_loss=+0.00410 value_loss=+0.34394 ratio=1.0559 kl=0.0210
update=6969 mean_reward=+59.5585 mean_length= 59.94 policy_loss=+0.00022 value_loss=+0.90740 ratio=1.0482 kl=0.0204
update=6970 mean_reward=+59.5972 mean_length= 59.97 policy_loss=-0.00079 value_loss=+0.49897 ratio=1.0502 kl=0.0030 | eval_reward=+59.7089 eval_length= 60.00
update=6971 mean_reward=+59.6220 mean_length= 59.99 policy_loss=+0.00043 value_loss=+0.21414 ratio=1.0896 kl=0.0047
update=6972 mean_reward=+59.6047 mean_length= 59.97 policy_loss=-0.00022 value_loss=+0.42946 ratio=1.0527 kl=0.0155
update=6973 mean_reward=+59.6240 mean_length= 59.99 policy_loss=+0.00075 value_loss=+0.33205 ratio=1.0493 kl=0.0152
update=6974 mean_reward=+59.6009 mean_length= 59.97 policy_loss=-0.00030 value_loss=+0.42116 ratio=1.0511 kl=0.0117
update=6975 mean_reward=+59.6130 mean_length= 59.98 policy_loss=+0.00046 value_loss=+0.18250 ratio=1.0656 kl=0.0166 | eval_reward=+59.7037 eval_length= 60.00
update=6976 mean_reward=+59.6047 mean_length= 59.97 policy_loss=+0.00035 value_loss=+0.41174 ratio=1.0542 kl=0.0119
update=6977 mean_reward=+59.6014 mean_length= 59.97 policy_loss=-0.00007 value_loss=+0.56896 ratio=1.0379 kl=0.0062
update=6978 mean_reward=+59.5727 mean_length= 59.94 policy_loss=-0.00048 value_loss=+0.92468 ratio=1.0752 kl=-0.0005
update=6979 mean_reward=+59.6128 mean_length= 59.97 policy_loss=+0.00004 value_loss=+0.57907 ratio=1.0450 kl=0.0047
update=6980 mean_reward=+59.6177 mean_length= 59.98 policy_loss=+0.00078 value_loss=+0.38443 ratio=1.0461 kl=0.0203 | eval_reward=+59.6931 eval_length= 60.00
update=6981 mean_reward=+59.5912 mean_length= 59.96 policy_loss=+0.00010 value_loss=+0.62069 ratio=1.0380 kl=0.0049
update=6982 mean_reward=+59.5923 mean_length= 59.96 policy_loss=+0.00018 value_loss=+0.76871 ratio=1.0450 kl=0.0071
update=6983 mean_reward=+59.5902 mean_length= 59.96 policy_loss=-0.00066 value_loss=+0.68069 ratio=1.0462 kl=0.0033
update=6984 mean_reward=+59.6346 mean_length= 60.00 policy_loss=+0.00243 value_loss=+0.09778 ratio=1.0478 kl=0.0088
update=6985 mean_reward=+59.5897 mean_length= 59.96 policy_loss=+0.00001 value_loss=+0.53036 ratio=1.0579 kl=0.0171 | eval_reward=+59.6899 eval_length= 60.00
update=6986 mean_reward=+59.6130 mean_length= 59.99 policy_loss=+0.00108 value_loss=+0.15382 ratio=1.0398 kl=0.0122
update=6987 mean_reward=+59.6112 mean_length= 59.98 policy_loss=+0.00198 value_loss=+0.30401 ratio=1.0888 kl=0.0258
update=6988 mean_reward=+59.5967 mean_length= 59.97 policy_loss=+0.00102 value_loss=+0.49997 ratio=1.0887 kl=0.0193
update=6989 mean_reward=+59.5851 mean_length= 59.96 policy_loss=+0.00048 value_loss=+0.57177 ratio=1.0663 kl=0.0155
update=6990 mean_reward=+59.5834 mean_length= 59.96 policy_loss=-0.00082 value_loss=+0.67387 ratio=1.0424 kl=0.0067 | eval_reward=+59.6933 eval_length= 60.00
update=6991 mean_reward=+59.6042 mean_length= 59.98 policy_loss=-0.00063 value_loss=+0.53261 ratio=1.0391 kl=0.0002
update=6992 mean_reward=+59.6047 mean_length= 59.98 policy_loss=+0.00294 value_loss=+0.33378 ratio=1.0641 kl=0.0101
update=6993 mean_reward=+59.6164 mean_length= 59.99 policy_loss=+0.00176 value_loss=+0.14842 ratio=1.0457 kl=0.0327
update=6994 mean_reward=+59.6083 mean_length= 59.99 policy_loss=+0.00436 value_loss=+0.29533 ratio=1.0540 kl=0.0197
update=6995 mean_reward=+59.6277 mean_length= 59.99 policy_loss=+0.00042 value_loss=+0.20169 ratio=1.0603 kl=0.0063 | eval_reward=+59.6981 eval_length= 60.00
update=6996 mean_reward=+59.6380 mean_length= 60.00 policy_loss=+0.00214 value_loss=+0.08339 ratio=1.0358 kl=0.0163
update=6997 mean_reward=+59.6039 mean_length= 59.98 policy_loss=+0.00231 value_loss=+0.39470 ratio=1.0335 kl=0.0164
update=6998 mean_reward=+59.5864 mean_length= 59.96 policy_loss=+0.00116 value_loss=+0.46737 ratio=1.0556 kl=0.0190
update=6999 mean_reward=+59.5870 mean_length= 59.98 policy_loss=+0.00023 value_loss=+0.28644 ratio=1.0783 kl=0.0068
update=7000 mean_reward=+59.6168 mean_length= 59.99 policy_loss=+0.00012 value_loss=+0.23299 ratio=1.0465 kl=0.0138 | eval_reward=+59.7291 eval_length= 60.00
update=7001 mean_reward=+59.6134 mean_length= 59.99 policy_loss=+0.00097 value_loss=+0.23375 ratio=1.0683 kl=0.0146
update=7002 mean_reward=+59.6095 mean_length= 59.98 policy_loss=+0.00089 value_loss=+0.27313 ratio=1.0624 kl=0.0254
update=7003 mean_reward=+59.5961 mean_length= 59.96 policy_loss=+0.00940 value_loss=+0.39901 ratio=1.0432 kl=0.0174
update=7004 mean_reward=+59.6213 mean_length= 59.99 policy_loss=+0.00257 value_loss=+0.22752 ratio=1.0533 kl=0.0247
update=7005 mean_reward=+59.5732 mean_length= 59.95 policy_loss=+0.00273 value_loss=+0.62065 ratio=1.0830 kl=0.0257 | eval_reward=+59.7172 eval_length= 60.00
update=7006 mean_reward=+59.5635 mean_length= 59.96 policy_loss=+0.00059 value_loss=+0.68252 ratio=1.0634 kl=0.0149
update=7007 mean_reward=+59.5861 mean_length= 59.97 policy_loss=-0.00062 value_loss=+0.43281 ratio=1.0465 kl=0.0032
update=7008 mean_reward=+59.5997 mean_length= 59.99 policy_loss=+0.00046 value_loss=+0.28119 ratio=1.0463 kl=0.0214
update=7009 mean_reward=+59.6113 mean_length= 59.98 policy_loss=-0.00033 value_loss=+0.39477 ratio=1.0499 kl=0.0041
update=7010 mean_reward=+59.5957 mean_length= 59.98 policy_loss=+0.00005 value_loss=+0.36506 ratio=1.0456 kl=0.0169 | eval_reward=+59.7260 eval_length= 60.00
update=7011 mean_reward=+59.6055 mean_length= 59.99 policy_loss=+0.00079 value_loss=+0.19569 ratio=1.0526 kl=0.0155
update=7012 mean_reward=+59.6079 mean_length= 59.98 policy_loss=+0.00069 value_loss=+0.29493 ratio=1.0593 kl=0.0202
update=7013 mean_reward=+59.6072 mean_length= 59.98 policy_loss=-0.00017 value_loss=+0.21882 ratio=1.0862 kl=0.0023
update=7014 mean_reward=+59.6142 mean_length= 59.98 policy_loss=+0.00095 value_loss=+0.21587 ratio=1.0617 kl=0.0137
update=7015 mean_reward=+59.6121 mean_length= 59.98 policy_loss=+0.00071 value_loss=+0.37721 ratio=1.0969 kl=0.0260 | eval_reward=+59.7346 eval_length= 60.00
update=7016 mean_reward=+59.6206 mean_length= 59.99 policy_loss=-0.00011 value_loss=+0.29834 ratio=1.0583 kl=0.0070
update=7017 mean_reward=+59.6132 mean_length= 59.98 policy_loss=-0.00016 value_loss=+0.30304 ratio=1.0713 kl=0.0007
update=7018 mean_reward=+59.6273 mean_length= 59.99 policy_loss=+0.00061 value_loss=+0.21174 ratio=1.0643 kl=0.0107
update=7019 mean_reward=+59.6423 mean_length= 60.00 policy_loss=+0.00036 value_loss=+0.12388 ratio=1.0554 kl=0.0128
update=7020 mean_reward=+59.6092 mean_length= 59.97 policy_loss=+0.00000 value_loss=+0.57227 ratio=1.0525 kl=0.0114 | eval_reward=+59.7275 eval_length= 60.00
update=7021 mean_reward=+59.6223 mean_length= 59.98 policy_loss=-0.00031 value_loss=+0.53393 ratio=1.0468 kl=-0.0040
update=7022 mean_reward=+59.6124 mean_length= 59.98 policy_loss=-0.00018 value_loss=+0.42851 ratio=1.0491 kl=-0.0006
update=7023 mean_reward=+59.5932 mean_length= 59.96 policy_loss=-0.00010 value_loss=+0.49194 ratio=1.0571 kl=0.0073
update=7024 mean_reward=+59.6309 mean_length= 59.99 policy_loss=+0.00063 value_loss=+0.22689 ratio=1.0458 kl=0.0164
update=7025 mean_reward=+59.5926 mean_length= 59.95 policy_loss=-0.00053 value_loss=+0.54712 ratio=1.0923 kl=-0.0010 | eval_reward=+59.7304 eval_length= 60.00
update=7026 mean_reward=+59.6275 mean_length= 59.98 policy_loss=+0.00176 value_loss=+0.19748 ratio=1.0434 kl=0.0187
update=7027 mean_reward=+59.5982 mean_length= 59.96 policy_loss=+0.00378 value_loss=+0.55365 ratio=1.0567 kl=0.0140
update=7028 mean_reward=+59.5825 mean_length= 59.95 policy_loss=+0.00111 value_loss=+0.73962 ratio=1.0518 kl=0.0231
update=7029 mean_reward=+59.6176 mean_length= 59.98 policy_loss=-0.00063 value_loss=+0.42612 ratio=1.0557 kl=-0.0003
update=7030 mean_reward=+59.5937 mean_length= 59.95 policy_loss=+0.00390 value_loss=+0.70708 ratio=1.0516 kl=0.0109 | eval_reward=+59.7254 eval_length= 60.00
update=7031 mean_reward=+59.6083 mean_length= 59.98 policy_loss=+0.00042 value_loss=+0.25238 ratio=1.0570 kl=0.0095
update=7032 mean_reward=+59.6120 mean_length= 59.97 policy_loss=+0.00101 value_loss=+0.22243 ratio=1.0620 kl=0.0049
update=7033 mean_reward=+59.6274 mean_length= 59.99 policy_loss=+0.00083 value_loss=+0.25171 ratio=1.0601 kl=0.0199
update=7034 mean_reward=+59.6173 mean_length= 59.98 policy_loss=+0.00193 value_loss=+0.30594 ratio=1.0511 kl=0.0271
update=7035 mean_reward=+59.6093 mean_length= 59.98 policy_loss=+0.00127 value_loss=+0.33096 ratio=1.0502 kl=0.0235 | eval_reward=+59.7235 eval_length= 60.00
update=7036 mean_reward=+59.5961 mean_length= 59.97 policy_loss=+0.01505 value_loss=+0.64910 ratio=1.1456 kl=0.0107
update=7037 mean_reward=+59.5958 mean_length= 59.96 policy_loss=+0.00340 value_loss=+0.51678 ratio=1.0468 kl=0.0161
update=7038 mean_reward=+59.5607 mean_length= 59.94 policy_loss=+0.00019 value_loss=+0.76205 ratio=1.0928 kl=0.0149
update=7039 mean_reward=+59.5446 mean_length= 59.93 policy_loss=-0.00083 value_loss=+0.81568 ratio=1.0460 kl=0.0003
update=7040 mean_reward=+59.5940 mean_length= 59.97 policy_loss=+0.00076 value_loss=+0.36431 ratio=1.0558 kl=0.0159 | eval_reward=+59.7084 eval_length= 60.00
update=7041 mean_reward=+59.5311 mean_length= 59.92 policy_loss=-0.00061 value_loss=+1.12739 ratio=1.0504 kl=0.0029
update=7042 mean_reward=+59.5675 mean_length= 59.96 policy_loss=-0.00032 value_loss=+0.69097 ratio=1.0513 kl=-0.0029
update=7043 mean_reward=+59.5446 mean_length= 59.94 policy_loss=+0.00018 value_loss=+0.90171 ratio=1.0393 kl=0.0046
update=7044 mean_reward=+59.5892 mean_length= 59.97 policy_loss=-0.00042 value_loss=+0.53764 ratio=1.0457 kl=-0.0015
update=7045 mean_reward=+59.5848 mean_length= 59.97 policy_loss=+0.00007 value_loss=+0.50570 ratio=1.0513 kl=-0.0015 | eval_reward=+59.7142 eval_length= 60.00
update=7046 mean_reward=+59.5991 mean_length= 59.98 policy_loss=+0.00067 value_loss=+0.25136 ratio=1.0583 kl=0.0066
update=7047 mean_reward=+59.5710 mean_length= 59.95 policy_loss=+0.00008 value_loss=+0.80221 ratio=1.0702 kl=0.0142
update=7048 mean_reward=+59.5852 mean_length= 59.97 policy_loss=+0.00145 value_loss=+0.52530 ratio=1.0506 kl=0.0146
update=7049 mean_reward=+59.5871 mean_length= 59.97 policy_loss=+0.00190 value_loss=+0.52151 ratio=1.0521 kl=0.0172
update=7050 mean_reward=+59.5867 mean_length= 59.98 policy_loss=+0.00111 value_loss=+0.60457 ratio=1.0562 kl=0.0027 | eval_reward=+59.7131 eval_length= 60.00
update=7051 mean_reward=+59.5825 mean_length= 59.97 policy_loss=-0.00004 value_loss=+0.55030 ratio=1.0673 kl=0.0012
update=7052 mean_reward=+59.5789 mean_length= 59.96 policy_loss=+0.00011 value_loss=+0.57979 ratio=1.0760 kl=0.0043
update=7053 mean_reward=+59.5513 mean_length= 59.94 policy_loss=-0.00014 value_loss=+0.76717 ratio=1.0470 kl=0.0063
update=7054 mean_reward=+59.6106 mean_length= 59.99 policy_loss=+0.00144 value_loss=+0.15715 ratio=1.0534 kl=0.0080
update=7055 mean_reward=+59.5696 mean_length= 59.95 policy_loss=+0.00004 value_loss=+0.72848 ratio=1.0593 kl=0.0158 | eval_reward=+59.7345 eval_length= 60.00
update=7056 mean_reward=+59.5912 mean_length= 59.97 policy_loss=-0.00078 value_loss=+0.52771 ratio=1.0485 kl=0.0003
update=7057 mean_reward=+59.5768 mean_length= 59.96 policy_loss=+0.00071 value_loss=+0.65723 ratio=1.0628 kl=0.0233
update=7058 mean_reward=+59.5631 mean_length= 59.94 policy_loss=+0.00039 value_loss=+0.69041 ratio=1.0773 kl=0.0150
update=7059 mean_reward=+59.5641 mean_length= 59.94 policy_loss=+0.00017 value_loss=+0.90130 ratio=1.0489 kl=0.0046
update=7060 mean_reward=+59.5833 mean_length= 59.96 policy_loss=-0.00086 value_loss=+0.59010 ratio=1.0618 kl=-0.0038 | eval_reward=+59.7306 eval_length= 60.00
update=7061 mean_reward=+59.5702 mean_length= 59.95 policy_loss=-0.00010 value_loss=+0.72850 ratio=1.0821 kl=-0.0009
update=7062 mean_reward=+59.6036 mean_length= 59.99 policy_loss=+0.00204 value_loss=+0.25487 ratio=1.0796 kl=0.0080
update=7063 mean_reward=+59.5500 mean_length= 59.94 policy_loss=+0.00107 value_loss=+0.91237 ratio=1.0471 kl=0.0309
update=7064 mean_reward=+59.6069 mean_length= 59.99 policy_loss=-0.00033 value_loss=+0.25463 ratio=1.0433 kl=0.0014
update=7065 mean_reward=+59.5859 mean_length= 59.97 policy_loss=+0.00024 value_loss=+0.35900 ratio=1.1081 kl=0.0049 | eval_reward=+59.7552 eval_length= 60.00  [new_best]
update=7066 mean_reward=+59.6126 mean_length= 59.99 policy_loss=+0.00094 value_loss=+0.14742 ratio=1.0827 kl=0.0155
update=7067 mean_reward=+59.5940 mean_length= 59.97 policy_loss=+0.00217 value_loss=+0.42756 ratio=1.0725 kl=0.0228
update=7068 mean_reward=+59.6008 mean_length= 59.98 policy_loss=+0.00113 value_loss=+0.34127 ratio=1.0617 kl=0.0145
update=7069 mean_reward=+59.5927 mean_length= 59.97 policy_loss=+0.00138 value_loss=+0.42903 ratio=1.0675 kl=0.0275
update=7070 mean_reward=+59.5823 mean_length= 59.96 policy_loss=+0.00061 value_loss=+0.51984 ratio=1.0400 kl=0.0207 | eval_reward=+59.7216 eval_length= 60.00
update=7071 mean_reward=+59.5915 mean_length= 59.98 policy_loss=+0.00197 value_loss=+0.46450 ratio=1.0566 kl=0.0109
update=7072 mean_reward=+59.5748 mean_length= 59.96 policy_loss=+0.00266 value_loss=+0.58155 ratio=1.0515 kl=0.0217
update=7073 mean_reward=+59.5728 mean_length= 59.96 policy_loss=+0.00112 value_loss=+0.52109 ratio=1.0550 kl=0.0191
update=7074 mean_reward=+59.5800 mean_length= 59.97 policy_loss=+0.00039 value_loss=+0.40760 ratio=1.0625 kl=0.0231
update=7075 mean_reward=+59.5889 mean_length= 59.98 policy_loss=+0.00017 value_loss=+0.49052 ratio=1.0582 kl=0.0104 | eval_reward=+59.7284 eval_length= 60.00
update=7076 mean_reward=+59.5942 mean_length= 59.98 policy_loss=+0.00106 value_loss=+0.30033 ratio=1.0662 kl=0.0121
update=7077 mean_reward=+59.5915 mean_length= 59.98 policy_loss=+0.00033 value_loss=+0.35927 ratio=1.0456 kl=0.0176
update=7078 mean_reward=+59.6094 mean_length= 59.99 policy_loss=+0.00075 value_loss=+0.15117 ratio=1.0472 kl=0.0066
update=7079 mean_reward=+59.6045 mean_length= 59.98 policy_loss=+0.00073 value_loss=+0.23556 ratio=1.0477 kl=0.0144
update=7080 mean_reward=+59.6008 mean_length= 59.98 policy_loss=+0.00116 value_loss=+0.20296 ratio=1.0414 kl=0.0249 | eval_reward=+59.7102 eval_length= 60.00
update=7081 mean_reward=+59.5876 mean_length= 59.97 policy_loss=+0.00027 value_loss=+0.42327 ratio=1.1062 kl=0.0120
update=7082 mean_reward=+59.6160 mean_length= 59.99 policy_loss=+0.00006 value_loss=+0.17914 ratio=1.0468 kl=0.0041
update=7083 mean_reward=+59.6119 mean_length= 59.99 policy_loss=+0.00085 value_loss=+0.24209 ratio=1.0496 kl=0.0143
update=7084 mean_reward=+59.5739 mean_length= 59.96 policy_loss=+0.00031 value_loss=+0.79940 ratio=1.0377 kl=0.0176
update=7085 mean_reward=+59.6021 mean_length= 59.98 policy_loss=+0.00051 value_loss=+0.36324 ratio=1.0561 kl=0.0281 | eval_reward=+59.7174 eval_length= 60.00
update=7086 mean_reward=+59.6001 mean_length= 59.98 policy_loss=+0.00099 value_loss=+0.49858 ratio=1.0501 kl=0.0174
update=7087 mean_reward=+59.5929 mean_length= 59.97 policy_loss=-0.00023 value_loss=+0.51306 ratio=1.0703 kl=0.0057
update=7088 mean_reward=+59.5923 mean_length= 59.97 policy_loss=+0.00076 value_loss=+0.36476 ratio=1.0632 kl=0.0124
update=7089 mean_reward=+59.6312 mean_length= 60.00 policy_loss=+0.00293 value_loss=+0.10110 ratio=1.0376 kl=0.0301
update=7090 mean_reward=+59.5558 mean_length= 59.94 policy_loss=-0.00054 value_loss=+0.74040 ratio=1.0541 kl=0.0138 | eval_reward=+59.7166 eval_length= 60.00
update=7091 mean_reward=+59.5666 mean_length= 59.95 policy_loss=-0.00029 value_loss=+0.72207 ratio=1.0558 kl=0.0059
update=7092 mean_reward=+59.5961 mean_length= 59.98 policy_loss=+0.00029 value_loss=+0.36432 ratio=1.0520 kl=0.0101
update=7093 mean_reward=+59.5964 mean_length= 59.97 policy_loss=+0.00019 value_loss=+0.48660 ratio=1.0491 kl=0.0162
update=7094 mean_reward=+59.5856 mean_length= 59.96 policy_loss=-0.00036 value_loss=+0.57921 ratio=1.0670 kl=0.0102
update=7095 mean_reward=+59.5865 mean_length= 59.97 policy_loss=+0.00117 value_loss=+0.38754 ratio=1.0583 kl=0.0243 | eval_reward=+59.7133 eval_length= 60.00
update=7096 mean_reward=+59.5967 mean_length= 59.98 policy_loss=+0.00096 value_loss=+0.25522 ratio=1.0487 kl=0.0159
update=7097 mean_reward=+59.5718 mean_length= 59.95 policy_loss=+0.00023 value_loss=+0.69023 ratio=1.0481 kl=0.0156
update=7098 mean_reward=+59.5806 mean_length= 59.96 policy_loss=+0.00009 value_loss=+0.66204 ratio=1.0575 kl=0.0212
update=7099 mean_reward=+59.5940 mean_length= 59.97 policy_loss=+0.00015 value_loss=+0.42516 ratio=1.0692 kl=0.0064
update=7100 mean_reward=+59.6018 mean_length= 59.98 policy_loss=+0.00043 value_loss=+0.28911 ratio=1.0448 kl=0.0095 | eval_reward=+59.6819 eval_length= 60.00
update=7101 mean_reward=+59.5665 mean_length= 59.94 policy_loss=+0.00066 value_loss=+0.67245 ratio=1.0889 kl=0.0216
update=7102 mean_reward=+59.5902 mean_length= 59.97 policy_loss=+0.00288 value_loss=+0.43035 ratio=1.0653 kl=0.0211
update=7103 mean_reward=+59.5823 mean_length= 59.97 policy_loss=+0.00974 value_loss=+0.47789 ratio=1.4226 kl=0.0203
update=7104 mean_reward=+59.6019 mean_length= 59.99 policy_loss=+0.00289 value_loss=+0.13373 ratio=1.0642 kl=0.0212
update=7105 mean_reward=+59.5835 mean_length= 59.97 policy_loss=+0.00235 value_loss=+0.53186 ratio=1.0468 kl=0.0177 | eval_reward=+59.6679 eval_length= 60.00
update=7106 mean_reward=+59.5805 mean_length= 59.98 policy_loss=+0.00103 value_loss=+0.28652 ratio=1.0603 kl=0.0200
update=7107 mean_reward=+59.5814 mean_length= 59.97 policy_loss=+0.00298 value_loss=+0.48296 ratio=1.0905 kl=0.0185
update=7108 mean_reward=+59.6088 mean_length= 60.00 policy_loss=+0.00465 value_loss=+0.01212 ratio=1.1121 kl=0.0044
update=7109 mean_reward=+59.5788 mean_length= 59.97 policy_loss=+0.00122 value_loss=+0.37113 ratio=1.0453 kl=0.0164
update=7110 mean_reward=+59.6109 mean_length= 59.99 policy_loss=+0.00343 value_loss=+0.10206 ratio=1.0675 kl=0.0244 | eval_reward=+59.6903 eval_length= 60.00
update=7111 mean_reward=+59.6063 mean_length= 59.99 policy_loss=+0.00018 value_loss=+0.21819 ratio=1.0536 kl=0.0093
update=7112 mean_reward=+59.5941 mean_length= 59.96 policy_loss=-0.00100 value_loss=+0.56219 ratio=1.0579 kl=0.0013
update=7113 mean_reward=+59.5824 mean_length= 59.96 policy_loss=+0.00010 value_loss=+0.55972 ratio=1.0515 kl=0.0099
update=7114 mean_reward=+59.6111 mean_length= 59.98 policy_loss=+0.00108 value_loss=+0.30246 ratio=1.0498 kl=0.0074
update=7115 mean_reward=+59.6049 mean_length= 59.98 policy_loss=+0.00030 value_loss=+0.30536 ratio=1.0586 kl=0.0025 | eval_reward=+59.6872 eval_length= 60.00
update=7116 mean_reward=+59.6130 mean_length= 59.99 policy_loss=+0.00042 value_loss=+0.47174 ratio=1.1077 kl=0.0122
update=7117 mean_reward=+59.5769 mean_length= 59.96 policy_loss=-0.00029 value_loss=+0.75922 ratio=1.0612 kl=-0.0010
update=7118 mean_reward=+59.5999 mean_length= 59.97 policy_loss=-0.00041 value_loss=+0.42360 ratio=1.0632 kl=-0.0033
update=7119 mean_reward=+59.6232 mean_length= 59.99 policy_loss=+0.00092 value_loss=+0.13951 ratio=1.1417 kl=0.0072
update=7120 mean_reward=+59.6089 mean_length= 59.97 policy_loss=+0.00046 value_loss=+0.37154 ratio=1.0565 kl=0.0138 | eval_reward=+59.6829 eval_length= 60.00
update=7121 mean_reward=+59.6076 mean_length= 59.98 policy_loss=+0.00110 value_loss=+0.31087 ratio=1.0590 kl=0.0126
update=7122 mean_reward=+59.5954 mean_length= 59.96 policy_loss=+0.00011 value_loss=+0.66134 ratio=1.0551 kl=0.0002
update=7123 mean_reward=+59.6069 mean_length= 59.97 policy_loss=-0.00047 value_loss=+0.48418 ratio=1.0490 kl=0.0058
update=7124 mean_reward=+59.6037 mean_length= 59.97 policy_loss=+0.00048 value_loss=+0.34251 ratio=1.1108 kl=0.0131
update=7125 mean_reward=+59.5974 mean_length= 59.96 policy_loss=+0.00156 value_loss=+0.46923 ratio=1.0498 kl=0.0110 | eval_reward=+59.6777 eval_length= 60.00
update=7126 mean_reward=+59.6031 mean_length= 59.97 policy_loss=+0.00130 value_loss=+0.42627 ratio=1.0566 kl=0.0203
update=7127 mean_reward=+59.6184 mean_length= 59.99 policy_loss=+0.00107 value_loss=+0.13582 ratio=1.0586 kl=0.0100
update=7128 mean_reward=+59.5936 mean_length= 59.97 policy_loss=+0.00004 value_loss=+0.55523 ratio=1.0648 kl=0.0035
update=7129 mean_reward=+59.6135 mean_length= 59.99 policy_loss=+0.00005 value_loss=+0.27534 ratio=1.0582 kl=0.0010
update=7130 mean_reward=+59.6147 mean_length= 59.98 policy_loss=+0.00057 value_loss=+0.27106 ratio=1.0732 kl=0.0089 | eval_reward=+59.7063 eval_length= 60.00
update=7131 mean_reward=+59.6030 mean_length= 59.96 policy_loss=+0.00049 value_loss=+0.58710 ratio=1.0717 kl=0.0008
update=7132 mean_reward=+59.6040 mean_length= 59.97 policy_loss=+0.00086 value_loss=+0.34087 ratio=1.0568 kl=0.0076
update=7133 mean_reward=+59.6218 mean_length= 60.00 policy_loss=+0.00127 value_loss=+0.17596 ratio=1.1832 kl=0.0165
update=7134 mean_reward=+59.6133 mean_length= 59.98 policy_loss=+0.00026 value_loss=+0.30193 ratio=1.0566 kl=0.0131
update=7135 mean_reward=+59.6136 mean_length= 59.98 policy_loss=+0.00294 value_loss=+0.48526 ratio=1.0463 kl=0.0209 | eval_reward=+59.7167 eval_length= 60.00
update=7136 mean_reward=+59.6116 mean_length= 59.98 policy_loss=+0.00120 value_loss=+0.36686 ratio=1.0639 kl=0.0291
update=7137 mean_reward=+59.6010 mean_length= 59.97 policy_loss=+0.00018 value_loss=+0.40190 ratio=1.1352 kl=0.0150
update=7138 mean_reward=+59.6155 mean_length= 59.99 policy_loss=-0.00024 value_loss=+0.22490 ratio=1.0596 kl=0.0061
update=7139 mean_reward=+59.6047 mean_length= 59.98 policy_loss=+0.00046 value_loss=+0.23417 ratio=1.0544 kl=0.0072
update=7140 mean_reward=+59.6043 mean_length= 59.97 policy_loss=+0.00154 value_loss=+0.42339 ratio=1.0704 kl=0.0221 | eval_reward=+59.7404 eval_length= 60.00
update=7141 mean_reward=+59.5945 mean_length= 59.96 policy_loss=+0.00018 value_loss=+0.56690 ratio=1.0503 kl=0.0193
update=7142 mean_reward=+59.6268 mean_length= 59.99 policy_loss=+0.00523 value_loss=+0.17931 ratio=1.0647 kl=0.0128
update=7143 mean_reward=+59.5845 mean_length= 59.96 policy_loss=+0.00014 value_loss=+0.46377 ratio=1.0699 kl=0.0125
update=7144 mean_reward=+59.6088 mean_length= 59.98 policy_loss=+0.00003 value_loss=+0.29778 ratio=1.0550 kl=0.0061
update=7145 mean_reward=+59.6221 mean_length= 59.99 policy_loss=+0.00030 value_loss=+0.16749 ratio=1.0707 kl=0.0033 | eval_reward=+59.7413 eval_length= 60.00
update=7146 mean_reward=+59.6199 mean_length= 59.99 policy_loss=+0.00084 value_loss=+0.14975 ratio=1.0518 kl=0.0155
update=7147 mean_reward=+59.6103 mean_length= 59.97 policy_loss=-0.00003 value_loss=+0.29270 ratio=1.0662 kl=0.0035
update=7148 mean_reward=+59.6009 mean_length= 59.97 policy_loss=-0.00033 value_loss=+0.39408 ratio=1.0633 kl=-0.0004
update=7149 mean_reward=+59.5928 mean_length= 59.96 policy_loss=+0.00062 value_loss=+0.48065 ratio=1.0674 kl=0.0180
update=7150 mean_reward=+59.5987 mean_length= 59.97 policy_loss=+0.00233 value_loss=+0.39646 ratio=1.0785 kl=0.0166 | eval_reward=+59.7060 eval_length= 60.00
update=7151 mean_reward=+59.6236 mean_length= 59.99 policy_loss=+0.00113 value_loss=+0.25908 ratio=1.0485 kl=0.0295
update=7152 mean_reward=+59.6321 mean_length= 59.99 policy_loss=+0.00070 value_loss=+0.16611 ratio=1.0972 kl=0.0124
update=7153 mean_reward=+59.6314 mean_length= 59.99 policy_loss=+0.00120 value_loss=+0.14247 ratio=1.0589 kl=0.0073
update=7154 mean_reward=+59.6322 mean_length= 59.99 policy_loss=+0.00417 value_loss=+0.16029 ratio=1.0573 kl=0.0175
update=7155 mean_reward=+59.6301 mean_length= 59.99 policy_loss=+0.00039 value_loss=+0.21954 ratio=1.0629 kl=0.0184 | eval_reward=+59.7198 eval_length= 60.00
update=7156 mean_reward=+59.5908 mean_length= 59.97 policy_loss=+0.00120 value_loss=+0.61404 ratio=1.0591 kl=0.0137
update=7157 mean_reward=+59.5813 mean_length= 59.96 policy_loss=+0.00031 value_loss=+0.58817 ratio=1.0692 kl=0.0119
update=7158 mean_reward=+59.6088 mean_length= 59.98 policy_loss=+0.00144 value_loss=+0.22197 ratio=1.0654 kl=0.0178
update=7159 mean_reward=+59.5974 mean_length= 59.97 policy_loss=+0.00063 value_loss=+0.66509 ratio=1.0591 kl=0.0113
update=7160 mean_reward=+59.6054 mean_length= 59.97 policy_loss=-0.00012 value_loss=+0.50964 ratio=1.0802 kl=-0.0010 | eval_reward=+59.7493 eval_length= 60.00
update=7161 mean_reward=+59.5970 mean_length= 59.97 policy_loss=-0.00008 value_loss=+0.53194 ratio=1.0608 kl=0.0011
update=7162 mean_reward=+59.6156 mean_length= 59.99 policy_loss=-0.00032 value_loss=+0.30867 ratio=1.0543 kl=0.0003
update=7163 mean_reward=+59.6188 mean_length= 59.98 policy_loss=+0.00108 value_loss=+0.20832 ratio=1.0507 kl=0.0103
update=7164 mean_reward=+59.6198 mean_length= 59.98 policy_loss=+0.00298 value_loss=+0.24312 ratio=1.1970 kl=0.0134
update=7165 mean_reward=+59.5831 mean_length= 59.95 policy_loss=+0.00072 value_loss=+0.75229 ratio=1.0791 kl=0.0143 | eval_reward=+59.7498 eval_length= 60.00
update=7166 mean_reward=+59.6164 mean_length= 59.98 policy_loss=+0.00212 value_loss=+0.39950 ratio=1.0592 kl=0.0048
update=7167 mean_reward=+59.6030 mean_length= 59.97 policy_loss=+0.00099 value_loss=+0.35915 ratio=1.0648 kl=0.0189
update=7168 mean_reward=+59.6004 mean_length= 59.97 policy_loss=-0.00004 value_loss=+0.43238 ratio=1.0573 kl=0.0094
update=7169 mean_reward=+59.6173 mean_length= 59.98 policy_loss=+0.00072 value_loss=+0.34754 ratio=1.0673 kl=0.0044
update=7170 mean_reward=+59.6102 mean_length= 59.98 policy_loss=+0.00050 value_loss=+0.30985 ratio=1.0648 kl=0.0127 | eval_reward=+59.7416 eval_length= 60.00
update=7171 mean_reward=+59.6268 mean_length= 59.99 policy_loss=+0.00060 value_loss=+0.22406 ratio=1.0669 kl=0.0198
update=7172 mean_reward=+59.6158 mean_length= 59.98 policy_loss=+0.00034 value_loss=+0.27056 ratio=1.0509 kl=0.0047
update=7173 mean_reward=+59.6078 mean_length= 59.98 policy_loss=+0.00016 value_loss=+0.33165 ratio=1.0622 kl=0.0076
update=7174 mean_reward=+59.6138 mean_length= 59.99 policy_loss=+0.00446 value_loss=+0.33809 ratio=1.0531 kl=0.0019
update=7175 mean_reward=+59.6157 mean_length= 59.98 policy_loss=+0.00300 value_loss=+0.31437 ratio=1.0735 kl=0.0299 | eval_reward=+59.7383 eval_length= 60.00
update=7176 mean_reward=+59.6124 mean_length= 59.98 policy_loss=+0.00099 value_loss=+0.27322 ratio=1.0555 kl=0.0261
update=7177 mean_reward=+59.6057 mean_length= 59.97 policy_loss=+0.00136 value_loss=+0.42420 ratio=1.0501 kl=0.0144
update=7178 mean_reward=+59.6247 mean_length= 59.99 policy_loss=+0.00107 value_loss=+0.22854 ratio=1.0569 kl=0.0116
update=7179 mean_reward=+59.6176 mean_length= 59.98 policy_loss=+0.00059 value_loss=+0.21113 ratio=1.0529 kl=0.0199
update=7180 mean_reward=+59.6253 mean_length= 59.98 policy_loss=+0.00085 value_loss=+0.31157 ratio=1.0582 kl=0.0234 | eval_reward=+59.7548 eval_length= 60.00
update=7181 mean_reward=+59.6286 mean_length= 60.00 policy_loss=+0.00162 value_loss=+0.08664 ratio=1.0498 kl=0.0052
update=7182 mean_reward=+59.6073 mean_length= 59.97 policy_loss=+0.00268 value_loss=+0.48036 ratio=1.0580 kl=0.0202
update=7183 mean_reward=+59.6122 mean_length= 59.98 policy_loss=+0.00064 value_loss=+0.22710 ratio=1.0618 kl=0.0075
update=7184 mean_reward=+59.6010 mean_length= 59.96 policy_loss=+0.00279 value_loss=+0.61300 ratio=1.0703 kl=0.0154
update=7185 mean_reward=+59.6209 mean_length= 59.99 policy_loss=+0.00222 value_loss=+0.25301 ratio=1.0645 kl=0.0218 | eval_reward=+59.7036 eval_length= 60.00
update=7186 mean_reward=+59.6249 mean_length= 59.99 policy_loss=+0.00662 value_loss=+0.08292 ratio=1.0728 kl=0.0100
update=7187 mean_reward=+59.6390 mean_length= 60.00 policy_loss=+0.00108 value_loss=+0.06606 ratio=1.0517 kl=0.0223
update=7188 mean_reward=+59.6173 mean_length= 59.98 policy_loss=+0.00153 value_loss=+0.49033 ratio=1.0555 kl=0.0186
update=7189 mean_reward=+59.6163 mean_length= 59.98 policy_loss=+0.00055 value_loss=+0.39018 ratio=1.0771 kl=0.0094
update=7190 mean_reward=+59.6148 mean_length= 59.98 policy_loss=+0.00021 value_loss=+0.51142 ratio=1.0635 kl=-0.0034 | eval_reward=+59.7433 eval_length= 60.00
update=7191 mean_reward=+59.6019 mean_length= 59.97 policy_loss=-0.00038 value_loss=+0.56284 ratio=1.0609 kl=0.0007
update=7192 mean_reward=+59.6001 mean_length= 59.97 policy_loss=+0.00001 value_loss=+0.63332 ratio=1.0722 kl=0.0012
update=7193 mean_reward=+59.6266 mean_length= 59.99 policy_loss=+0.00087 value_loss=+0.31379 ratio=1.0638 kl=0.0006
update=7194 mean_reward=+59.6142 mean_length= 59.97 policy_loss=+0.00081 value_loss=+0.55608 ratio=1.1113 kl=0.0123
update=7195 mean_reward=+59.5997 mean_length= 59.97 policy_loss=-0.00058 value_loss=+0.60825 ratio=1.0906 kl=-0.0016 | eval_reward=+59.7430 eval_length= 60.00
update=7196 mean_reward=+59.6170 mean_length= 59.99 policy_loss=+0.00025 value_loss=+0.31731 ratio=1.0525 kl=0.0097
update=7197 mean_reward=+59.5956 mean_length= 59.97 policy_loss=+0.00091 value_loss=+0.39159 ratio=1.0622 kl=0.0162
update=7198 mean_reward=+59.6100 mean_length= 59.98 policy_loss=+0.00147 value_loss=+0.48365 ratio=1.0805 kl=0.0154
update=7199 mean_reward=+59.6126 mean_length= 59.98 policy_loss=+0.00090 value_loss=+0.38432 ratio=1.0596 kl=0.0252
update=7200 mean_reward=+59.5930 mean_length= 59.97 policy_loss=-0.00007 value_loss=+0.59138 ratio=1.0731 kl=0.0030 | eval_reward=+59.7277 eval_length= 60.00
update=7201 mean_reward=+59.6030 mean_length= 59.97 policy_loss=-0.00053 value_loss=+0.61694 ratio=1.0448 kl=0.0066
update=7202 mean_reward=+59.6025 mean_length= 59.97 policy_loss=-0.00046 value_loss=+0.59600 ratio=1.0540 kl=-0.0019
update=7203 mean_reward=+59.5861 mean_length= 59.95 policy_loss=-0.00016 value_loss=+0.78892 ratio=1.0802 kl=0.0007
update=7204 mean_reward=+59.6100 mean_length= 59.98 policy_loss=-0.00009 value_loss=+0.64426 ratio=1.0677 kl=-0.0038
update=7205 mean_reward=+59.6059 mean_length= 59.97 policy_loss=+0.00004 value_loss=+0.37671 ratio=1.0480 kl=0.0010 | eval_reward=+59.7244 eval_length= 60.00
update=7206 mean_reward=+59.6218 mean_length= 59.99 policy_loss=+0.00006 value_loss=+0.31971 ratio=1.0752 kl=0.0070
update=7207 mean_reward=+59.6093 mean_length= 59.98 policy_loss=+0.00036 value_loss=+0.17401 ratio=1.0496 kl=0.0075
update=7208 mean_reward=+59.6221 mean_length= 59.98 policy_loss=+0.00051 value_loss=+0.25081 ratio=1.0757 kl=0.0173
update=7209 mean_reward=+59.5916 mean_length= 59.96 policy_loss=-0.00013 value_loss=+0.63225 ratio=1.0605 kl=0.0044
update=7210 mean_reward=+59.6294 mean_length= 59.99 policy_loss=-0.00017 value_loss=+0.29869 ratio=1.0470 kl=0.0062 | eval_reward=+59.7125 eval_length= 60.00
update=7211 mean_reward=+59.5973 mean_length= 59.97 policy_loss=+0.00019 value_loss=+0.50099 ratio=1.0469 kl=0.0129
update=7212 mean_reward=+59.5961 mean_length= 59.96 policy_loss=+0.00083 value_loss=+0.77555 ratio=1.0655 kl=0.0077
update=7213 mean_reward=+59.6096 mean_length= 59.97 policy_loss=+0.00054 value_loss=+0.46891 ratio=1.0510 kl=0.0068
update=7214 mean_reward=+59.5947 mean_length= 59.96 policy_loss=-0.00044 value_loss=+0.57857 ratio=1.0533 kl=-0.0006
update=7215 mean_reward=+59.5851 mean_length= 59.96 policy_loss=-0.00030 value_loss=+0.56016 ratio=1.0417 kl=0.0072 | eval_reward=+59.7044 eval_length= 60.00
update=7216 mean_reward=+59.6022 mean_length= 59.97 policy_loss=+0.00151 value_loss=+0.53081 ratio=1.0577 kl=0.0255
update=7217 mean_reward=+59.5807 mean_length= 59.95 policy_loss=-0.00010 value_loss=+0.80277 ratio=1.0883 kl=0.0023
update=7218 mean_reward=+59.5848 mean_length= 59.96 policy_loss=+0.00049 value_loss=+0.60132 ratio=1.0603 kl=0.0145
update=7219 mean_reward=+59.5941 mean_length= 59.97 policy_loss=+0.00141 value_loss=+0.34083 ratio=1.1847 kl=0.0103
update=7220 mean_reward=+59.5978 mean_length= 59.97 policy_loss=+0.00059 value_loss=+0.33889 ratio=1.0489 kl=0.0254 | eval_reward=+59.7438 eval_length= 60.00
update=7221 mean_reward=+59.5829 mean_length= 59.96 policy_loss=-0.00023 value_loss=+0.55796 ratio=1.1143 kl=0.0109
update=7222 mean_reward=+59.6155 mean_length= 59.98 policy_loss=+0.00526 value_loss=+0.40435 ratio=1.0703 kl=0.0107
update=7223 mean_reward=+59.6206 mean_length= 60.00 policy_loss=+0.00218 value_loss=+0.00976 ratio=1.0566 kl=0.0057
update=7224 mean_reward=+59.6002 mean_length= 59.97 policy_loss=+0.00277 value_loss=+0.35346 ratio=1.0435 kl=0.0179
update=7225 mean_reward=+59.6083 mean_length= 59.98 policy_loss=+0.00363 value_loss=+0.19816 ratio=1.0514 kl=0.0231 | eval_reward=+59.7385 eval_length= 60.00
update=7226 mean_reward=+59.6056 mean_length= 59.98 policy_loss=+0.00158 value_loss=+0.29677 ratio=1.0523 kl=0.0212
update=7227 mean_reward=+59.5983 mean_length= 59.98 policy_loss=+0.00193 value_loss=+0.29392 ratio=1.0565 kl=0.0196
update=7228 mean_reward=+59.6239 mean_length= 60.00 policy_loss=+0.00669 value_loss=+0.06869 ratio=1.0519 kl=0.0257
update=7229 mean_reward=+59.6029 mean_length= 59.98 policy_loss=+0.00323 value_loss=+0.31810 ratio=1.0503 kl=0.0206
update=7230 mean_reward=+59.6040 mean_length= 59.99 policy_loss=+0.00145 value_loss=+0.19724 ratio=1.0495 kl=0.0248 | eval_reward=+59.6847 eval_length= 60.00
update=7231 mean_reward=+59.6205 mean_length= 60.00 policy_loss=+0.00143 value_loss=+0.09347 ratio=1.0735 kl=0.0229
update=7232 mean_reward=+59.6027 mean_length= 59.98 policy_loss=+0.00056 value_loss=+0.35399 ratio=1.0545 kl=0.0241
update=7233 mean_reward=+59.6136 mean_length= 59.98 policy_loss=+0.00076 value_loss=+0.21639 ratio=1.0743 kl=0.0060
update=7234 mean_reward=+59.6115 mean_length= 59.98 policy_loss=+0.00016 value_loss=+0.21636 ratio=1.0537 kl=0.0055
update=7235 mean_reward=+59.6137 mean_length= 59.99 policy_loss=+0.00122 value_loss=+0.13615 ratio=1.0669 kl=0.0083 | eval_reward=+59.6965 eval_length= 60.00
update=7236 mean_reward=+59.6185 mean_length= 59.99 policy_loss=+0.00055 value_loss=+0.23344 ratio=1.3010 kl=0.0209
update=7237 mean_reward=+59.6131 mean_length= 59.98 policy_loss=-0.00005 value_loss=+0.32248 ratio=1.0690 kl=0.0008
update=7238 mean_reward=+59.6149 mean_length= 59.98 policy_loss=+0.00003 value_loss=+0.25219 ratio=1.0563 kl=0.0121
update=7239 mean_reward=+59.6125 mean_length= 59.98 policy_loss=-0.00018 value_loss=+0.39407 ratio=1.0557 kl=0.0032
update=7240 mean_reward=+59.6303 mean_length= 60.00 policy_loss=+0.00122 value_loss=+0.08128 ratio=1.0529 kl=0.0156 | eval_reward=+59.7069 eval_length= 60.00
update=7241 mean_reward=+59.6236 mean_length= 59.99 policy_loss=+0.00084 value_loss=+0.23449 ratio=1.0491 kl=0.0160
update=7242 mean_reward=+59.6280 mean_length= 59.99 policy_loss=+0.00130 value_loss=+0.16313 ratio=1.0519 kl=0.0223
update=7243 mean_reward=+59.6302 mean_length= 59.99 policy_loss=+0.00047 value_loss=+0.23810 ratio=1.0483 kl=0.0155
update=7244 mean_reward=+59.6153 mean_length= 59.98 policy_loss=+0.00034 value_loss=+0.24720 ratio=1.0532 kl=0.0092
update=7245 mean_reward=+59.6177 mean_length= 59.98 policy_loss=+0.00060 value_loss=+0.27487 ratio=1.0457 kl=0.0150 | eval_reward=+59.7047 eval_length= 60.00
update=7246 mean_reward=+59.6275 mean_length= 60.00 policy_loss=+0.00596 value_loss=+0.09827 ratio=1.1050 kl=0.0184
update=7247 mean_reward=+59.6089 mean_length= 59.98 policy_loss=+0.00083 value_loss=+0.40156 ratio=1.0857 kl=0.0176
update=7248 mean_reward=+59.6347 mean_length= 59.99 policy_loss=+0.00487 value_loss=+0.08185 ratio=1.0584 kl=0.0091
update=7249 mean_reward=+59.6164 mean_length= 59.98 policy_loss=+0.00382 value_loss=+0.26335 ratio=1.0548 kl=0.0210
update=7250 mean_reward=+59.6197 mean_length= 59.99 policy_loss=+0.00144 value_loss=+0.14513 ratio=1.0652 kl=0.0229 | eval_reward=+59.7114 eval_length= 60.00
update=7251 mean_reward=+59.6216 mean_length= 59.98 policy_loss=+0.00066 value_loss=+0.16943 ratio=1.0528 kl=0.0152
update=7252 mean_reward=+59.6242 mean_length= 59.99 policy_loss=+0.00009 value_loss=+0.39375 ratio=1.0590 kl=0.0125
update=7253 mean_reward=+59.6180 mean_length= 59.97 policy_loss=+0.00186 value_loss=+0.33419 ratio=1.1232 kl=0.0051
update=7254 mean_reward=+59.6035 mean_length= 59.97 policy_loss=+0.00003 value_loss=+0.50329 ratio=1.0782 kl=0.0071
update=7255 mean_reward=+59.6276 mean_length= 59.99 policy_loss=-0.00012 value_loss=+0.46241 ratio=1.0647 kl=0.0005 | eval_reward=+59.7149 eval_length= 60.00
update=7256 mean_reward=+59.6116 mean_length= 59.98 policy_loss=-0.00001 value_loss=+0.31886 ratio=1.0517 kl=0.0026
update=7257 mean_reward=+59.6169 mean_length= 59.98 policy_loss=+0.00278 value_loss=+0.28609 ratio=1.0595 kl=0.0144
update=7258 mean_reward=+59.5800 mean_length= 59.95 policy_loss=+0.00218 value_loss=+0.80692 ratio=1.0561 kl=0.0168
update=7259 mean_reward=+59.5832 mean_length= 59.96 policy_loss=+0.00221 value_loss=+0.88900 ratio=1.0806 kl=0.0054
update=7260 mean_reward=+59.5760 mean_length= 59.96 policy_loss=-0.00029 value_loss=+0.65930 ratio=1.0596 kl=0.0031 | eval_reward=+59.7093 eval_length= 60.00
update=7261 mean_reward=+59.5895 mean_length= 59.98 policy_loss=-0.00017 value_loss=+0.42462 ratio=1.0619 kl=-0.0002
update=7262 mean_reward=+59.5790 mean_length= 59.96 policy_loss=-0.00048 value_loss=+0.81502 ratio=1.0543 kl=-0.0026
update=7263 mean_reward=+59.5659 mean_length= 59.94 policy_loss=-0.00040 value_loss=+0.94274 ratio=1.0684 kl=-0.0021
update=7264 mean_reward=+59.5941 mean_length= 59.97 policy_loss=+0.00056 value_loss=+0.45827 ratio=1.0716 kl=0.0074
update=7265 mean_reward=+59.5829 mean_length= 59.96 policy_loss=+0.00079 value_loss=+0.74497 ratio=1.0474 kl=0.0235 | eval_reward=+59.7130 eval_length= 60.00
update=7266 mean_reward=+59.5938 mean_length= 59.98 policy_loss=+0.00047 value_loss=+0.27903 ratio=1.0656 kl=0.0071
update=7267 mean_reward=+59.6082 mean_length= 59.98 policy_loss=-0.00012 value_loss=+0.37713 ratio=1.0699 kl=0.0071
update=7268 mean_reward=+59.5965 mean_length= 59.97 policy_loss=-0.00042 value_loss=+0.57423 ratio=1.0497 kl=-0.0015
update=7269 mean_reward=+59.5990 mean_length= 59.97 policy_loss=+0.00053 value_loss=+0.62291 ratio=1.1370 kl=0.0027
update=7270 mean_reward=+59.5982 mean_length= 59.98 policy_loss=-0.00047 value_loss=+0.54308 ratio=1.0527 kl=-0.0040 | eval_reward=+59.7148 eval_length= 60.00
update=7271 mean_reward=+59.5985 mean_length= 59.97 policy_loss=+0.00007 value_loss=+0.65399 ratio=1.0477 kl=0.0014
update=7272 mean_reward=+59.6056 mean_length= 59.98 policy_loss=-0.00038 value_loss=+0.52945 ratio=1.0517 kl=-0.0015
update=7273 mean_reward=+59.6051 mean_length= 59.98 policy_loss=-0.00053 value_loss=+0.57481 ratio=1.0466 kl=-0.0007
update=7274 mean_reward=+59.6315 mean_length= 60.00 policy_loss=+0.00075 value_loss=+0.15845 ratio=1.0640 kl=0.0080
update=7275 mean_reward=+59.6240 mean_length= 59.99 policy_loss=+0.00132 value_loss=+0.17003 ratio=1.0811 kl=0.0217 | eval_reward=+59.7101 eval_length= 60.00
update=7276 mean_reward=+59.6248 mean_length= 59.99 policy_loss=+0.00294 value_loss=+0.19693 ratio=1.0632 kl=0.0206
update=7277 mean_reward=+59.6256 mean_length= 60.00 policy_loss=+0.00169 value_loss=+0.07703 ratio=1.0478 kl=0.0039
update=7278 mean_reward=+59.6222 mean_length= 59.99 policy_loss=+0.00182 value_loss=+0.12938 ratio=1.0499 kl=0.0177
update=7279 mean_reward=+59.5993 mean_length= 59.97 policy_loss=+0.00142 value_loss=+0.54190 ratio=1.0684 kl=0.0151
update=7280 mean_reward=+59.6045 mean_length= 59.97 policy_loss=+0.00142 value_loss=+0.43789 ratio=1.0637 kl=0.0156 | eval_reward=+59.7067 eval_length= 60.00
update=7281 mean_reward=+59.6160 mean_length= 59.99 policy_loss=+0.00110 value_loss=+0.31268 ratio=1.0591 kl=0.0176
update=7282 mean_reward=+59.6108 mean_length= 59.98 policy_loss=+0.00041 value_loss=+0.34759 ratio=1.0530 kl=0.0115
update=7283 mean_reward=+59.6109 mean_length= 59.98 policy_loss=-0.00018 value_loss=+0.28979 ratio=1.0526 kl=0.0026
update=7284 mean_reward=+59.5828 mean_length= 59.95 policy_loss=+0.00039 value_loss=+0.68588 ratio=1.0824 kl=0.0114
update=7285 mean_reward=+59.6094 mean_length= 59.98 policy_loss=+0.00029 value_loss=+0.43784 ratio=1.0500 kl=0.0137 | eval_reward=+59.7016 eval_length= 60.00
update=7286 mean_reward=+59.6039 mean_length= 59.97 policy_loss=+0.00427 value_loss=+0.53785 ratio=1.0506 kl=0.0219
update=7287 mean_reward=+59.6100 mean_length= 59.99 policy_loss=-0.00038 value_loss=+0.43910 ratio=1.0499 kl=-0.0019
update=7288 mean_reward=+59.6193 mean_length= 59.98 policy_loss=+0.00157 value_loss=+0.32085 ratio=1.0533 kl=0.0167
update=7289 mean_reward=+59.6018 mean_length= 59.98 policy_loss=+0.00006 value_loss=+0.49287 ratio=1.0566 kl=0.0141
update=7290 mean_reward=+59.5990 mean_length= 59.97 policy_loss=-0.00012 value_loss=+0.53032 ratio=1.0959 kl=0.0066 | eval_reward=+59.7141 eval_length= 60.00
update=7291 mean_reward=+59.6230 mean_length= 59.98 policy_loss=-0.00036 value_loss=+0.40467 ratio=1.0463 kl=0.0018
update=7292 mean_reward=+59.5966 mean_length= 59.96 policy_loss=-0.00056 value_loss=+0.49931 ratio=1.0614 kl=0.0112
update=7293 mean_reward=+59.6103 mean_length= 59.97 policy_loss=+0.00045 value_loss=+0.52473 ratio=1.0638 kl=0.0140
update=7294 mean_reward=+59.5953 mean_length= 59.96 policy_loss=-0.00025 value_loss=+0.54541 ratio=1.0746 kl=0.0100
update=7295 mean_reward=+59.5999 mean_length= 59.96 policy_loss=-0.00039 value_loss=+0.55913 ratio=1.0519 kl=0.0022 | eval_reward=+59.7343 eval_length= 60.00
update=7296 mean_reward=+59.6139 mean_length= 59.98 policy_loss=-0.00045 value_loss=+0.45370 ratio=1.0509 kl=-0.0035
update=7297 mean_reward=+59.6142 mean_length= 59.98 policy_loss=+0.00054 value_loss=+0.37683 ratio=1.0603 kl=0.0126
update=7298 mean_reward=+59.6260 mean_length= 59.99 policy_loss=+0.00141 value_loss=+0.24987 ratio=1.0569 kl=0.0296
update=7299 mean_reward=+59.5966 mean_length= 59.96 policy_loss=+0.00666 value_loss=+0.57930 ratio=1.0695 kl=0.0098
update=7300 mean_reward=+59.6004 mean_length= 59.98 policy_loss=+0.00157 value_loss=+0.20795 ratio=1.0562 kl=0.0217 | eval_reward=+59.6983 eval_length= 60.00
update=7301 mean_reward=+59.5659 mean_length= 59.95 policy_loss=+0.00102 value_loss=+0.67013 ratio=1.0659 kl=0.0279
update=7302 mean_reward=+59.5751 mean_length= 59.96 policy_loss=-0.00044 value_loss=+0.47119 ratio=1.0509 kl=-0.0035
update=7303 mean_reward=+59.6066 mean_length= 59.99 policy_loss=+0.00128 value_loss=+0.12196 ratio=1.0520 kl=0.0127
update=7304 mean_reward=+59.5948 mean_length= 59.98 policy_loss=+0.00170 value_loss=+0.24061 ratio=1.0488 kl=0.0243
update=7305 mean_reward=+59.5707 mean_length= 59.96 policy_loss=+0.00029 value_loss=+0.41701 ratio=1.0630 kl=0.0158 | eval_reward=+59.7056 eval_length= 60.00
update=7306 mean_reward=+59.5924 mean_length= 59.98 policy_loss=+0.00044 value_loss=+0.19807 ratio=1.0563 kl=0.0059
update=7307 mean_reward=+59.5917 mean_length= 59.96 policy_loss=+0.00145 value_loss=+0.28500 ratio=1.0943 kl=0.0133
update=7308 mean_reward=+59.5943 mean_length= 59.97 policy_loss=+0.00160 value_loss=+0.47605 ratio=1.0519 kl=0.0254
update=7309 mean_reward=+59.5722 mean_length= 59.96 policy_loss=+0.00297 value_loss=+0.66045 ratio=1.0485 kl=0.0174
update=7310 mean_reward=+59.5839 mean_length= 59.97 policy_loss=+0.00010 value_loss=+0.45379 ratio=1.0520 kl=0.0082 | eval_reward=+59.6902 eval_length= 60.00
update=7311 mean_reward=+59.5800 mean_length= 59.97 policy_loss=-0.00056 value_loss=+0.60083 ratio=1.0496 kl=0.0037
update=7312 mean_reward=+59.6127 mean_length= 59.99 policy_loss=+0.00026 value_loss=+0.34508 ratio=1.0458 kl=-0.0005
update=7313 mean_reward=+59.6067 mean_length= 59.98 policy_loss=-0.00019 value_loss=+0.38419 ratio=1.0690 kl=0.0074
update=7314 mean_reward=+59.5861 mean_length= 59.96 policy_loss=+0.00053 value_loss=+0.71589 ratio=1.0668 kl=0.0039
update=7315 mean_reward=+59.6192 mean_length= 59.99 policy_loss=+0.00451 value_loss=+0.19393 ratio=1.1218 kl=0.0038 | eval_reward=+59.7110 eval_length= 60.00
update=7316 mean_reward=+59.5909 mean_length= 59.96 policy_loss=+0.00177 value_loss=+0.60635 ratio=1.0520 kl=0.0184
update=7317 mean_reward=+59.5894 mean_length= 59.97 policy_loss=+0.00061 value_loss=+0.60472 ratio=1.1001 kl=0.0158
update=7318 mean_reward=+59.5824 mean_length= 59.96 policy_loss=+0.00036 value_loss=+0.59239 ratio=1.0596 kl=0.0103
update=7319 mean_reward=+59.6106 mean_length= 59.99 policy_loss=+0.00031 value_loss=+0.33044 ratio=1.0519 kl=0.0021
update=7320 mean_reward=+59.5929 mean_length= 59.97 policy_loss=-0.00026 value_loss=+0.50792 ratio=1.0493 kl=0.0019 | eval_reward=+59.7100 eval_length= 60.00
update=7321 mean_reward=+59.6096 mean_length= 59.98 policy_loss=+0.00056 value_loss=+0.37247 ratio=1.0572 kl=0.0107
update=7322 mean_reward=+59.6192 mean_length= 59.99 policy_loss=+0.00144 value_loss=+0.31546 ratio=1.0599 kl=0.0130
update=7323 mean_reward=+59.6044 mean_length= 59.97 policy_loss=+0.00089 value_loss=+0.37130 ratio=1.0734 kl=0.0204
update=7324 mean_reward=+59.6141 mean_length= 59.99 policy_loss=+0.00055 value_loss=+0.17862 ratio=1.0472 kl=0.0024
update=7325 mean_reward=+59.6169 mean_length= 59.99 policy_loss=+0.00036 value_loss=+0.23990 ratio=1.0530 kl=0.0128 | eval_reward=+59.7027 eval_length= 60.00
update=7326 mean_reward=+59.6135 mean_length= 59.98 policy_loss=+0.00172 value_loss=+0.30327 ratio=1.0512 kl=0.0204
update=7327 mean_reward=+59.6201 mean_length= 59.99 policy_loss=+0.00855 value_loss=+0.15312 ratio=1.1442 kl=0.0267
update=7328 mean_reward=+59.6022 mean_length= 59.98 policy_loss=+0.00128 value_loss=+0.35360 ratio=1.0488 kl=0.0302
update=7329 mean_reward=+59.5973 mean_length= 59.97 policy_loss=+0.00074 value_loss=+0.47471 ratio=1.0527 kl=0.0140
update=7330 mean_reward=+59.5980 mean_length= 59.97 policy_loss=+0.00022 value_loss=+0.42119 ratio=1.1348 kl=0.0066 | eval_reward=+59.7194 eval_length= 60.00
update=7331 mean_reward=+59.5804 mean_length= 59.96 policy_loss=-0.00029 value_loss=+0.71518 ratio=1.0808 kl=-0.0003
update=7332 mean_reward=+59.5954 mean_length= 59.97 policy_loss=+0.00036 value_loss=+0.70694 ratio=1.0664 kl=-0.0035
update=7333 mean_reward=+59.5916 mean_length= 59.97 policy_loss=-0.00025 value_loss=+0.45690 ratio=1.0739 kl=0.0077
update=7334 mean_reward=+59.6139 mean_length= 59.98 policy_loss=+0.00027 value_loss=+0.31082 ratio=1.1535 kl=0.0271
update=7335 mean_reward=+59.6230 mean_length= 59.99 policy_loss=+0.00205 value_loss=+0.14488 ratio=1.0608 kl=0.0249 | eval_reward=+59.7192 eval_length= 60.00
update=7336 mean_reward=+59.6144 mean_length= 59.98 policy_loss=+0.00110 value_loss=+0.23948 ratio=1.0571 kl=0.0223
update=7337 mean_reward=+59.6129 mean_length= 59.99 policy_loss=+0.00105 value_loss=+0.21319 ratio=1.0459 kl=0.0258
update=7338 mean_reward=+59.5997 mean_length= 59.97 policy_loss=-0.00003 value_loss=+0.51255 ratio=1.0599 kl=0.0061
update=7339 mean_reward=+59.6233 mean_length= 59.98 policy_loss=-0.00038 value_loss=+0.37956 ratio=1.0474 kl=-0.0007
update=7340 mean_reward=+59.6305 mean_length= 59.99 policy_loss=+0.00078 value_loss=+0.12763 ratio=1.1282 kl=0.0020 | eval_reward=+59.7153 eval_length= 60.00
update=7341 mean_reward=+59.6118 mean_length= 59.98 policy_loss=+0.00071 value_loss=+0.20826 ratio=1.0581 kl=0.0190
update=7342 mean_reward=+59.6055 mean_length= 59.97 policy_loss=+0.00137 value_loss=+0.51633 ratio=1.0628 kl=0.0201
update=7343 mean_reward=+59.6146 mean_length= 59.98 policy_loss=-0.00015 value_loss=+0.46573 ratio=1.2691 kl=-0.0005
update=7344 mean_reward=+59.6089 mean_length= 59.98 policy_loss=-0.00003 value_loss=+0.37397 ratio=1.0478 kl=0.0015
update=7345 mean_reward=+59.6140 mean_length= 59.98 policy_loss=+0.00053 value_loss=+0.29816 ratio=1.0770 kl=0.0203 | eval_reward=+59.7196 eval_length= 60.00
update=7346 mean_reward=+59.6268 mean_length= 59.99 policy_loss=+0.00077 value_loss=+0.14926 ratio=1.0576 kl=0.0162
update=7347 mean_reward=+59.6092 mean_length= 59.98 policy_loss=+0.00113 value_loss=+0.37216 ratio=1.0625 kl=0.0258
update=7348 mean_reward=+59.6228 mean_length= 59.99 policy_loss=+0.00048 value_loss=+0.23046 ratio=1.0670 kl=0.0226
update=7349 mean_reward=+59.5903 mean_length= 59.95 policy_loss=+0.00060 value_loss=+0.62864 ratio=1.0897 kl=0.0152
update=7350 mean_reward=+59.6093 mean_length= 59.98 policy_loss=-0.00023 value_loss=+0.42033 ratio=1.0754 kl=0.0001 | eval_reward=+59.7202 eval_length= 60.00
update=7351 mean_reward=+59.6212 mean_length= 59.98 policy_loss=+0.00004 value_loss=+0.23491 ratio=1.0519 kl=0.0066
update=7352 mean_reward=+59.6300 mean_length= 59.99 policy_loss=+0.00048 value_loss=+0.21033 ratio=1.0495 kl=0.0164
update=7353 mean_reward=+59.6201 mean_length= 59.98 policy_loss=+0.00034 value_loss=+0.27033 ratio=1.0598 kl=0.0085
update=7354 mean_reward=+59.6166 mean_length= 59.98 policy_loss=+0.00282 value_loss=+0.27967 ratio=1.0823 kl=0.0141
update=7355 mean_reward=+59.6242 mean_length= 59.98 policy_loss=+0.00089 value_loss=+0.24081 ratio=1.0574 kl=0.0156 | eval_reward=+59.7207 eval_length= 60.00
update=7356 mean_reward=+59.6190 mean_length= 59.98 policy_loss=+0.00069 value_loss=+0.53133 ratio=1.0998 kl=0.0178
update=7357 mean_reward=+59.6284 mean_length= 59.99 policy_loss=+0.00051 value_loss=+0.22730 ratio=1.0530 kl=0.0154
update=7358 mean_reward=+59.6365 mean_length= 59.99 policy_loss=+0.00266 value_loss=+0.06407 ratio=1.0594 kl=0.0116
update=7359 mean_reward=+59.6250 mean_length= 59.98 policy_loss=+0.00194 value_loss=+0.19917 ratio=1.0594 kl=0.0156
update=7360 mean_reward=+59.6233 mean_length= 59.98 policy_loss=+0.00110 value_loss=+0.28036 ratio=1.0448 kl=0.0243 | eval_reward=+59.7204 eval_length= 60.00
update=7361 mean_reward=+59.5867 mean_length= 59.95 policy_loss=-0.00002 value_loss=+0.77382 ratio=1.0454 kl=0.0058
update=7362 mean_reward=+59.6085 mean_length= 59.97 policy_loss=+0.00360 value_loss=+0.51966 ratio=1.1117 kl=0.0225
update=7363 mean_reward=+59.6260 mean_length= 59.99 policy_loss=+0.00084 value_loss=+0.11896 ratio=1.0504 kl=0.0122
update=7364 mean_reward=+59.6148 mean_length= 59.98 policy_loss=+0.00095 value_loss=+0.35307 ratio=1.0603 kl=0.0250
update=7365 mean_reward=+59.6155 mean_length= 59.98 policy_loss=+0.00124 value_loss=+0.55961 ratio=1.0573 kl=0.0098 | eval_reward=+59.7146 eval_length= 60.00
update=7366 mean_reward=+59.6155 mean_length= 59.98 policy_loss=-0.00033 value_loss=+0.45381 ratio=1.1080 kl=0.0002
update=7367 mean_reward=+59.6145 mean_length= 59.98 policy_loss=-0.00041 value_loss=+0.40702 ratio=1.0836 kl=0.0029
update=7368 mean_reward=+59.6176 mean_length= 59.98 policy_loss=+0.00146 value_loss=+0.21524 ratio=1.0536 kl=0.0148
update=7369 mean_reward=+59.6345 mean_length= 60.00 policy_loss=+0.00058 value_loss=+0.14829 ratio=1.0594 kl=0.0144
update=7370 mean_reward=+59.6186 mean_length= 59.98 policy_loss=+0.00549 value_loss=+0.38919 ratio=1.0734 kl=0.0151 | eval_reward=+59.7172 eval_length= 60.00
update=7371 mean_reward=+59.6159 mean_length= 59.98 policy_loss=+0.00098 value_loss=+0.35577 ratio=1.1028 kl=0.0229
update=7372 mean_reward=+59.6195 mean_length= 59.99 policy_loss=+0.00083 value_loss=+0.31223 ratio=1.0679 kl=0.0256
update=7373 mean_reward=+59.6041 mean_length= 59.98 policy_loss=+0.00057 value_loss=+0.35230 ratio=1.0666 kl=0.0170
update=7374 mean_reward=+59.5889 mean_length= 59.97 policy_loss=+0.00364 value_loss=+0.60078 ratio=1.0629 kl=0.0172
update=7375 mean_reward=+59.6040 mean_length= 59.98 policy_loss=+0.00051 value_loss=+0.48109 ratio=1.0719 kl=0.0070 | eval_reward=+59.7120 eval_length= 60.00
update=7376 mean_reward=+59.5759 mean_length= 59.95 policy_loss=-0.00015 value_loss=+0.67223 ratio=1.0457 kl=-0.0023
update=7377 mean_reward=+59.5811 mean_length= 59.96 policy_loss=-0.00020 value_loss=+0.46367 ratio=1.0619 kl=0.0034
update=7378 mean_reward=+59.5846 mean_length= 59.97 policy_loss=+0.00010 value_loss=+0.69344 ratio=1.1038 kl=-0.0031
update=7379 mean_reward=+59.5863 mean_length= 59.97 policy_loss=+0.00853 value_loss=+0.82415 ratio=1.1005 kl=0.0046
update=7380 mean_reward=+59.5960 mean_length= 59.98 policy_loss=+0.00286 value_loss=+0.54030 ratio=1.0602 kl=0.0231 | eval_reward=+59.7057 eval_length= 60.00
update=7381 mean_reward=+59.5869 mean_length= 59.97 policy_loss=+0.00026 value_loss=+0.59079 ratio=1.0963 kl=0.0078
update=7382 mean_reward=+59.5643 mean_length= 59.94 policy_loss=+0.00103 value_loss=+0.94408 ratio=1.0695 kl=0.0052
update=7383 mean_reward=+59.5952 mean_length= 59.97 policy_loss=+0.00521 value_loss=+0.61776 ratio=1.0490 kl=0.0195
update=7384 mean_reward=+59.5924 mean_length= 59.97 policy_loss=+0.00301 value_loss=+0.46643 ratio=1.0986 kl=0.0188
update=7385 mean_reward=+59.5938 mean_length= 59.97 policy_loss=-0.00005 value_loss=+0.66673 ratio=1.0479 kl=0.0087 | eval_reward=+59.7364 eval_length= 60.00
update=7386 mean_reward=+59.6001 mean_length= 59.98 policy_loss=+0.00018 value_loss=+0.50505 ratio=1.0538 kl=0.0027
update=7387 mean_reward=+59.6091 mean_length= 59.98 policy_loss=+0.00051 value_loss=+0.41773 ratio=1.0536 kl=0.0106
update=7388 mean_reward=+59.6219 mean_length= 59.99 policy_loss=+0.00123 value_loss=+0.16672 ratio=1.0818 kl=0.0160
update=7389 mean_reward=+59.6213 mean_length= 59.99 policy_loss=+0.00004 value_loss=+0.32421 ratio=1.1310 kl=0.0024
update=7390 mean_reward=+59.6006 mean_length= 59.97 policy_loss=-0.00020 value_loss=+0.46549 ratio=1.0399 kl=0.0120 | eval_reward=+59.7189 eval_length= 60.00
update=7391 mean_reward=+59.6036 mean_length= 59.98 policy_loss=+0.00036 value_loss=+0.54067 ratio=1.0513 kl=0.0183
update=7392 mean_reward=+59.6035 mean_length= 59.98 policy_loss=+0.00029 value_loss=+0.39805 ratio=1.0747 kl=0.0004
update=7393 mean_reward=+59.6074 mean_length= 59.98 policy_loss=+0.00085 value_loss=+0.27687 ratio=1.2952 kl=0.0202
update=7394 mean_reward=+59.5952 mean_length= 59.98 policy_loss=+0.00088 value_loss=+0.43881 ratio=1.0558 kl=0.0284
update=7395 mean_reward=+59.5897 mean_length= 59.97 policy_loss=-0.00073 value_loss=+0.55910 ratio=1.0632 kl=0.0041 | eval_reward=+59.7209 eval_length= 60.00
update=7396 mean_reward=+59.5891 mean_length= 59.97 policy_loss=-0.00027 value_loss=+0.54221 ratio=1.0529 kl=0.0022
update=7397 mean_reward=+59.6140 mean_length= 59.99 policy_loss=-0.00002 value_loss=+0.35673 ratio=1.0489 kl=-0.0000
update=7398 mean_reward=+59.6173 mean_length= 59.99 policy_loss=+0.00006 value_loss=+0.42430 ratio=1.0549 kl=0.0091
update=7399 mean_reward=+59.6080 mean_length= 59.98 policy_loss=+0.00014 value_loss=+0.50294 ratio=1.0492 kl=0.0123
update=7400 mean_reward=+59.6001 mean_length= 59.98 policy_loss=-0.00011 value_loss=+0.40695 ratio=1.0602 kl=0.0058 | eval_reward=+59.7175 eval_length= 60.00
update=7401 mean_reward=+59.6142 mean_length= 59.99 policy_loss=+0.00353 value_loss=+0.29942 ratio=1.0556 kl=0.0109
update=7402 mean_reward=+59.5878 mean_length= 59.97 policy_loss=+0.00098 value_loss=+0.41976 ratio=1.1118 kl=0.0219
update=7403 mean_reward=+59.5729 mean_length= 59.96 policy_loss=-0.00010 value_loss=+0.69205 ratio=1.0917 kl=0.0200
update=7404 mean_reward=+59.5974 mean_length= 59.98 policy_loss=+0.00011 value_loss=+0.31285 ratio=1.3490 kl=0.0067
update=7405 mean_reward=+59.5968 mean_length= 59.98 policy_loss=+0.00130 value_loss=+0.25431 ratio=1.0522 kl=0.0218 | eval_reward=+59.7365 eval_length= 60.00
update=7406 mean_reward=+59.5761 mean_length= 59.97 policy_loss=+0.00045 value_loss=+0.66738 ratio=1.0427 kl=0.0135
update=7407 mean_reward=+59.5890 mean_length= 59.97 policy_loss=-0.00005 value_loss=+0.41141 ratio=1.0548 kl=0.0040
update=7408 mean_reward=+59.6009 mean_length= 59.98 policy_loss=+0.00034 value_loss=+0.56745 ratio=1.3405 kl=0.0025
update=7409 mean_reward=+59.6116 mean_length= 59.99 policy_loss=+0.02711 value_loss=+0.18679 ratio=1.0558 kl=0.0106
update=7410 mean_reward=+59.6014 mean_length= 59.98 policy_loss=+0.00019 value_loss=+0.27511 ratio=1.0564 kl=0.0315 | eval_reward=+59.7357 eval_length= 60.00
update=7411 mean_reward=+59.5910 mean_length= 59.99 policy_loss=+0.00295 value_loss=+0.35081 ratio=1.0492 kl=0.0153
update=7412 mean_reward=+59.5530 mean_length= 59.95 policy_loss=+0.00406 value_loss=+0.81471 ratio=1.0648 kl=0.0163
update=7413 mean_reward=+59.5694 mean_length= 59.98 policy_loss=+0.01122 value_loss=+0.61522 ratio=1.1035 kl=0.0155
update=7414 mean_reward=+59.5263 mean_length= 59.96 policy_loss=+0.00201 value_loss=+0.71644 ratio=1.0705 kl=0.0216
update=7415 mean_reward=+59.5562 mean_length= 59.96 policy_loss=+0.00011 value_loss=+0.74481 ratio=1.0750 kl=0.0182 | eval_reward=+59.7107 eval_length= 60.00
update=7416 mean_reward=+59.5501 mean_length= 59.96 policy_loss=+0.00008 value_loss=+1.01801 ratio=1.0473 kl=0.0032
update=7417 mean_reward=+59.5425 mean_length= 59.93 policy_loss=+0.00008 value_loss=+1.03624 ratio=1.0516 kl=-0.0041
update=7418 mean_reward=+59.5840 mean_length= 59.97 policy_loss=-0.00050 value_loss=+0.57546 ratio=1.0533 kl=-0.0059
update=7419 mean_reward=+59.5867 mean_length= 59.97 policy_loss=-0.00028 value_loss=+0.55036 ratio=1.0663 kl=0.0008
update=7420 mean_reward=+59.5908 mean_length= 59.97 policy_loss=+0.00168 value_loss=+0.47237 ratio=1.0628 kl=0.0092 | eval_reward=+59.7118 eval_length= 60.00
update=7421 mean_reward=+59.5682 mean_length= 59.96 policy_loss=+0.00765 value_loss=+0.83666 ratio=1.1145 kl=0.0182
update=7422 mean_reward=+59.5767 mean_length= 59.97 policy_loss=+0.00038 value_loss=+0.62347 ratio=1.0626 kl=0.0055
update=7423 mean_reward=+59.5746 mean_length= 59.97 policy_loss=+0.00031 value_loss=+0.54026 ratio=1.0602 kl=0.0046
update=7424 mean_reward=+59.5918 mean_length= 59.98 policy_loss=+0.00127 value_loss=+0.36228 ratio=1.0571 kl=0.0202
update=7425 mean_reward=+59.5973 mean_length= 59.98 policy_loss=+0.00250 value_loss=+0.28722 ratio=1.0578 kl=0.0271 | eval_reward=+59.6913 eval_length= 60.00
update=7426 mean_reward=+59.6162 mean_length= 59.99 policy_loss=+0.00090 value_loss=+0.25662 ratio=1.0745 kl=0.0225
update=7427 mean_reward=+59.5580 mean_length= 59.94 policy_loss=+0.00025 value_loss=+1.12839 ratio=1.0661 kl=0.0075
update=7428 mean_reward=+59.5657 mean_length= 59.95 policy_loss=+0.00039 value_loss=+0.80360 ratio=1.0807 kl=0.0061
update=7429 mean_reward=+59.5561 mean_length= 59.94 policy_loss=-0.00024 value_loss=+1.16560 ratio=1.0548 kl=-0.0032
update=7430 mean_reward=+59.6043 mean_length= 59.98 policy_loss=+0.00062 value_loss=+0.32297 ratio=1.0536 kl=0.0078 | eval_reward=+59.7072 eval_length= 60.00
update=7431 mean_reward=+59.5972 mean_length= 59.98 policy_loss=+0.00057 value_loss=+0.30395 ratio=1.0501 kl=0.0193
update=7432 mean_reward=+59.6167 mean_length= 59.99 policy_loss=+0.00365 value_loss=+0.17108 ratio=1.0747 kl=0.0186
update=7433 mean_reward=+59.6165 mean_length= 59.98 policy_loss=+0.00069 value_loss=+0.36150 ratio=1.0676 kl=0.0163
update=7434 mean_reward=+59.5938 mean_length= 59.96 policy_loss=+0.00177 value_loss=+0.52541 ratio=1.0720 kl=0.0131
update=7435 mean_reward=+59.6086 mean_length= 59.98 policy_loss=+0.00059 value_loss=+0.36447 ratio=1.0665 kl=0.0042 | eval_reward=+59.7207 eval_length= 60.00
update=7436 mean_reward=+59.6082 mean_length= 59.98 policy_loss=-0.00002 value_loss=+0.38142 ratio=1.0555 kl=0.0145
update=7437 mean_reward=+59.5779 mean_length= 59.95 policy_loss=-0.00027 value_loss=+0.69234 ratio=1.0627 kl=0.0086
update=7438 mean_reward=+59.5931 mean_length= 59.97 policy_loss=+0.00003 value_loss=+0.56912 ratio=1.0804 kl=0.0008
update=7439 mean_reward=+59.6117 mean_length= 59.99 policy_loss=+0.00078 value_loss=+0.20371 ratio=1.0606 kl=0.0143
update=7440 mean_reward=+59.6071 mean_length= 59.98 policy_loss=+0.00188 value_loss=+0.58902 ratio=1.0604 kl=0.0153 | eval_reward=+59.7186 eval_length= 60.00
update=7441 mean_reward=+59.6096 mean_length= 59.98 policy_loss=+0.00256 value_loss=+0.38049 ratio=1.1276 kl=0.0106
update=7442 mean_reward=+59.5768 mean_length= 59.95 policy_loss=+0.00218 value_loss=+0.64193 ratio=1.0758 kl=0.0173
update=7443 mean_reward=+59.6019 mean_length= 59.98 policy_loss=+0.00198 value_loss=+0.29541 ratio=1.0868 kl=0.0244
update=7444 mean_reward=+59.5909 mean_length= 59.98 policy_loss=+0.00115 value_loss=+0.33552 ratio=1.0661 kl=0.0247
update=7445 mean_reward=+59.5998 mean_length= 59.99 policy_loss=+0.00104 value_loss=+0.23473 ratio=1.0621 kl=0.0146 | eval_reward=+59.7444 eval_length= 60.00
update=7446 mean_reward=+59.5953 mean_length= 59.98 policy_loss=+0.00116 value_loss=+0.45005 ratio=1.0732 kl=0.0243
update=7447 mean_reward=+59.5783 mean_length= 59.97 policy_loss=+0.00077 value_loss=+0.45370 ratio=1.0721 kl=0.0216
update=7448 mean_reward=+59.5620 mean_length= 59.95 policy_loss=+0.00027 value_loss=+1.01351 ratio=1.1028 kl=-0.0053
update=7449 mean_reward=+59.5844 mean_length= 59.97 policy_loss=+0.00271 value_loss=+0.47137 ratio=1.0734 kl=0.0109
update=7450 mean_reward=+59.5498 mean_length= 59.96 policy_loss=+0.01060 value_loss=+0.69362 ratio=1.0706 kl=0.0179 | eval_reward=+59.7362 eval_length= 60.00
update=7451 mean_reward=+59.5720 mean_length= 59.98 policy_loss=+0.00181 value_loss=+0.45744 ratio=1.0699 kl=0.0194
update=7452 mean_reward=+59.4979 mean_length= 59.93 policy_loss=-0.00001 value_loss=+0.90277 ratio=1.0554 kl=0.0040
update=7453 mean_reward=+59.5076 mean_length= 59.93 policy_loss=-0.00036 value_loss=+0.93381 ratio=1.0844 kl=-0.0031
update=7454 mean_reward=+59.5005 mean_length= 59.93 policy_loss=-0.00102 value_loss=+0.98876 ratio=1.0663 kl=-0.0043
update=7455 mean_reward=+59.5349 mean_length= 59.95 policy_loss=-0.00043 value_loss=+0.72298 ratio=1.0541 kl=-0.0016 | eval_reward=+59.7300 eval_length= 60.00
update=7456 mean_reward=+59.4864 mean_length= 59.90 policy_loss=-0.00027 value_loss=+1.41605 ratio=1.0616 kl=0.0014
update=7457 mean_reward=+59.5532 mean_length= 59.96 policy_loss=+0.00072 value_loss=+0.50546 ratio=1.0631 kl=0.0045
update=7458 mean_reward=+59.5506 mean_length= 59.95 policy_loss=+0.00211 value_loss=+0.72342 ratio=1.0565 kl=0.0179
update=7459 mean_reward=+59.5776 mean_length= 59.98 policy_loss=+0.00152 value_loss=+0.36671 ratio=1.0899 kl=0.0228
update=7460 mean_reward=+59.5335 mean_length= 59.93 policy_loss=+0.00015 value_loss=+0.86225 ratio=1.0545 kl=0.0048 | eval_reward=+59.7419 eval_length= 60.00
update=7461 mean_reward=+59.5675 mean_length= 59.96 policy_loss=-0.00058 value_loss=+0.52615 ratio=1.0570 kl=0.0055
update=7462 mean_reward=+59.5682 mean_length= 59.96 policy_loss=+0.00064 value_loss=+0.51542 ratio=1.0485 kl=0.0181
update=7463 mean_reward=+59.5557 mean_length= 59.94 policy_loss=+0.00094 value_loss=+0.83753 ratio=1.0805 kl=0.0141
update=7464 mean_reward=+59.5446 mean_length= 59.93 policy_loss=+0.00056 value_loss=+1.02515 ratio=1.0497 kl=0.0151
update=7465 mean_reward=+59.5625 mean_length= 59.95 policy_loss=+0.00012 value_loss=+0.67436 ratio=1.0533 kl=-0.0027 | eval_reward=+59.7283 eval_length= 60.00
update=7466 mean_reward=+59.5722 mean_length= 59.96 policy_loss=-0.00038 value_loss=+0.69180 ratio=1.1036 kl=-0.0019
update=7467 mean_reward=+59.5877 mean_length= 59.97 policy_loss=+0.00065 value_loss=+0.44596 ratio=1.0714 kl=0.0093
update=7468 mean_reward=+59.5714 mean_length= 59.96 policy_loss=+0.00055 value_loss=+0.62847 ratio=1.0856 kl=0.0103
update=7469 mean_reward=+59.5736 mean_length= 59.96 policy_loss=-0.00019 value_loss=+0.63404 ratio=1.1117 kl=0.0024
update=7470 mean_reward=+59.5972 mean_length= 59.98 policy_loss=-0.00052 value_loss=+0.52636 ratio=1.0545 kl=0.0048 | eval_reward=+59.7490 eval_length= 60.00
update=7471 mean_reward=+59.5775 mean_length= 59.96 policy_loss=+0.00060 value_loss=+0.58491 ratio=1.0815 kl=0.0097
update=7472 mean_reward=+59.5648 mean_length= 59.94 policy_loss=-0.00075 value_loss=+0.89940 ratio=1.0517 kl=0.0009
update=7473 mean_reward=+59.5905 mean_length= 59.96 policy_loss=+0.00198 value_loss=+0.50910 ratio=1.0562 kl=0.0224
update=7474 mean_reward=+59.5803 mean_length= 59.96 policy_loss=+0.00142 value_loss=+0.53216 ratio=1.0548 kl=0.0101
update=7475 mean_reward=+59.5517 mean_length= 59.93 policy_loss=-0.00005 value_loss=+0.93900 ratio=1.0495 kl=0.0092 | eval_reward=+59.7472 eval_length= 60.00
update=7476 mean_reward=+59.5551 mean_length= 59.94 policy_loss=-0.00004 value_loss=+1.12638 ratio=1.0485 kl=-0.0034
update=7477 mean_reward=+59.5634 mean_length= 59.95 policy_loss=-0.00036 value_loss=+0.65821 ratio=1.0733 kl=0.0050
update=7478 mean_reward=+59.5681 mean_length= 59.95 policy_loss=+0.00140 value_loss=+0.59127 ratio=1.0633 kl=0.0178
update=7479 mean_reward=+59.5591 mean_length= 59.94 policy_loss=+0.00286 value_loss=+0.67339 ratio=1.0670 kl=0.0113
update=7480 mean_reward=+59.5555 mean_length= 59.94 policy_loss=+0.00002 value_loss=+0.86573 ratio=1.1004 kl=0.0107 | eval_reward=+59.7368 eval_length= 60.00
update=7481 mean_reward=+59.5440 mean_length= 59.94 policy_loss=+0.00823 value_loss=+0.96935 ratio=1.0582 kl=0.0157
update=7482 mean_reward=+59.5295 mean_length= 59.93 policy_loss=+0.06397 value_loss=+0.90440 ratio=1.0484 kl=0.0129
update=7483 mean_reward=+59.5486 mean_length= 59.96 policy_loss=+0.00243 value_loss=+0.67274 ratio=1.1030 kl=0.0174
update=7484 mean_reward=+59.5090 mean_length= 59.95 policy_loss=-0.00016 value_loss=+0.81780 ratio=1.0565 kl=0.0114
update=7485 mean_reward=+59.5096 mean_length= 59.95 policy_loss=-0.00101 value_loss=+0.79829 ratio=1.0608 kl=0.0048 | eval_reward=+59.7242 eval_length= 60.00
update=7486 mean_reward=+59.5263 mean_length= 59.96 policy_loss=+0.00125 value_loss=+0.59173 ratio=1.0485 kl=0.0178
update=7487 mean_reward=+59.5122 mean_length= 59.95 policy_loss=+0.00087 value_loss=+0.68375 ratio=1.0653 kl=0.0263
update=7488 mean_reward=+59.4967 mean_length= 59.93 policy_loss=+0.00081 value_loss=+0.85420 ratio=1.0538 kl=0.0129
update=7489 mean_reward=+59.5315 mean_length= 59.96 policy_loss=+0.00160 value_loss=+0.75677 ratio=1.0583 kl=0.0226
update=7490 mean_reward=+59.5217 mean_length= 59.94 policy_loss=+0.00018 value_loss=+0.99006 ratio=1.0551 kl=0.0080 | eval_reward=+59.7334 eval_length= 60.00
update=7491 mean_reward=+59.5443 mean_length= 59.95 policy_loss=+0.00035 value_loss=+0.61242 ratio=1.0618 kl=0.0093
update=7492 mean_reward=+59.5316 mean_length= 59.94 policy_loss=-0.00087 value_loss=+0.82156 ratio=1.0852 kl=0.0005
update=7493 mean_reward=+59.5433 mean_length= 59.96 policy_loss=+0.00253 value_loss=+0.54822 ratio=1.0502 kl=0.0234
update=7494 mean_reward=+59.5461 mean_length= 59.97 policy_loss=+0.00004 value_loss=+0.49617 ratio=1.0489 kl=0.0071
update=7495 mean_reward=+59.5449 mean_length= 59.96 policy_loss=+0.00049 value_loss=+0.45791 ratio=1.0635 kl=0.0146 | eval_reward=+59.7282 eval_length= 60.00
update=7496 mean_reward=+59.5485 mean_length= 59.96 policy_loss=+0.00352 value_loss=+0.65484 ratio=1.0544 kl=0.0160
update=7497 mean_reward=+59.5456 mean_length= 59.96 policy_loss=+0.00062 value_loss=+0.51257 ratio=1.0483 kl=0.0105
update=7498 mean_reward=+59.5355 mean_length= 59.94 policy_loss=-0.00011 value_loss=+0.79617 ratio=1.0677 kl=0.0156
update=7499 mean_reward=+59.5817 mean_length= 59.98 policy_loss=+0.00033 value_loss=+0.28375 ratio=1.0506 kl=0.0078
update=7500 mean_reward=+59.5651 mean_length= 59.96 policy_loss=-0.00005 value_loss=+0.71398 ratio=1.1442 kl=0.0056 | eval_reward=+59.7016 eval_length= 60.00
update=7501 mean_reward=+59.5544 mean_length= 59.95 policy_loss=-0.00005 value_loss=+0.76753 ratio=1.0377 kl=0.0174
update=7502 mean_reward=+59.5478 mean_length= 59.95 policy_loss=+0.00005 value_loss=+0.79181 ratio=1.0590 kl=0.0023
update=7503 mean_reward=+59.5738 mean_length= 59.97 policy_loss=-0.00047 value_loss=+0.52093 ratio=1.0446 kl=0.0091
update=7504 mean_reward=+59.5592 mean_length= 59.95 policy_loss=-0.00009 value_loss=+0.52519 ratio=1.0627 kl=0.0085
update=7505 mean_reward=+59.5524 mean_length= 59.95 policy_loss=+0.00215 value_loss=+0.55907 ratio=1.0403 kl=0.0254 | eval_reward=+59.7403 eval_length= 60.00
update=7506 mean_reward=+59.5640 mean_length= 59.97 policy_loss=+0.00184 value_loss=+0.71497 ratio=1.1081 kl=0.0226
update=7507 mean_reward=+59.5592 mean_length= 59.98 policy_loss=+0.00073 value_loss=+0.50820 ratio=1.0436 kl=0.0083
update=7508 mean_reward=+59.5735 mean_length= 59.99 policy_loss=+0.00073 value_loss=+0.21854 ratio=1.0536 kl=0.0055
update=7509 mean_reward=+59.5874 mean_length= 60.00 policy_loss=+0.00186 value_loss=+0.09124 ratio=1.0425 kl=0.0203
update=7510 mean_reward=+59.5817 mean_length= 59.98 policy_loss=+0.00179 value_loss=+0.29124 ratio=1.0777 kl=0.0294 | eval_reward=+59.7064 eval_length= 60.00
update=7511 mean_reward=+59.5487 mean_length= 59.95 policy_loss=-0.00025 value_loss=+0.82150 ratio=1.0431 kl=0.0072
update=7512 mean_reward=+59.5827 mean_length= 59.98 policy_loss=-0.00024 value_loss=+0.63695 ratio=1.0449 kl=-0.0018
update=7513 mean_reward=+59.5786 mean_length= 59.98 policy_loss=+0.00005 value_loss=+0.48706 ratio=1.0457 kl=-0.0011
update=7514 mean_reward=+59.5899 mean_length= 59.98 policy_loss=+0.00028 value_loss=+0.24382 ratio=1.0479 kl=0.0063
update=7515 mean_reward=+59.5620 mean_length= 59.95 policy_loss=-0.00029 value_loss=+0.71665 ratio=1.1515 kl=0.0081 | eval_reward=+59.7032 eval_length= 60.00
update=7516 mean_reward=+59.5763 mean_length= 59.97 policy_loss=-0.00010 value_loss=+0.49134 ratio=1.0574 kl=0.0042
update=7517 mean_reward=+59.5820 mean_length= 59.97 policy_loss=+0.00115 value_loss=+0.57253 ratio=1.0487 kl=0.0204
update=7518 mean_reward=+59.5680 mean_length= 59.95 policy_loss=+0.00041 value_loss=+0.72226 ratio=1.0491 kl=0.0196
update=7519 mean_reward=+59.5985 mean_length= 59.98 policy_loss=+0.00061 value_loss=+0.30573 ratio=1.0780 kl=0.0119
update=7520 mean_reward=+59.5825 mean_length= 59.97 policy_loss=+0.00099 value_loss=+0.43131 ratio=1.0603 kl=0.0199 | eval_reward=+59.6976 eval_length= 60.00
update=7521 mean_reward=+59.5996 mean_length= 59.99 policy_loss=+0.00093 value_loss=+0.20324 ratio=1.0538 kl=0.0103
update=7522 mean_reward=+59.5900 mean_length= 59.97 policy_loss=+0.00047 value_loss=+0.43099 ratio=1.0523 kl=0.0204
update=7523 mean_reward=+59.5961 mean_length= 59.99 policy_loss=+0.00086 value_loss=+0.21568 ratio=1.0518 kl=0.0042
update=7524 mean_reward=+59.5955 mean_length= 59.98 policy_loss=+0.00183 value_loss=+0.43658 ratio=1.0567 kl=0.0186
update=7525 mean_reward=+59.5909 mean_length= 59.98 policy_loss=+0.00067 value_loss=+0.31995 ratio=1.0592 kl=0.0166 | eval_reward=+59.6717 eval_length= 60.00
update=7526 mean_reward=+59.5900 mean_length= 59.97 policy_loss=+0.00177 value_loss=+0.47335 ratio=1.0873 kl=0.0253
update=7527 mean_reward=+59.5785 mean_length= 59.97 policy_loss=+0.00112 value_loss=+0.33230 ratio=1.0526 kl=0.0206
update=7528 mean_reward=+59.5990 mean_length= 59.99 policy_loss=+0.00159 value_loss=+0.26778 ratio=1.0613 kl=0.0161
update=7529 mean_reward=+59.5996 mean_length= 59.98 policy_loss=+0.00324 value_loss=+0.28052 ratio=1.0504 kl=0.0166
update=7530 mean_reward=+59.6026 mean_length= 59.98 policy_loss=+0.00351 value_loss=+0.36916 ratio=1.0703 kl=0.0203 | eval_reward=+59.6934 eval_length= 60.00
update=7531 mean_reward=+59.5597 mean_length= 59.96 policy_loss=+0.00058 value_loss=+0.54886 ratio=1.2529 kl=0.0173
update=7532 mean_reward=+59.5408 mean_length= 59.95 policy_loss=-0.00043 value_loss=+0.64955 ratio=1.0479 kl=-0.0015
update=7533 mean_reward=+59.5712 mean_length= 59.98 policy_loss=+0.00087 value_loss=+0.51176 ratio=1.0599 kl=0.0034
update=7534 mean_reward=+59.5430 mean_length= 59.94 policy_loss=+0.00001 value_loss=+0.64484 ratio=1.0608 kl=0.0127
update=7535 mean_reward=+59.5782 mean_length= 59.98 policy_loss=+0.00200 value_loss=+0.27246 ratio=1.0682 kl=0.0292 | eval_reward=+59.6974 eval_length= 60.00
update=7536 mean_reward=+59.5808 mean_length= 59.98 policy_loss=+0.00198 value_loss=+0.38887 ratio=1.0457 kl=0.0074
update=7537 mean_reward=+59.5815 mean_length= 59.97 policy_loss=+0.00268 value_loss=+0.41453 ratio=1.0797 kl=0.0159
update=7538 mean_reward=+59.5692 mean_length= 59.97 policy_loss=+0.00009 value_loss=+0.51736 ratio=1.0880 kl=0.0090
update=7539 mean_reward=+59.5717 mean_length= 59.96 policy_loss=+0.00033 value_loss=+0.61013 ratio=1.0536 kl=0.0087
update=7540 mean_reward=+59.5963 mean_length= 59.99 policy_loss=+0.00068 value_loss=+0.23320 ratio=1.0521 kl=0.0134 | eval_reward=+59.7014 eval_length= 60.00
update=7541 mean_reward=+59.5820 mean_length= 59.97 policy_loss=+0.00117 value_loss=+0.44548 ratio=1.1886 kl=0.0168
update=7542 mean_reward=+59.5893 mean_length= 59.97 policy_loss=+0.00329 value_loss=+0.50021 ratio=1.1439 kl=0.0189
update=7543 mean_reward=+59.5333 mean_length= 59.92 policy_loss=+0.00094 value_loss=+1.06109 ratio=1.0548 kl=0.0257
update=7544 mean_reward=+59.5299 mean_length= 59.92 policy_loss=+0.00148 value_loss=+1.08512 ratio=1.0798 kl=0.0117
update=7545 mean_reward=+59.5312 mean_length= 59.94 policy_loss=+0.00004 value_loss=+1.10894 ratio=1.0659 kl=0.0011 | eval_reward=+59.6919 eval_length= 60.00
update=7546 mean_reward=+59.5128 mean_length= 59.93 policy_loss=-0.00071 value_loss=+1.02291 ratio=1.0480 kl=-0.0045
update=7547 mean_reward=+59.5363 mean_length= 59.95 policy_loss=+0.00004 value_loss=+0.73931 ratio=1.1289 kl=-0.0044
update=7548 mean_reward=+59.5467 mean_length= 59.95 policy_loss=+0.00036 value_loss=+0.83751 ratio=1.0583 kl=-0.0015
update=7549 mean_reward=+59.5754 mean_length= 59.97 policy_loss=+0.00119 value_loss=+0.52230 ratio=1.0692 kl=0.0078
update=7550 mean_reward=+59.5501 mean_length= 59.95 policy_loss=+0.00008 value_loss=+0.67194 ratio=1.0536 kl=0.0045 | eval_reward=+59.6930 eval_length= 60.00
update=7551 mean_reward=+59.5761 mean_length= 59.97 policy_loss=+0.00028 value_loss=+0.36124 ratio=1.0539 kl=0.0136
update=7552 mean_reward=+59.5603 mean_length= 59.96 policy_loss=+0.00040 value_loss=+0.75090 ratio=1.0779 kl=0.0049
update=7553 mean_reward=+59.6010 mean_length= 59.99 policy_loss=+0.00041 value_loss=+0.25264 ratio=1.0694 kl=0.0028
update=7554 mean_reward=+59.5626 mean_length= 59.95 policy_loss=-0.00054 value_loss=+0.62358 ratio=1.0654 kl=-0.0011
update=7555 mean_reward=+59.6016 mean_length= 59.99 policy_loss=+0.00050 value_loss=+0.24135 ratio=1.0521 kl=0.0203 | eval_reward=+59.7008 eval_length= 60.00
update=7556 mean_reward=+59.5601 mean_length= 59.96 policy_loss=+0.00016 value_loss=+0.51823 ratio=1.0530 kl=0.0143
update=7557 mean_reward=+59.5595 mean_length= 59.95 policy_loss=+0.06173 value_loss=+0.63388 ratio=1.0754 kl=0.0193
update=7558 mean_reward=+59.5581 mean_length= 59.95 policy_loss=+0.00207 value_loss=+0.72790 ratio=1.0542 kl=0.0241
update=7559 mean_reward=+59.5526 mean_length= 59.95 policy_loss=+0.00168 value_loss=+0.59314 ratio=1.0902 kl=0.0202
update=7560 mean_reward=+59.5456 mean_length= 59.95 policy_loss=+0.00108 value_loss=+0.60401 ratio=1.0554 kl=0.0107 | eval_reward=+59.7012 eval_length= 60.00
update=7561 mean_reward=+59.5610 mean_length= 59.97 policy_loss=+0.00217 value_loss=+0.42029 ratio=1.0629 kl=0.0128
update=7562 mean_reward=+59.5814 mean_length= 59.99 policy_loss=+0.00261 value_loss=+0.06823 ratio=1.0499 kl=0.0085
update=7563 mean_reward=+59.5555 mean_length= 59.96 policy_loss=+0.00198 value_loss=+0.53693 ratio=1.0701 kl=0.0190
update=7564 mean_reward=+59.6007 mean_length= 59.99 policy_loss=+0.00353 value_loss=+0.24962 ratio=1.0500 kl=0.0237
update=7565 mean_reward=+59.5192 mean_length= 59.92 policy_loss=+0.00090 value_loss=+0.99982 ratio=1.1156 kl=0.0233 | eval_reward=+59.6992 eval_length= 60.00
update=7566 mean_reward=+59.5550 mean_length= 59.96 policy_loss=-0.00026 value_loss=+0.57149 ratio=1.0762 kl=0.0043
update=7567 mean_reward=+59.5775 mean_length= 59.98 policy_loss=+0.02786 value_loss=+0.48687 ratio=1.0828 kl=0.0115
update=7568 mean_reward=+59.5768 mean_length= 59.98 policy_loss=+0.00473 value_loss=+0.59513 ratio=1.0713 kl=0.0179
update=7569 mean_reward=+59.5590 mean_length= 59.97 policy_loss=+0.00037 value_loss=+0.66308 ratio=1.0537 kl=0.0177
update=7570 mean_reward=+59.5572 mean_length= 59.96 policy_loss=-0.00010 value_loss=+0.64189 ratio=1.0756 kl=0.0003 | eval_reward=+59.7211 eval_length= 60.00
update=7571 mean_reward=+59.5709 mean_length= 59.97 policy_loss=+0.00097 value_loss=+0.32166 ratio=1.0590 kl=0.0102
update=7572 mean_reward=+59.5782 mean_length= 59.97 policy_loss=+0.00133 value_loss=+0.29441 ratio=1.0771 kl=0.0216
update=7573 mean_reward=+59.5701 mean_length= 59.96 policy_loss=+0.00042 value_loss=+0.62033 ratio=1.0816 kl=0.0138
update=7574 mean_reward=+59.5594 mean_length= 59.95 policy_loss=+0.03811 value_loss=+0.75595 ratio=1.0534 kl=0.0038
update=7575 mean_reward=+59.5539 mean_length= 59.95 policy_loss=+0.00111 value_loss=+0.74823 ratio=1.0627 kl=0.0279 | eval_reward=+59.7139 eval_length= 60.00
update=7576 mean_reward=+59.5194 mean_length= 59.94 policy_loss=+0.00198 value_loss=+1.24077 ratio=1.0714 kl=0.0185
update=7577 mean_reward=+59.4662 mean_length= 59.90 policy_loss=+0.00165 value_loss=+1.70687 ratio=1.0665 kl=0.0182
update=7578 mean_reward=+59.5102 mean_length= 59.94 policy_loss=+0.00053 value_loss=+0.95716 ratio=1.0694 kl=-0.0029
update=7579 mean_reward=+59.5098 mean_length= 59.95 policy_loss=-0.00011 value_loss=+0.97507 ratio=1.0703 kl=-0.0076
update=7580 mean_reward=+59.5368 mean_length= 59.97 policy_loss=+0.00186 value_loss=+0.59961 ratio=1.0721 kl=0.0186 | eval_reward=+59.5898 eval_length= 60.00
update=7581 mean_reward=+59.5573 mean_length= 59.98 policy_loss=+0.00149 value_loss=+0.31741 ratio=1.0601 kl=0.0089
update=7582 mean_reward=+59.5611 mean_length= 59.98 policy_loss=+0.02001 value_loss=+0.44464 ratio=1.0698 kl=0.0253
update=7583 mean_reward=+59.5573 mean_length= 59.97 policy_loss=+0.00365 value_loss=+0.75263 ratio=1.0618 kl=0.0219
update=7584 mean_reward=+59.5133 mean_length= 59.95 policy_loss=+0.00663 value_loss=+1.97138 ratio=1.0647 kl=0.0187
update=7585 mean_reward=+59.4414 mean_length= 59.92 policy_loss=+0.00161 value_loss=+5.33396 ratio=1.0607 kl=-0.0107 | eval_reward=+59.3566 eval_length= 60.00
update=7586 mean_reward=+59.4239 mean_length= 59.91 policy_loss=+0.00291 value_loss=+5.82678 ratio=1.0729 kl=-0.0081
update=7587 mean_reward=+59.4379 mean_length= 59.89 policy_loss=+0.00135 value_loss=+4.20657 ratio=1.0677 kl=-0.0111
update=7588 mean_reward=+59.5237 mean_length= 59.96 policy_loss=+0.01126 value_loss=+2.24328 ratio=1.0726 kl=0.0039
update=7589 mean_reward=+59.5114 mean_length= 59.95 policy_loss=+0.00704 value_loss=+2.85925 ratio=1.0765 kl=0.0135
update=7590 mean_reward=+59.5106 mean_length= 59.95 policy_loss=+0.00076 value_loss=+1.95938 ratio=1.0608 kl=-0.0073 | eval_reward=+59.4790 eval_length= 60.00
update=7591 mean_reward=+59.5452 mean_length= 59.97 policy_loss=+0.00071 value_loss=+1.32538 ratio=1.0473 kl=-0.0063
update=7592 mean_reward=+59.5355 mean_length= 59.97 policy_loss=+0.00012 value_loss=+0.94172 ratio=1.0468 kl=-0.0059
update=7593 mean_reward=+59.5470 mean_length= 59.97 policy_loss=+0.00020 value_loss=+0.76564 ratio=1.0526 kl=-0.0054
update=7594 mean_reward=+59.5733 mean_length= 59.99 policy_loss=-0.00000 value_loss=+0.36368 ratio=1.0912 kl=-0.0048
update=7595 mean_reward=+59.5534 mean_length= 59.97 policy_loss=+0.00229 value_loss=+0.53104 ratio=1.0680 kl=0.0128 | eval_reward=+59.4860 eval_length= 60.00
update=7596 mean_reward=+59.5308 mean_length= 59.95 policy_loss=-0.00042 value_loss=+0.97107 ratio=1.0476 kl=0.0014
update=7597 mean_reward=+59.5851 mean_length= 59.99 policy_loss=+0.00179 value_loss=+0.30414 ratio=1.0622 kl=0.0029
update=7598 mean_reward=+59.5578 mean_length= 59.96 policy_loss=+0.00026 value_loss=+0.72574 ratio=1.0594 kl=0.0054
update=7599 mean_reward=+59.5765 mean_length= 59.98 policy_loss=-0.00031 value_loss=+0.59986 ratio=1.0592 kl=0.0019
update=7600 mean_reward=+59.5695 mean_length= 59.96 policy_loss=+0.00029 value_loss=+0.79142 ratio=1.0591 kl=0.0001 | eval_reward=+59.7026 eval_length= 60.00
update=7601 mean_reward=+59.5753 mean_length= 59.97 policy_loss=+0.00005 value_loss=+0.68452 ratio=1.0529 kl=-0.0047
update=7602 mean_reward=+59.5868 mean_length= 59.98 policy_loss=+0.00064 value_loss=+0.39863 ratio=1.0486 kl=0.0053
update=7603 mean_reward=+59.5831 mean_length= 59.99 policy_loss=+0.00162 value_loss=+0.30630 ratio=1.0691 kl=0.0094
update=7604 mean_reward=+59.5710 mean_length= 59.97 policy_loss=+0.00030 value_loss=+0.52161 ratio=1.0557 kl=0.0144
update=7605 mean_reward=+59.5836 mean_length= 59.99 policy_loss=+0.00158 value_loss=+0.31167 ratio=1.0683 kl=0.0328 | eval_reward=+59.7069 eval_length= 60.00
update=7606 mean_reward=+59.5513 mean_length= 59.95 policy_loss=+0.00169 value_loss=+0.78448 ratio=1.0935 kl=0.0261
update=7607 mean_reward=+59.5746 mean_length= 59.98 policy_loss=+0.00019 value_loss=+0.39968 ratio=1.1142 kl=0.0096
update=7608 mean_reward=+59.5794 mean_length= 59.97 policy_loss=+0.00035 value_loss=+0.57195 ratio=1.0644 kl=0.0234
update=7609 mean_reward=+59.5744 mean_length= 59.97 policy_loss=+0.00001 value_loss=+0.56966 ratio=1.0675 kl=0.0061
update=7610 mean_reward=+59.5838 mean_length= 59.98 policy_loss=+0.00126 value_loss=+0.42168 ratio=1.0597 kl=0.0090 | eval_reward=+59.7117 eval_length= 60.00
update=7611 mean_reward=+59.5870 mean_length= 59.98 policy_loss=+0.00076 value_loss=+0.39491 ratio=1.0856 kl=0.0064
update=7612 mean_reward=+59.5870 mean_length= 59.97 policy_loss=-0.00046 value_loss=+0.55550 ratio=1.0631 kl=0.0033
update=7613 mean_reward=+59.5835 mean_length= 59.97 policy_loss=+0.00023 value_loss=+0.62298 ratio=1.1295 kl=0.0040
update=7614 mean_reward=+59.6008 mean_length= 59.98 policy_loss=+0.00042 value_loss=+0.30663 ratio=1.0444 kl=0.0069
update=7615 mean_reward=+59.5963 mean_length= 59.98 policy_loss=+0.00323 value_loss=+0.28761 ratio=1.0658 kl=0.0182 | eval_reward=+59.7203 eval_length= 60.00
update=7616 mean_reward=+59.5910 mean_length= 59.98 policy_loss=+0.00261 value_loss=+0.33222 ratio=1.0721 kl=0.0183
update=7617 mean_reward=+59.5714 mean_length= 59.99 policy_loss=+0.00353 value_loss=+0.21172 ratio=1.0824 kl=0.0243
update=7618 mean_reward=+59.5734 mean_length= 59.98 policy_loss=+0.00391 value_loss=+0.53347 ratio=1.1251 kl=0.0228
update=7619 mean_reward=+59.5713 mean_length= 59.98 policy_loss=+0.00276 value_loss=+0.32140 ratio=1.0557 kl=0.0158
update=7620 mean_reward=+59.5850 mean_length= 59.98 policy_loss=+0.00332 value_loss=+0.38674 ratio=1.0795 kl=0.0200 | eval_reward=+59.7009 eval_length= 60.00
update=7621 mean_reward=+59.5795 mean_length= 59.96 policy_loss=+0.00170 value_loss=+0.61641 ratio=1.0735 kl=0.0304
update=7622 mean_reward=+59.6063 mean_length= 59.98 policy_loss=+0.00087 value_loss=+0.25587 ratio=1.1037 kl=0.0023
update=7623 mean_reward=+59.5841 mean_length= 59.96 policy_loss=+0.00201 value_loss=+0.51480 ratio=1.0592 kl=0.0157
update=7624 mean_reward=+59.5527 mean_length= 59.97 policy_loss=+0.00682 value_loss=+0.51471 ratio=1.0745 kl=0.0043
update=7625 mean_reward=+59.5569 mean_length= 59.98 policy_loss=+0.00379 value_loss=+0.44495 ratio=1.0618 kl=0.0194 | eval_reward=+59.6987 eval_length= 60.00
update=7626 mean_reward=+59.5029 mean_length= 59.93 policy_loss=+0.00091 value_loss=+1.10755 ratio=1.1076 kl=0.0123
update=7627 mean_reward=+59.5384 mean_length= 59.97 policy_loss=-0.00047 value_loss=+0.76488 ratio=1.0649 kl=-0.0029
update=7628 mean_reward=+59.5415 mean_length= 59.97 policy_loss=+0.00025 value_loss=+0.88778 ratio=1.0751 kl=0.0040
update=7629 mean_reward=+59.5194 mean_length= 59.94 policy_loss=-0.00007 value_loss=+1.12529 ratio=1.0607 kl=-0.0043
update=7630 mean_reward=+59.5281 mean_length= 59.95 policy_loss=-0.00020 value_loss=+0.92453 ratio=1.0709 kl=-0.0055 | eval_reward=+59.7303 eval_length= 60.00
update=7631 mean_reward=+59.5282 mean_length= 59.96 policy_loss=-0.00009 value_loss=+0.94537 ratio=1.1070 kl=-0.0074
update=7632 mean_reward=+59.5483 mean_length= 59.96 policy_loss=+0.00015 value_loss=+0.71120 ratio=1.0671 kl=0.0036
update=7633 mean_reward=+59.5605 mean_length= 59.97 policy_loss=-0.00062 value_loss=+0.84032 ratio=1.0639 kl=-0.0028
update=7634 mean_reward=+59.5471 mean_length= 59.96 policy_loss=-0.00051 value_loss=+0.85765 ratio=1.0626 kl=-0.0045
update=7635 mean_reward=+59.5312 mean_length= 59.94 policy_loss=+0.00015 value_loss=+0.90287 ratio=1.0890 kl=-0.0016 | eval_reward=+59.7243 eval_length= 60.00
update=7636 mean_reward=+59.5849 mean_length= 60.00 policy_loss=+0.00032 value_loss=+0.28324 ratio=1.0556 kl=0.0052
update=7637 mean_reward=+59.5454 mean_length= 59.95 policy_loss=+0.00241 value_loss=+0.79402 ratio=1.0589 kl=0.0125
update=7638 mean_reward=+59.5531 mean_length= 59.97 policy_loss=+0.00059 value_loss=+0.44981 ratio=1.0676 kl=0.0035
update=7639 mean_reward=+59.5564 mean_length= 59.97 policy_loss=-0.00006 value_loss=+0.61395 ratio=1.0475 kl=0.0145
update=7640 mean_reward=+59.5445 mean_length= 59.95 policy_loss=+0.00078 value_loss=+0.72483 ratio=1.0537 kl=0.0293 | eval_reward=+59.7111 eval_length= 60.00
update=7641 mean_reward=+59.5655 mean_length= 59.97 policy_loss=-0.00009 value_loss=+0.67721 ratio=1.0763 kl=0.0006
update=7642 mean_reward=+59.5351 mean_length= 59.94 policy_loss=+0.00017 value_loss=+1.14789 ratio=1.0825 kl=0.0038
update=7643 mean_reward=+59.5781 mean_length= 59.98 policy_loss=+0.00156 value_loss=+0.23145 ratio=1.0845 kl=0.0064
update=7644 mean_reward=+59.5514 mean_length= 59.95 policy_loss=+0.00178 value_loss=+0.96013 ratio=1.0533 kl=0.0205
update=7645 mean_reward=+59.5799 mean_length= 59.98 policy_loss=+0.00033 value_loss=+0.41704 ratio=1.0991 kl=0.0130 | eval_reward=+59.7279 eval_length= 60.00
update=7646 mean_reward=+59.5820 mean_length= 59.98 policy_loss=+0.00121 value_loss=+0.52515 ratio=1.0576 kl=0.0159
update=7647 mean_reward=+59.5706 mean_length= 59.98 policy_loss=+0.00125 value_loss=+0.45119 ratio=1.1051 kl=0.0111
update=7648 mean_reward=+59.5317 mean_length= 59.95 policy_loss=-0.00004 value_loss=+0.78838 ratio=1.0544 kl=0.0016
update=7649 mean_reward=+59.5672 mean_length= 59.97 policy_loss=+0.00019 value_loss=+0.62010 ratio=1.0440 kl=-0.0005
update=7650 mean_reward=+59.5680 mean_length= 59.96 policy_loss=-0.00020 value_loss=+0.56969 ratio=1.0579 kl=0.0061 | eval_reward=+59.7276 eval_length= 60.00
update=7651 mean_reward=+59.5753 mean_length= 59.98 policy_loss=+0.00031 value_loss=+0.46194 ratio=1.0574 kl=0.0049
update=7652 mean_reward=+59.5756 mean_length= 59.97 policy_loss=+0.00159 value_loss=+0.57055 ratio=1.0434 kl=0.0052
update=7653 mean_reward=+59.5813 mean_length= 59.99 policy_loss=+0.00275 value_loss=+0.23821 ratio=1.0450 kl=0.0187
update=7654 mean_reward=+59.5763 mean_length= 59.98 policy_loss=+0.00142 value_loss=+0.44586 ratio=1.0473 kl=0.0214
update=7655 mean_reward=+59.5692 mean_length= 59.98 policy_loss=+0.00143 value_loss=+0.34553 ratio=1.0439 kl=0.0213 | eval_reward=+59.7019 eval_length= 60.00
update=7656 mean_reward=+59.5628 mean_length= 59.98 policy_loss=+0.00044 value_loss=+0.33925 ratio=1.0572 kl=0.0025
update=7657 mean_reward=+59.5649 mean_length= 59.98 policy_loss=+0.00396 value_loss=+0.29601 ratio=1.0522 kl=0.0258
update=7658 mean_reward=+59.5607 mean_length= 59.97 policy_loss=+0.00132 value_loss=+0.50363 ratio=1.0817 kl=0.0210
update=7659 mean_reward=+59.5835 mean_length= 59.99 policy_loss=+0.00115 value_loss=+0.17071 ratio=1.0447 kl=0.0219
update=7660 mean_reward=+59.5819 mean_length= 59.99 policy_loss=+0.00208 value_loss=+0.23103 ratio=1.0438 kl=0.0199 | eval_reward=+59.7292 eval_length= 60.00
update=7661 mean_reward=+59.5962 mean_length= 59.99 policy_loss=+0.00319 value_loss=+0.06854 ratio=1.0426 kl=0.0198
update=7662 mean_reward=+59.5692 mean_length= 59.97 policy_loss=+0.00572 value_loss=+0.44033 ratio=1.0551 kl=0.0217
update=7663 mean_reward=+59.5755 mean_length= 59.97 policy_loss=+0.00301 value_loss=+0.53603 ratio=1.0482 kl=0.0255
update=7664 mean_reward=+59.5553 mean_length= 59.96 policy_loss=-0.00042 value_loss=+0.60717 ratio=1.0626 kl=0.0032
update=7665 mean_reward=+59.5114 mean_length= 59.92 policy_loss=-0.00090 value_loss=+1.18746 ratio=1.0474 kl=-0.0028 | eval_reward=+59.7075 eval_length= 60.00
update=7666 mean_reward=+59.5745 mean_length= 59.97 policy_loss=-0.00067 value_loss=+0.63951 ratio=1.0638 kl=0.0007
update=7667 mean_reward=+59.5690 mean_length= 59.96 policy_loss=-0.00038 value_loss=+0.56352 ratio=1.0596 kl=0.0004
update=7668 mean_reward=+59.5508 mean_length= 59.95 policy_loss=-0.00076 value_loss=+0.95549 ratio=1.0693 kl=-0.0034
update=7669 mean_reward=+59.5870 mean_length= 59.98 policy_loss=+0.00537 value_loss=+0.30495 ratio=1.1110 kl=0.0080
update=7670 mean_reward=+59.5516 mean_length= 59.96 policy_loss=+0.00312 value_loss=+0.84575 ratio=1.0392 kl=0.0347 | eval_reward=+59.7056 eval_length= 60.00
update=7671 mean_reward=+59.5566 mean_length= 59.99 policy_loss=+0.00125 value_loss=+0.16512 ratio=1.0410 kl=0.0215
update=7672 mean_reward=+59.5055 mean_length= 59.98 policy_loss=+0.00192 value_loss=+0.26723 ratio=1.0693 kl=0.0242
update=7673 mean_reward=+59.5043 mean_length= 59.98 policy_loss=+0.00353 value_loss=+0.46391 ratio=1.0540 kl=0.0157
update=7674 mean_reward=+59.5056 mean_length= 59.98 policy_loss=+0.00387 value_loss=+0.34309 ratio=1.0431 kl=0.0266
update=7675 mean_reward=+59.5017 mean_length= 59.97 policy_loss=+0.00222 value_loss=+0.44047 ratio=1.0628 kl=0.0220 | eval_reward=+59.7072 eval_length= 60.00
update=7676 mean_reward=+59.5032 mean_length= 59.98 policy_loss=+0.00152 value_loss=+0.47644 ratio=1.0375 kl=0.0271
update=7677 mean_reward=+59.5014 mean_length= 59.98 policy_loss=+0.00117 value_loss=+0.38291 ratio=1.0627 kl=0.0123
update=7678 mean_reward=+59.5121 mean_length= 59.98 policy_loss=-0.00016 value_loss=+0.39898 ratio=1.0435 kl=0.0028
update=7679 mean_reward=+59.5103 mean_length= 59.95 policy_loss=+0.00031 value_loss=+0.88061 ratio=1.0662 kl=0.0092
update=7680 mean_reward=+59.5348 mean_length= 59.98 policy_loss=+0.00144 value_loss=+0.36034 ratio=1.0630 kl=0.0160 | eval_reward=+59.7175 eval_length= 60.00
update=7681 mean_reward=+59.5360 mean_length= 59.98 policy_loss=+0.00302 value_loss=+0.39939 ratio=1.0720 kl=0.0207
update=7682 mean_reward=+59.5271 mean_length= 59.98 policy_loss=+0.00090 value_loss=+0.31949 ratio=1.0435 kl=0.0048
update=7683 mean_reward=+59.5343 mean_length= 59.98 policy_loss=+0.00171 value_loss=+0.20716 ratio=1.0478 kl=0.0143
update=7684 mean_reward=+59.5511 mean_length= 59.98 policy_loss=+0.00181 value_loss=+0.39944 ratio=1.0536 kl=0.0165
update=7685 mean_reward=+59.5374 mean_length= 59.98 policy_loss=+0.00383 value_loss=+0.37575 ratio=1.0523 kl=0.0173 | eval_reward=+59.7161 eval_length= 60.00
update=7686 mean_reward=+59.5509 mean_length= 59.98 policy_loss=+0.00412 value_loss=+0.26032 ratio=1.0621 kl=0.0247
update=7687 mean_reward=+59.5599 mean_length= 59.99 policy_loss=+0.00102 value_loss=+0.15228 ratio=1.0403 kl=0.0141
update=7688 mean_reward=+59.5446 mean_length= 59.98 policy_loss=+0.00013 value_loss=+0.35724 ratio=1.0417 kl=0.0137
update=7689 mean_reward=+59.5591 mean_length= 59.98 policy_loss=+0.00204 value_loss=+0.37542 ratio=1.0482 kl=0.0229
update=7690 mean_reward=+59.5557 mean_length= 59.98 policy_loss=+0.00069 value_loss=+0.33616 ratio=1.0347 kl=0.0150 | eval_reward=+59.7145 eval_length= 60.00
update=7691 mean_reward=+59.5297 mean_length= 59.95 policy_loss=+0.00140 value_loss=+0.85843 ratio=1.0367 kl=0.0220
update=7692 mean_reward=+59.5548 mean_length= 59.99 policy_loss=+0.00869 value_loss=+0.15679 ratio=1.0677 kl=0.0186
update=7693 mean_reward=+59.5293 mean_length= 59.96 policy_loss=+0.00508 value_loss=+0.75109 ratio=1.0452 kl=0.0160
update=7694 mean_reward=+59.5093 mean_length= 59.94 policy_loss=+0.00127 value_loss=+1.04056 ratio=1.0509 kl=0.0205
update=7695 mean_reward=+59.4738 mean_length= 59.93 policy_loss=+0.00015 value_loss=+1.09125 ratio=1.0829 kl=0.0070 | eval_reward=+59.7095 eval_length= 60.00
update=7696 mean_reward=+59.4731 mean_length= 59.93 policy_loss=-0.00069 value_loss=+1.12877 ratio=1.0617 kl=-0.0028
update=7697 mean_reward=+59.5185 mean_length= 59.96 policy_loss=-0.00024 value_loss=+0.58799 ratio=1.0778 kl=-0.0031
update=7698 mean_reward=+59.5414 mean_length= 59.97 policy_loss=+0.00090 value_loss=+0.54880 ratio=1.0447 kl=0.0125
update=7699 mean_reward=+59.5200 mean_length= 59.95 policy_loss=-0.00068 value_loss=+0.85922 ratio=1.0547 kl=0.0083
update=7700 mean_reward=+59.5109 mean_length= 59.94 policy_loss=-0.00044 value_loss=+1.06293 ratio=1.0398 kl=-0.0001 | eval_reward=+59.7055 eval_length= 60.00
update=7701 mean_reward=+59.5359 mean_length= 59.96 policy_loss=+0.00273 value_loss=+0.69238 ratio=1.1222 kl=0.0148
update=7702 mean_reward=+59.5094 mean_length= 59.95 policy_loss=-0.00016 value_loss=+0.70507 ratio=1.0360 kl=0.0026
update=7703 mean_reward=+59.5323 mean_length= 59.97 policy_loss=-0.00034 value_loss=+0.55739 ratio=1.0711 kl=0.0097
update=7704 mean_reward=+59.5453 mean_length= 59.97 policy_loss=+0.00134 value_loss=+0.41226 ratio=1.0442 kl=0.0248
update=7705 mean_reward=+59.5470 mean_length= 59.97 policy_loss=+0.00010 value_loss=+0.34997 ratio=1.0545 kl=0.0103 | eval_reward=+59.7091 eval_length= 60.00
update=7706 mean_reward=+59.5584 mean_length= 59.97 policy_loss=+0.00187 value_loss=+0.44256 ratio=1.0480 kl=0.0141
update=7707 mean_reward=+59.5545 mean_length= 59.96 policy_loss=+0.00089 value_loss=+0.75629 ratio=1.0868 kl=0.0265
update=7708 mean_reward=+59.5627 mean_length= 59.97 policy_loss=-0.00086 value_loss=+0.56685 ratio=1.0492 kl=0.0058
update=7709 mean_reward=+59.5298 mean_length= 59.94 policy_loss=+0.00031 value_loss=+0.72114 ratio=1.0399 kl=0.0184
update=7710 mean_reward=+59.5763 mean_length= 59.98 policy_loss=+0.00122 value_loss=+0.27636 ratio=1.0937 kl=0.0170 | eval_reward=+59.7155 eval_length= 60.00
update=7711 mean_reward=+59.5637 mean_length= 59.97 policy_loss=+0.00052 value_loss=+0.50434 ratio=1.0563 kl=0.0273
update=7712 mean_reward=+59.5709 mean_length= 59.98 policy_loss=+0.00045 value_loss=+0.37468 ratio=1.0520 kl=0.0190
update=7713 mean_reward=+59.5818 mean_length= 59.98 policy_loss=+0.00208 value_loss=+0.46452 ratio=1.0365 kl=0.0229
update=7714 mean_reward=+59.5844 mean_length= 59.98 policy_loss=+0.00207 value_loss=+0.37286 ratio=1.0387 kl=0.0085
update=7715 mean_reward=+59.5777 mean_length= 59.98 policy_loss=+0.00166 value_loss=+0.39160 ratio=1.0369 kl=0.0257 | eval_reward=+59.7089 eval_length= 60.00
update=7716 mean_reward=+59.5691 mean_length= 59.97 policy_loss=-0.00030 value_loss=+0.44326 ratio=1.0397 kl=0.0053
update=7717 mean_reward=+59.5871 mean_length= 59.98 policy_loss=-0.00013 value_loss=+0.37642 ratio=1.0476 kl=0.0033
update=7718 mean_reward=+59.5585 mean_length= 59.96 policy_loss=-0.00070 value_loss=+0.75328 ratio=1.0401 kl=-0.0002
update=7719 mean_reward=+59.5904 mean_length= 59.99 policy_loss=+0.00067 value_loss=+0.13936 ratio=1.0426 kl=0.0012
update=7720 mean_reward=+59.5744 mean_length= 59.97 policy_loss=-0.00035 value_loss=+0.42640 ratio=1.0422 kl=0.0092 | eval_reward=+59.6912 eval_length= 60.00
update=7721 mean_reward=+59.6045 mean_length= 59.98 policy_loss=+0.00174 value_loss=+0.23355 ratio=1.0463 kl=0.0141
update=7722 mean_reward=+59.6021 mean_length= 59.99 policy_loss=+0.00190 value_loss=+0.17439 ratio=1.0328 kl=0.0183
update=7723 mean_reward=+59.5805 mean_length= 59.98 policy_loss=+0.00191 value_loss=+0.53527 ratio=1.0506 kl=0.0163
update=7724 mean_reward=+59.5870 mean_length= 59.98 policy_loss=+0.00074 value_loss=+0.24307 ratio=1.0501 kl=0.0210
update=7725 mean_reward=+59.5783 mean_length= 59.98 policy_loss=+0.00095 value_loss=+0.35904 ratio=1.0686 kl=0.0127 | eval_reward=+59.6963 eval_length= 60.00
update=7726 mean_reward=+59.5913 mean_length= 59.99 policy_loss=+0.00323 value_loss=+0.21893 ratio=1.0600 kl=0.0120
update=7727 mean_reward=+59.5651 mean_length= 59.97 policy_loss=+0.00030 value_loss=+0.58524 ratio=1.0578 kl=0.0073
update=7728 mean_reward=+59.5638 mean_length= 59.97 policy_loss=-0.00006 value_loss=+0.41497 ratio=1.0398 kl=0.0040
update=7729 mean_reward=+59.5624 mean_length= 59.96 policy_loss=+0.00017 value_loss=+0.58414 ratio=1.0478 kl=0.0131
update=7730 mean_reward=+59.5738 mean_length= 59.96 policy_loss=-0.00042 value_loss=+0.62807 ratio=1.0579 kl=0.0069 | eval_reward=+59.6919 eval_length= 60.00
update=7731 mean_reward=+59.5846 mean_length= 59.97 policy_loss=-0.00037 value_loss=+0.51146 ratio=1.0453 kl=0.0109
update=7732 mean_reward=+59.5872 mean_length= 59.97 policy_loss=-0.00012 value_loss=+0.53754 ratio=1.0392 kl=0.0082
update=7733 mean_reward=+59.5927 mean_length= 59.97 policy_loss=-0.00025 value_loss=+0.42481 ratio=1.0466 kl=0.0042
update=7734 mean_reward=+59.5790 mean_length= 59.97 policy_loss=-0.00033 value_loss=+0.52841 ratio=1.0406 kl=0.0045
update=7735 mean_reward=+59.5791 mean_length= 59.97 policy_loss=-0.00035 value_loss=+0.46674 ratio=1.0425 kl=0.0076 | eval_reward=+59.7098 eval_length= 60.00
update=7736 mean_reward=+59.5862 mean_length= 59.97 policy_loss=+0.00105 value_loss=+0.60478 ratio=1.0318 kl=0.0296
update=7737 mean_reward=+59.6096 mean_length= 59.99 policy_loss=+0.00115 value_loss=+0.25630 ratio=1.0407 kl=0.0103
update=7738 mean_reward=+59.5925 mean_length= 59.99 policy_loss=+0.00174 value_loss=+0.34021 ratio=1.0387 kl=0.0198
update=7739 mean_reward=+59.5904 mean_length= 59.97 policy_loss=+0.00092 value_loss=+0.50530 ratio=1.0713 kl=0.0289
update=7740 mean_reward=+59.5978 mean_length= 59.98 policy_loss=+0.00058 value_loss=+0.33191 ratio=1.0378 kl=0.0087 | eval_reward=+59.7123 eval_length= 60.00
update=7741 mean_reward=+59.6026 mean_length= 59.98 policy_loss=+0.00403 value_loss=+0.30765 ratio=1.0529 kl=0.0170
update=7742 mean_reward=+59.5905 mean_length= 59.98 policy_loss=+0.00049 value_loss=+0.39293 ratio=1.0565 kl=0.0143
update=7743 mean_reward=+59.5672 mean_length= 59.95 policy_loss=-0.00004 value_loss=+0.70371 ratio=1.0380 kl=0.0084
update=7744 mean_reward=+59.5553 mean_length= 59.95 policy_loss=-0.00042 value_loss=+0.95240 ratio=1.0383 kl=0.0001
update=7745 mean_reward=+59.5965 mean_length= 59.98 policy_loss=-0.00002 value_loss=+0.29202 ratio=1.0394 kl=0.0099 | eval_reward=+59.7066 eval_length= 60.00
update=7746 mean_reward=+59.5681 mean_length= 59.95 policy_loss=+0.00101 value_loss=+0.64103 ratio=1.0427 kl=0.0071
update=7747 mean_reward=+59.6157 mean_length= 60.00 policy_loss=+0.00169 value_loss=+0.08723 ratio=1.0345 kl=0.0159
update=7748 mean_reward=+59.5962 mean_length= 59.97 policy_loss=-0.00041 value_loss=+0.52009 ratio=1.0383 kl=0.0030
update=7749 mean_reward=+59.6063 mean_length= 59.98 policy_loss=-0.00037 value_loss=+0.37937 ratio=1.0377 kl=0.0056
update=7750 mean_reward=+59.6013 mean_length= 59.98 policy_loss=+0.00070 value_loss=+0.35944 ratio=1.0358 kl=0.0235 | eval_reward=+59.7043 eval_length= 60.00
update=7751 mean_reward=+59.5731 mean_length= 59.95 policy_loss=-0.00013 value_loss=+0.81346 ratio=1.0351 kl=0.0064
update=7752 mean_reward=+59.5873 mean_length= 59.97 policy_loss=+0.00073 value_loss=+0.53265 ratio=1.0382 kl=0.0225
update=7753 mean_reward=+59.6007 mean_length= 59.99 policy_loss=+0.00134 value_loss=+0.25308 ratio=1.0465 kl=0.0193
update=7754 mean_reward=+59.5912 mean_length= 59.97 policy_loss=+0.00158 value_loss=+0.28938 ratio=1.0880 kl=0.0276
update=7755 mean_reward=+59.5908 mean_length= 59.97 policy_loss=+0.00045 value_loss=+0.41175 ratio=1.0403 kl=0.0198 | eval_reward=+59.7095 eval_length= 60.00
update=7756 mean_reward=+59.6106 mean_length= 59.99 policy_loss=+0.00068 value_loss=+0.24133 ratio=1.0378 kl=0.0164
update=7757 mean_reward=+59.5981 mean_length= 59.97 policy_loss=-0.00003 value_loss=+0.42316 ratio=1.0506 kl=0.0057
update=7758 mean_reward=+59.6046 mean_length= 59.98 policy_loss=-0.00015 value_loss=+0.41672 ratio=1.0481 kl=0.0219
update=7759 mean_reward=+59.5773 mean_length= 59.95 policy_loss=-0.00036 value_loss=+0.76312 ratio=1.0440 kl=0.0076
update=7760 mean_reward=+59.5807 mean_length= 59.96 policy_loss=-0.00037 value_loss=+0.64791 ratio=1.0530 kl=0.0031 | eval_reward=+59.7350 eval_length= 60.00
update=7761 mean_reward=+59.5998 mean_length= 59.98 policy_loss=+0.00109 value_loss=+0.44472 ratio=1.0344 kl=0.0097
update=7762 mean_reward=+59.5910 mean_length= 59.97 policy_loss=+0.00271 value_loss=+0.40942 ratio=1.0804 kl=0.0102
update=7763 mean_reward=+59.6045 mean_length= 59.99 policy_loss=+0.00150 value_loss=+0.17039 ratio=1.0485 kl=0.0226
update=7764 mean_reward=+59.5981 mean_length= 59.98 policy_loss=+0.00158 value_loss=+0.41801 ratio=1.0462 kl=0.0211
update=7765 mean_reward=+59.5832 mean_length= 59.97 policy_loss=+0.00062 value_loss=+0.53598 ratio=1.0376 kl=0.0098 | eval_reward=+59.7112 eval_length= 60.00
update=7766 mean_reward=+59.5842 mean_length= 59.97 policy_loss=+0.00077 value_loss=+0.43114 ratio=1.0653 kl=0.0157
update=7767 mean_reward=+59.5851 mean_length= 59.96 policy_loss=+0.00064 value_loss=+0.53699 ratio=1.0391 kl=0.0198
update=7768 mean_reward=+59.5809 mean_length= 59.97 policy_loss=+0.00159 value_loss=+0.43613 ratio=1.0514 kl=0.0246
update=7769 mean_reward=+59.5791 mean_length= 59.97 policy_loss=+0.00003 value_loss=+0.53606 ratio=1.0422 kl=0.0202
update=7770 mean_reward=+59.5913 mean_length= 59.97 policy_loss=-0.00007 value_loss=+0.72051 ratio=1.0453 kl=0.0037 | eval_reward=+59.7175 eval_length= 60.00
update=7771 mean_reward=+59.5769 mean_length= 59.96 policy_loss=+0.00143 value_loss=+0.73351 ratio=1.0695 kl=0.0097
update=7772 mean_reward=+59.6084 mean_length= 59.99 policy_loss=-0.00010 value_loss=+0.24646 ratio=1.0443 kl=0.0065
update=7773 mean_reward=+59.5965 mean_length= 59.97 policy_loss=+0.00018 value_loss=+0.50939 ratio=1.0433 kl=0.0202
update=7774 mean_reward=+59.5995 mean_length= 59.98 policy_loss=+0.00177 value_loss=+0.39727 ratio=1.0657 kl=0.0212
update=7775 mean_reward=+59.5823 mean_length= 59.97 policy_loss=-0.00011 value_loss=+0.64695 ratio=1.0970 kl=0.0127 | eval_reward=+59.7215 eval_length= 60.00
update=7776 mean_reward=+59.5907 mean_length= 59.97 policy_loss=+0.00031 value_loss=+0.47798 ratio=1.0418 kl=0.0077
update=7777 mean_reward=+59.5697 mean_length= 59.97 policy_loss=+0.00013 value_loss=+0.45883 ratio=1.0414 kl=0.0114
update=7778 mean_reward=+59.5965 mean_length= 59.98 policy_loss=+0.00102 value_loss=+0.29846 ratio=1.0391 kl=0.0256
update=7779 mean_reward=+59.5870 mean_length= 59.97 policy_loss=+0.00173 value_loss=+0.53282 ratio=1.0418 kl=0.0235
update=7780 mean_reward=+59.5727 mean_length= 59.97 policy_loss=+0.00036 value_loss=+0.41268 ratio=1.0441 kl=0.0133 | eval_reward=+59.7199 eval_length= 60.00
update=7781 mean_reward=+59.5942 mean_length= 59.98 policy_loss=+0.00086 value_loss=+0.32327 ratio=1.0523 kl=0.0245
update=7782 mean_reward=+59.5649 mean_length= 59.95 policy_loss=+0.00026 value_loss=+0.58904 ratio=1.0724 kl=0.0076
update=7783 mean_reward=+59.5892 mean_length= 59.97 policy_loss=-0.00023 value_loss=+0.54968 ratio=1.0482 kl=0.0017
update=7784 mean_reward=+59.5815 mean_length= 59.97 policy_loss=+0.00253 value_loss=+0.52520 ratio=1.0899 kl=0.0096
update=7785 mean_reward=+59.5882 mean_length= 59.99 policy_loss=+0.00229 value_loss=+0.24249 ratio=1.0879 kl=0.0166 | eval_reward=+59.7077 eval_length= 60.00
update=7786 mean_reward=+59.5744 mean_length= 59.97 policy_loss=+0.00220 value_loss=+0.80462 ratio=1.0434 kl=0.0252
update=7787 mean_reward=+59.5634 mean_length= 59.96 policy_loss=+0.00028 value_loss=+0.68250 ratio=1.0641 kl=0.0038
update=7788 mean_reward=+59.5917 mean_length= 59.98 policy_loss=+0.00063 value_loss=+0.29615 ratio=1.0499 kl=0.0199
update=7789 mean_reward=+59.5753 mean_length= 59.97 policy_loss=+0.00011 value_loss=+0.41701 ratio=1.0477 kl=0.0105
update=7790 mean_reward=+59.5677 mean_length= 59.96 policy_loss=+0.00225 value_loss=+0.58242 ratio=1.0443 kl=0.0213 | eval_reward=+59.7275 eval_length= 60.00
update=7791 mean_reward=+59.5595 mean_length= 59.96 policy_loss=+0.00001 value_loss=+0.67085 ratio=1.0495 kl=0.0034
update=7792 mean_reward=+59.5746 mean_length= 59.98 policy_loss=-0.00015 value_loss=+0.48971 ratio=1.0443 kl=0.0135
update=7793 mean_reward=+59.5754 mean_length= 59.97 policy_loss=+0.00082 value_loss=+0.42720 ratio=1.0460 kl=0.0090
update=7794 mean_reward=+59.5470 mean_length= 59.95 policy_loss=-0.00031 value_loss=+0.69038 ratio=1.0478 kl=0.0106
update=7795 mean_reward=+59.5688 mean_length= 59.97 policy_loss=+0.00653 value_loss=+0.51904 ratio=1.0570 kl=0.0140 | eval_reward=+59.6866 eval_length= 60.00
update=7796 mean_reward=+59.5312 mean_length= 59.94 policy_loss=+0.00108 value_loss=+0.83207 ratio=1.0544 kl=0.0154
update=7797 mean_reward=+59.5354 mean_length= 59.95 policy_loss=+0.00010 value_loss=+0.77866 ratio=1.1011 kl=0.0068
