/usr/local/lib/python3.10/dist-packages/torch/cuda/__init__.py:61: FutureWarning: The pynvml package is deprecated. Please install nvidia-ml-py instead. If you did not install pynvml directly, please report this to the maintainers of the package that installed pynvml for you.
  import pynvml  # type: ignore[import]
[resume] partial load: missing=['log_std'] unexpected=[]
[resume] loaded actor from baseline/humanoid21/runs/stage1_20260430_093352/policy/model.pt (algorithm='ppo_stage1_terminal_fall_penalty' update=960 best_eval_length=200.0)
run_dir=/data1/mono/things/combatbench/baseline/humanoid21/runs/curriculum_resumed_20260508_225308
curriculum: max_steps=200 r1_scale=0.02 r2_scale=0.05 r3_scale=10.0 terminal_fall_penalty=1.0 window=3 dwell=5
/usr/local/lib/python3.10/dist-packages/torch/cuda/__init__.py:61: FutureWarning: The pynvml package is deprecated. Please install nvidia-ml-py instead. If you did not install pynvml directly, please report this to the maintainers of the package that installed pynvml for you.
  import pynvml  # type: ignore[import]
/usr/local/lib/python3.10/dist-packages/torch/cuda/__init__.py:61: FutureWarning: The pynvml package is deprecated. Please install nvidia-ml-py instead. If you did not install pynvml directly, please report this to the maintainers of the package that installed pynvml for you.
  import pynvml  # type: ignore[import]
/usr/local/lib/python3.10/dist-packages/torch/cuda/__init__.py:61: FutureWarning: The pynvml package is deprecated. Please install nvidia-ml-py instead. If you did not install pynvml directly, please report this to the maintainers of the package that installed pynvml for you.
  import pynvml  # type: ignore[import]
/usr/local/lib/python3.10/dist-packages/torch/cuda/__init__.py:61: FutureWarning: The pynvml package is deprecated. Please install nvidia-ml-py instead. If you did not install pynvml directly, please report this to the maintainers of the package that installed pynvml for you.
  import pynvml  # type: ignore[import]
/usr/local/lib/python3.10/dist-packages/torch/cuda/__init__.py:61: FutureWarning: The pynvml package is deprecated. Please install nvidia-ml-py instead. If you did not install pynvml directly, please report this to the maintainers of the package that installed pynvml for you.
  import pynvml  # type: ignore[import]
/usr/local/lib/python3.10/dist-packages/torch/cuda/__init__.py:61: FutureWarning: The pynvml package is deprecated. Please install nvidia-ml-py instead. If you did not install pynvml directly, please report this to the maintainers of the package that installed pynvml for you.
  import pynvml  # type: ignore[import]
/usr/local/lib/python3.10/dist-packages/torch/cuda/__init__.py:61: FutureWarning: The pynvml package is deprecated. Please install nvidia-ml-py instead. If you did not install pynvml directly, please report this to the maintainers of the package that installed pynvml for you.
  import pynvml  # type: ignore[import]
/usr/local/lib/python3.10/dist-packages/torch/cuda/__init__.py:61: FutureWarning: The pynvml package is deprecated. Please install nvidia-ml-py instead. If you did not install pynvml directly, please report this to the maintainers of the package that installed pynvml for you.
  import pynvml  # type: ignore[import]
/usr/local/lib/python3.10/dist-packages/torch/cuda/__init__.py:61: FutureWarning: The pynvml package is deprecated. Please install nvidia-ml-py instead. If you did not install pynvml directly, please report this to the maintainers of the package that installed pynvml for you.
  import pynvml  # type: ignore[import]
/usr/local/lib/python3.10/dist-packages/torch/cuda/__init__.py:61: FutureWarning: The pynvml package is deprecated. Please install nvidia-ml-py instead. If you did not install pynvml directly, please report this to the maintainers of the package that installed pynvml for you.
  import pynvml  # type: ignore[import]
/usr/local/lib/python3.10/dist-packages/torch/cuda/__init__.py:61: FutureWarning: The pynvml package is deprecated. Please install nvidia-ml-py instead. If you did not install pynvml directly, please report this to the maintainers of the package that installed pynvml for you.
  import pynvml  # type: ignore[import]
/usr/local/lib/python3.10/dist-packages/torch/cuda/__init__.py:61: FutureWarning: The pynvml package is deprecated. Please install nvidia-ml-py instead. If you did not install pynvml directly, please report this to the maintainers of the package that installed pynvml for you.
  import pynvml  # type: ignore[import]
/usr/local/lib/python3.10/dist-packages/torch/cuda/__init__.py:61: FutureWarning: The pynvml package is deprecated. Please install nvidia-ml-py instead. If you did not install pynvml directly, please report this to the maintainers of the package that installed pynvml for you.
  import pynvml  # type: ignore[import]
/usr/local/lib/python3.10/dist-packages/torch/cuda/__init__.py:61: FutureWarning: The pynvml package is deprecated. Please install nvidia-ml-py instead. If you did not install pynvml directly, please report this to the maintainers of the package that installed pynvml for you.
  import pynvml  # type: ignore[import]
/usr/local/lib/python3.10/dist-packages/torch/cuda/__init__.py:61: FutureWarning: The pynvml package is deprecated. Please install nvidia-ml-py instead. If you did not install pynvml directly, please report this to the maintainers of the package that installed pynvml for you.
  import pynvml  # type: ignore[import]
/usr/local/lib/python3.10/dist-packages/torch/cuda/__init__.py:61: FutureWarning: The pynvml package is deprecated. Please install nvidia-ml-py instead. If you did not install pynvml directly, please report this to the maintainers of the package that installed pynvml for you.
  import pynvml  # type: ignore[import]
/usr/local/lib/python3.10/dist-packages/torch/cuda/__init__.py:61: FutureWarning: The pynvml package is deprecated. Please install nvidia-ml-py instead. If you did not install pynvml directly, please report this to the maintainers of the package that installed pynvml for you.
  import pynvml  # type: ignore[import]
/usr/local/lib/python3.10/dist-packages/torch/cuda/__init__.py:61: FutureWarning: The pynvml package is deprecated. Please install nvidia-ml-py instead. If you did not install pynvml directly, please report this to the maintainers of the package that installed pynvml for you.
  import pynvml  # type: ignore[import]
/usr/local/lib/python3.10/dist-packages/torch/cuda/__init__.py:61: FutureWarning: The pynvml package is deprecated. Please install nvidia-ml-py instead. If you did not install pynvml directly, please report this to the maintainers of the package that installed pynvml for you.
  import pynvml  # type: ignore[import]
/usr/local/lib/python3.10/dist-packages/torch/cuda/__init__.py:61: FutureWarning: The pynvml package is deprecated. Please install nvidia-ml-py instead. If you did not install pynvml directly, please report this to the maintainers of the package that installed pynvml for you.
  import pynvml  # type: ignore[import]
/usr/local/lib/python3.10/dist-packages/torch/cuda/__init__.py:61: FutureWarning: The pynvml package is deprecated. Please install nvidia-ml-py instead. If you did not install pynvml directly, please report this to the maintainers of the package that installed pynvml for you.
  import pynvml  # type: ignore[import]
/usr/local/lib/python3.10/dist-packages/torch/cuda/__init__.py:61: FutureWarning: The pynvml package is deprecated. Please install nvidia-ml-py instead. If you did not install pynvml directly, please report this to the maintainers of the package that installed pynvml for you.
  import pynvml  # type: ignore[import]
/usr/local/lib/python3.10/dist-packages/torch/cuda/__init__.py:61: FutureWarning: The pynvml package is deprecated. Please install nvidia-ml-py instead. If you did not install pynvml directly, please report this to the maintainers of the package that installed pynvml for you.
  import pynvml  # type: ignore[import]
/usr/local/lib/python3.10/dist-packages/torch/cuda/__init__.py:61: FutureWarning: The pynvml package is deprecated. Please install nvidia-ml-py instead. If you did not install pynvml directly, please report this to the maintainers of the package that installed pynvml for you.
  import pynvml  # type: ignore[import]
/usr/local/lib/python3.10/dist-packages/torch/cuda/__init__.py:61: FutureWarning: The pynvml package is deprecated. Please install nvidia-ml-py instead. If you did not install pynvml directly, please report this to the maintainers of the package that installed pynvml for you.
  import pynvml  # type: ignore[import]
/usr/local/lib/python3.10/dist-packages/torch/cuda/__init__.py:61: FutureWarning: The pynvml package is deprecated. Please install nvidia-ml-py instead. If you did not install pynvml directly, please report this to the maintainers of the package that installed pynvml for you.
  import pynvml  # type: ignore[import]
/usr/local/lib/python3.10/dist-packages/torch/cuda/__init__.py:61: FutureWarning: The pynvml package is deprecated. Please install nvidia-ml-py instead. If you did not install pynvml directly, please report this to the maintainers of the package that installed pynvml for you.
  import pynvml  # type: ignore[import]
/usr/local/lib/python3.10/dist-packages/torch/cuda/__init__.py:61: FutureWarning: The pynvml package is deprecated. Please install nvidia-ml-py instead. If you did not install pynvml directly, please report this to the maintainers of the package that installed pynvml for you.
  import pynvml  # type: ignore[import]
/usr/local/lib/python3.10/dist-packages/torch/cuda/__init__.py:61: FutureWarning: The pynvml package is deprecated. Please install nvidia-ml-py instead. If you did not install pynvml directly, please report this to the maintainers of the package that installed pynvml for you.
  import pynvml  # type: ignore[import]
/usr/local/lib/python3.10/dist-packages/torch/cuda/__init__.py:61: FutureWarning: The pynvml package is deprecated. Please install nvidia-ml-py instead. If you did not install pynvml directly, please report this to the maintainers of the package that installed pynvml for you.
  import pynvml  # type: ignore[import]
/usr/local/lib/python3.10/dist-packages/torch/cuda/__init__.py:61: FutureWarning: The pynvml package is deprecated. Please install nvidia-ml-py instead. If you did not install pynvml directly, please report this to the maintainers of the package that installed pynvml for you.
  import pynvml  # type: ignore[import]
/usr/local/lib/python3.10/dist-packages/torch/cuda/__init__.py:61: FutureWarning: The pynvml package is deprecated. Please install nvidia-ml-py instead. If you did not install pynvml directly, please report this to the maintainers of the package that installed pynvml for you.
  import pynvml  # type: ignore[import]
/usr/local/lib/python3.10/dist-packages/torch/cuda/__init__.py:61: FutureWarning: The pynvml package is deprecated. Please install nvidia-ml-py instead. If you did not install pynvml directly, please report this to the maintainers of the package that installed pynvml for you.
  import pynvml  # type: ignore[import]
/usr/local/lib/python3.10/dist-packages/torch/cuda/__init__.py:61: FutureWarning: The pynvml package is deprecated. Please install nvidia-ml-py instead. If you did not install pynvml directly, please report this to the maintainers of the package that installed pynvml for you.
  import pynvml  # type: ignore[import]
/usr/local/lib/python3.10/dist-packages/torch/cuda/__init__.py:61: FutureWarning: The pynvml package is deprecated. Please install nvidia-ml-py instead. If you did not install pynvml directly, please report this to the maintainers of the package that installed pynvml for you.
  import pynvml  # type: ignore[import]
/usr/local/lib/python3.10/dist-packages/torch/cuda/__init__.py:61: FutureWarning: The pynvml package is deprecated. Please install nvidia-ml-py instead. If you did not install pynvml directly, please report this to the maintainers of the package that installed pynvml for you.
  import pynvml  # type: ignore[import]
/usr/local/lib/python3.10/dist-packages/torch/cuda/__init__.py:61: FutureWarning: The pynvml package is deprecated. Please install nvidia-ml-py instead. If you did not install pynvml directly, please report this to the maintainers of the package that installed pynvml for you.
  import pynvml  # type: ignore[import]
/usr/local/lib/python3.10/dist-packages/torch/cuda/__init__.py:61: FutureWarning: The pynvml package is deprecated. Please install nvidia-ml-py instead. If you did not install pynvml directly, please report this to the maintainers of the package that installed pynvml for you.
  import pynvml  # type: ignore[import]
/usr/local/lib/python3.10/dist-packages/torch/cuda/__init__.py:61: FutureWarning: The pynvml package is deprecated. Please install nvidia-ml-py instead. If you did not install pynvml directly, please report this to the maintainers of the package that installed pynvml for you.
  import pynvml  # type: ignore[import]
/usr/local/lib/python3.10/dist-packages/torch/cuda/__init__.py:61: FutureWarning: The pynvml package is deprecated. Please install nvidia-ml-py instead. If you did not install pynvml directly, please report this to the maintainers of the package that installed pynvml for you.
  import pynvml  # type: ignore[import]
/usr/local/lib/python3.10/dist-packages/torch/cuda/__init__.py:61: FutureWarning: The pynvml package is deprecated. Please install nvidia-ml-py instead. If you did not install pynvml directly, please report this to the maintainers of the package that installed pynvml for you.
  import pynvml  # type: ignore[import]
/usr/local/lib/python3.10/dist-packages/torch/cuda/__init__.py:61: FutureWarning: The pynvml package is deprecated. Please install nvidia-ml-py instead. If you did not install pynvml directly, please report this to the maintainers of the package that installed pynvml for you.
  import pynvml  # type: ignore[import]
/usr/local/lib/python3.10/dist-packages/torch/cuda/__init__.py:61: FutureWarning: The pynvml package is deprecated. Please install nvidia-ml-py instead. If you did not install pynvml directly, please report this to the maintainers of the package that installed pynvml for you.
  import pynvml  # type: ignore[import]
/usr/local/lib/python3.10/dist-packages/torch/cuda/__init__.py:61: FutureWarning: The pynvml package is deprecated. Please install nvidia-ml-py instead. If you did not install pynvml directly, please report this to the maintainers of the package that installed pynvml for you.
  import pynvml  # type: ignore[import]
/usr/local/lib/python3.10/dist-packages/torch/cuda/__init__.py:61: FutureWarning: The pynvml package is deprecated. Please install nvidia-ml-py instead. If you did not install pynvml directly, please report this to the maintainers of the package that installed pynvml for you.
  import pynvml  # type: ignore[import]
/usr/local/lib/python3.10/dist-packages/torch/cuda/__init__.py:61: FutureWarning: The pynvml package is deprecated. Please install nvidia-ml-py instead. If you did not install pynvml directly, please report this to the maintainers of the package that installed pynvml for you.
  import pynvml  # type: ignore[import]
/usr/local/lib/python3.10/dist-packages/torch/cuda/__init__.py:61: FutureWarning: The pynvml package is deprecated. Please install nvidia-ml-py instead. If you did not install pynvml directly, please report this to the maintainers of the package that installed pynvml for you.
  import pynvml  # type: ignore[import]
/usr/local/lib/python3.10/dist-packages/torch/cuda/__init__.py:61: FutureWarning: The pynvml package is deprecated. Please install nvidia-ml-py instead. If you did not install pynvml directly, please report this to the maintainers of the package that installed pynvml for you.
  import pynvml  # type: ignore[import]
/usr/local/lib/python3.10/dist-packages/torch/cuda/__init__.py:61: FutureWarning: The pynvml package is deprecated. Please install nvidia-ml-py instead. If you did not install pynvml directly, please report this to the maintainers of the package that installed pynvml for you.
  import pynvml  # type: ignore[import]
/usr/local/lib/python3.10/dist-packages/torch/cuda/__init__.py:61: FutureWarning: The pynvml package is deprecated. Please install nvidia-ml-py instead. If you did not install pynvml directly, please report this to the maintainers of the package that installed pynvml for you.
  import pynvml  # type: ignore[import]
/usr/local/lib/python3.10/dist-packages/torch/cuda/__init__.py:61: FutureWarning: The pynvml package is deprecated. Please install nvidia-ml-py instead. If you did not install pynvml directly, please report this to the maintainers of the package that installed pynvml for you.
  import pynvml  # type: ignore[import]
/usr/local/lib/python3.10/dist-packages/torch/cuda/__init__.py:61: FutureWarning: The pynvml package is deprecated. Please install nvidia-ml-py instead. If you did not install pynvml directly, please report this to the maintainers of the package that installed pynvml for you.
  import pynvml  # type: ignore[import]
/usr/local/lib/python3.10/dist-packages/torch/cuda/__init__.py:61: FutureWarning: The pynvml package is deprecated. Please install nvidia-ml-py instead. If you did not install pynvml directly, please report this to the maintainers of the package that installed pynvml for you.
  import pynvml  # type: ignore[import]
/usr/local/lib/python3.10/dist-packages/torch/cuda/__init__.py:61: FutureWarning: The pynvml package is deprecated. Please install nvidia-ml-py instead. If you did not install pynvml directly, please report this to the maintainers of the package that installed pynvml for you.
  import pynvml  # type: ignore[import]
/usr/local/lib/python3.10/dist-packages/torch/cuda/__init__.py:61: FutureWarning: The pynvml package is deprecated. Please install nvidia-ml-py instead. If you did not install pynvml directly, please report this to the maintainers of the package that installed pynvml for you.
  import pynvml  # type: ignore[import]
/usr/local/lib/python3.10/dist-packages/torch/cuda/__init__.py:61: FutureWarning: The pynvml package is deprecated. Please install nvidia-ml-py instead. If you did not install pynvml directly, please report this to the maintainers of the package that installed pynvml for you.
  import pynvml  # type: ignore[import]
/usr/local/lib/python3.10/dist-packages/torch/cuda/__init__.py:61: FutureWarning: The pynvml package is deprecated. Please install nvidia-ml-py instead. If you did not install pynvml directly, please report this to the maintainers of the package that installed pynvml for you.
  import pynvml  # type: ignore[import]
/usr/local/lib/python3.10/dist-packages/torch/cuda/__init__.py:61: FutureWarning: The pynvml package is deprecated. Please install nvidia-ml-py instead. If you did not install pynvml directly, please report this to the maintainers of the package that installed pynvml for you.
  import pynvml  # type: ignore[import]
/usr/local/lib/python3.10/dist-packages/torch/cuda/__init__.py:61: FutureWarning: The pynvml package is deprecated. Please install nvidia-ml-py instead. If you did not install pynvml directly, please report this to the maintainers of the package that installed pynvml for you.
  import pynvml  # type: ignore[import]
/usr/local/lib/python3.10/dist-packages/torch/cuda/__init__.py:61: FutureWarning: The pynvml package is deprecated. Please install nvidia-ml-py instead. If you did not install pynvml directly, please report this to the maintainers of the package that installed pynvml for you.
  import pynvml  # type: ignore[import]
/usr/local/lib/python3.10/dist-packages/torch/cuda/__init__.py:61: FutureWarning: The pynvml package is deprecated. Please install nvidia-ml-py instead. If you did not install pynvml directly, please report this to the maintainers of the package that installed pynvml for you.
  import pynvml  # type: ignore[import]
/usr/local/lib/python3.10/dist-packages/torch/cuda/__init__.py:61: FutureWarning: The pynvml package is deprecated. Please install nvidia-ml-py instead. If you did not install pynvml directly, please report this to the maintainers of the package that installed pynvml for you.
  import pynvml  # type: ignore[import]
/usr/local/lib/python3.10/dist-packages/torch/cuda/__init__.py:61: FutureWarning: The pynvml package is deprecated. Please install nvidia-ml-py instead. If you did not install pynvml directly, please report this to the maintainers of the package that installed pynvml for you.
  import pynvml  # type: ignore[import]
/usr/local/lib/python3.10/dist-packages/torch/cuda/__init__.py:61: FutureWarning: The pynvml package is deprecated. Please install nvidia-ml-py instead. If you did not install pynvml directly, please report this to the maintainers of the package that installed pynvml for you.
  import pynvml  # type: ignore[import]
update=   1 stage=1 weights=(1.0, 0.0, 0.0) reward=-1.0085 len= 59.25 term=1.000 in_range=0.490 r1=-0.423 r2=+10.915 r3=+0.000 term_pen=+1.000 policy_loss=-0.00466 value_loss=+0.08508 kl=0.3824 gate_reason='dwell<5'
update=   2 stage=1 weights=(1.0, 0.0, 0.0) reward=-1.0105 len= 54.32 term=1.000 in_range=0.522 r1=-0.523 r2=+10.909 r3=+0.000 term_pen=+1.000 policy_loss=-0.00012 value_loss=+0.04007 kl=0.1451 gate_reason='dwell<5'
update=   3 stage=1 weights=(1.0, 0.0, 0.0) reward=-1.0115 len= 49.53 term=1.000 in_range=0.506 r1=-0.573 r2=+8.733 r3=+0.000 term_pen=+1.000 policy_loss=+0.01041 value_loss=+0.04434 kl=0.0831 gate_reason='dwell<5'
update=   4 stage=1 weights=(1.0, 0.0, 0.0) reward=-1.0120 len= 42.16 term=1.000 in_range=0.482 r1=-0.601 r2=+6.312 r3=+0.000 term_pen=+1.000 policy_loss=-0.00163 value_loss=+0.04636 kl=0.0741 gate_reason='dwell<5'
update=   5 stage=1 weights=(1.0, 0.0, 0.0) reward=-1.0126 len= 36.53 term=1.000 in_range=0.467 r1=-0.628 r2=+3.762 r3=+0.000 term_pen=+1.000 policy_loss=-0.00547 value_loss=+0.04097 kl=0.0540 gate_reason='no-op' | eval_reward=-0.0118 eval_length= 57.31  [new_best]
update=   6 stage=1 weights=(1.0, 0.0, 0.0) reward=-1.0128 len= 33.12 term=1.000 in_range=0.456 r1=-0.642 r2=+1.806 r3=+0.000 term_pen=+1.000 policy_loss=+0.00305 value_loss=+0.03834 kl=0.0902 gate_reason='no-op'
update=   7 stage=1 weights=(1.0, 0.0, 0.0) reward=-1.0127 len= 29.77 term=1.000 in_range=0.453 r1=-0.634 r2=+0.677 r3=+0.000 term_pen=+1.000 policy_loss=+0.00174 value_loss=+0.04425 kl=0.1096 gate_reason='no-op'
update=   8 stage=1 weights=(1.0, 0.0, 0.0) reward=-1.0130 len= 27.72 term=1.000 in_range=0.456 r1=-0.652 r2=-0.167 r3=+0.000 term_pen=+1.000 policy_loss=+0.00090 value_loss=+0.04974 kl=0.0836 gate_reason='no-op'
update=   9 stage=1 weights=(1.0, 0.0, 0.0) reward=-1.0131 len= 26.31 term=1.000 in_range=0.462 r1=-0.656 r2=-0.862 r3=+0.000 term_pen=+1.000 policy_loss=+0.00126 value_loss=+0.04752 kl=0.0627 gate_reason='no-op'
update=  10 stage=1 weights=(1.0, 0.0, 0.0) reward=-1.0134 len= 25.34 term=1.000 in_range=0.465 r1=-0.669 r2=-0.854 r3=+0.000 term_pen=+1.000 policy_loss=+0.00119 value_loss=+0.03617 kl=0.0447 gate_reason='no-op' | eval_reward=-0.0162 eval_length= 27.81
update=  11 stage=1 weights=(1.0, 0.0, 0.0) reward=-1.0130 len= 24.61 term=1.000 in_range=0.473 r1=-0.648 r2=-0.504 r3=+0.000 term_pen=+1.000 policy_loss=+0.00529 value_loss=+0.02789 kl=0.0508 gate_reason='no-op'
update=  12 stage=1 weights=(1.0, 0.0, 0.0) reward=-1.0125 len= 23.98 term=1.000 in_range=0.481 r1=-0.626 r2=-0.498 r3=+0.000 term_pen=+1.000 policy_loss=+0.00556 value_loss=+0.02336 kl=0.0597 gate_reason='no-op'
update=  13 stage=1 weights=(1.0, 0.0, 0.0) reward=-1.0122 len= 23.24 term=1.000 in_range=0.485 r1=-0.608 r2=-0.805 r3=+0.000 term_pen=+1.000 policy_loss=+0.00064 value_loss=+0.02091 kl=0.0725 gate_reason='no-op'
update=  14 stage=1 weights=(1.0, 0.0, 0.0) reward=-1.0113 len= 22.57 term=1.000 in_range=0.495 r1=-0.563 r2=-0.922 r3=+0.000 term_pen=+1.000 policy_loss=-0.00128 value_loss=+0.01832 kl=0.0717 gate_reason='no-op'
update=  15 stage=1 weights=(1.0, 0.0, 0.0) reward=-1.0105 len= 22.00 term=1.000 in_range=0.499 r1=-0.523 r2=-1.007 r3=+0.000 term_pen=+1.000 policy_loss=-0.00983 value_loss=+0.01405 kl=0.0339 gate_reason='no-op' | eval_reward=-0.0093 eval_length= 22.81
update=  16 stage=1 weights=(1.0, 0.0, 0.0) reward=-1.0107 len= 21.59 term=1.000 in_range=0.502 r1=-0.533 r2=-1.280 r3=+0.000 term_pen=+1.000 policy_loss=+0.00480 value_loss=+0.01210 kl=0.0467 gate_reason='no-op'
update=  17 stage=1 weights=(1.0, 0.0, 0.0) reward=-1.0103 len= 21.16 term=1.000 in_range=0.500 r1=-0.513 r2=-1.415 r3=+0.000 term_pen=+1.000 policy_loss=+0.01164 value_loss=+0.01178 kl=0.0470 gate_reason='no-op'
update=  18 stage=1 weights=(1.0, 0.0, 0.0) reward=-1.0103 len= 21.03 term=1.000 in_range=0.506 r1=-0.517 r2=-1.458 r3=+0.000 term_pen=+1.000 policy_loss=+0.01009 value_loss=+0.00907 kl=0.0237 gate_reason='no-op'
update=  19 stage=1 weights=(1.0, 0.0, 0.0) reward=-1.0102 len= 21.14 term=1.000 in_range=0.503 r1=-0.511 r2=-1.754 r3=+0.000 term_pen=+1.000 policy_loss=+0.00040 value_loss=+0.00834 kl=0.0165 gate_reason='no-op'
update=  20 stage=1 weights=(1.0, 0.0, 0.0) reward=-1.0099 len= 21.20 term=1.000 in_range=0.503 r1=-0.497 r2=-1.748 r3=+0.000 term_pen=+1.000 policy_loss=+0.00977 value_loss=+0.00559 kl=0.0235 gate_reason='no-op' | eval_reward=-0.0111 eval_length= 21.38
update=  21 stage=1 weights=(1.0, 0.0, 0.0) reward=-1.0097 len= 21.40 term=1.000 in_range=0.502 r1=-0.484 r2=-1.939 r3=+0.000 term_pen=+1.000 policy_loss=-0.00229 value_loss=+0.00427 kl=0.0142 gate_reason='no-op'
update=  22 stage=1 weights=(1.0, 0.0, 0.0) reward=-1.0094 len= 21.57 term=1.000 in_range=0.500 r1=-0.472 r2=-2.075 r3=+0.000 term_pen=+1.000 policy_loss=+0.00247 value_loss=+0.00339 kl=0.0235 gate_reason='no-op'
update=  23 stage=1 weights=(1.0, 0.0, 0.0) reward=-1.0091 len= 21.57 term=1.000 in_range=0.498 r1=-0.454 r2=-2.115 r3=+0.000 term_pen=+1.000 policy_loss=+0.00808 value_loss=+0.00288 kl=0.0342 gate_reason='no-op'
update=  24 stage=1 weights=(1.0, 0.0, 0.0) reward=-1.0092 len= 21.72 term=1.000 in_range=0.497 r1=-0.461 r2=-2.121 r3=+0.000 term_pen=+1.000 policy_loss=-0.00060 value_loss=+0.00280 kl=0.0156 gate_reason='no-op'
update=  25 stage=1 weights=(1.0, 0.0, 0.0) reward=-1.0088 len= 21.95 term=1.000 in_range=0.496 r1=-0.442 r2=-2.608 r3=+0.000 term_pen=+1.000 policy_loss=+0.00079 value_loss=+0.00262 kl=0.0193 gate_reason='no-op' | eval_reward=-0.0104 eval_length= 22.19
update=  26 stage=1 weights=(1.0, 0.0, 0.0) reward=-1.0091 len= 22.16 term=1.000 in_range=0.493 r1=-0.454 r2=-2.811 r3=+0.000 term_pen=+1.000 policy_loss=+0.00359 value_loss=+0.00264 kl=0.0234 gate_reason='no-op'
update=  27 stage=1 weights=(1.0, 0.0, 0.0) reward=-1.0086 len= 22.15 term=1.000 in_range=0.493 r1=-0.431 r2=-2.818 r3=+0.000 term_pen=+1.000 policy_loss=+0.00271 value_loss=+0.00231 kl=0.0215 gate_reason='no-op'
update=  28 stage=1 weights=(1.0, 0.0, 0.0) reward=-1.0083 len= 22.38 term=1.000 in_range=0.495 r1=-0.416 r2=-2.643 r3=+0.000 term_pen=+1.000 policy_loss=-0.00045 value_loss=+0.00211 kl=0.0171 gate_reason='no-op'
update=  29 stage=1 weights=(1.0, 0.0, 0.0) reward=-1.0084 len= 22.49 term=1.000 in_range=0.495 r1=-0.418 r2=-2.805 r3=+0.000 term_pen=+1.000 policy_loss=+0.00834 value_loss=+0.00230 kl=0.0287 gate_reason='no-op'
update=  30 stage=1 weights=(1.0, 0.0, 0.0) reward=-1.0079 len= 22.79 term=1.000 in_range=0.491 r1=-0.393 r2=-3.216 r3=+0.000 term_pen=+1.000 policy_loss=+0.00689 value_loss=+0.00213 kl=0.0282 gate_reason='no-op' | eval_reward=-0.0041 eval_length= 22.44
update=  31 stage=1 weights=(1.0, 0.0, 0.0) reward=-1.0080 len= 22.97 term=1.000 in_range=0.491 r1=-0.398 r2=-3.513 r3=+0.000 term_pen=+1.000 policy_loss=+0.00782 value_loss=+0.00205 kl=0.0302 gate_reason='no-op'
update=  32 stage=1 weights=(1.0, 0.0, 0.0) reward=-1.0078 len= 23.44 term=1.000 in_range=0.491 r1=-0.388 r2=-3.937 r3=+0.000 term_pen=+1.000 policy_loss=+0.00303 value_loss=+0.00209 kl=0.0256 gate_reason='no-op'
update=  33 stage=1 weights=(1.0, 0.0, 0.0) reward=-1.0073 len= 23.90 term=1.000 in_range=0.491 r1=-0.367 r2=-4.168 r3=+0.000 term_pen=+1.000 policy_loss=-0.00372 value_loss=+0.00215 kl=0.0095 gate_reason='no-op'
update=  34 stage=1 weights=(1.0, 0.0, 0.0) reward=-1.0073 len= 24.34 term=1.000 in_range=0.489 r1=-0.364 r2=-4.487 r3=+0.000 term_pen=+1.000 policy_loss=+0.00904 value_loss=+0.00219 kl=0.0314 gate_reason='no-op'
update=  35 stage=1 weights=(1.0, 0.0, 0.0) reward=-1.0072 len= 24.86 term=1.000 in_range=0.490 r1=-0.358 r2=-4.588 r3=+0.000 term_pen=+1.000 policy_loss=+0.00256 value_loss=+0.00229 kl=0.0188 gate_reason='no-op' | eval_reward=-0.0035 eval_length= 25.44
update=  36 stage=1 weights=(1.0, 0.0, 0.0) reward=-1.0073 len= 25.14 term=1.000 in_range=0.487 r1=-0.366 r2=-4.740 r3=+0.000 term_pen=+1.000 policy_loss=+0.00202 value_loss=+0.00231 kl=0.0210 gate_reason='no-op'
update=  37 stage=1 weights=(1.0, 0.0, 0.0) reward=-1.0076 len= 25.44 term=1.000 in_range=0.486 r1=-0.378 r2=-4.913 r3=+0.000 term_pen=+1.000 policy_loss=+0.00255 value_loss=+0.00207 kl=0.0210 gate_reason='no-op'
update=  38 stage=1 weights=(1.0, 0.0, 0.0) reward=-1.0077 len= 25.53 term=1.000 in_range=0.483 r1=-0.383 r2=-4.924 r3=+0.000 term_pen=+1.000 policy_loss=+0.00475 value_loss=+0.00213 kl=0.0201 gate_reason='no-op'
update=  39 stage=1 weights=(1.0, 0.0, 0.0) reward=-1.0076 len= 26.02 term=1.000 in_range=0.485 r1=-0.379 r2=-5.106 r3=+0.000 term_pen=+1.000 policy_loss=+0.00766 value_loss=+0.00226 kl=0.0256 gate_reason='no-op'
update=  40 stage=1 weights=(1.0, 0.0, 0.0) reward=-1.0082 len= 26.45 term=1.000 in_range=0.483 r1=-0.412 r2=-5.444 r3=+0.000 term_pen=+1.000 policy_loss=+0.00748 value_loss=+0.00247 kl=0.0308 gate_reason='no-op' | eval_reward=-0.0067 eval_length= 26.75
update=  41 stage=1 weights=(1.0, 0.0, 0.0) reward=-1.0087 len= 27.15 term=1.000 in_range=0.471 r1=-0.435 r2=-6.174 r3=+0.000 term_pen=+1.000 policy_loss=+0.00006 value_loss=+0.00310 kl=0.0316 gate_reason='no-op'
update=  42 stage=1 weights=(1.0, 0.0, 0.0) reward=-1.0093 len= 28.24 term=1.000 in_range=0.448 r1=-0.464 r2=-7.521 r3=+0.000 term_pen=+1.000 policy_loss=+0.00358 value_loss=+0.00415 kl=0.0257 gate_reason='no-op'
update=  43 stage=1 weights=(1.0, 0.0, 0.0) reward=-1.0100 len= 29.25 term=1.000 in_range=0.423 r1=-0.501 r2=-9.380 r3=+0.000 term_pen=+1.000 policy_loss=+0.00567 value_loss=+0.00419 kl=0.0231 gate_reason='no-op'
update=  44 stage=1 weights=(1.0, 0.0, 0.0) reward=-1.0098 len= 29.31 term=1.000 in_range=0.422 r1=-0.489 r2=-9.110 r3=+0.000 term_pen=+1.000 policy_loss=+0.00294 value_loss=+0.00381 kl=0.0207 gate_reason='no-op'
update=  45 stage=1 weights=(1.0, 0.0, 0.0) reward=-1.0099 len= 29.25 term=1.000 in_range=0.413 r1=-0.493 r2=-9.783 r3=+0.000 term_pen=+1.000 policy_loss=+0.00189 value_loss=+0.00347 kl=0.0161 gate_reason='no-op' | eval_reward=-0.0106 eval_length= 32.62
update=  46 stage=1 weights=(1.0, 0.0, 0.0) reward=-1.0098 len= 29.41 term=1.000 in_range=0.412 r1=-0.489 r2=-9.631 r3=+0.000 term_pen=+1.000 policy_loss=+0.00191 value_loss=+0.00319 kl=0.0193 gate_reason='no-op'
update=  47 stage=1 weights=(1.0, 0.0, 0.0) reward=-1.0092 len= 29.44 term=1.000 in_range=0.413 r1=-0.462 r2=-9.329 r3=+0.000 term_pen=+1.000 policy_loss=+0.00750 value_loss=+0.00271 kl=0.0292 gate_reason='no-op'
update=  48 stage=1 weights=(1.0, 0.0, 0.0) reward=-1.0096 len= 29.62 term=1.000 in_range=0.394 r1=-0.482 r2=-10.700 r3=+0.000 term_pen=+1.000 policy_loss=+0.00503 value_loss=+0.00290 kl=0.0266 gate_reason='no-op'
update=  49 stage=1 weights=(1.0, 0.0, 0.0) reward=-1.0099 len= 29.75 term=1.000 in_range=0.386 r1=-0.496 r2=-11.506 r3=+0.000 term_pen=+1.000 policy_loss=+0.00838 value_loss=+0.00268 kl=0.0299 gate_reason='no-op'
update=  50 stage=1 weights=(1.0, 0.0, 0.0) reward=-1.0096 len= 29.67 term=1.000 in_range=0.406 r1=-0.478 r2=-10.376 r3=+0.000 term_pen=+1.000 policy_loss=+0.00238 value_loss=+0.00238 kl=0.0195 gate_reason='no-op' | eval_reward=-0.0108 eval_length= 34.31
update=  51 stage=1 weights=(1.0, 0.0, 0.0) reward=-1.0095 len= 29.52 term=1.000 in_range=0.392 r1=-0.474 r2=-10.941 r3=+0.000 term_pen=+1.000 policy_loss=+0.00560 value_loss=+0.00208 kl=0.0243 gate_reason='no-op'
update=  52 stage=1 weights=(1.0, 0.0, 0.0) reward=-1.0097 len= 29.48 term=1.000 in_range=0.401 r1=-0.485 r2=-10.303 r3=+0.000 term_pen=+1.000 policy_loss=+0.00415 value_loss=+0.00218 kl=0.0178 gate_reason='no-op'
update=  53 stage=1 weights=(1.0, 0.0, 0.0) reward=-1.0096 len= 29.77 term=1.000 in_range=0.400 r1=-0.478 r2=-10.624 r3=+0.000 term_pen=+1.000 policy_loss=+0.00371 value_loss=+0.00192 kl=0.0180 gate_reason='no-op'
update=  54 stage=1 weights=(1.0, 0.0, 0.0) reward=-1.0099 len= 29.84 term=1.000 in_range=0.392 r1=-0.497 r2=-11.049 r3=+0.000 term_pen=+1.000 policy_loss=+0.00029 value_loss=+0.00188 kl=0.0164 gate_reason='no-op'
update=  55 stage=1 weights=(1.0, 0.0, 0.0) reward=-1.0100 len= 30.02 term=1.000 in_range=0.395 r1=-0.502 r2=-11.016 r3=+0.000 term_pen=+1.000 policy_loss=+0.00498 value_loss=+0.00190 kl=0.0291 gate_reason='no-op' | eval_reward=-0.0070 eval_length= 34.50
update=  56 stage=1 weights=(1.0, 0.0, 0.0) reward=-1.0100 len= 30.20 term=1.000 in_range=0.401 r1=-0.501 r2=-10.797 r3=+0.000 term_pen=+1.000 policy_loss=+0.00404 value_loss=+0.00181 kl=0.0205 gate_reason='no-op'
update=  57 stage=1 weights=(1.0, 0.0, 0.0) reward=-1.0101 len= 30.15 term=1.000 in_range=0.414 r1=-0.503 r2=-10.120 r3=+0.000 term_pen=+1.000 policy_loss=-0.00118 value_loss=+0.00175 kl=0.0153 gate_reason='no-op'
update=  58 stage=1 weights=(1.0, 0.0, 0.0) reward=-1.0097 len= 30.30 term=1.000 in_range=0.414 r1=-0.485 r2=-10.005 r3=+0.000 term_pen=+1.000 policy_loss=+0.00679 value_loss=+0.00173 kl=0.0245 gate_reason='no-op'
update=  59 stage=1 weights=(1.0, 0.0, 0.0) reward=-1.0105 len= 30.42 term=1.000 in_range=0.392 r1=-0.526 r2=-11.643 r3=+0.000 term_pen=+1.000 policy_loss=+0.00285 value_loss=+0.00173 kl=0.0186 gate_reason='no-op'
update=  60 stage=1 weights=(1.0, 0.0, 0.0) reward=-1.0107 len= 30.68 term=1.000 in_range=0.391 r1=-0.534 r2=-11.665 r3=+0.000 term_pen=+1.000 policy_loss=+0.00226 value_loss=+0.00170 kl=0.0161 gate_reason='no-op' | eval_reward=-0.0059 eval_length= 35.44
update=  61 stage=1 weights=(1.0, 0.0, 0.0) reward=-1.0109 len= 30.71 term=1.000 in_range=0.379 r1=-0.543 r2=-12.358 r3=+0.000 term_pen=+1.000 policy_loss=+0.00831 value_loss=+0.00164 kl=0.0271 gate_reason='no-op'
update=  62 stage=1 weights=(1.0, 0.0, 0.0) reward=-1.0108 len= 30.83 term=1.000 in_range=0.383 r1=-0.540 r2=-12.247 r3=+0.000 term_pen=+1.000 policy_loss=+0.00266 value_loss=+0.00162 kl=0.0187 gate_reason='no-op'
update=  63 stage=1 weights=(1.0, 0.0, 0.0) reward=-1.0107 len= 30.85 term=1.000 in_range=0.384 r1=-0.535 r2=-12.031 r3=+0.000 term_pen=+1.000 policy_loss=+0.00301 value_loss=+0.00165 kl=0.0197 gate_reason='no-op'
update=  64 stage=1 weights=(1.0, 0.0, 0.0) reward=-1.0111 len= 31.26 term=1.000 in_range=0.380 r1=-0.553 r2=-12.469 r3=+0.000 term_pen=+1.000 policy_loss=+0.00430 value_loss=+0.00157 kl=0.0228 gate_reason='no-op'
update=  65 stage=1 weights=(1.0, 0.0, 0.0) reward=-1.0109 len= 30.94 term=1.000 in_range=0.387 r1=-0.546 r2=-11.959 r3=+0.000 term_pen=+1.000 policy_loss=+0.00146 value_loss=+0.00145 kl=0.0189 gate_reason='no-op' | eval_reward=-0.0049 eval_length= 35.88
update=  66 stage=1 weights=(1.0, 0.0, 0.0) reward=-1.0105 len= 31.07 term=1.000 in_range=0.395 r1=-0.527 r2=-11.391 r3=+0.000 term_pen=+1.000 policy_loss=+0.00055 value_loss=+0.00150 kl=0.0164 gate_reason='no-op'
update=  67 stage=1 weights=(1.0, 0.0, 0.0) reward=-1.0108 len= 31.12 term=1.000 in_range=0.388 r1=-0.541 r2=-12.099 r3=+0.000 term_pen=+1.000 policy_loss=+0.00957 value_loss=+0.00198 kl=0.0253 gate_reason='no-op'
update=  68 stage=1 weights=(1.0, 0.0, 0.0) reward=-1.0106 len= 30.84 term=1.000 in_range=0.376 r1=-0.528 r2=-12.765 r3=+0.000 term_pen=+1.000 policy_loss=+0.00242 value_loss=+0.00136 kl=0.0324 gate_reason='no-op'
update=  69 stage=1 weights=(1.0, 0.0, 0.0) reward=-1.0106 len= 30.81 term=1.000 in_range=0.372 r1=-0.531 r2=-13.318 r3=+0.000 term_pen=+1.000 policy_loss=-0.01261 value_loss=+0.00141 kl=0.0404 gate_reason='no-op'
update=  70 stage=1 weights=(1.0, 0.0, 0.0) reward=-1.0102 len= 30.65 term=1.000 in_range=0.386 r1=-0.508 r2=-12.369 r3=+0.000 term_pen=+1.000 policy_loss=+0.01249 value_loss=+0.00135 kl=0.0500 gate_reason='no-op' | eval_reward=-0.0027 eval_length= 33.19
update=  71 stage=1 weights=(1.0, 0.0, 0.0) reward=-1.0096 len= 30.80 term=1.000 in_range=0.413 r1=-0.481 r2=-10.952 r3=+0.000 term_pen=+1.000 policy_loss=+0.01152 value_loss=+0.00144 kl=0.0276 gate_reason='no-op'
update=  72 stage=1 weights=(1.0, 0.0, 0.0) reward=-1.0102 len= 31.07 term=1.000 in_range=0.412 r1=-0.512 r2=-10.927 r3=+0.000 term_pen=+1.000 policy_loss=+0.00954 value_loss=+0.00147 kl=0.0352 gate_reason='no-op'
update=  73 stage=1 weights=(1.0, 0.0, 0.0) reward=-1.0101 len= 31.00 term=1.000 in_range=0.422 r1=-0.505 r2=-9.845 r3=+0.000 term_pen=+1.000 policy_loss=+0.00490 value_loss=+0.00174 kl=0.0178 gate_reason='no-op'
update=  74 stage=1 weights=(1.0, 0.0, 0.0) reward=-1.0105 len= 31.46 term=1.000 in_range=0.416 r1=-0.524 r2=-10.487 r3=+0.000 term_pen=+1.000 policy_loss=+0.00653 value_loss=+0.00182 kl=0.0330 gate_reason='no-op'
update=  75 stage=1 weights=(1.0, 0.0, 0.0) reward=-1.0104 len= 31.38 term=1.000 in_range=0.425 r1=-0.522 r2=-9.816 r3=+0.000 term_pen=+1.000 policy_loss=+0.00282 value_loss=+0.00412 kl=0.0208 gate_reason='no-op' | eval_reward=-0.0113 eval_length= 33.44
update=  76 stage=1 weights=(1.0, 0.0, 0.0) reward=-1.0110 len= 31.71 term=1.000 in_range=0.427 r1=-0.550 r2=-9.679 r3=+0.000 term_pen=+1.000 policy_loss=+0.00333 value_loss=+0.00356 kl=0.0139 gate_reason='no-op'
update=  77 stage=1 weights=(1.0, 0.0, 0.0) reward=-1.0110 len= 31.43 term=1.000 in_range=0.427 r1=-0.549 r2=-9.738 r3=+0.000 term_pen=+1.000 policy_loss=+0.00142 value_loss=+0.00309 kl=0.0125 gate_reason='no-op'
update=  78 stage=1 weights=(1.0, 0.0, 0.0) reward=-1.0112 len= 31.60 term=1.000 in_range=0.411 r1=-0.562 r2=-10.989 r3=+0.000 term_pen=+1.000 policy_loss=+0.00071 value_loss=+0.00359 kl=0.0135 gate_reason='no-op'
update=  79 stage=1 weights=(1.0, 0.0, 0.0) reward=-1.0110 len= 31.69 term=1.000 in_range=0.417 r1=-0.550 r2=-10.620 r3=+0.000 term_pen=+1.000 policy_loss=+0.00717 value_loss=+0.00892 kl=0.0208 gate_reason='no-op'
update=  80 stage=1 weights=(1.0, 0.0, 0.0) reward=-1.0108 len= 31.88 term=1.000 in_range=0.405 r1=-0.538 r2=-11.393 r3=+0.000 term_pen=+1.000 policy_loss=+0.00412 value_loss=+0.00853 kl=0.0215 gate_reason='no-op' | eval_reward=-0.0088 eval_length= 33.50
update=  81 stage=1 weights=(1.0, 0.0, 0.0) reward=-1.0112 len= 32.16 term=1.000 in_range=0.405 r1=-0.561 r2=-11.366 r3=+0.000 term_pen=+1.000 policy_loss=+0.00352 value_loss=+0.00548 kl=0.0298 gate_reason='no-op'
update=  82 stage=1 weights=(1.0, 0.0, 0.0) reward=-1.0109 len= 32.20 term=1.000 in_range=0.416 r1=-0.545 r2=-11.032 r3=+0.000 term_pen=+1.000 policy_loss=+0.00438 value_loss=+0.00704 kl=0.0147 gate_reason='no-op'
update=  83 stage=1 weights=(1.0, 0.0, 0.0) reward=-1.0106 len= 32.05 term=1.000 in_range=0.433 r1=-0.528 r2=-10.324 r3=+0.000 term_pen=+1.000 policy_loss=+0.00249 value_loss=+0.01221 kl=0.0229 gate_reason='no-op'
update=  84 stage=1 weights=(1.0, 0.0, 0.0) reward=-1.0106 len= 32.11 term=1.000 in_range=0.404 r1=-0.528 r2=-11.653 r3=+0.000 term_pen=+1.000 policy_loss=+0.00891 value_loss=+0.00284 kl=0.0377 gate_reason='no-op'
update=  85 stage=1 weights=(1.0, 0.0, 0.0) reward=-1.0107 len= 32.16 term=1.000 in_range=0.379 r1=-0.536 r2=-13.094 r3=+0.000 term_pen=+1.000 policy_loss=+0.00790 value_loss=+0.00937 kl=0.0311 gate_reason='no-op' | eval_reward=-0.0062 eval_length= 34.50
update=  86 stage=1 weights=(1.0, 0.0, 0.0) reward=-1.0106 len= 32.60 term=1.000 in_range=0.402 r1=-0.532 r2=-11.649 r3=+0.000 term_pen=+1.000 policy_loss=+0.00834 value_loss=+0.00713 kl=0.0237 gate_reason='no-op'
update=  87 stage=1 weights=(1.0, 0.0, 0.0) reward=-1.0107 len= 32.40 term=1.000 in_range=0.379 r1=-0.536 r2=-13.018 r3=+0.000 term_pen=+1.000 policy_loss=+0.01801 value_loss=+0.00363 kl=0.0283 gate_reason='no-op'
update=  88 stage=1 weights=(1.0, 0.0, 0.0) reward=-1.0107 len= 32.58 term=1.000 in_range=0.385 r1=-0.533 r2=-13.167 r3=+0.000 term_pen=+1.000 policy_loss=+0.00542 value_loss=+0.00166 kl=0.0176 gate_reason='no-op'
update=  89 stage=1 weights=(1.0, 0.0, 0.0) reward=-1.0109 len= 32.41 term=1.000 in_range=0.391 r1=-0.547 r2=-12.560 r3=+0.000 term_pen=+1.000 policy_loss=+0.00682 value_loss=+0.00140 kl=0.0235 gate_reason='no-op'
update=  90 stage=1 weights=(1.0, 0.0, 0.0) reward=-1.0106 len= 32.45 term=1.000 in_range=0.398 r1=-0.530 r2=-12.308 r3=+0.000 term_pen=+1.000 policy_loss=+0.00407 value_loss=+0.00139 kl=0.0322 gate_reason='no-op' | eval_reward=-0.0041 eval_length= 31.69
update=  91 stage=1 weights=(1.0, 0.0, 0.0) reward=-1.0105 len= 32.73 term=1.000 in_range=0.408 r1=-0.526 r2=-12.124 r3=+0.000 term_pen=+1.000 policy_loss=+0.00435 value_loss=+0.00134 kl=0.0222 gate_reason='no-op'
update=  92 stage=1 weights=(1.0, 0.0, 0.0) reward=-1.0108 len= 32.55 term=1.000 in_range=0.418 r1=-0.542 r2=-11.119 r3=+0.000 term_pen=+1.000 policy_loss=+0.01029 value_loss=+0.00135 kl=0.0286 gate_reason='no-op'
update=  93 stage=1 weights=(1.0, 0.0, 0.0) reward=-1.0107 len= 32.74 term=1.000 in_range=0.429 r1=-0.537 r2=-10.285 r3=+0.000 term_pen=+1.000 policy_loss=+0.00380 value_loss=+0.00137 kl=0.0203 gate_reason='no-op'
update=  94 stage=1 weights=(1.0, 0.0, 0.0) reward=-1.0109 len= 32.65 term=1.000 in_range=0.424 r1=-0.545 r2=-10.223 r3=+0.000 term_pen=+1.000 policy_loss=+0.00309 value_loss=+0.00125 kl=0.0177 gate_reason='no-op'
update=  95 stage=1 weights=(1.0, 0.0, 0.0) reward=-1.0110 len= 32.74 term=1.000 in_range=0.429 r1=-0.550 r2=-9.985 r3=+0.000 term_pen=+1.000 policy_loss=+0.00839 value_loss=+0.00125 kl=0.0318 gate_reason='no-op' | eval_reward=-0.0088 eval_length= 32.31
update=  96 stage=1 weights=(1.0, 0.0, 0.0) reward=-1.0107 len= 32.95 term=1.000 in_range=0.417 r1=-0.536 r2=-11.091 r3=+0.000 term_pen=+1.000 policy_loss=+0.00247 value_loss=+0.00131 kl=0.0261 gate_reason='no-op'
update=  97 stage=1 weights=(1.0, 0.0, 0.0) reward=-1.0104 len= 33.03 term=1.000 in_range=0.401 r1=-0.520 r2=-12.716 r3=+0.000 term_pen=+1.000 policy_loss=+0.00055 value_loss=+0.00127 kl=0.0192 gate_reason='no-op'
update=  98 stage=1 weights=(1.0, 0.0, 0.0) reward=-1.0102 len= 33.24 term=1.000 in_range=0.399 r1=-0.509 r2=-12.675 r3=+0.000 term_pen=+1.000 policy_loss=+0.01412 value_loss=+0.00128 kl=0.0427 gate_reason='no-op'
update=  99 stage=1 weights=(1.0, 0.0, 0.0) reward=-1.0097 len= 33.51 term=1.000 in_range=0.409 r1=-0.485 r2=-11.925 r3=+0.000 term_pen=+1.000 policy_loss=+0.00779 value_loss=+0.00127 kl=0.0291 gate_reason='no-op'
update= 100 stage=1 weights=(1.0, 0.0, 0.0) reward=-1.0098 len= 33.77 term=1.000 in_range=0.387 r1=-0.488 r2=-13.722 r3=+0.000 term_pen=+1.000 policy_loss=+0.00794 value_loss=+0.00133 kl=0.0239 gate_reason='no-op' | eval_reward=-0.0054 eval_length= 33.88
update= 101 stage=1 weights=(1.0, 0.0, 0.0) reward=-1.0094 len= 33.93 term=1.000 in_range=0.378 r1=-0.470 r2=-14.170 r3=+0.000 term_pen=+1.000 policy_loss=+0.00459 value_loss=+0.00132 kl=0.0189 gate_reason='no-op'
update= 102 stage=1 weights=(1.0, 0.0, 0.0) reward=-1.0098 len= 33.98 term=1.000 in_range=0.378 r1=-0.488 r2=-14.402 r3=+0.000 term_pen=+1.000 policy_loss=+0.01577 value_loss=+0.00133 kl=0.0241 gate_reason='no-op'
update= 103 stage=1 weights=(1.0, 0.0, 0.0) reward=-1.0095 len= 33.72 term=1.000 in_range=0.390 r1=-0.475 r2=-13.248 r3=+0.000 term_pen=+1.000 policy_loss=+0.00159 value_loss=+0.00130 kl=0.0182 gate_reason='no-op'
update= 104 stage=1 weights=(1.0, 0.0, 0.0) reward=-1.0094 len= 33.87 term=1.000 in_range=0.378 r1=-0.470 r2=-13.911 r3=+0.000 term_pen=+1.000 policy_loss=+0.01409 value_loss=+0.00126 kl=0.0293 gate_reason='no-op'
update= 105 stage=1 weights=(1.0, 0.0, 0.0) reward=-1.0090 len= 34.08 term=1.000 in_range=0.398 r1=-0.450 r2=-12.534 r3=+0.000 term_pen=+1.000 policy_loss=+0.00979 value_loss=+0.00122 kl=0.0255 gate_reason='no-op' | eval_reward=-0.0057 eval_length= 34.56
update= 106 stage=1 weights=(1.0, 0.0, 0.0) reward=-1.0093 len= 34.10 term=1.000 in_range=0.384 r1=-0.467 r2=-13.363 r3=+0.000 term_pen=+1.000 policy_loss=+0.00346 value_loss=+0.00123 kl=0.0169 gate_reason='no-op'
update= 107 stage=1 weights=(1.0, 0.0, 0.0) reward=-1.0092 len= 34.27 term=1.000 in_range=0.389 r1=-0.461 r2=-13.293 r3=+0.000 term_pen=+1.000 policy_loss=+0.01008 value_loss=+0.00125 kl=0.0254 gate_reason='no-op'
update= 108 stage=1 weights=(1.0, 0.0, 0.0) reward=-1.0092 len= 34.25 term=1.000 in_range=0.379 r1=-0.460 r2=-14.102 r3=+0.000 term_pen=+1.000 policy_loss=+0.00702 value_loss=+0.00120 kl=0.0221 gate_reason='no-op'
update= 109 stage=1 weights=(1.0, 0.0, 0.0) reward=-1.0091 len= 34.16 term=1.000 in_range=0.385 r1=-0.455 r2=-13.358 r3=+0.000 term_pen=+1.000 policy_loss=+0.01020 value_loss=+0.00117 kl=0.0321 gate_reason='no-op'
update= 110 stage=1 weights=(1.0, 0.0, 0.0) reward=-1.0094 len= 34.37 term=1.000 in_range=0.354 r1=-0.468 r2=-15.124 r3=+0.000 term_pen=+1.000 policy_loss=+0.00803 value_loss=+0.00120 kl=0.0221 gate_reason='no-op' | eval_reward=-0.0064 eval_length= 36.81
update= 111 stage=1 weights=(1.0, 0.0, 0.0) reward=-1.0092 len= 34.49 term=1.000 in_range=0.356 r1=-0.459 r2=-15.362 r3=+0.000 term_pen=+1.000 policy_loss=+0.00299 value_loss=+0.00120 kl=0.0154 gate_reason='no-op'
update= 112 stage=1 weights=(1.0, 0.0, 0.0) reward=-1.0095 len= 34.63 term=1.000 in_range=0.349 r1=-0.473 r2=-15.130 r3=+0.000 term_pen=+1.000 policy_loss=+0.01400 value_loss=+0.00123 kl=0.0373 gate_reason='no-op'
update= 113 stage=1 weights=(1.0, 0.0, 0.0) reward=-1.0094 len= 34.75 term=1.000 in_range=0.341 r1=-0.469 r2=-15.501 r3=+0.000 term_pen=+1.000 policy_loss=+0.01145 value_loss=+0.00122 kl=0.0239 gate_reason='no-op'
update= 114 stage=1 weights=(1.0, 0.0, 0.0) reward=-1.0095 len= 34.86 term=1.000 in_range=0.355 r1=-0.477 r2=-14.776 r3=+0.000 term_pen=+1.000 policy_loss=+0.00253 value_loss=+0.00122 kl=0.0167 gate_reason='no-op'
update= 115 stage=1 weights=(1.0, 0.0, 0.0) reward=-1.0095 len= 35.01 term=1.000 in_range=0.354 r1=-0.476 r2=-14.552 r3=+0.000 term_pen=+1.000 policy_loss=+0.00967 value_loss=+0.00115 kl=0.0242 gate_reason='no-op' | eval_reward=-0.0094 eval_length= 36.56
update= 116 stage=1 weights=(1.0, 0.0, 0.0) reward=-1.0095 len= 35.10 term=1.000 in_range=0.375 r1=-0.473 r2=-13.353 r3=+0.000 term_pen=+1.000 policy_loss=+0.00750 value_loss=+0.00119 kl=0.0279 gate_reason='no-op'
update= 117 stage=1 weights=(1.0, 0.0, 0.0) reward=-1.0093 len= 34.88 term=1.000 in_range=0.382 r1=-0.466 r2=-13.388 r3=+0.000 term_pen=+1.000 policy_loss=+0.00477 value_loss=+0.00121 kl=0.0188 gate_reason='no-op'
update= 118 stage=1 weights=(1.0, 0.0, 0.0) reward=-1.0092 len= 35.10 term=1.000 in_range=0.376 r1=-0.462 r2=-14.016 r3=+0.000 term_pen=+1.000 policy_loss=+0.00953 value_loss=+0.00118 kl=0.0251 gate_reason='no-op'
update= 119 stage=1 weights=(1.0, 0.0, 0.0) reward=-1.0095 len= 35.16 term=1.000 in_range=0.389 r1=-0.475 r2=-13.186 r3=+0.000 term_pen=+1.000 policy_loss=+0.01081 value_loss=+0.00125 kl=0.0402 gate_reason='no-op'
update= 120 stage=1 weights=(1.0, 0.0, 0.0) reward=-1.0095 len= 35.28 term=1.000 in_range=0.390 r1=-0.476 r2=-13.775 r3=+0.000 term_pen=+1.000 policy_loss=+0.00835 value_loss=+0.00130 kl=0.0222 gate_reason='no-op' | eval_reward=-0.0130 eval_length= 36.12
update= 121 stage=1 weights=(1.0, 0.0, 0.0) reward=-1.0096 len= 35.35 term=1.000 in_range=0.376 r1=-0.479 r2=-14.824 r3=+0.000 term_pen=+1.000 policy_loss=+0.00446 value_loss=+0.00128 kl=0.0172 gate_reason='no-op'
update= 122 stage=1 weights=(1.0, 0.0, 0.0) reward=-1.0094 len= 35.19 term=1.000 in_range=0.382 r1=-0.469 r2=-14.211 r3=+0.000 term_pen=+1.000 policy_loss=+0.00540 value_loss=+0.00134 kl=0.0253 gate_reason='no-op'
update= 123 stage=1 weights=(1.0, 0.0, 0.0) reward=-1.0092 len= 35.22 term=1.000 in_range=0.382 r1=-0.459 r2=-14.584 r3=+0.000 term_pen=+1.000 policy_loss=+0.00463 value_loss=+0.00118 kl=0.0191 gate_reason='no-op'
update= 124 stage=1 weights=(1.0, 0.0, 0.0) reward=-1.0090 len= 35.11 term=1.000 in_range=0.380 r1=-0.452 r2=-14.765 r3=+0.000 term_pen=+1.000 policy_loss=-0.00079 value_loss=+0.00124 kl=0.0153 gate_reason='no-op'
update= 125 stage=1 weights=(1.0, 0.0, 0.0) reward=-1.0091 len= 35.30 term=1.000 in_range=0.381 r1=-0.453 r2=-14.423 r3=+0.000 term_pen=+1.000 policy_loss=-0.00005 value_loss=+0.00141 kl=0.0146 gate_reason='no-op' | eval_reward=-0.0094 eval_length= 35.38
update= 126 stage=1 weights=(1.0, 0.0, 0.0) reward=-1.0095 len= 35.53 term=1.000 in_range=0.393 r1=-0.475 r2=-13.471 r3=+0.000 term_pen=+1.000 policy_loss=+0.00210 value_loss=+0.00177 kl=0.0177 gate_reason='no-op'
update= 127 stage=1 weights=(1.0, 0.0, 0.0) reward=-1.0094 len= 35.30 term=1.000 in_range=0.385 r1=-0.468 r2=-14.026 r3=+0.000 term_pen=+1.000 policy_loss=+0.00576 value_loss=+0.00132 kl=0.0191 gate_reason='no-op'
update= 128 stage=1 weights=(1.0, 0.0, 0.0) reward=-1.0092 len= 35.38 term=1.000 in_range=0.384 r1=-0.461 r2=-14.141 r3=+0.000 term_pen=+1.000 policy_loss=+0.00409 value_loss=+0.00123 kl=0.0164 gate_reason='no-op'
update= 129 stage=1 weights=(1.0, 0.0, 0.0) reward=-1.0093 len= 35.33 term=1.000 in_range=0.407 r1=-0.465 r2=-12.437 r3=+0.000 term_pen=+1.000 policy_loss=+0.00619 value_loss=+0.00112 kl=0.0214 gate_reason='no-op'
update= 130 stage=1 weights=(1.0, 0.0, 0.0) reward=-1.0093 len= 35.35 term=1.000 in_range=0.377 r1=-0.465 r2=-14.930 r3=+0.000 term_pen=+1.000 policy_loss=+0.00129 value_loss=+0.00115 kl=0.0139 gate_reason='no-op' | eval_reward=-0.0129 eval_length= 35.81
update= 131 stage=1 weights=(1.0, 0.0, 0.0) reward=-1.0093 len= 35.49 term=1.000 in_range=0.387 r1=-0.467 r2=-13.974 r3=+0.000 term_pen=+1.000 policy_loss=+0.00453 value_loss=+0.00112 kl=0.0180 gate_reason='no-op'
update= 132 stage=1 weights=(1.0, 0.0, 0.0) reward=-1.0092 len= 35.50 term=1.000 in_range=0.369 r1=-0.458 r2=-15.242 r3=+0.000 term_pen=+1.000 policy_loss=+0.00457 value_loss=+0.00115 kl=0.0263 gate_reason='no-op'
update= 133 stage=1 weights=(1.0, 0.0, 0.0) reward=-1.0092 len= 35.50 term=1.000 in_range=0.358 r1=-0.461 r2=-16.454 r3=+0.000 term_pen=+1.000 policy_loss=+0.00610 value_loss=+0.00111 kl=0.0217 gate_reason='no-op'
update= 134 stage=1 weights=(1.0, 0.0, 0.0) reward=-1.0092 len= 35.78 term=1.000 in_range=0.383 r1=-0.462 r2=-13.782 r3=+0.000 term_pen=+1.000 policy_loss=+0.00264 value_loss=+0.00111 kl=0.0168 gate_reason='no-op'
update= 135 stage=1 weights=(1.0, 0.0, 0.0) reward=-1.0093 len= 35.88 term=1.000 in_range=0.376 r1=-0.463 r2=-14.638 r3=+0.000 term_pen=+1.000 policy_loss=+0.00676 value_loss=+0.00108 kl=0.0352 gate_reason='no-op' | eval_reward=-0.0118 eval_length= 35.94
update= 136 stage=1 weights=(1.0, 0.0, 0.0) reward=-1.0090 len= 35.94 term=1.000 in_range=0.365 r1=-0.449 r2=-15.215 r3=+0.000 term_pen=+1.000 policy_loss=+0.00839 value_loss=+0.00113 kl=0.0220 gate_reason='no-op'
update= 137 stage=1 weights=(1.0, 0.0, 0.0) reward=-1.0092 len= 35.79 term=1.000 in_range=0.366 r1=-0.461 r2=-14.527 r3=+0.000 term_pen=+1.000 policy_loss=+0.00733 value_loss=+0.00115 kl=0.0290 gate_reason='no-op'
update= 138 stage=1 weights=(1.0, 0.0, 0.0) reward=-1.0091 len= 36.18 term=1.000 in_range=0.368 r1=-0.455 r2=-14.518 r3=+0.000 term_pen=+1.000 policy_loss=+0.01034 value_loss=+0.00140 kl=0.0265 gate_reason='no-op'
update= 139 stage=1 weights=(1.0, 0.0, 0.0) reward=-1.0090 len= 36.26 term=1.000 in_range=0.359 r1=-0.452 r2=-14.659 r3=+0.000 term_pen=+1.000 policy_loss=+0.01017 value_loss=+0.00108 kl=0.0277 gate_reason='no-op'
update= 140 stage=1 weights=(1.0, 0.0, 0.0) reward=-1.0092 len= 36.10 term=1.000 in_range=0.347 r1=-0.460 r2=-14.221 r3=+0.000 term_pen=+1.000 policy_loss=+0.01125 value_loss=+0.00119 kl=0.0252 gate_reason='no-op' | eval_reward=-0.0087 eval_length= 36.75
update= 141 stage=1 weights=(1.0, 0.0, 0.0) reward=-1.0095 len= 36.14 term=1.000 in_range=0.323 r1=-0.474 r2=-14.496 r3=+0.000 term_pen=+1.000 policy_loss=+0.00928 value_loss=+0.00100 kl=0.0411 gate_reason='no-op'
update= 142 stage=1 weights=(1.0, 0.0, 0.0) reward=-1.0091 len= 35.53 term=1.000 in_range=0.277 r1=-0.456 r2=-17.662 r3=+0.000 term_pen=+1.000 policy_loss=+0.00228 value_loss=+0.00094 kl=0.0177 gate_reason='no-op'
update= 143 stage=1 weights=(1.0, 0.0, 0.0) reward=-1.0090 len= 35.25 term=1.000 in_range=0.278 r1=-0.449 r2=-18.654 r3=+0.000 term_pen=+1.000 policy_loss=+0.00647 value_loss=+0.00090 kl=0.0186 gate_reason='no-op'
update= 144 stage=1 weights=(1.0, 0.0, 0.0) reward=-1.0090 len= 35.02 term=1.000 in_range=0.281 r1=-0.451 r2=-18.999 r3=+0.000 term_pen=+1.000 policy_loss=+0.00419 value_loss=+0.00086 kl=0.0194 gate_reason='no-op'
update= 145 stage=1 weights=(1.0, 0.0, 0.0) reward=-1.0092 len= 35.78 term=1.000 in_range=0.300 r1=-0.460 r2=-17.265 r3=+0.000 term_pen=+1.000 policy_loss=+0.00468 value_loss=+0.00094 kl=0.0182 gate_reason='no-op' | eval_reward=-0.0077 eval_length= 38.44
update= 146 stage=1 weights=(1.0, 0.0, 0.0) reward=-1.0090 len= 35.76 term=1.000 in_range=0.295 r1=-0.450 r2=-16.922 r3=+0.000 term_pen=+1.000 policy_loss=+0.00287 value_loss=+0.00092 kl=0.0150 gate_reason='no-op'
update= 147 stage=1 weights=(1.0, 0.0, 0.0) reward=-1.0094 len= 36.57 term=1.000 in_range=0.325 r1=-0.471 r2=-14.362 r3=+0.000 term_pen=+1.000 policy_loss=+0.00187 value_loss=+0.00101 kl=0.0148 gate_reason='no-op'
update= 148 stage=1 weights=(1.0, 0.0, 0.0) reward=-1.0093 len= 36.72 term=1.000 in_range=0.350 r1=-0.463 r2=-11.876 r3=+0.000 term_pen=+1.000 policy_loss=+0.00252 value_loss=+0.00102 kl=0.0150 gate_reason='no-op'
update= 149 stage=1 weights=(1.0, 0.0, 0.0) reward=-1.0093 len= 36.79 term=1.000 in_range=0.353 r1=-0.466 r2=-11.447 r3=+0.000 term_pen=+1.000 policy_loss=+0.00955 value_loss=+0.00102 kl=0.0237 gate_reason='no-op'
update= 150 stage=1 weights=(1.0, 0.0, 0.0) reward=-1.0095 len= 36.77 term=1.000 in_range=0.376 r1=-0.476 r2=-9.628 r3=+0.000 term_pen=+1.000 policy_loss=+0.00248 value_loss=+0.00103 kl=0.0131 gate_reason='no-op' | eval_reward=-0.0132 eval_length= 37.75
update= 151 stage=1 weights=(1.0, 0.0, 0.0) reward=-1.0092 len= 36.72 term=1.000 in_range=0.381 r1=-0.461 r2=-9.427 r3=+0.000 term_pen=+1.000 policy_loss=+0.00679 value_loss=+0.00103 kl=0.0269 gate_reason='no-op'
update= 152 stage=1 weights=(1.0, 0.0, 0.0) reward=-1.0092 len= 36.54 term=1.000 in_range=0.377 r1=-0.461 r2=-11.107 r3=+0.000 term_pen=+1.000 policy_loss=+0.01242 value_loss=+0.00099 kl=0.0262 gate_reason='no-op'
update= 153 stage=1 weights=(1.0, 0.0, 0.0) reward=-1.0090 len= 36.32 term=1.000 in_range=0.393 r1=-0.449 r2=-9.730 r3=+0.000 term_pen=+1.000 policy_loss=-0.00078 value_loss=+0.00098 kl=0.0127 gate_reason='no-op'
update= 154 stage=1 weights=(1.0, 0.0, 0.0) reward=-1.0093 len= 36.60 term=1.000 in_range=0.391 r1=-0.464 r2=-10.243 r3=+0.000 term_pen=+1.000 policy_loss=+0.00446 value_loss=+0.00128 kl=0.0177 gate_reason='no-op'
update= 155 stage=1 weights=(1.0, 0.0, 0.0) reward=-1.0090 len= 36.28 term=1.000 in_range=0.416 r1=-0.448 r2=-8.847 r3=+0.000 term_pen=+1.000 policy_loss=-0.00083 value_loss=+0.00198 kl=0.0115 gate_reason='no-op' | eval_reward=-0.0096 eval_length= 35.50
update= 156 stage=1 weights=(1.0, 0.0, 0.0) reward=-1.0091 len= 36.51 term=1.000 in_range=0.407 r1=-0.454 r2=-9.212 r3=+0.000 term_pen=+1.000 policy_loss=+0.01198 value_loss=+0.00377 kl=0.0389 gate_reason='no-op'
update= 157 stage=1 weights=(1.0, 0.0, 0.0) reward=-1.0091 len= 36.71 term=1.000 in_range=0.397 r1=-0.455 r2=-7.690 r3=+0.000 term_pen=+1.000 policy_loss=+0.01346 value_loss=+0.00891 kl=0.0237 gate_reason='no-op'
update= 158 stage=1 weights=(1.0, 0.0, 0.0) reward=-1.0091 len= 37.09 term=1.000 in_range=0.383 r1=-0.454 r2=-9.769 r3=+0.000 term_pen=+1.000 policy_loss=+0.01433 value_loss=+0.00287 kl=0.0216 gate_reason='no-op'
update= 159 stage=1 weights=(1.0, 0.0, 0.0) reward=-1.0092 len= 36.87 term=1.000 in_range=0.398 r1=-0.459 r2=-8.797 r3=+0.000 term_pen=+1.000 policy_loss=+0.01196 value_loss=+0.01384 kl=0.0231 gate_reason='no-op'
update= 160 stage=1 weights=(1.0, 0.0, 0.0) reward=-1.0090 len= 37.13 term=1.000 in_range=0.379 r1=-0.452 r2=-8.827 r3=+0.000 term_pen=+1.000 policy_loss=+0.01064 value_loss=+0.04582 kl=0.0170 gate_reason='no-op' | eval_reward=-0.0129 eval_length= 38.25
update= 161 stage=1 weights=(1.0, 0.0, 0.0) reward=-1.0091 len= 37.12 term=1.000 in_range=0.367 r1=-0.457 r2=-9.614 r3=+0.000 term_pen=+1.000 policy_loss=+0.00336 value_loss=+0.01923 kl=0.0102 gate_reason='no-op'
update= 162 stage=1 weights=(1.0, 0.0, 0.0) reward=-1.0088 len= 36.94 term=1.000 in_range=0.381 r1=-0.439 r2=-9.159 r3=+0.000 term_pen=+1.000 policy_loss=+0.00212 value_loss=+0.01038 kl=0.0134 gate_reason='no-op'
update= 163 stage=1 weights=(1.0, 0.0, 0.0) reward=-1.0089 len= 37.08 term=1.000 in_range=0.396 r1=-0.447 r2=-8.197 r3=+0.000 term_pen=+1.000 policy_loss=+0.00265 value_loss=+0.00132 kl=0.0192 gate_reason='no-op'
update= 164 stage=1 weights=(1.0, 0.0, 0.0) reward=-1.0089 len= 36.63 term=1.000 in_range=0.410 r1=-0.444 r2=-7.161 r3=+0.000 term_pen=+1.000 policy_loss=+0.00930 value_loss=+0.00117 kl=0.0231 gate_reason='no-op'
update= 165 stage=1 weights=(1.0, 0.0, 0.0) reward=-1.0086 len= 36.49 term=1.000 in_range=0.422 r1=-0.429 r2=-6.376 r3=+0.000 term_pen=+1.000 policy_loss=+0.00559 value_loss=+0.00102 kl=0.0202 gate_reason='no-op' | eval_reward=-0.0106 eval_length= 36.81
update= 166 stage=1 weights=(1.0, 0.0, 0.0) reward=-1.0085 len= 36.57 term=1.000 in_range=0.416 r1=-0.427 r2=-8.135 r3=+0.000 term_pen=+1.000 policy_loss=+0.00075 value_loss=+0.00101 kl=0.0111 gate_reason='no-op'
update= 167 stage=1 weights=(1.0, 0.0, 0.0) reward=-1.0086 len= 36.45 term=1.000 in_range=0.411 r1=-0.429 r2=-8.755 r3=+0.000 term_pen=+1.000 policy_loss=+0.00443 value_loss=+0.00102 kl=0.0164 gate_reason='no-op'
update= 168 stage=1 weights=(1.0, 0.0, 0.0) reward=-1.0086 len= 36.71 term=1.000 in_range=0.412 r1=-0.429 r2=-8.741 r3=+0.000 term_pen=+1.000 policy_loss=+0.00597 value_loss=+0.00101 kl=0.0178 gate_reason='no-op'
update= 169 stage=1 weights=(1.0, 0.0, 0.0) reward=-1.0087 len= 36.64 term=1.000 in_range=0.416 r1=-0.433 r2=-8.324 r3=+0.000 term_pen=+1.000 policy_loss=+0.00591 value_loss=+0.00095 kl=0.0156 gate_reason='no-op'
update= 170 stage=1 weights=(1.0, 0.0, 0.0) reward=-1.0087 len= 36.98 term=1.000 in_range=0.399 r1=-0.437 r2=-8.655 r3=+0.000 term_pen=+1.000 policy_loss=+0.00330 value_loss=+0.00093 kl=0.0155 gate_reason='no-op' | eval_reward=-0.0099 eval_length= 37.38
update= 171 stage=1 weights=(1.0, 0.0, 0.0) reward=-1.0088 len= 36.88 term=1.000 in_range=0.413 r1=-0.440 r2=-7.478 r3=+0.000 term_pen=+1.000 policy_loss=+0.01184 value_loss=+0.00097 kl=0.0295 gate_reason='no-op'
update= 172 stage=1 weights=(1.0, 0.0, 0.0) reward=-1.0086 len= 36.99 term=1.000 in_range=0.375 r1=-0.431 r2=-10.851 r3=+0.000 term_pen=+1.000 policy_loss=+0.00155 value_loss=+0.00096 kl=0.0130 gate_reason='no-op'
update= 173 stage=1 weights=(1.0, 0.0, 0.0) reward=-1.0088 len= 37.18 term=1.000 in_range=0.378 r1=-0.440 r2=-10.020 r3=+0.000 term_pen=+1.000 policy_loss=+0.00977 value_loss=+0.00097 kl=0.0223 gate_reason='no-op'
update= 174 stage=1 weights=(1.0, 0.0, 0.0) reward=-1.0088 len= 37.20 term=1.000 in_range=0.373 r1=-0.440 r2=-10.289 r3=+0.000 term_pen=+1.000 policy_loss=+0.00848 value_loss=+0.00093 kl=0.0217 gate_reason='no-op'
update= 175 stage=1 weights=(1.0, 0.0, 0.0) reward=-1.0089 len= 37.39 term=1.000 in_range=0.380 r1=-0.447 r2=-9.515 r3=+0.000 term_pen=+1.000 policy_loss=+0.00683 value_loss=+0.00094 kl=0.0199 gate_reason='no-op' | eval_reward=-0.0115 eval_length= 40.44
update= 176 stage=1 weights=(1.0, 0.0, 0.0) reward=-1.0088 len= 36.98 term=1.000 in_range=0.413 r1=-0.442 r2=-7.421 r3=+0.000 term_pen=+1.000 policy_loss=+0.01342 value_loss=+0.00091 kl=0.0273 gate_reason='no-op'
update= 177 stage=1 weights=(1.0, 0.0, 0.0) reward=-1.0086 len= 37.13 term=1.000 in_range=0.351 r1=-0.432 r2=-12.147 r3=+0.000 term_pen=+1.000 policy_loss=+0.00846 value_loss=+0.00087 kl=0.0206 gate_reason='no-op'
update= 178 stage=1 weights=(1.0, 0.0, 0.0) reward=-1.0085 len= 37.18 term=1.000 in_range=0.353 r1=-0.425 r2=-11.715 r3=+0.000 term_pen=+1.000 policy_loss=+0.00300 value_loss=+0.00087 kl=0.0145 gate_reason='no-op'
update= 179 stage=1 weights=(1.0, 0.0, 0.0) reward=-1.0086 len= 37.45 term=1.000 in_range=0.347 r1=-0.430 r2=-12.888 r3=+0.000 term_pen=+1.000 policy_loss=+0.00489 value_loss=+0.00090 kl=0.0183 gate_reason='no-op'
update= 180 stage=1 weights=(1.0, 0.0, 0.0) reward=-1.0086 len= 36.90 term=1.000 in_range=0.323 r1=-0.428 r2=-14.167 r3=+0.000 term_pen=+1.000 policy_loss=+0.00516 value_loss=+0.00085 kl=0.0165 gate_reason='no-op' | eval_reward=-0.0121 eval_length= 44.12
update= 181 stage=1 weights=(1.0, 0.0, 0.0) reward=-1.0087 len= 37.42 term=1.000 in_range=0.388 r1=-0.437 r2=-8.773 r3=+0.000 term_pen=+1.000 policy_loss=+0.00689 value_loss=+0.00088 kl=0.0203 gate_reason='no-op'
update= 182 stage=1 weights=(1.0, 0.0, 0.0) reward=-1.0088 len= 37.43 term=1.000 in_range=0.408 r1=-0.438 r2=-7.510 r3=+0.000 term_pen=+1.000 policy_loss=+0.00883 value_loss=+0.00093 kl=0.0258 gate_reason='no-op'
update= 183 stage=1 weights=(1.0, 0.0, 0.0) reward=-1.0087 len= 37.41 term=1.000 in_range=0.347 r1=-0.434 r2=-12.218 r3=+0.000 term_pen=+1.000 policy_loss=+0.00954 value_loss=+0.00086 kl=0.0223 gate_reason='no-op'
update= 184 stage=1 weights=(1.0, 0.0, 0.0) reward=-1.0086 len= 37.44 term=1.000 in_range=0.377 r1=-0.432 r2=-10.578 r3=+0.000 term_pen=+1.000 policy_loss=+0.01074 value_loss=+0.00090 kl=0.0257 gate_reason='no-op'
update= 185 stage=1 weights=(1.0, 0.0, 0.0) reward=-1.0082 len= 37.07 term=1.000 in_range=0.363 r1=-0.409 r2=-11.797 r3=+0.000 term_pen=+1.000 policy_loss=+0.00705 value_loss=+0.00084 kl=0.0349 gate_reason='no-op' | eval_reward=-0.0137 eval_length= 40.06
update= 186 stage=1 weights=(1.0, 0.0, 0.0) reward=-1.0085 len= 37.31 term=1.000 in_range=0.376 r1=-0.427 r2=-9.891 r3=+0.000 term_pen=+1.000 policy_loss=+0.00792 value_loss=+0.00082 kl=0.0206 gate_reason='no-op'
update= 187 stage=1 weights=(1.0, 0.0, 0.0) reward=-1.0083 len= 37.15 term=1.000 in_range=0.391 r1=-0.417 r2=-8.842 r3=+0.000 term_pen=+1.000 policy_loss=+0.01577 value_loss=+0.00082 kl=0.0576 gate_reason='no-op'
update= 188 stage=1 weights=(1.0, 0.0, 0.0) reward=-1.0081 len= 36.60 term=1.000 in_range=0.408 r1=-0.407 r2=-9.481 r3=+0.000 term_pen=+1.000 policy_loss=+0.00830 value_loss=+0.00082 kl=0.0247 gate_reason='no-op'
update= 189 stage=1 weights=(1.0, 0.0, 0.0) reward=-1.0079 len= 36.76 term=1.000 in_range=0.407 r1=-0.393 r2=-9.666 r3=+0.000 term_pen=+1.000 policy_loss=+0.00739 value_loss=+0.00082 kl=0.0212 gate_reason='no-op'
update= 190 stage=1 weights=(1.0, 0.0, 0.0) reward=-1.0076 len= 36.64 term=1.000 in_range=0.425 r1=-0.381 r2=-9.163 r3=+0.000 term_pen=+1.000 policy_loss=+0.00771 value_loss=+0.00080 kl=0.0210 gate_reason='no-op' | eval_reward=-0.0084 eval_length= 35.62
update= 191 stage=1 weights=(1.0, 0.0, 0.0) reward=-1.0078 len= 36.64 term=1.000 in_range=0.429 r1=-0.391 r2=-8.316 r3=+0.000 term_pen=+1.000 policy_loss=+0.01573 value_loss=+0.00079 kl=0.0496 gate_reason='no-op'
update= 192 stage=1 weights=(1.0, 0.0, 0.0) reward=-1.0080 len= 37.13 term=1.000 in_range=0.435 r1=-0.398 r2=-7.505 r3=+0.000 term_pen=+1.000 policy_loss=+0.00958 value_loss=+0.00081 kl=0.0376 gate_reason='no-op'
update= 193 stage=1 weights=(1.0, 0.0, 0.0) reward=-1.0081 len= 37.68 term=1.000 in_range=0.418 r1=-0.405 r2=-8.309 r3=+0.000 term_pen=+1.000 policy_loss=+0.01028 value_loss=+0.00086 kl=0.0216 gate_reason='no-op'
update= 194 stage=1 weights=(1.0, 0.0, 0.0) reward=-1.0079 len= 37.52 term=1.000 in_range=0.423 r1=-0.397 r2=-8.446 r3=+0.000 term_pen=+1.000 policy_loss=+0.00003 value_loss=+0.00087 kl=0.0097 gate_reason='no-op'
update= 195 stage=1 weights=(1.0, 0.0, 0.0) reward=-1.0078 len= 37.37 term=1.000 in_range=0.418 r1=-0.391 r2=-8.755 r3=+0.000 term_pen=+1.000 policy_loss=+0.00604 value_loss=+0.00081 kl=0.0216 gate_reason='no-op' | eval_reward=-0.0097 eval_length= 38.94
update= 196 stage=1 weights=(1.0, 0.0, 0.0) reward=-1.0078 len= 38.19 term=1.000 in_range=0.362 r1=-0.391 r2=-12.465 r3=+0.000 term_pen=+1.000 policy_loss=+0.01222 value_loss=+0.00086 kl=0.0241 gate_reason='no-op'
update= 197 stage=1 weights=(1.0, 0.0, 0.0) reward=-1.0083 len= 38.76 term=1.000 in_range=0.364 r1=-0.413 r2=-11.596 r3=+0.000 term_pen=+1.000 policy_loss=+0.01181 value_loss=+0.00088 kl=0.0252 gate_reason='no-op'
update= 198 stage=1 weights=(1.0, 0.0, 0.0) reward=-1.0082 len= 39.29 term=1.000 in_range=0.371 r1=-0.408 r2=-11.287 r3=+0.000 term_pen=+1.000 policy_loss=+0.00334 value_loss=+0.00093 kl=0.0157 gate_reason='no-op'
update= 199 stage=1 weights=(1.0, 0.0, 0.0) reward=-1.0084 len= 39.62 term=1.000 in_range=0.396 r1=-0.422 r2=-9.333 r3=+0.000 term_pen=+1.000 policy_loss=+0.01035 value_loss=+0.00098 kl=0.0232 gate_reason='no-op'
update= 200 stage=1 weights=(1.0, 0.0, 0.0) reward=-1.0085 len= 39.85 term=1.000 in_range=0.381 r1=-0.425 r2=-10.158 r3=+0.000 term_pen=+1.000 policy_loss=+0.01814 value_loss=+0.00098 kl=0.0513 gate_reason='no-op' | eval_reward=-0.0150 eval_length= 43.50
update= 201 stage=1 weights=(1.0, 0.0, 0.0) reward=-1.0087 len= 40.80 term=1.000 in_range=0.367 r1=-0.434 r2=-9.341 r3=+0.000 term_pen=+1.000 policy_loss=+0.01176 value_loss=+0.00111 kl=0.0220 gate_reason='no-op'
update= 202 stage=1 weights=(1.0, 0.0, 0.0) reward=-1.0087 len= 40.78 term=1.000 in_range=0.375 r1=-0.437 r2=-8.448 r3=+0.000 term_pen=+1.000 policy_loss=+0.00390 value_loss=+0.00104 kl=0.0160 gate_reason='no-op'
update= 203 stage=1 weights=(1.0, 0.0, 0.0) reward=-1.0088 len= 40.75 term=1.000 in_range=0.364 r1=-0.442 r2=-8.546 r3=+0.000 term_pen=+1.000 policy_loss=+0.00424 value_loss=+0.00102 kl=0.0169 gate_reason='no-op'
update= 204 stage=1 weights=(1.0, 0.0, 0.0) reward=-1.0088 len= 41.31 term=1.000 in_range=0.373 r1=-0.442 r2=-7.623 r3=+0.000 term_pen=+1.000 policy_loss=+0.00122 value_loss=+0.00108 kl=0.0133 gate_reason='no-op'
update= 205 stage=1 weights=(1.0, 0.0, 0.0) reward=-1.0089 len= 41.32 term=1.000 in_range=0.384 r1=-0.445 r2=-5.927 r3=+0.000 term_pen=+1.000 policy_loss=+0.00684 value_loss=+0.00105 kl=0.0193 gate_reason='no-op' | eval_reward=-0.0104 eval_length= 56.56
update= 206 stage=1 weights=(1.0, 0.0, 0.0) reward=-1.0091 len= 41.52 term=1.000 in_range=0.373 r1=-0.455 r2=-4.695 r3=+0.000 term_pen=+1.000 policy_loss=+0.00794 value_loss=+0.00106 kl=0.0294 gate_reason='no-op'
update= 207 stage=1 weights=(1.0, 0.0, 0.0) reward=-1.0091 len= 42.23 term=1.000 in_range=0.382 r1=-0.455 r2=-1.906 r3=+0.000 term_pen=+1.000 policy_loss=+0.00460 value_loss=+0.00108 kl=0.0160 gate_reason='no-op'
update= 208 stage=1 weights=(1.0, 0.0, 0.0) reward=-1.0092 len= 42.79 term=1.000 in_range=0.390 r1=-0.462 r2=-0.671 r3=+0.000 term_pen=+1.000 policy_loss=+0.00877 value_loss=+0.00111 kl=0.0288 gate_reason='no-op'
update= 209 stage=1 weights=(1.0, 0.0, 0.0) reward=-1.0089 len= 42.81 term=1.000 in_range=0.347 r1=-0.444 r2=-3.223 r3=+0.000 term_pen=+1.000 policy_loss=+0.01510 value_loss=+0.00119 kl=0.0307 gate_reason='no-op'
update= 210 stage=1 weights=(1.0, 0.0, 0.0) reward=-1.0089 len= 42.86 term=1.000 in_range=0.366 r1=-0.444 r2=-2.172 r3=+0.000 term_pen=+1.000 policy_loss=+0.01600 value_loss=+0.00116 kl=0.0301 gate_reason='no-op' | eval_reward=-0.0083 eval_length= 62.00  [new_best]
update= 211 stage=1 weights=(1.0, 0.0, 0.0) reward=-1.0090 len= 42.88 term=1.000 in_range=0.406 r1=-0.451 r2=-0.535 r3=+0.000 term_pen=+1.000 policy_loss=+0.01361 value_loss=+0.00109 kl=0.0269 gate_reason='no-op'
update= 212 stage=1 weights=(1.0, 0.0, 0.0) reward=-1.0089 len= 43.17 term=1.000 in_range=0.413 r1=-0.446 r2=+0.588 r3=+0.000 term_pen=+1.000 policy_loss=+0.01006 value_loss=+0.00111 kl=0.0252 gate_reason='no-op'
update= 213 stage=1 weights=(1.0, 0.0, 0.0) reward=-1.0092 len= 42.82 term=1.000 in_range=0.381 r1=-0.462 r2=-1.652 r3=+0.000 term_pen=+1.000 policy_loss=+0.01758 value_loss=+0.00110 kl=0.0461 gate_reason='no-op'
update= 214 stage=1 weights=(1.0, 0.0, 0.0) reward=-1.0090 len= 42.93 term=1.000 in_range=0.377 r1=-0.449 r2=-2.556 r3=+0.000 term_pen=+1.000 policy_loss=+0.01023 value_loss=+0.00111 kl=0.0297 gate_reason='no-op'
update= 215 stage=1 weights=(1.0, 0.0, 0.0) reward=-1.0089 len= 42.74 term=1.000 in_range=0.376 r1=-0.443 r2=-3.729 r3=+0.000 term_pen=+1.000 policy_loss=+0.00466 value_loss=+0.00108 kl=0.0153 gate_reason='no-op' | eval_reward=-0.0101 eval_length= 55.75
update= 216 stage=1 weights=(1.0, 0.0, 0.0) reward=-1.0088 len= 43.48 term=1.000 in_range=0.401 r1=-0.440 r2=-1.671 r3=+0.000 term_pen=+1.000 policy_loss=+0.00789 value_loss=+0.00113 kl=0.0207 gate_reason='no-op'
update= 217 stage=1 weights=(1.0, 0.0, 0.0) reward=-1.0089 len= 43.84 term=1.000 in_range=0.407 r1=-0.445 r2=+0.226 r3=+0.000 term_pen=+1.000 policy_loss=+0.01202 value_loss=+0.00111 kl=0.0411 gate_reason='no-op'
update= 218 stage=1 weights=(1.0, 0.0, 0.0) reward=-1.0085 len= 43.08 term=1.000 in_range=0.336 r1=-0.424 r2=-3.388 r3=+0.000 term_pen=+1.000 policy_loss=+0.01137 value_loss=+0.00113 kl=0.0247 gate_reason='no-op'
update= 219 stage=1 weights=(1.0, 0.0, 0.0) reward=-1.0087 len= 44.29 term=1.000 in_range=0.392 r1=-0.435 r2=+0.831 r3=+0.000 term_pen=+1.000 policy_loss=+0.01111 value_loss=+0.00117 kl=0.0260 gate_reason='no-op'
update= 220 stage=1 weights=(1.0, 0.0, 0.0) reward=-1.0087 len= 43.54 term=1.000 in_range=0.373 r1=-0.436 r2=-0.663 r3=+0.000 term_pen=+1.000 policy_loss=+0.01567 value_loss=+0.00111 kl=0.0296 gate_reason='no-op' | eval_reward=-0.0090 eval_length= 59.50
update= 221 stage=1 weights=(1.0, 0.0, 0.0) reward=-1.0090 len= 44.34 term=1.000 in_range=0.387 r1=-0.448 r2=+0.604 r3=+0.000 term_pen=+1.000 policy_loss=-0.00232 value_loss=+0.00114 kl=0.0290 gate_reason='no-op'
update= 222 stage=1 weights=(1.0, 0.0, 0.0) reward=-1.0091 len= 43.18 term=1.000 in_range=0.420 r1=-0.454 r2=+1.781 r3=+0.000 term_pen=+1.000 policy_loss=+0.00926 value_loss=+0.00117 kl=0.0344 gate_reason='no-op'
update= 223 stage=1 weights=(1.0, 0.0, 0.0) reward=-1.0094 len= 41.92 term=1.000 in_range=0.455 r1=-0.469 r2=+4.449 r3=+0.000 term_pen=+1.000 policy_loss=+0.00930 value_loss=+0.00113 kl=0.0219 gate_reason='no-op'
update= 224 stage=1 weights=(1.0, 0.0, 0.0) reward=-1.0094 len= 41.70 term=1.000 in_range=0.462 r1=-0.468 r2=+4.513 r3=+0.000 term_pen=+1.000 policy_loss=+0.00219 value_loss=+0.00109 kl=0.0151 gate_reason='no-op'
update= 225 stage=1 weights=(1.0, 0.0, 0.0) reward=-1.0095 len= 41.11 term=1.000 in_range=0.463 r1=-0.473 r2=+4.763 r3=+0.000 term_pen=+1.000 policy_loss=+0.00928 value_loss=+0.00100 kl=0.0230 gate_reason='no-op' | eval_reward=-0.0120 eval_length= 45.00
update= 226 stage=1 weights=(1.0, 0.0, 0.0) reward=-1.0090 len= 41.86 term=1.000 in_range=0.451 r1=-0.449 r2=+3.973 r3=+0.000 term_pen=+1.000 policy_loss=+0.01011 value_loss=+0.00095 kl=0.0226 gate_reason='no-op'
update= 227 stage=1 weights=(1.0, 0.0, 0.0) reward=-1.0092 len= 42.24 term=1.000 in_range=0.435 r1=-0.458 r2=+2.333 r3=+0.000 term_pen=+1.000 policy_loss=+0.00874 value_loss=+0.00092 kl=0.0196 gate_reason='no-op'
update= 228 stage=1 weights=(1.0, 0.0, 0.0) reward=-1.0090 len= 42.03 term=1.000 in_range=0.430 r1=-0.448 r2=+1.479 r3=+0.000 term_pen=+1.000 policy_loss=+0.00884 value_loss=+0.00093 kl=0.0224 gate_reason='no-op'
update= 229 stage=1 weights=(1.0, 0.0, 0.0) reward=-1.0092 len= 42.02 term=1.000 in_range=0.424 r1=-0.461 r2=+0.879 r3=+0.000 term_pen=+1.000 policy_loss=+0.01235 value_loss=+0.00092 kl=0.0308 gate_reason='no-op'
update= 230 stage=1 weights=(1.0, 0.0, 0.0) reward=-1.0093 len= 41.63 term=1.000 in_range=0.437 r1=-0.465 r2=+0.829 r3=+0.000 term_pen=+1.000 policy_loss=+0.00670 value_loss=+0.00090 kl=0.0259 gate_reason='no-op' | eval_reward=-0.0120 eval_length= 42.62
update= 231 stage=1 weights=(1.0, 0.0, 0.0) reward=-1.0089 len= 42.48 term=1.000 in_range=0.398 r1=-0.444 r2=-2.841 r3=+0.000 term_pen=+1.000 policy_loss=+0.01250 value_loss=+0.00089 kl=0.0242 gate_reason='no-op'
update= 232 stage=1 weights=(1.0, 0.0, 0.0) reward=-1.0088 len= 41.96 term=1.000 in_range=0.390 r1=-0.440 r2=-3.566 r3=+0.000 term_pen=+1.000 policy_loss=+0.01406 value_loss=+0.00087 kl=0.0302 gate_reason='no-op'
update= 233 stage=1 weights=(1.0, 0.0, 0.0) reward=-1.0085 len= 41.19 term=1.000 in_range=0.330 r1=-0.427 r2=-7.810 r3=+0.000 term_pen=+1.000 policy_loss=+0.00943 value_loss=+0.00088 kl=0.0346 gate_reason='no-op'
update= 234 stage=1 weights=(1.0, 0.0, 0.0) reward=-1.0088 len= 42.38 term=1.000 in_range=0.337 r1=-0.440 r2=-4.128 r3=+0.000 term_pen=+1.000 policy_loss=+0.00921 value_loss=+0.00088 kl=0.0314 gate_reason='no-op'
update= 235 stage=1 weights=(1.0, 0.0, 0.0) reward=-1.0088 len= 43.16 term=1.000 in_range=0.371 r1=-0.441 r2=+0.771 r3=+0.000 term_pen=+1.000 policy_loss=+0.01129 value_loss=+0.00098 kl=0.0229 gate_reason='no-op' | eval_reward=-0.0144 eval_length= 53.44
update= 236 stage=1 weights=(1.0, 0.0, 0.0) reward=-1.0091 len= 43.59 term=1.000 in_range=0.390 r1=-0.455 r2=+1.522 r3=+0.000 term_pen=+1.000 policy_loss=+0.00583 value_loss=+0.00099 kl=0.0177 gate_reason='no-op'
update= 237 stage=1 weights=(1.0, 0.0, 0.0) reward=-1.0090 len= 44.20 term=1.000 in_range=0.419 r1=-0.450 r2=+3.364 r3=+0.000 term_pen=+1.000 policy_loss=+0.00882 value_loss=+0.00099 kl=0.0211 gate_reason='no-op'
update= 238 stage=1 weights=(1.0, 0.0, 0.0) reward=-1.0090 len= 44.25 term=1.000 in_range=0.394 r1=-0.452 r2=+2.287 r3=+0.000 term_pen=+1.000 policy_loss=+0.01279 value_loss=+0.00101 kl=0.0234 gate_reason='no-op'
update= 239 stage=1 weights=(1.0, 0.0, 0.0) reward=-1.0088 len= 45.11 term=1.000 in_range=0.374 r1=-0.440 r2=+2.280 r3=+0.000 term_pen=+1.000 policy_loss=+0.00936 value_loss=+0.00106 kl=0.0265 gate_reason='no-op'
update= 240 stage=1 weights=(1.0, 0.0, 0.0) reward=-1.0089 len= 46.16 term=1.000 in_range=0.407 r1=-0.445 r2=+5.741 r3=+0.000 term_pen=+1.000 policy_loss=+0.01047 value_loss=+0.00118 kl=0.0213 gate_reason='no-op' | eval_reward=-0.0137 eval_length= 63.06  [new_best]
update= 241 stage=1 weights=(1.0, 0.0, 0.0) reward=-1.0089 len= 46.45 term=1.000 in_range=0.417 r1=-0.443 r2=+6.368 r3=+0.000 term_pen=+1.000 policy_loss=+0.00247 value_loss=+0.00116 kl=0.0114 gate_reason='no-op'
update= 242 stage=1 weights=(1.0, 0.0, 0.0) reward=-1.0090 len= 46.52 term=1.000 in_range=0.433 r1=-0.452 r2=+7.093 r3=+0.000 term_pen=+1.000 policy_loss=+0.00878 value_loss=+0.00123 kl=0.0200 gate_reason='no-op'
update= 243 stage=1 weights=(1.0, 0.0, 0.0) reward=-1.0090 len= 47.15 term=1.000 in_range=0.432 r1=-0.448 r2=+7.261 r3=+0.000 term_pen=+1.000 policy_loss=+0.01154 value_loss=+0.00128 kl=0.0225 gate_reason='no-op'
update= 244 stage=1 weights=(1.0, 0.0, 0.0) reward=-1.0089 len= 46.27 term=1.000 in_range=0.437 r1=-0.446 r2=+6.278 r3=+0.000 term_pen=+1.000 policy_loss=+0.00733 value_loss=+0.00125 kl=0.0283 gate_reason='no-op'
update= 245 stage=1 weights=(1.0, 0.0, 0.0) reward=-1.0087 len= 46.51 term=1.000 in_range=0.396 r1=-0.437 r2=+3.424 r3=+0.000 term_pen=+1.000 policy_loss=+0.01739 value_loss=+0.00124 kl=0.0292 gate_reason='no-op' | eval_reward=-0.0096 eval_length= 64.50  [new_best]
update= 246 stage=1 weights=(1.0, 0.0, 0.0) reward=-1.0085 len= 47.02 term=1.000 in_range=0.384 r1=-0.426 r2=+2.756 r3=+0.000 term_pen=+1.000 policy_loss=+0.01166 value_loss=+0.00113 kl=0.0258 gate_reason='no-op'
update= 247 stage=1 weights=(1.0, 0.0, 0.0) reward=-1.0085 len= 47.06 term=1.000 in_range=0.412 r1=-0.423 r2=+3.584 r3=+0.000 term_pen=+1.000 policy_loss=+0.00951 value_loss=+0.00106 kl=0.0206 gate_reason='no-op'
update= 248 stage=1 weights=(1.0, 0.0, 0.0) reward=-1.0088 len= 47.54 term=1.000 in_range=0.427 r1=-0.441 r2=+4.209 r3=+0.000 term_pen=+1.000 policy_loss=+0.01232 value_loss=+0.00110 kl=0.0238 gate_reason='no-op'
update= 249 stage=1 weights=(1.0, 0.0, 0.0) reward=-1.0087 len= 47.88 term=1.000 in_range=0.422 r1=-0.435 r2=+5.078 r3=+0.000 term_pen=+1.000 policy_loss=+0.01074 value_loss=+0.00122 kl=0.0244 gate_reason='no-op'
update= 250 stage=1 weights=(1.0, 0.0, 0.0) reward=-1.0092 len= 47.06 term=1.000 in_range=0.456 r1=-0.459 r2=+6.044 r3=+0.000 term_pen=+1.000 policy_loss=+0.01079 value_loss=+0.00128 kl=0.0216 gate_reason='no-op' | eval_reward=-0.0125 eval_length= 65.12  [new_best]
update= 251 stage=1 weights=(1.0, 0.0, 0.0) reward=-1.0090 len= 47.51 term=1.000 in_range=0.460 r1=-0.448 r2=+6.364 r3=+0.000 term_pen=+1.000 policy_loss=+0.00984 value_loss=+0.00123 kl=0.0505 gate_reason='no-op'
update= 252 stage=1 weights=(1.0, 0.0, 0.0) reward=-1.0086 len= 48.19 term=1.000 in_range=0.429 r1=-0.431 r2=+5.636 r3=+0.000 term_pen=+1.000 policy_loss=+0.01086 value_loss=+0.00128 kl=0.0228 gate_reason='no-op'
update= 253 stage=1 weights=(1.0, 0.0, 0.0) reward=-1.0087 len= 48.52 term=1.000 in_range=0.423 r1=-0.433 r2=+5.687 r3=+0.000 term_pen=+1.000 policy_loss=+0.02235 value_loss=+0.00117 kl=0.0343 gate_reason='no-op'
update= 254 stage=1 weights=(1.0, 0.0, 0.0) reward=-1.0084 len= 48.41 term=1.000 in_range=0.410 r1=-0.421 r2=+5.400 r3=+0.000 term_pen=+1.000 policy_loss=+0.00691 value_loss=+0.00108 kl=0.0273 gate_reason='no-op'
update= 255 stage=1 weights=(1.0, 0.0, 0.0) reward=-1.0083 len= 50.02 term=1.000 in_range=0.431 r1=-0.413 r2=+9.124 r3=+0.000 term_pen=+1.000 policy_loss=+0.01360 value_loss=+0.00158 kl=0.0268 gate_reason='no-op' | eval_reward=-0.0087 eval_length= 67.12  [new_best]
update= 256 stage=1 weights=(1.0, 0.0, 0.0) reward=-1.0081 len= 50.25 term=1.000 in_range=0.459 r1=-0.404 r2=+9.914 r3=+0.000 term_pen=+1.000 policy_loss=+0.00506 value_loss=+0.00175 kl=0.0149 gate_reason='no-op'
update= 257 stage=1 weights=(1.0, 0.0, 0.0) reward=-1.0085 len= 50.33 term=1.000 in_range=0.460 r1=-0.424 r2=+9.889 r3=+0.000 term_pen=+1.000 policy_loss=+0.00983 value_loss=+0.00157 kl=0.0212 gate_reason='no-op'
update= 258 stage=1 weights=(1.0, 0.0, 0.0) reward=-1.0085 len= 50.59 term=1.000 in_range=0.452 r1=-0.426 r2=+9.207 r3=+0.000 term_pen=+1.000 policy_loss=+0.00262 value_loss=+0.00130 kl=0.0144 gate_reason='no-op'
update= 259 stage=1 weights=(1.0, 0.0, 0.0) reward=-1.0082 len= 50.59 term=1.000 in_range=0.453 r1=-0.408 r2=+9.548 r3=+0.000 term_pen=+1.000 policy_loss=+0.00441 value_loss=+0.00109 kl=0.0158 gate_reason='no-op'
update= 260 stage=1 weights=(1.0, 0.0, 0.0) reward=-1.0083 len= 50.15 term=1.000 in_range=0.437 r1=-0.413 r2=+8.326 r3=+0.000 term_pen=+1.000 policy_loss=+0.00571 value_loss=+0.00105 kl=0.0196 gate_reason='no-op' | eval_reward=-0.0079 eval_length= 63.12
update= 261 stage=1 weights=(1.0, 0.0, 0.0) reward=-1.0083 len= 50.41 term=1.000 in_range=0.447 r1=-0.417 r2=+8.766 r3=+0.000 term_pen=+1.000 policy_loss=+0.00077 value_loss=+0.00106 kl=0.0118 gate_reason='no-op'
update= 262 stage=1 weights=(1.0, 0.0, 0.0) reward=-1.0083 len= 50.31 term=1.000 in_range=0.438 r1=-0.416 r2=+8.830 r3=+0.000 term_pen=+1.000 policy_loss=+0.00809 value_loss=+0.00108 kl=0.0216 gate_reason='no-op'
update= 263 stage=1 weights=(1.0, 0.0, 0.0) reward=-1.0088 len= 50.87 term=1.000 in_range=0.465 r1=-0.438 r2=+9.514 r3=+0.000 term_pen=+1.000 policy_loss=+0.00114 value_loss=+0.00110 kl=0.0107 gate_reason='no-op'
update= 264 stage=1 weights=(1.0, 0.0, 0.0) reward=-1.0089 len= 51.23 term=1.000 in_range=0.466 r1=-0.447 r2=+9.856 r3=+0.000 term_pen=+1.000 policy_loss=+0.01154 value_loss=+0.00108 kl=0.0286 gate_reason='no-op'
update= 265 stage=1 weights=(1.0, 0.0, 0.0) reward=-1.0086 len= 51.02 term=1.000 in_range=0.434 r1=-0.430 r2=+8.418 r3=+0.000 term_pen=+1.000 policy_loss=+0.00823 value_loss=+0.00105 kl=0.0187 gate_reason='no-op' | eval_reward=-0.0100 eval_length= 65.12
update= 266 stage=1 weights=(1.0, 0.0, 0.0) reward=-1.0090 len= 51.83 term=1.000 in_range=0.448 r1=-0.450 r2=+9.119 r3=+0.000 term_pen=+1.000 policy_loss=+0.01025 value_loss=+0.00109 kl=0.0241 gate_reason='no-op'
update= 267 stage=1 weights=(1.0, 0.0, 0.0) reward=-1.0094 len= 51.88 term=1.000 in_range=0.476 r1=-0.469 r2=+10.365 r3=+0.000 term_pen=+1.000 policy_loss=+0.00965 value_loss=+0.00112 kl=0.0215 gate_reason='no-op'
update= 268 stage=1 weights=(1.0, 0.0, 0.0) reward=-1.0089 len= 51.94 term=1.000 in_range=0.471 r1=-0.446 r2=+10.199 r3=+0.000 term_pen=+1.000 policy_loss=+0.01251 value_loss=+0.00117 kl=0.0232 gate_reason='no-op'
update= 269 stage=1 weights=(1.0, 0.0, 0.0) reward=-1.0092 len= 51.61 term=1.000 in_range=0.467 r1=-0.462 r2=+9.173 r3=+0.000 term_pen=+1.000 policy_loss=+0.01170 value_loss=+0.00148 kl=0.0241 gate_reason='no-op'
update= 270 stage=1 weights=(1.0, 0.0, 0.0) reward=-1.0093 len= 51.24 term=1.000 in_range=0.465 r1=-0.463 r2=+8.884 r3=+0.000 term_pen=+1.000 policy_loss=+0.01413 value_loss=+0.00118 kl=0.0374 gate_reason='no-op' | eval_reward=-0.0087 eval_length= 70.69  [new_best]
update= 271 stage=1 weights=(1.0, 0.0, 0.0) reward=-1.0089 len= 52.00 term=1.000 in_range=0.456 r1=-0.447 r2=+10.070 r3=+0.000 term_pen=+1.000 policy_loss=+0.01263 value_loss=+0.00127 kl=0.0225 gate_reason='no-op'
update= 272 stage=1 weights=(1.0, 0.0, 0.0) reward=-1.0092 len= 52.13 term=1.000 in_range=0.460 r1=-0.458 r2=+10.346 r3=+0.000 term_pen=+1.000 policy_loss=+0.00993 value_loss=+0.00135 kl=0.0227 gate_reason='no-op'
update= 273 stage=1 weights=(1.0, 0.0, 0.0) reward=-1.0094 len= 53.20 term=1.000 in_range=0.455 r1=-0.469 r2=+10.231 r3=+0.000 term_pen=+1.000 policy_loss=+0.00693 value_loss=+0.00140 kl=0.0176 gate_reason='no-op'
update= 274 stage=1 weights=(1.0, 0.0, 0.0) reward=-1.0095 len= 52.89 term=1.000 in_range=0.460 r1=-0.473 r2=+10.163 r3=+0.000 term_pen=+1.000 policy_loss=+0.01264 value_loss=+0.00127 kl=0.0267 gate_reason='no-op'
update= 275 stage=1 weights=(1.0, 0.0, 0.0) reward=-1.0096 len= 54.03 term=1.000 in_range=0.458 r1=-0.480 r2=+11.190 r3=+0.000 term_pen=+1.000 policy_loss=+0.01106 value_loss=+0.00121 kl=0.0233 gate_reason='no-op' | eval_reward=-0.0081 eval_length= 74.00  [new_best]
update= 276 stage=1 weights=(1.0, 0.0, 0.0) reward=-1.0092 len= 54.01 term=1.000 in_range=0.432 r1=-0.462 r2=+9.823 r3=+0.000 term_pen=+1.000 policy_loss=+0.00328 value_loss=+0.00119 kl=0.0132 gate_reason='no-op'
update= 277 stage=1 weights=(1.0, 0.0, 0.0) reward=-1.0092 len= 53.61 term=1.000 in_range=0.421 r1=-0.462 r2=+9.678 r3=+0.000 term_pen=+1.000 policy_loss=+0.01205 value_loss=+0.00126 kl=0.0239 gate_reason='no-op'
update= 278 stage=1 weights=(1.0, 0.0, 0.0) reward=-1.0092 len= 53.56 term=1.000 in_range=0.403 r1=-0.459 r2=+8.350 r3=+0.000 term_pen=+1.000 policy_loss=+0.00471 value_loss=+0.00109 kl=0.0141 gate_reason='no-op'
update= 279 stage=1 weights=(1.0, 0.0, 0.0) reward=-1.0093 len= 53.77 term=1.000 in_range=0.421 r1=-0.466 r2=+9.517 r3=+0.000 term_pen=+1.000 policy_loss=+0.01540 value_loss=+0.00112 kl=0.0338 gate_reason='no-op'
update= 280 stage=1 weights=(1.0, 0.0, 0.0) reward=-1.0093 len= 53.03 term=1.000 in_range=0.391 r1=-0.463 r2=+8.059 r3=+0.000 term_pen=+1.000 policy_loss=+0.01502 value_loss=+0.00105 kl=0.0548 gate_reason='no-op' | eval_reward=-0.0090 eval_length= 65.44
update= 281 stage=1 weights=(1.0, 0.0, 0.0) reward=-1.0094 len= 52.63 term=1.000 in_range=0.379 r1=-0.470 r2=+6.847 r3=+0.000 term_pen=+1.000 policy_loss=+0.01143 value_loss=+0.00107 kl=0.0236 gate_reason='no-op'
update= 282 stage=1 weights=(1.0, 0.0, 0.0) reward=-1.0089 len= 54.08 term=1.000 in_range=0.397 r1=-0.447 r2=+8.666 r3=+0.000 term_pen=+1.000 policy_loss=+0.00999 value_loss=+0.00108 kl=0.0267 gate_reason='no-op'
update= 283 stage=1 weights=(1.0, 0.0, 0.0) reward=-1.0094 len= 56.30 term=1.000 in_range=0.458 r1=-0.468 r2=+12.427 r3=+0.000 term_pen=+1.000 policy_loss=+0.00472 value_loss=+0.00132 kl=0.0180 gate_reason='no-op'
update= 284 stage=1 weights=(1.0, 0.0, 0.0) reward=-1.0095 len= 56.35 term=1.000 in_range=0.482 r1=-0.473 r2=+14.225 r3=+0.000 term_pen=+1.000 policy_loss=+0.01413 value_loss=+0.00120 kl=0.0253 gate_reason='no-op'
update= 285 stage=1 weights=(1.0, 0.0, 0.0) reward=-1.0096 len= 55.08 term=1.000 in_range=0.484 r1=-0.478 r2=+13.711 r3=+0.000 term_pen=+1.000 policy_loss=+0.00884 value_loss=+0.00118 kl=0.0209 gate_reason='no-op' | eval_reward=-0.0098 eval_length= 74.88  [new_best]
update= 286 stage=1 weights=(1.0, 0.0, 0.0) reward=-1.0095 len= 55.62 term=1.000 in_range=0.491 r1=-0.476 r2=+14.157 r3=+0.000 term_pen=+1.000 policy_loss=+0.01016 value_loss=+0.00126 kl=0.0419 gate_reason='no-op'
update= 287 stage=1 weights=(1.0, 0.0, 0.0) reward=-1.0092 len= 57.59 term=1.000 in_range=0.459 r1=-0.460 r2=+12.601 r3=+0.000 term_pen=+1.000 policy_loss=+0.00476 value_loss=+0.00136 kl=0.0163 gate_reason='no-op'
update= 288 stage=1 weights=(1.0, 0.0, 0.0) reward=-1.0093 len= 57.58 term=1.000 in_range=0.455 r1=-0.463 r2=+12.591 r3=+0.000 term_pen=+1.000 policy_loss=+0.00863 value_loss=+0.00131 kl=0.0197 gate_reason='no-op'
update= 289 stage=1 weights=(1.0, 0.0, 0.0) reward=-1.0092 len= 57.69 term=1.000 in_range=0.456 r1=-0.460 r2=+12.801 r3=+0.000 term_pen=+1.000 policy_loss=+0.00484 value_loss=+0.00135 kl=0.0149 gate_reason='no-op'
update= 290 stage=1 weights=(1.0, 0.0, 0.0) reward=-1.0087 len= 57.00 term=1.000 in_range=0.449 r1=-0.435 r2=+12.300 r3=+0.000 term_pen=+1.000 policy_loss=+0.01097 value_loss=+0.00184 kl=0.0227 gate_reason='no-op' | eval_reward=-0.0083 eval_length= 70.88
update= 291 stage=1 weights=(1.0, 0.0, 0.0) reward=-1.0084 len= 57.03 term=1.000 in_range=0.431 r1=-0.422 r2=+11.535 r3=+0.000 term_pen=+1.000 policy_loss=+0.00877 value_loss=+0.00455 kl=0.0327 gate_reason='no-op'
update= 292 stage=1 weights=(1.0, 0.0, 0.0) reward=-1.0090 len= 57.19 term=1.000 in_range=0.450 r1=-0.449 r2=+12.628 r3=+0.000 term_pen=+1.000 policy_loss=+0.01665 value_loss=+0.01033 kl=0.0236 gate_reason='no-op'
update= 293 stage=1 weights=(1.0, 0.0, 0.0) reward=-1.0089 len= 57.91 term=1.000 in_range=0.465 r1=-0.445 r2=+13.512 r3=+0.000 term_pen=+1.000 policy_loss=+0.01133 value_loss=+0.00227 kl=0.0203 gate_reason='no-op'
update= 294 stage=1 weights=(1.0, 0.0, 0.0) reward=-1.0089 len= 57.64 term=1.000 in_range=0.458 r1=-0.446 r2=+13.445 r3=+0.000 term_pen=+1.000 policy_loss=+0.00682 value_loss=+0.00180 kl=0.0174 gate_reason='no-op'
update= 295 stage=1 weights=(1.0, 0.0, 0.0) reward=-1.0088 len= 57.54 term=1.000 in_range=0.452 r1=-0.441 r2=+12.940 r3=+0.000 term_pen=+1.000 policy_loss=+0.00767 value_loss=+0.00144 kl=0.0307 gate_reason='no-op' | eval_reward=-0.0071 eval_length= 68.38
update= 296 stage=1 weights=(1.0, 0.0, 0.0) reward=-1.0089 len= 57.44 term=1.000 in_range=0.484 r1=-0.445 r2=+15.355 r3=+0.000 term_pen=+1.000 policy_loss=+0.00802 value_loss=+0.00126 kl=0.0195 gate_reason='no-op'
update= 297 stage=1 weights=(1.0, 0.0, 0.0) reward=-1.0091 len= 57.00 term=1.000 in_range=0.482 r1=-0.456 r2=+15.040 r3=+0.000 term_pen=+1.000 policy_loss=+0.00400 value_loss=+0.00119 kl=0.0139 gate_reason='no-op'
update= 298 stage=1 weights=(1.0, 0.0, 0.0) reward=-1.0097 len= 56.65 term=1.000 in_range=0.484 r1=-0.487 r2=+14.860 r3=+0.000 term_pen=+1.000 policy_loss=+0.00714 value_loss=+0.00120 kl=0.0197 gate_reason='no-op'
update= 299 stage=1 weights=(1.0, 0.0, 0.0) reward=-1.0089 len= 58.17 term=1.000 in_range=0.488 r1=-0.446 r2=+15.704 r3=+0.000 term_pen=+1.000 policy_loss=+0.00626 value_loss=+0.00110 kl=0.0247 gate_reason='no-op'
update= 300 stage=1 weights=(1.0, 0.0, 0.0) reward=-1.0094 len= 58.78 term=1.000 in_range=0.508 r1=-0.471 r2=+17.003 r3=+0.000 term_pen=+1.000 policy_loss=+0.01044 value_loss=+0.00116 kl=0.0298 gate_reason='no-op' | eval_reward=-0.0119 eval_length= 72.06
update= 301 stage=1 weights=(1.0, 0.0, 0.0) reward=-1.0094 len= 59.26 term=1.000 in_range=0.508 r1=-0.470 r2=+17.551 r3=+0.000 term_pen=+1.000 policy_loss=+0.01194 value_loss=+0.00116 kl=0.0240 gate_reason='no-op'
update= 302 stage=1 weights=(1.0, 0.0, 0.0) reward=-1.0091 len= 59.33 term=1.000 in_range=0.497 r1=-0.454 r2=+16.811 r3=+0.000 term_pen=+1.000 policy_loss=+0.00394 value_loss=+0.00112 kl=0.0139 gate_reason='no-op'
update= 303 stage=1 weights=(1.0, 0.0, 0.0) reward=-1.0088 len= 58.89 term=1.000 in_range=0.483 r1=-0.440 r2=+16.017 r3=+0.000 term_pen=+1.000 policy_loss=+0.00636 value_loss=+0.00110 kl=0.0169 gate_reason='no-op'
update= 304 stage=1 weights=(1.0, 0.0, 0.0) reward=-1.0091 len= 59.46 term=1.000 in_range=0.466 r1=-0.457 r2=+14.760 r3=+0.000 term_pen=+1.000 policy_loss=+0.00603 value_loss=+0.00111 kl=0.0181 gate_reason='no-op'
update= 305 stage=1 weights=(1.0, 0.0, 0.0) reward=-1.0092 len= 58.84 term=1.000 in_range=0.444 r1=-0.462 r2=+13.703 r3=+0.000 term_pen=+1.000 policy_loss=+0.00826 value_loss=+0.00113 kl=0.0372 gate_reason='no-op' | eval_reward=-0.0165 eval_length= 69.69
update= 306 stage=1 weights=(1.0, 0.0, 0.0) reward=-1.0101 len= 59.87 term=1.000 in_range=0.490 r1=-0.504 r2=+15.573 r3=+0.000 term_pen=+1.000 policy_loss=+0.00538 value_loss=+0.00114 kl=0.0163 gate_reason='no-op'
update= 307 stage=1 weights=(1.0, 0.0, 0.0) reward=-1.0104 len= 60.41 term=1.000 in_range=0.493 r1=-0.522 r2=+15.710 r3=+0.000 term_pen=+1.000 policy_loss=-0.00044 value_loss=+0.00118 kl=0.0087 gate_reason='no-op'
update= 308 stage=1 weights=(1.0, 0.0, 0.0) reward=-1.0097 len= 60.63 term=1.000 in_range=0.489 r1=-0.484 r2=+15.727 r3=+0.000 term_pen=+1.000 policy_loss=+0.01302 value_loss=+0.00112 kl=0.0366 gate_reason='no-op'
update= 309 stage=1 weights=(1.0, 0.0, 0.0) reward=-1.0100 len= 59.71 term=1.000 in_range=0.499 r1=-0.500 r2=+15.133 r3=+0.000 term_pen=+1.000 policy_loss=+0.01166 value_loss=+0.00121 kl=0.0349 gate_reason='no-op'
update= 310 stage=1 weights=(1.0, 0.0, 0.0) reward=-1.0104 len= 59.88 term=1.000 in_range=0.499 r1=-0.519 r2=+14.505 r3=+0.000 term_pen=+1.000 policy_loss=+0.00680 value_loss=+0.00119 kl=0.0247 gate_reason='no-op' | eval_reward=-0.0077 eval_length=112.75  [new_best]
update= 311 stage=1 weights=(1.0, 0.0, 0.0) reward=-1.0108 len= 61.04 term=1.000 in_range=0.485 r1=-0.538 r2=+14.032 r3=+0.000 term_pen=+1.000 policy_loss=+0.01061 value_loss=+0.00119 kl=0.0207 gate_reason='no-op'
update= 312 stage=1 weights=(1.0, 0.0, 0.0) reward=-1.0102 len= 60.72 term=1.000 in_range=0.469 r1=-0.509 r2=+13.512 r3=+0.000 term_pen=+1.000 policy_loss=+0.01401 value_loss=+0.00118 kl=0.0253 gate_reason='no-op'
update= 313 stage=1 weights=(1.0, 0.0, 0.0) reward=-1.0102 len= 61.18 term=1.000 in_range=0.510 r1=-0.510 r2=+15.646 r3=+0.000 term_pen=+1.000 policy_loss=+0.00763 value_loss=+0.00115 kl=0.0191 gate_reason='no-op'
update= 314 stage=1 weights=(1.0, 0.0, 0.0) reward=-1.0100 len= 61.10 term=1.000 in_range=0.511 r1=-0.498 r2=+15.518 r3=+0.000 term_pen=+1.000 policy_loss=+0.00898 value_loss=+0.00119 kl=0.0200 gate_reason='no-op'
update= 315 stage=1 weights=(1.0, 0.0, 0.0) reward=-1.0102 len= 60.39 term=1.000 in_range=0.509 r1=-0.508 r2=+15.007 r3=+0.000 term_pen=+1.000 policy_loss=+0.00406 value_loss=+0.00117 kl=0.0139 gate_reason='no-op' | eval_reward=-0.0118 eval_length=109.81
update= 316 stage=1 weights=(1.0, 0.0, 0.0) reward=-1.0105 len= 62.00 term=1.000 in_range=0.507 r1=-0.523 r2=+14.716 r3=+0.000 term_pen=+1.000 policy_loss=+0.01070 value_loss=+0.00120 kl=0.0231 gate_reason='no-op'
update= 317 stage=1 weights=(1.0, 0.0, 0.0) reward=-1.0102 len= 62.36 term=1.000 in_range=0.508 r1=-0.512 r2=+15.137 r3=+0.000 term_pen=+1.000 policy_loss=+0.00985 value_loss=+0.00119 kl=0.0483 gate_reason='no-op'
update= 318 stage=1 weights=(1.0, 0.0, 0.0) reward=-1.0095 len= 61.68 term=1.000 in_range=0.454 r1=-0.477 r2=+13.440 r3=+0.000 term_pen=+1.000 policy_loss=+0.00979 value_loss=+0.00127 kl=0.0208 gate_reason='no-op'
update= 319 stage=1 weights=(1.0, 0.0, 0.0) reward=-1.0095 len= 61.04 term=1.000 in_range=0.455 r1=-0.475 r2=+13.467 r3=+0.000 term_pen=+1.000 policy_loss=+0.00842 value_loss=+0.00125 kl=0.0190 gate_reason='no-op'
update= 320 stage=1 weights=(1.0, 0.0, 0.0) reward=-1.0090 len= 59.91 term=1.000 in_range=0.433 r1=-0.448 r2=+12.166 r3=+0.000 term_pen=+1.000 policy_loss=+0.00547 value_loss=+0.00116 kl=0.0149 gate_reason='no-op' | eval_reward=-0.0115 eval_length= 86.62
update= 321 stage=1 weights=(1.0, 0.0, 0.0) reward=-1.0090 len= 59.90 term=1.000 in_range=0.442 r1=-0.448 r2=+12.592 r3=+0.000 term_pen=+1.000 policy_loss=+0.00183 value_loss=+0.00110 kl=0.0108 gate_reason='no-op'
update= 322 stage=1 weights=(1.0, 0.0, 0.0) reward=-1.0090 len= 60.56 term=1.000 in_range=0.442 r1=-0.451 r2=+12.283 r3=+0.000 term_pen=+1.000 policy_loss=+0.00879 value_loss=+0.00113 kl=0.0195 gate_reason='no-op'
update= 323 stage=1 weights=(1.0, 0.0, 0.0) reward=-1.0096 len= 61.76 term=1.000 in_range=0.457 r1=-0.479 r2=+13.402 r3=+0.000 term_pen=+1.000 policy_loss=+0.00793 value_loss=+0.00116 kl=0.0260 gate_reason='no-op'
update= 324 stage=1 weights=(1.0, 0.0, 0.0) reward=-1.0096 len= 63.84 term=1.000 in_range=0.498 r1=-0.480 r2=+15.129 r3=+0.000 term_pen=+1.000 policy_loss=+0.01152 value_loss=+0.00131 kl=0.0221 gate_reason='no-op'
update= 325 stage=1 weights=(1.0, 0.0, 0.0) reward=-1.0099 len= 64.40 term=1.000 in_range=0.500 r1=-0.495 r2=+15.611 r3=+0.000 term_pen=+1.000 policy_loss=+0.00258 value_loss=+0.00134 kl=0.0260 gate_reason='no-op' | eval_reward=-0.0129 eval_length= 81.25
update= 326 stage=1 weights=(1.0, 0.0, 0.0) reward=-1.0106 len= 62.94 term=1.000 in_range=0.462 r1=-0.530 r2=+13.195 r3=+0.000 term_pen=+1.000 policy_loss=+0.00406 value_loss=+0.00149 kl=0.0132 gate_reason='no-op'
update= 327 stage=1 weights=(1.0, 0.0, 0.0) reward=-1.0108 len= 63.22 term=1.000 in_range=0.457 r1=-0.538 r2=+13.154 r3=+0.000 term_pen=+1.000 policy_loss=+0.00504 value_loss=+0.00140 kl=0.0150 gate_reason='no-op'
update= 328 stage=1 weights=(1.0, 0.0, 0.0) reward=-1.0108 len= 63.82 term=1.000 in_range=0.447 r1=-0.541 r2=+11.770 r3=+0.000 term_pen=+1.000 policy_loss=+0.00928 value_loss=+0.00140 kl=0.0201 gate_reason='no-op'
update= 329 stage=1 weights=(1.0, 0.0, 0.0) reward=-1.0113 len= 63.96 term=1.000 in_range=0.477 r1=-0.563 r2=+13.356 r3=+0.000 term_pen=+1.000 policy_loss=+0.00605 value_loss=+0.00138 kl=0.0164 gate_reason='no-op'
update= 330 stage=1 weights=(1.0, 0.0, 0.0) reward=-1.0114 len= 63.17 term=1.000 in_range=0.490 r1=-0.571 r2=+13.933 r3=+0.000 term_pen=+1.000 policy_loss=+0.00767 value_loss=+0.00140 kl=0.0191 gate_reason='no-op' | eval_reward=-0.0144 eval_length= 93.56
update= 331 stage=1 weights=(1.0, 0.0, 0.0) reward=-1.0113 len= 64.42 term=1.000 in_range=0.489 r1=-0.565 r2=+14.282 r3=+0.000 term_pen=+1.000 policy_loss=+0.00812 value_loss=+0.00137 kl=0.0204 gate_reason='no-op'
update= 332 stage=1 weights=(1.0, 0.0, 0.0) reward=-1.0113 len= 64.08 term=1.000 in_range=0.485 r1=-0.566 r2=+14.077 r3=+0.000 term_pen=+1.000 policy_loss=+0.01874 value_loss=+0.00142 kl=0.0302 gate_reason='no-op'
update= 333 stage=1 weights=(1.0, 0.0, 0.0) reward=-1.0110 len= 63.04 term=1.000 in_range=0.492 r1=-0.549 r2=+13.948 r3=+0.000 term_pen=+1.000 policy_loss=+0.00443 value_loss=+0.00126 kl=0.0134 gate_reason='no-op'
update= 334 stage=1 weights=(1.0, 0.0, 0.0) reward=-1.0110 len= 63.34 term=1.000 in_range=0.493 r1=-0.549 r2=+13.848 r3=+0.000 term_pen=+1.000 policy_loss=+0.01438 value_loss=+0.00128 kl=0.0278 gate_reason='no-op'
update= 335 stage=1 weights=(1.0, 0.0, 0.0) reward=-1.0107 len= 62.27 term=1.000 in_range=0.492 r1=-0.534 r2=+13.748 r3=+0.000 term_pen=+1.000 policy_loss=+0.00728 value_loss=+0.00122 kl=0.0173 gate_reason='no-op' | eval_reward=-0.0136 eval_length= 87.62
update= 336 stage=1 weights=(1.0, 0.0, 0.0) reward=-1.0103 len= 63.23 term=1.000 in_range=0.507 r1=-0.517 r2=+15.568 r3=+0.000 term_pen=+1.000 policy_loss=+0.01394 value_loss=+0.00121 kl=0.0484 gate_reason='no-op'
update= 337 stage=1 weights=(1.0, 0.0, 0.0) reward=-1.0103 len= 64.67 term=1.000 in_range=0.503 r1=-0.517 r2=+15.964 r3=+0.000 term_pen=+1.000 policy_loss=+0.01755 value_loss=+0.00173 kl=0.0289 gate_reason='no-op'
update= 338 stage=1 weights=(1.0, 0.0, 0.0) reward=-1.0105 len= 65.35 term=1.000 in_range=0.500 r1=-0.524 r2=+14.931 r3=+0.000 term_pen=+1.000 policy_loss=+0.00705 value_loss=+0.00172 kl=0.0182 gate_reason='no-op'
update= 339 stage=1 weights=(1.0, 0.0, 0.0) reward=-1.0107 len= 65.77 term=1.000 in_range=0.502 r1=-0.534 r2=+14.764 r3=+0.000 term_pen=+1.000 policy_loss=+0.00772 value_loss=+0.00170 kl=0.0184 gate_reason='no-op'
update= 340 stage=1 weights=(1.0, 0.0, 0.0) reward=-1.0109 len= 65.12 term=1.000 in_range=0.497 r1=-0.544 r2=+14.265 r3=+0.000 term_pen=+1.000 policy_loss=+0.00538 value_loss=+0.00136 kl=0.0161 gate_reason='no-op' | eval_reward=-0.0167 eval_length=106.88
update= 341 stage=1 weights=(1.0, 0.0, 0.0) reward=-1.0111 len= 65.18 term=1.000 in_range=0.496 r1=-0.556 r2=+14.297 r3=+0.000 term_pen=+1.000 policy_loss=+0.01068 value_loss=+0.00142 kl=0.0203 gate_reason='no-op'
update= 342 stage=1 weights=(1.0, 0.0, 0.0) reward=-1.0108 len= 66.24 term=1.000 in_range=0.507 r1=-0.542 r2=+15.650 r3=+0.000 term_pen=+1.000 policy_loss=+0.01616 value_loss=+0.00172 kl=0.0316 gate_reason='no-op'
update= 343 stage=1 weights=(1.0, 0.0, 0.0) reward=-1.0110 len= 67.07 term=1.000 in_range=0.509 r1=-0.550 r2=+16.405 r3=+0.000 term_pen=+1.000 policy_loss=+0.01331 value_loss=+0.00171 kl=0.0308 gate_reason='no-op'
update= 344 stage=1 weights=(1.0, 0.0, 0.0) reward=-1.0105 len= 66.99 term=1.000 in_range=0.478 r1=-0.523 r2=+14.079 r3=+0.000 term_pen=+1.000 policy_loss=+0.01140 value_loss=+0.00507 kl=0.0191 gate_reason='no-op'
update= 345 stage=1 weights=(1.0, 0.0, 0.0) reward=-1.0109 len= 67.80 term=1.000 in_range=0.489 r1=-0.545 r2=+14.274 r3=+0.000 term_pen=+1.000 policy_loss=+0.01501 value_loss=+0.00334 kl=0.0267 gate_reason='no-op' | eval_reward=-0.0180 eval_length=117.12  [new_best]
update= 346 stage=1 weights=(1.0, 0.0, 0.0) reward=-1.0112 len= 66.69 term=1.000 in_range=0.511 r1=-0.560 r2=+15.011 r3=+0.000 term_pen=+1.000 policy_loss=+0.00330 value_loss=+0.00177 kl=0.0131 gate_reason='no-op'
update= 347 stage=1 weights=(1.0, 0.0, 0.0) reward=-1.0114 len= 65.92 term=1.000 in_range=0.502 r1=-0.572 r2=+14.413 r3=+0.000 term_pen=+1.000 policy_loss=+0.01041 value_loss=+0.00212 kl=0.0293 gate_reason='no-op'
update= 348 stage=1 weights=(1.0, 0.0, 0.0) reward=-1.0114 len= 66.35 term=1.000 in_range=0.511 r1=-0.572 r2=+15.776 r3=+0.000 term_pen=+1.000 policy_loss=+0.00671 value_loss=+0.00117 kl=0.0174 gate_reason='no-op'
update= 349 stage=1 weights=(1.0, 0.0, 0.0) reward=-1.0115 len= 66.39 term=1.000 in_range=0.502 r1=-0.575 r2=+15.193 r3=+0.000 term_pen=+1.000 policy_loss=+0.01166 value_loss=+0.00137 kl=0.0295 gate_reason='no-op'
update= 350 stage=1 weights=(1.0, 0.0, 0.0) reward=-1.0116 len= 65.47 term=1.000 in_range=0.494 r1=-0.580 r2=+15.104 r3=+0.000 term_pen=+1.000 policy_loss=+0.00970 value_loss=+0.00171 kl=0.0209 gate_reason='no-op' | eval_reward=-0.0135 eval_length=128.69  [new_best]
update= 351 stage=1 weights=(1.0, 0.0, 0.0) reward=-1.0113 len= 66.16 term=1.000 in_range=0.489 r1=-0.565 r2=+14.609 r3=+0.000 term_pen=+1.000 policy_loss=+0.01063 value_loss=+0.00174 kl=0.0423 gate_reason='no-op'
update= 352 stage=1 weights=(1.0, 0.0, 0.0) reward=-1.0106 len= 63.94 term=1.000 in_range=0.441 r1=-0.529 r2=+13.867 r3=+0.000 term_pen=+1.000 policy_loss=+0.02026 value_loss=+0.00143 kl=0.0307 gate_reason='no-op'
update= 353 stage=1 weights=(1.0, 0.0, 0.0) reward=-1.0116 len= 65.74 term=1.000 in_range=0.465 r1=-0.578 r2=+15.314 r3=+0.000 term_pen=+1.000 policy_loss=+0.01249 value_loss=+0.00126 kl=0.0294 gate_reason='no-op'
update= 354 stage=1 weights=(1.0, 0.0, 0.0) reward=-1.0121 len= 66.01 term=1.000 in_range=0.483 r1=-0.606 r2=+16.253 r3=+0.000 term_pen=+1.000 policy_loss=+0.00804 value_loss=+0.00186 kl=0.0180 gate_reason='no-op'
update= 355 stage=1 weights=(1.0, 0.0, 0.0) reward=-1.0121 len= 66.82 term=1.000 in_range=0.490 r1=-0.606 r2=+16.443 r3=+0.000 term_pen=+1.000 policy_loss=+0.00450 value_loss=+0.00148 kl=0.0144 gate_reason='no-op' | eval_reward=-0.0142 eval_length=111.06
update= 356 stage=1 weights=(1.0, 0.0, 0.0) reward=-1.0121 len= 67.39 term=1.000 in_range=0.492 r1=-0.606 r2=+16.525 r3=+0.000 term_pen=+1.000 policy_loss=+0.00928 value_loss=+0.00146 kl=0.0185 gate_reason='no-op'
update= 357 stage=1 weights=(1.0, 0.0, 0.0) reward=-1.0123 len= 67.30 term=1.000 in_range=0.495 r1=-0.617 r2=+16.481 r3=+0.000 term_pen=+1.000 policy_loss=+0.01182 value_loss=+0.00147 kl=0.0225 gate_reason='no-op'
update= 358 stage=1 weights=(1.0, 0.0, 0.0) reward=-1.0123 len= 67.91 term=1.000 in_range=0.494 r1=-0.615 r2=+16.425 r3=+0.000 term_pen=+1.000 policy_loss=+0.00497 value_loss=+0.00142 kl=0.0152 gate_reason='no-op'
update= 359 stage=1 weights=(1.0, 0.0, 0.0) reward=-1.0121 len= 67.38 term=1.000 in_range=0.494 r1=-0.604 r2=+16.222 r3=+0.000 term_pen=+1.000 policy_loss=+0.01121 value_loss=+0.00141 kl=0.0224 gate_reason='no-op'
update= 360 stage=1 weights=(1.0, 0.0, 0.0) reward=-1.0111 len= 66.28 term=1.000 in_range=0.502 r1=-0.554 r2=+16.247 r3=+0.000 term_pen=+1.000 policy_loss=+0.01053 value_loss=+0.00132 kl=0.0359 gate_reason='no-op' | eval_reward=-0.0195 eval_length=116.94
update= 361 stage=1 weights=(1.0, 0.0, 0.0) reward=-1.0116 len= 67.89 term=1.000 in_range=0.502 r1=-0.578 r2=+16.537 r3=+0.000 term_pen=+1.000 policy_loss=+0.00581 value_loss=+0.00164 kl=0.0157 gate_reason='no-op'
update= 362 stage=1 weights=(1.0, 0.0, 0.0) reward=-1.0124 len= 65.61 term=1.000 in_range=0.488 r1=-0.619 r2=+14.036 r3=+0.000 term_pen=+1.000 policy_loss=+0.01087 value_loss=+0.00139 kl=0.0229 gate_reason='no-op'
update= 363 stage=1 weights=(1.0, 0.0, 0.0) reward=-1.0122 len= 64.37 term=1.000 in_range=0.487 r1=-0.608 r2=+13.657 r3=+0.000 term_pen=+1.000 policy_loss=+0.01492 value_loss=+0.00131 kl=0.0282 gate_reason='no-op'
update= 364 stage=1 weights=(1.0, 0.0, 0.0) reward=-1.0121 len= 68.07 term=1.000 in_range=0.490 r1=-0.604 r2=+14.729 r3=+0.000 term_pen=+1.000 policy_loss=+0.01008 value_loss=+0.00138 kl=0.0213 gate_reason='no-op'
update= 365 stage=1 weights=(1.0, 0.0, 0.0) reward=-1.0123 len= 68.05 term=1.000 in_range=0.487 r1=-0.613 r2=+14.063 r3=+0.000 term_pen=+1.000 policy_loss=+0.01546 value_loss=+0.00137 kl=0.0407 gate_reason='no-op' | eval_reward=-0.0232 eval_length=138.50  [new_best]
update= 366 stage=1 weights=(1.0, 0.0, 0.0) reward=-1.0109 len= 68.19 term=1.000 in_range=0.484 r1=-0.547 r2=+15.466 r3=+0.000 term_pen=+1.000 policy_loss=+0.01231 value_loss=+0.00186 kl=0.0225 gate_reason='no-op'
update= 367 stage=1 weights=(1.0, 0.0, 0.0) reward=-1.0108 len= 67.54 term=1.000 in_range=0.484 r1=-0.542 r2=+15.627 r3=+0.000 term_pen=+1.000 policy_loss=+0.01120 value_loss=+0.00176 kl=0.0209 gate_reason='no-op'
update= 368 stage=1 weights=(1.0, 0.0, 0.0) reward=-1.0113 len= 69.40 term=1.000 in_range=0.494 r1=-0.567 r2=+14.944 r3=+0.000 term_pen=+1.000 policy_loss=+0.00679 value_loss=+0.00140 kl=0.0284 gate_reason='no-op'
update= 369 stage=1 weights=(1.0, 0.0, 0.0) reward=-1.0120 len= 67.48 term=1.000 in_range=0.492 r1=-0.600 r2=+14.465 r3=+0.000 term_pen=+1.000 policy_loss=-0.00005 value_loss=+0.00150 kl=0.0266 gate_reason='no-op'
update= 370 stage=1 weights=(1.0, 0.0, 0.0) reward=-1.0123 len= 65.81 term=1.000 in_range=0.486 r1=-0.617 r2=+13.733 r3=+0.000 term_pen=+1.000 policy_loss=+0.01583 value_loss=+0.00157 kl=0.0277 gate_reason='no-op' | eval_reward=-0.0221 eval_length=140.25  [new_best]
update= 371 stage=1 weights=(1.0, 0.0, 0.0) reward=-1.0118 len= 67.15 term=1.000 in_range=0.485 r1=-0.615 r2=+13.423 r3=+0.000 term_pen=+1.000 policy_loss=+0.00380 value_loss=+0.00174 kl=0.0346 gate_reason='no-op'
update= 372 stage=1 weights=(1.0, 0.0, 0.0) reward=-1.0126 len= 64.06 term=1.000 in_range=0.485 r1=-0.631 r2=+13.516 r3=+0.000 term_pen=+1.000 policy_loss=+0.01364 value_loss=+0.00203 kl=0.0289 gate_reason='no-op'
update= 373 stage=1 weights=(1.0, 0.0, 0.0) reward=-1.0125 len= 65.54 term=1.000 in_range=0.481 r1=-0.624 r2=+13.693 r3=+0.000 term_pen=+1.000 policy_loss=+0.01865 value_loss=+0.00140 kl=0.0288 gate_reason='no-op'
update= 374 stage=1 weights=(1.0, 0.0, 0.0) reward=-1.0132 len= 64.82 term=1.000 in_range=0.481 r1=-0.658 r2=+13.466 r3=+0.000 term_pen=+1.000 policy_loss=+0.01362 value_loss=+0.00163 kl=0.0297 gate_reason='no-op'
update= 375 stage=1 weights=(1.0, 0.0, 0.0) reward=-1.0132 len= 64.41 term=1.000 in_range=0.485 r1=-0.660 r2=+13.337 r3=+0.000 term_pen=+1.000 policy_loss=+0.00889 value_loss=+0.00179 kl=0.0206 gate_reason='no-op' | eval_reward=-0.0162 eval_length=142.06  [new_best]
update= 376 stage=1 weights=(1.0, 0.0, 0.0) reward=-1.0129 len= 63.71 term=1.000 in_range=0.485 r1=-0.643 r2=+12.712 r3=+0.000 term_pen=+1.000 policy_loss=+0.00337 value_loss=+0.00156 kl=0.0128 gate_reason='no-op'
update= 377 stage=1 weights=(1.0, 0.0, 0.0) reward=-1.0129 len= 64.86 term=1.000 in_range=0.485 r1=-0.644 r2=+12.677 r3=+0.000 term_pen=+1.000 policy_loss=+0.00836 value_loss=+0.00147 kl=0.0196 gate_reason='no-op'
update= 378 stage=1 weights=(1.0, 0.0, 0.0) reward=-1.0126 len= 67.14 term=1.000 in_range=0.488 r1=-0.631 r2=+12.854 r3=+0.000 term_pen=+1.000 policy_loss=+0.00629 value_loss=+0.00136 kl=0.0156 gate_reason='no-op'
update= 379 stage=1 weights=(1.0, 0.0, 0.0) reward=-1.0124 len= 66.98 term=1.000 in_range=0.493 r1=-0.622 r2=+13.666 r3=+0.000 term_pen=+1.000 policy_loss=+0.00367 value_loss=+0.00135 kl=0.0123 gate_reason='no-op'
update= 380 stage=1 weights=(1.0, 0.0, 0.0) reward=-1.0129 len= 66.10 term=1.000 in_range=0.489 r1=-0.644 r2=+12.917 r3=+0.000 term_pen=+1.000 policy_loss=+0.00213 value_loss=+0.00138 kl=0.0104 gate_reason='no-op' | eval_reward=-0.0125 eval_length=129.00
update= 381 stage=1 weights=(1.0, 0.0, 0.0) reward=-1.0127 len= 66.05 term=1.000 in_range=0.492 r1=-0.633 r2=+13.102 r3=+0.000 term_pen=+1.000 policy_loss=+0.00753 value_loss=+0.00135 kl=0.0179 gate_reason='no-op'
update= 382 stage=1 weights=(1.0, 0.0, 0.0) reward=-1.0122 len= 65.78 term=1.000 in_range=0.487 r1=-0.610 r2=+12.976 r3=+0.000 term_pen=+1.000 policy_loss=+0.00732 value_loss=+0.00139 kl=0.0176 gate_reason='no-op'
update= 383 stage=1 weights=(1.0, 0.0, 0.0) reward=-1.0119 len= 67.68 term=1.000 in_range=0.490 r1=-0.596 r2=+13.630 r3=+0.000 term_pen=+1.000 policy_loss=+0.00578 value_loss=+0.00139 kl=0.0151 gate_reason='no-op'
update= 384 stage=1 weights=(1.0, 0.0, 0.0) reward=-1.0119 len= 68.52 term=1.000 in_range=0.486 r1=-0.594 r2=+12.905 r3=+0.000 term_pen=+1.000 policy_loss=+0.02076 value_loss=+0.00147 kl=0.0312 gate_reason='no-op'
update= 385 stage=1 weights=(1.0, 0.0, 0.0) reward=-1.0122 len= 68.20 term=1.000 in_range=0.469 r1=-0.608 r2=+12.429 r3=+0.000 term_pen=+1.000 policy_loss=+0.01563 value_loss=+0.00150 kl=0.0425 gate_reason='no-op' | eval_reward=-0.0125 eval_length=134.19
update= 386 stage=1 weights=(1.0, 0.0, 0.0) reward=-1.0121 len= 69.10 term=1.000 in_range=0.455 r1=-0.603 r2=+13.245 r3=+0.000 term_pen=+1.000 policy_loss=+0.01392 value_loss=+0.00154 kl=0.0248 gate_reason='no-op'
update= 387 stage=1 weights=(1.0, 0.0, 0.0) reward=-1.0115 len= 69.58 term=1.000 in_range=0.468 r1=-0.576 r2=+12.712 r3=+0.000 term_pen=+1.000 policy_loss=+0.01419 value_loss=+0.00213 kl=0.0234 gate_reason='no-op'
update= 388 stage=1 weights=(1.0, 0.0, 0.0) reward=-1.0119 len= 70.01 term=1.000 in_range=0.496 r1=-0.595 r2=+14.316 r3=+0.000 term_pen=+1.000 policy_loss=+0.01017 value_loss=+0.00164 kl=0.0316 gate_reason='no-op'
update= 389 stage=1 weights=(1.0, 0.0, 0.0) reward=-1.0119 len= 68.20 term=1.000 in_range=0.494 r1=-0.597 r2=+14.146 r3=+0.000 term_pen=+1.000 policy_loss=+0.01011 value_loss=+0.00167 kl=0.0213 gate_reason='no-op'
update= 390 stage=1 weights=(1.0, 0.0, 0.0) reward=-1.0122 len= 68.70 term=1.000 in_range=0.499 r1=-0.611 r2=+14.297 r3=+0.000 term_pen=+1.000 policy_loss=+0.00900 value_loss=+0.00167 kl=0.0374 gate_reason='no-op' | eval_reward=-0.0169 eval_length=139.06
update= 391 stage=1 weights=(1.0, 0.0, 0.0) reward=-1.0125 len= 66.43 term=1.000 in_range=0.479 r1=-0.624 r2=+12.041 r3=+0.000 term_pen=+1.000 policy_loss=+0.02275 value_loss=+0.00413 kl=0.0324 gate_reason='no-op'
update= 392 stage=1 weights=(1.0, 0.0, 0.0) reward=-1.0125 len= 66.22 term=1.000 in_range=0.493 r1=-0.627 r2=+14.147 r3=+0.000 term_pen=+1.000 policy_loss=+0.00589 value_loss=+0.00211 kl=0.0149 gate_reason='no-op'
update= 393 stage=1 weights=(1.0, 0.0, 0.0) reward=-1.0119 len= 68.87 term=1.000 in_range=0.502 r1=-0.619 r2=+14.967 r3=+0.000 term_pen=+1.000 policy_loss=+0.01087 value_loss=+0.00139 kl=0.0371 gate_reason='no-op'
update= 394 stage=1 weights=(1.0, 0.0, 0.0) reward=-1.0118 len= 70.90 term=1.000 in_range=0.494 r1=-0.591 r2=+16.023 r3=+0.000 term_pen=+1.000 policy_loss=+0.01777 value_loss=+0.00397 kl=0.0261 gate_reason='no-op'
update= 395 stage=1 weights=(1.0, 0.0, 0.0) reward=-1.0115 len= 69.66 term=1.000 in_range=0.514 r1=-0.576 r2=+17.226 r3=+0.000 term_pen=+1.000 policy_loss=+0.00977 value_loss=+0.00274 kl=0.0405 gate_reason='no-op' | eval_reward=-0.0153 eval_length= 98.31
update= 396 stage=1 weights=(1.0, 0.0, 0.0) reward=-1.0109 len= 69.75 term=1.000 in_range=0.508 r1=-0.544 r2=+16.112 r3=+0.000 term_pen=+1.000 policy_loss=+0.01596 value_loss=+0.00909 kl=0.0203 gate_reason='no-op'
update= 397 stage=1 weights=(1.0, 0.0, 0.0) reward=-1.0117 len= 71.40 term=1.000 in_range=0.519 r1=-0.587 r2=+16.820 r3=+0.000 term_pen=+1.000 policy_loss=+0.00925 value_loss=+0.00219 kl=0.0160 gate_reason='no-op'
update= 398 stage=1 weights=(1.0, 0.0, 0.0) reward=-1.0114 len= 72.22 term=1.000 in_range=0.503 r1=-0.572 r2=+15.258 r3=+0.000 term_pen=+1.000 policy_loss=+0.00847 value_loss=+0.00161 kl=0.0318 gate_reason='no-op'
update= 399 stage=1 weights=(1.0, 0.0, 0.0) reward=-1.0128 len= 72.50 term=1.000 in_range=0.510 r1=-0.638 r2=+16.528 r3=+0.000 term_pen=+1.000 policy_loss=+0.01121 value_loss=+0.00185 kl=0.0328 gate_reason='no-op'
update= 400 stage=1 weights=(1.0, 0.0, 0.0) reward=-1.0135 len= 72.23 term=1.000 in_range=0.490 r1=-0.677 r2=+14.929 r3=+0.000 term_pen=+1.000 policy_loss=+0.00712 value_loss=+0.00166 kl=0.0224 gate_reason='no-op' | eval_reward=-0.0194 eval_length=139.06
update= 401 stage=1 weights=(1.0, 0.0, 0.0) reward=-1.0128 len= 72.59 term=1.000 in_range=0.485 r1=-0.640 r2=+14.967 r3=+0.000 term_pen=+1.000 policy_loss=+0.01556 value_loss=+0.00162 kl=0.0268 gate_reason='no-op'
update= 402 stage=1 weights=(1.0, 0.0, 0.0) reward=-1.0127 len= 73.73 term=1.000 in_range=0.479 r1=-0.635 r2=+14.030 r3=+0.000 term_pen=+1.000 policy_loss=+0.01364 value_loss=+0.00167 kl=0.0269 gate_reason='no-op'
update= 403 stage=1 weights=(1.0, 0.0, 0.0) reward=-1.0129 len= 74.36 term=1.000 in_range=0.497 r1=-0.647 r2=+14.273 r3=+0.000 term_pen=+1.000 policy_loss=+0.01140 value_loss=+0.00168 kl=0.0376 gate_reason='no-op'
update= 404 stage=1 weights=(1.0, 0.0, 0.0) reward=-1.0127 len= 72.92 term=1.000 in_range=0.507 r1=-0.634 r2=+14.638 r3=+0.000 term_pen=+1.000 policy_loss=+0.01094 value_loss=+0.00166 kl=0.0222 gate_reason='no-op'
update= 405 stage=1 weights=(1.0, 0.0, 0.0) reward=-1.0121 len= 72.46 term=1.000 in_range=0.501 r1=-0.631 r2=+13.447 r3=+0.000 term_pen=+1.000 policy_loss=+0.00462 value_loss=+0.00162 kl=0.0169 gate_reason='no-op' | eval_reward=-0.0160 eval_length=133.62
update= 406 stage=1 weights=(1.0, 0.0, 0.0) reward=-1.0126 len= 74.20 term=1.000 in_range=0.495 r1=-0.632 r2=+13.594 r3=+0.000 term_pen=+1.000 policy_loss=+0.01091 value_loss=+0.00166 kl=0.0216 gate_reason='no-op'
update= 407 stage=1 weights=(1.0, 0.0, 0.0) reward=-1.0126 len= 75.42 term=1.000 in_range=0.478 r1=-0.630 r2=+13.105 r3=+0.000 term_pen=+1.000 policy_loss=+0.00517 value_loss=+0.00167 kl=0.0169 gate_reason='no-op'
update= 408 stage=1 weights=(1.0, 0.0, 0.0) reward=-1.0123 len= 75.43 term=1.000 in_range=0.463 r1=-0.616 r2=+13.283 r3=+0.000 term_pen=+1.000 policy_loss=+0.02008 value_loss=+0.00187 kl=0.0471 gate_reason='no-op'
update= 409 stage=1 weights=(1.0, 0.0, 0.0) reward=-1.0127 len= 74.83 term=1.000 in_range=0.496 r1=-0.636 r2=+13.626 r3=+0.000 term_pen=+1.000 policy_loss=+0.00615 value_loss=+0.00183 kl=0.0273 gate_reason='no-op'
update= 410 stage=1 weights=(1.0, 0.0, 0.0) reward=-1.0127 len= 70.07 term=1.000 in_range=0.490 r1=-0.635 r2=+12.618 r3=+0.000 term_pen=+1.000 policy_loss=+0.01708 value_loss=+0.00189 kl=0.0290 gate_reason='no-op' | eval_reward=-0.0140 eval_length=142.88  [new_best]
update= 411 stage=1 weights=(1.0, 0.0, 0.0) reward=-1.0118 len= 74.01 term=1.000 in_range=0.495 r1=-0.615 r2=+12.708 r3=+0.000 term_pen=+1.000 policy_loss=+0.01037 value_loss=+0.00181 kl=0.0323 gate_reason='no-op'
update= 412 stage=1 weights=(1.0, 0.0, 0.0) reward=-1.0119 len= 75.48 term=1.000 in_range=0.503 r1=-0.597 r2=+14.804 r3=+0.000 term_pen=+1.000 policy_loss=+0.02351 value_loss=+0.00168 kl=0.0347 gate_reason='no-op'
update= 413 stage=1 weights=(1.0, 0.0, 0.0) reward=-1.0113 len= 76.16 term=1.000 in_range=0.500 r1=-0.565 r2=+15.603 r3=+0.000 term_pen=+1.000 policy_loss=+0.01104 value_loss=+0.00171 kl=0.0213 gate_reason='no-op'
update= 414 stage=1 weights=(1.0, 0.0, 0.0) reward=-1.0105 len= 75.55 term=1.000 in_range=0.509 r1=-0.550 r2=+16.867 r3=+0.000 term_pen=+1.000 policy_loss=+0.00729 value_loss=+0.00174 kl=0.0280 gate_reason='no-op'
update= 415 stage=1 weights=(1.0, 0.0, 0.0) reward=-1.0116 len= 75.71 term=1.000 in_range=0.492 r1=-0.578 r2=+16.967 r3=+0.000 term_pen=+1.000 policy_loss=+0.01963 value_loss=+0.00208 kl=0.0323 gate_reason='no-op' | eval_reward=-0.0153 eval_length=115.44
update= 416 stage=1 weights=(1.0, 0.0, 0.0) reward=-1.0110 len= 74.21 term=1.000 in_range=0.506 r1=-0.551 r2=+18.276 r3=+0.000 term_pen=+1.000 policy_loss=+0.01600 value_loss=+0.00147 kl=0.0282 gate_reason='no-op'
update= 417 stage=1 weights=(1.0, 0.0, 0.0) reward=-1.0113 len= 73.88 term=1.000 in_range=0.511 r1=-0.565 r2=+19.335 r3=+0.000 term_pen=+1.000 policy_loss=+0.00719 value_loss=+0.00289 kl=0.0172 gate_reason='no-op'
update= 418 stage=1 weights=(1.0, 0.0, 0.0) reward=-1.0118 len= 75.62 term=1.000 in_range=0.522 r1=-0.589 r2=+19.679 r3=+0.000 term_pen=+1.000 policy_loss=+0.01136 value_loss=+0.00220 kl=0.0222 gate_reason='no-op'
update= 419 stage=1 weights=(1.0, 0.0, 0.0) reward=-1.0112 len= 76.20 term=1.000 in_range=0.518 r1=-0.586 r2=+19.571 r3=+0.000 term_pen=+1.000 policy_loss=+0.01851 value_loss=+0.00305 kl=0.0332 gate_reason='no-op'
update= 420 stage=1 weights=(1.0, 0.0, 0.0) reward=-1.0108 len= 75.73 term=1.000 in_range=0.503 r1=-0.541 r2=+18.518 r3=+0.000 term_pen=+1.000 policy_loss=+0.00745 value_loss=+0.00176 kl=0.0180 gate_reason='no-op' | eval_reward=-0.0142 eval_length=109.06
update= 421 stage=1 weights=(1.0, 0.0, 0.0) reward=-1.0105 len= 74.77 term=1.000 in_range=0.493 r1=-0.524 r2=+17.498 r3=+0.000 term_pen=+1.000 policy_loss=+0.00590 value_loss=+0.00164 kl=0.0160 gate_reason='no-op'
update= 422 stage=1 weights=(1.0, 0.0, 0.0) reward=-1.0109 len= 76.67 term=1.000 in_range=0.522 r1=-0.568 r2=+17.660 r3=+0.000 term_pen=+1.000 policy_loss=+0.01905 value_loss=+0.00173 kl=0.0509 gate_reason='no-op'
update= 423 stage=1 weights=(1.0, 0.0, 0.0) reward=-1.0120 len= 76.58 term=1.000 in_range=0.502 r1=-0.598 r2=+13.157 r3=+0.000 term_pen=+1.000 policy_loss=+0.01136 value_loss=+0.00181 kl=0.0391 gate_reason='no-op'
update= 424 stage=1 weights=(1.0, 0.0, 0.0) reward=-1.0116 len= 77.98 term=1.000 in_range=0.472 r1=-0.605 r2=+10.695 r3=+0.000 term_pen=+1.000 policy_loss=+0.01392 value_loss=+0.00193 kl=0.0248 gate_reason='no-op'
update= 425 stage=1 weights=(1.0, 0.0, 0.0) reward=-1.0114 len= 77.90 term=1.000 in_range=0.465 r1=-0.595 r2=+10.800 r3=+0.000 term_pen=+1.000 policy_loss=+0.00886 value_loss=+0.00195 kl=0.0198 gate_reason='no-op' | eval_reward=-0.0190 eval_length=155.75  [new_best]
update= 426 stage=1 weights=(1.0, 0.0, 0.0) reward=-1.0118 len= 78.91 term=1.000 in_range=0.473 r1=-0.592 r2=+10.502 r3=+0.000 term_pen=+1.000 policy_loss=+0.00907 value_loss=+0.00199 kl=0.0201 gate_reason='no-op'
update= 427 stage=1 weights=(1.0, 0.0, 0.0) reward=-1.0130 len= 78.62 term=1.000 in_range=0.496 r1=-0.649 r2=+11.614 r3=+0.000 term_pen=+1.000 policy_loss=+0.00806 value_loss=+0.00191 kl=0.0187 gate_reason='no-op'
update= 428 stage=1 weights=(1.0, 0.0, 0.0) reward=-1.0124 len= 77.76 term=1.000 in_range=0.493 r1=-0.642 r2=+10.335 r3=+0.000 term_pen=+1.000 policy_loss=+0.01851 value_loss=+0.00190 kl=0.0314 gate_reason='no-op'
update= 429 stage=1 weights=(1.0, 0.0, 0.0) reward=-1.0126 len= 73.48 term=1.000 in_range=0.481 r1=-0.656 r2=+9.812 r3=+0.000 term_pen=+1.000 policy_loss=+0.00551 value_loss=+0.00192 kl=0.0155 gate_reason='no-op'
update= 430 stage=1 weights=(1.0, 0.0, 0.0) reward=-1.0126 len= 75.11 term=1.000 in_range=0.490 r1=-0.657 r2=+10.408 r3=+0.000 term_pen=+1.000 policy_loss=+0.00749 value_loss=+0.00181 kl=0.0388 gate_reason='no-op' | eval_reward=-0.0160 eval_length=137.88
update= 431 stage=1 weights=(1.0, 0.0, 0.0) reward=-1.0121 len= 79.21 term=1.000 in_range=0.506 r1=-0.628 r2=+12.963 r3=+0.000 term_pen=+1.000 policy_loss=+0.01704 value_loss=+0.00210 kl=0.0336 gate_reason='no-op'
update= 432 stage=1 weights=(1.0, 0.0, 0.0) reward=-1.0129 len= 76.25 term=1.000 in_range=0.495 r1=-0.668 r2=+10.753 r3=+0.000 term_pen=+1.000 policy_loss=+0.01007 value_loss=+0.00308 kl=0.0208 gate_reason='no-op'
update= 433 stage=1 weights=(1.0, 0.0, 0.0) reward=-1.0120 len= 76.13 term=1.000 in_range=0.498 r1=-0.601 r2=+9.950 r3=+0.000 term_pen=+1.000 policy_loss=+0.01174 value_loss=+0.00191 kl=0.0211 gate_reason='no-op'
update= 434 stage=1 weights=(1.0, 0.0, 0.0) reward=-1.0097 len= 78.06 term=0.998 in_range=0.494 r1=-0.584 r2=+9.866 r3=+0.000 term_pen=+0.998 policy_loss=+0.01666 value_loss=+0.00175 kl=0.0295 gate_reason='no-op'
update= 435 stage=1 weights=(1.0, 0.0, 0.0) reward=-1.0108 len= 78.10 term=0.999 in_range=0.487 r1=-0.588 r2=+8.646 r3=+0.000 term_pen=+0.999 policy_loss=+0.00810 value_loss=+0.00178 kl=0.0192 gate_reason='no-op' | eval_reward=-0.0126 eval_length=149.12
update= 436 stage=1 weights=(1.0, 0.0, 0.0) reward=-1.0116 len= 79.12 term=1.000 in_range=0.495 r1=-0.581 r2=+8.967 r3=+0.000 term_pen=+1.000 policy_loss=+0.00085 value_loss=+0.00172 kl=0.0329 gate_reason='no-op'
update= 437 stage=1 weights=(1.0, 0.0, 0.0) reward=-1.0107 len= 80.55 term=1.000 in_range=0.494 r1=-0.534 r2=+9.464 r3=+0.000 term_pen=+1.000 policy_loss=-0.00143 value_loss=+0.00178 kl=0.0279 gate_reason='no-op'
update= 438 stage=1 weights=(1.0, 0.0, 0.0) reward=-1.0100 len= 77.55 term=1.000 in_range=0.503 r1=-0.500 r2=+12.225 r3=+0.000 term_pen=+1.000 policy_loss=+0.01799 value_loss=+0.00219 kl=0.0304 gate_reason='no-op'
update= 439 stage=1 weights=(1.0, 0.0, 0.0) reward=-1.0098 len= 76.01 term=1.000 in_range=0.502 r1=-0.490 r2=+13.520 r3=+0.000 term_pen=+1.000 policy_loss=+0.01033 value_loss=+0.00203 kl=0.0209 gate_reason='no-op'
update= 440 stage=1 weights=(1.0, 0.0, 0.0) reward=-1.0093 len= 74.07 term=1.000 in_range=0.490 r1=-0.467 r2=+13.770 r3=+0.000 term_pen=+1.000 policy_loss=+0.00835 value_loss=+0.00171 kl=0.0184 gate_reason='no-op' | eval_reward=-0.0116 eval_length=131.25
update= 441 stage=1 weights=(1.0, 0.0, 0.0) reward=-1.0093 len= 74.89 term=1.000 in_range=0.501 r1=-0.465 r2=+13.574 r3=+0.000 term_pen=+1.000 policy_loss=+0.00992 value_loss=+0.00170 kl=0.0191 gate_reason='no-op'
update= 442 stage=1 weights=(1.0, 0.0, 0.0) reward=-1.0094 len= 77.09 term=1.000 in_range=0.493 r1=-0.468 r2=+11.021 r3=+0.000 term_pen=+1.000 policy_loss=+0.00380 value_loss=+0.00167 kl=0.0263 gate_reason='no-op'
update= 443 stage=1 weights=(1.0, 0.0, 0.0) reward=-1.0105 len= 79.05 term=1.000 in_range=0.489 r1=-0.527 r2=+8.642 r3=+0.000 term_pen=+1.000 policy_loss=+0.01604 value_loss=+0.00174 kl=0.0253 gate_reason='no-op'
update= 444 stage=1 weights=(1.0, 0.0, 0.0) reward=-1.0105 len= 78.78 term=1.000 in_range=0.485 r1=-0.525 r2=+7.078 r3=+0.000 term_pen=+1.000 policy_loss=+0.00772 value_loss=+0.00186 kl=0.0174 gate_reason='no-op'
update= 445 stage=1 weights=(1.0, 0.0, 0.0) reward=-1.0093 len= 78.93 term=0.999 in_range=0.487 r1=-0.516 r2=+6.619 r3=+0.000 term_pen=+0.999 policy_loss=+0.01006 value_loss=+0.00185 kl=0.0367 gate_reason='no-op' | eval_reward=-0.0090 eval_length=134.69
update= 446 stage=1 weights=(1.0, 0.0, 0.0) reward=-1.0105 len= 81.13 term=1.000 in_range=0.498 r1=-0.526 r2=+8.702 r3=+0.000 term_pen=+1.000 policy_loss=+0.01069 value_loss=+0.00188 kl=0.0333 gate_reason='no-op'
update= 447 stage=1 weights=(1.0, 0.0, 0.0) reward=-1.0096 len= 78.25 term=1.000 in_range=0.497 r1=-0.482 r2=+12.216 r3=+0.000 term_pen=+1.000 policy_loss=+0.01363 value_loss=+0.00523 kl=0.0319 gate_reason='no-op'
update= 448 stage=1 weights=(1.0, 0.0, 0.0) reward=-1.0093 len= 77.67 term=1.000 in_range=0.485 r1=-0.463 r2=+11.430 r3=+0.000 term_pen=+1.000 policy_loss=+0.01370 value_loss=+0.00364 kl=0.0269 gate_reason='no-op'
update= 449 stage=1 weights=(1.0, 0.0, 0.0) reward=-1.0092 len= 77.96 term=1.000 in_range=0.476 r1=-0.460 r2=+9.967 r3=+0.000 term_pen=+1.000 policy_loss=+0.01315 value_loss=+0.00297 kl=0.0259 gate_reason='no-op'
update= 450 stage=1 weights=(1.0, 0.0, 0.0) reward=-1.0102 len= 79.02 term=1.000 in_range=0.487 r1=-0.512 r2=+11.438 r3=+0.000 term_pen=+1.000 policy_loss=+0.01924 value_loss=+0.00205 kl=0.0452 gate_reason='no-op' | eval_reward=-0.0107 eval_length=123.12
update= 451 stage=1 weights=(1.0, 0.0, 0.0) reward=-1.0116 len= 80.65 term=1.000 in_range=0.495 r1=-0.579 r2=+8.303 r3=+0.000 term_pen=+1.000 policy_loss=+0.00905 value_loss=+0.00255 kl=0.0199 gate_reason='no-op'
update= 452 stage=1 weights=(1.0, 0.0, 0.0) reward=-1.0110 len= 80.51 term=1.000 in_range=0.496 r1=-0.574 r2=+7.386 r3=+0.000 term_pen=+1.000 policy_loss=+0.01413 value_loss=+0.00245 kl=0.0243 gate_reason='no-op'
update= 453 stage=1 weights=(1.0, 0.0, 0.0) reward=-1.0111 len= 82.14 term=1.000 in_range=0.493 r1=-0.579 r2=+6.767 r3=+0.000 term_pen=+1.000 policy_loss=+0.00435 value_loss=+0.00196 kl=0.0251 gate_reason='no-op'
update= 454 stage=1 weights=(1.0, 0.0, 0.0) reward=-1.0116 len= 83.82 term=1.000 in_range=0.467 r1=-0.580 r2=+5.491 r3=+0.000 term_pen=+1.000 policy_loss=+0.02007 value_loss=+0.00223 kl=0.0301 gate_reason='no-op'
update= 455 stage=1 weights=(1.0, 0.0, 0.0) reward=-1.0116 len= 83.07 term=0.999 in_range=0.457 r1=-0.627 r2=+4.724 r3=+0.000 term_pen=+0.999 policy_loss=+0.00524 value_loss=+0.00212 kl=0.0309 gate_reason='no-op' | eval_reward=-0.0073 eval_length=125.75
update= 456 stage=1 weights=(1.0, 0.0, 0.0) reward=-1.0126 len= 82.66 term=1.000 in_range=0.477 r1=-0.630 r2=+5.956 r3=+0.000 term_pen=+1.000 policy_loss=+0.01360 value_loss=+0.00205 kl=0.0265 gate_reason='no-op'
update= 457 stage=1 weights=(1.0, 0.0, 0.0) reward=-1.0120 len= 84.92 term=1.000 in_range=0.492 r1=-0.598 r2=+6.829 r3=+0.000 term_pen=+1.000 policy_loss=+0.01965 value_loss=+0.00242 kl=0.0278 gate_reason='no-op'
update= 458 stage=1 weights=(1.0, 0.0, 0.0) reward=-1.0120 len= 84.24 term=1.000 in_range=0.481 r1=-0.626 r2=+4.498 r3=+0.000 term_pen=+1.000 policy_loss=+0.01547 value_loss=+0.00220 kl=0.0373 gate_reason='no-op'
update= 459 stage=1 weights=(1.0, 0.0, 0.0) reward=-1.0107 len= 84.63 term=0.999 in_range=0.479 r1=-0.581 r2=+5.730 r3=+0.000 term_pen=+0.999 policy_loss=+0.01356 value_loss=+0.00362 kl=0.0397 gate_reason='no-op'
update= 460 stage=1 weights=(1.0, 0.0, 0.0) reward=-1.0114 len= 84.77 term=1.000 in_range=0.494 r1=-0.571 r2=+9.100 r3=+0.000 term_pen=+1.000 policy_loss=+0.01345 value_loss=+0.00475 kl=0.0214 gate_reason='no-op' | eval_reward=-0.0106 eval_length=126.94
update= 461 stage=1 weights=(1.0, 0.0, 0.0) reward=-1.0101 len= 84.49 term=0.999 in_range=0.509 r1=-0.556 r2=+11.776 r3=+0.000 term_pen=+0.999 policy_loss=+0.00708 value_loss=+0.00190 kl=0.0166 gate_reason='no-op'
update= 462 stage=1 weights=(1.0, 0.0, 0.0) reward=-1.0110 len= 85.72 term=1.000 in_range=0.504 r1=-0.573 r2=+9.884 r3=+0.000 term_pen=+1.000 policy_loss=+0.00621 value_loss=+0.00195 kl=0.0155 gate_reason='no-op'
update= 463 stage=1 weights=(1.0, 0.0, 0.0) reward=-1.0107 len= 86.61 term=0.999 in_range=0.503 r1=-0.606 r2=+8.307 r3=+0.000 term_pen=+0.999 policy_loss=+0.00655 value_loss=+0.00208 kl=0.0173 gate_reason='no-op'
update= 464 stage=1 weights=(1.0, 0.0, 0.0) reward=-1.0125 len= 87.70 term=1.000 in_range=0.486 r1=-0.624 r2=+6.941 r3=+0.000 term_pen=+1.000 policy_loss=+0.00958 value_loss=+0.00211 kl=0.0193 gate_reason='no-op'
update= 465 stage=1 weights=(1.0, 0.0, 0.0) reward=-1.0116 len= 87.71 term=1.000 in_range=0.497 r1=-0.602 r2=+6.938 r3=+0.000 term_pen=+1.000 policy_loss=+0.00748 value_loss=+0.00208 kl=0.0415 gate_reason='no-op' | eval_reward=-0.0119 eval_length=126.94
update= 466 stage=1 weights=(1.0, 0.0, 0.0) reward=-1.0111 len= 86.92 term=1.000 in_range=0.477 r1=-0.579 r2=+3.457 r3=+0.000 term_pen=+1.000 policy_loss=+0.01525 value_loss=+0.00229 kl=0.0291 gate_reason='no-op'
update= 467 stage=1 weights=(1.0, 0.0, 0.0) reward=-1.0102 len= 84.75 term=1.000 in_range=0.474 r1=-0.535 r2=+5.573 r3=+0.000 term_pen=+1.000 policy_loss=+0.01189 value_loss=+0.00218 kl=0.0337 gate_reason='no-op'
update= 468 stage=1 weights=(1.0, 0.0, 0.0) reward=-1.0109 len= 84.46 term=1.000 in_range=0.472 r1=-0.544 r2=+4.775 r3=+0.000 term_pen=+1.000 policy_loss=+0.00813 value_loss=+0.00274 kl=0.0288 gate_reason='no-op'
update= 469 stage=1 weights=(1.0, 0.0, 0.0) reward=-1.0103 len= 83.71 term=1.000 in_range=0.468 r1=-0.542 r2=+3.167 r3=+0.000 term_pen=+1.000 policy_loss=+0.01098 value_loss=+0.00374 kl=0.0203 gate_reason='no-op'
update= 470 stage=1 weights=(1.0, 0.0, 0.0) reward=-1.0104 len= 83.00 term=1.000 in_range=0.473 r1=-0.544 r2=+2.658 r3=+0.000 term_pen=+1.000 policy_loss=+0.00792 value_loss=+0.00217 kl=0.0167 gate_reason='no-op' | eval_reward=-0.0050 eval_length=119.69
update= 471 stage=1 weights=(1.0, 0.0, 0.0) reward=-1.0100 len= 82.19 term=1.000 in_range=0.479 r1=-0.499 r2=+5.142 r3=+0.000 term_pen=+1.000 policy_loss=+0.01327 value_loss=+0.00204 kl=0.0249 gate_reason='no-op'
update= 472 stage=1 weights=(1.0, 0.0, 0.0) reward=-1.0101 len= 80.93 term=1.000 in_range=0.468 r1=-0.529 r2=+2.756 r3=+0.000 term_pen=+1.000 policy_loss=+0.01005 value_loss=+0.00203 kl=0.0209 gate_reason='no-op'
update= 473 stage=1 weights=(1.0, 0.0, 0.0) reward=-1.0101 len= 83.22 term=1.000 in_range=0.475 r1=-0.527 r2=+3.665 r3=+0.000 term_pen=+1.000 policy_loss=+0.00958 value_loss=+0.00199 kl=0.0209 gate_reason='no-op'
update= 474 stage=1 weights=(1.0, 0.0, 0.0) reward=-1.0105 len= 81.57 term=1.000 in_range=0.477 r1=-0.548 r2=+4.066 r3=+0.000 term_pen=+1.000 policy_loss=+0.01082 value_loss=+0.00211 kl=0.0496 gate_reason='no-op'
update= 475 stage=1 weights=(1.0, 0.0, 0.0) reward=-1.0097 len= 82.20 term=0.999 in_range=0.481 r1=-0.535 r2=+6.634 r3=+0.000 term_pen=+0.999 policy_loss=+0.01992 value_loss=+0.00215 kl=0.0301 gate_reason='no-op' | eval_reward=-0.0080 eval_length=128.62
update= 476 stage=1 weights=(1.0, 0.0, 0.0) reward=-1.0081 len= 85.52 term=0.997 in_range=0.480 r1=-0.550 r2=+7.472 r3=+0.000 term_pen=+0.997 policy_loss=+0.01851 value_loss=+0.00230 kl=0.0296 gate_reason='no-op'
update= 477 stage=1 weights=(1.0, 0.0, 0.0) reward=-1.0100 len= 82.29 term=1.000 in_range=0.492 r1=-0.500 r2=+11.519 r3=+0.000 term_pen=+1.000 policy_loss=+0.00571 value_loss=+0.00203 kl=0.0148 gate_reason='no-op'
update= 478 stage=1 weights=(1.0, 0.0, 0.0) reward=-1.0090 len= 81.18 term=1.000 in_range=0.490 r1=-0.473 r2=+10.877 r3=+0.000 term_pen=+1.000 policy_loss=+0.01210 value_loss=+0.00201 kl=0.0224 gate_reason='no-op'
update= 479 stage=1 weights=(1.0, 0.0, 0.0) reward=-1.0094 len= 83.30 term=1.000 in_range=0.485 r1=-0.471 r2=+9.049 r3=+0.000 term_pen=+1.000 policy_loss=+0.00796 value_loss=+0.00207 kl=0.0183 gate_reason='no-op'
update= 480 stage=1 weights=(1.0, 0.0, 0.0) reward=-1.0093 len= 85.71 term=0.999 in_range=0.471 r1=-0.512 r2=+8.052 r3=+0.000 term_pen=+0.999 policy_loss=+0.00480 value_loss=+0.00216 kl=0.0135 gate_reason='no-op' | eval_reward=-0.0089 eval_length=137.31
update= 481 stage=1 weights=(1.0, 0.0, 0.0) reward=-1.0102 len= 87.91 term=0.999 in_range=0.467 r1=-0.560 r2=+4.768 r3=+0.000 term_pen=+0.999 policy_loss=+0.01181 value_loss=+0.00229 kl=0.0212 gate_reason='no-op'
update= 482 stage=1 weights=(1.0, 0.0, 0.0) reward=-1.0098 len= 87.80 term=0.999 in_range=0.476 r1=-0.539 r2=+5.188 r3=+0.000 term_pen=+0.999 policy_loss=+0.00994 value_loss=+0.00238 kl=0.0194 gate_reason='no-op'
update= 483 stage=1 weights=(1.0, 0.0, 0.0) reward=-1.0077 len= 88.55 term=0.997 in_range=0.488 r1=-0.530 r2=+7.999 r3=+0.000 term_pen=+0.997 policy_loss=+0.01467 value_loss=+0.00218 kl=0.0245 gate_reason='no-op'
update= 484 stage=1 weights=(1.0, 0.0, 0.0) reward=-1.0075 len= 88.16 term=0.997 in_range=0.497 r1=-0.522 r2=+7.655 r3=+0.000 term_pen=+0.997 policy_loss=+0.02162 value_loss=+0.00200 kl=0.0278 gate_reason='no-op'
update= 485 stage=1 weights=(1.0, 0.0, 0.0) reward=-1.0082 len= 89.73 term=0.998 in_range=0.500 r1=-0.508 r2=+8.759 r3=+0.000 term_pen=+0.998 policy_loss=+0.00696 value_loss=+0.00214 kl=0.0170 gate_reason='no-op' | eval_reward=-0.0092 eval_length=148.88
update= 486 stage=1 weights=(1.0, 0.0, 0.0) reward=-1.0100 len= 89.27 term=0.998 in_range=0.489 r1=-0.598 r2=+6.029 r3=+0.000 term_pen=+0.998 policy_loss=+0.01601 value_loss=+0.00237 kl=0.0347 gate_reason='no-op'
update= 487 stage=1 weights=(1.0, 0.0, 0.0) reward=-1.0104 len= 82.66 term=0.999 in_range=0.507 r1=-0.567 r2=+9.660 r3=+0.000 term_pen=+0.999 policy_loss=+0.01893 value_loss=+0.00198 kl=0.0296 gate_reason='no-op'
update= 488 stage=1 weights=(1.0, 0.0, 0.0) reward=-1.0098 len= 82.07 term=0.998 in_range=0.497 r1=-0.586 r2=+6.323 r3=+0.000 term_pen=+0.998 policy_loss=+0.01007 value_loss=+0.00201 kl=0.0203 gate_reason='no-op'
update= 489 stage=1 weights=(1.0, 0.0, 0.0) reward=-1.0108 len= 78.67 term=0.999 in_range=0.502 r1=-0.590 r2=+7.803 r3=+0.000 term_pen=+0.999 policy_loss=+0.00853 value_loss=+0.00194 kl=0.0195 gate_reason='no-op'
update= 490 stage=1 weights=(1.0, 0.0, 0.0) reward=-1.0111 len= 81.27 term=0.999 in_range=0.513 r1=-0.604 r2=+10.163 r3=+0.000 term_pen=+0.999 policy_loss=+0.00959 value_loss=+0.00198 kl=0.0310 gate_reason='no-op' | eval_reward=-0.0087 eval_length=184.00  [new_best]
update= 491 stage=1 weights=(1.0, 0.0, 0.0) reward=-1.0088 len= 89.32 term=0.997 in_range=0.524 r1=-0.588 r2=+12.282 r3=+0.000 term_pen=+0.997 policy_loss=+0.01317 value_loss=+0.00201 kl=0.0238 gate_reason='no-op'
update= 492 stage=1 weights=(1.0, 0.0, 0.0) reward=-1.0076 len= 90.66 term=0.996 in_range=0.504 r1=-0.599 r2=+9.572 r3=+0.000 term_pen=+0.996 policy_loss=+0.00640 value_loss=+0.00212 kl=0.0168 gate_reason='no-op'
update= 493 stage=1 weights=(1.0, 0.0, 0.0) reward=-1.0101 len= 90.50 term=0.999 in_range=0.515 r1=-0.577 r2=+11.502 r3=+0.000 term_pen=+0.999 policy_loss=+0.00873 value_loss=+0.00220 kl=0.0179 gate_reason='no-op'
update= 494 stage=1 weights=(1.0, 0.0, 0.0) reward=-1.0084 len= 94.73 term=0.996 in_range=0.474 r1=-0.614 r2=+3.874 r3=+0.000 term_pen=+0.996 policy_loss=+0.00838 value_loss=+0.00237 kl=0.0179 gate_reason='no-op'
update= 495 stage=1 weights=(1.0, 0.0, 0.0) reward=-1.0111 len= 93.43 term=0.999 in_range=0.483 r1=-0.627 r2=+3.411 r3=+0.000 term_pen=+0.999 policy_loss=+0.00486 value_loss=+0.00244 kl=0.0327 gate_reason='no-op' | eval_reward=-0.0110 eval_length=141.81
update= 496 stage=1 weights=(1.0, 0.0, 0.0) reward=-1.0093 len= 88.75 term=0.997 in_range=0.480 r1=-0.635 r2=+2.523 r3=+0.000 term_pen=+0.997 policy_loss=+0.01617 value_loss=+0.00294 kl=0.0263 gate_reason='no-op'
update= 497 stage=1 weights=(1.0, 0.0, 0.0) reward=-1.0085 len= 92.65 term=0.996 in_range=0.487 r1=-0.643 r2=+2.953 r3=+0.000 term_pen=+0.996 policy_loss=+0.01221 value_loss=+0.00297 kl=0.0228 gate_reason='no-op'
update= 498 stage=1 weights=(1.0, 0.0, 0.0) reward=-1.0093 len= 93.01 term=0.997 in_range=0.492 r1=-0.638 r2=+5.256 r3=+0.000 term_pen=+0.997 policy_loss=+0.00959 value_loss=+0.00275 kl=0.0360 gate_reason='no-op'
update= 499 stage=1 weights=(1.0, 0.0, 0.0) reward=-1.0110 len= 91.84 term=0.999 in_range=0.505 r1=-0.597 r2=+8.379 r3=+0.000 term_pen=+0.999 policy_loss=+0.01491 value_loss=+0.00386 kl=0.0267 gate_reason='no-op'
update= 500 stage=1 weights=(1.0, 0.0, 0.0) reward=-1.0110 len= 90.65 term=1.000 in_range=0.505 r1=-0.572 r2=+7.680 r3=+0.000 term_pen=+1.000 policy_loss=+0.01723 value_loss=+0.00205 kl=0.0275 gate_reason='no-op' | eval_reward=-0.0144 eval_length=131.56
update= 501 stage=1 weights=(1.0, 0.0, 0.0) reward=-1.0112 len= 89.58 term=0.999 in_range=0.510 r1=-0.611 r2=+8.438 r3=+0.000 term_pen=+0.999 policy_loss=+0.00776 value_loss=+0.00193 kl=0.0171 gate_reason='no-op'
update= 502 stage=1 weights=(1.0, 0.0, 0.0) reward=-1.0103 len= 89.58 term=0.998 in_range=0.511 r1=-0.614 r2=+8.783 r3=+0.000 term_pen=+0.998 policy_loss=+0.00965 value_loss=+0.00198 kl=0.0198 gate_reason='no-op'
update= 503 stage=1 weights=(1.0, 0.0, 0.0) reward=-1.0097 len= 89.29 term=0.998 in_range=0.519 r1=-0.584 r2=+10.256 r3=+0.000 term_pen=+0.998 policy_loss=+0.01530 value_loss=+0.00197 kl=0.0268 gate_reason='no-op'
update= 504 stage=1 weights=(1.0, 0.0, 0.0) reward=-1.0120 len= 92.60 term=1.000 in_range=0.492 r1=-0.623 r2=+8.038 r3=+0.000 term_pen=+1.000 policy_loss=+0.00901 value_loss=+0.00205 kl=0.0380 gate_reason='no-op'
update= 505 stage=1 weights=(1.0, 0.0, 0.0) reward=-1.0106 len= 94.98 term=0.996 in_range=0.422 r1=-0.727 r2=-0.452 r3=+0.000 term_pen=+0.996 policy_loss=+0.01994 value_loss=+0.00256 kl=0.0382 gate_reason='no-op' | eval_reward=-0.0173 eval_length=140.94
update= 506 stage=1 weights=(1.0, 0.0, 0.0) reward=-1.0104 len= 97.47 term=0.996 in_range=0.388 r1=-0.718 r2=-4.020 r3=+0.000 term_pen=+0.996 policy_loss=+0.00641 value_loss=+0.00285 kl=0.0311 gate_reason='no-op'
update= 507 stage=1 weights=(1.0, 0.0, 0.0) reward=-1.0100 len= 97.95 term=0.996 in_range=0.410 r1=-0.718 r2=-4.600 r3=+0.000 term_pen=+0.996 policy_loss=+0.01483 value_loss=+0.00369 kl=0.0234 gate_reason='no-op'
update= 508 stage=1 weights=(1.0, 0.0, 0.0) reward=-1.0125 len= 95.38 term=0.999 in_range=0.422 r1=-0.701 r2=-5.049 r3=+0.000 term_pen=+0.999 policy_loss=+0.00520 value_loss=+0.00261 kl=0.0140 gate_reason='no-op'
update= 509 stage=1 weights=(1.0, 0.0, 0.0) reward=-1.0135 len= 96.30 term=0.999 in_range=0.414 r1=-0.722 r2=-5.779 r3=+0.000 term_pen=+0.999 policy_loss=+0.01440 value_loss=+0.00251 kl=0.0225 gate_reason='no-op'
update= 510 stage=1 weights=(1.0, 0.0, 0.0) reward=-1.0112 len= 97.23 term=0.997 in_range=0.449 r1=-0.733 r2=-2.274 r3=+0.000 term_pen=+0.997 policy_loss=+0.01140 value_loss=+0.00238 kl=0.0236 gate_reason='no-op' | eval_reward=-0.0126 eval_length=122.06
update= 511 stage=1 weights=(1.0, 0.0, 0.0) reward=-1.0143 len= 96.10 term=1.000 in_range=0.450 r1=-0.717 r2=-1.892 r3=+0.000 term_pen=+1.000 policy_loss=+0.01245 value_loss=+0.00235 kl=0.0208 gate_reason='no-op'
update= 512 stage=1 weights=(1.0, 0.0, 0.0) reward=-1.0135 len= 96.84 term=0.999 in_range=0.438 r1=-0.748 r2=-2.498 r3=+0.000 term_pen=+0.999 policy_loss=+0.00876 value_loss=+0.00238 kl=0.0278 gate_reason='no-op'
update= 513 stage=1 weights=(1.0, 0.0, 0.0) reward=-1.0107 len= 97.12 term=0.997 in_range=0.452 r1=-0.708 r2=-2.677 r3=+0.000 term_pen=+0.997 policy_loss=+0.00964 value_loss=+0.00239 kl=0.0288 gate_reason='no-op'
update= 514 stage=1 weights=(1.0, 0.0, 0.0) reward=-1.0107 len= 94.46 term=0.998 in_range=0.466 r1=-0.634 r2=-1.202 r3=+0.000 term_pen=+0.998 policy_loss=+0.00763 value_loss=+0.00332 kl=0.0169 gate_reason='no-op'
update= 515 stage=1 weights=(1.0, 0.0, 0.0) reward=-1.0090 len= 98.20 term=0.996 in_range=0.461 r1=-0.646 r2=-2.966 r3=+0.000 term_pen=+0.996 policy_loss=+0.00813 value_loss=+0.00230 kl=0.0181 gate_reason='no-op' | eval_reward=-0.0082 eval_length=125.94
update= 516 stage=1 weights=(1.0, 0.0, 0.0) reward=-1.0101 len= 96.41 term=0.998 in_range=0.466 r1=-0.600 r2=-3.538 r3=+0.000 term_pen=+0.998 policy_loss=+0.01894 value_loss=+0.00235 kl=0.0298 gate_reason='no-op'
update= 517 stage=1 weights=(1.0, 0.0, 0.0) reward=-1.0070 len= 99.16 term=0.996 in_range=0.470 r1=-0.568 r2=-0.280 r3=+0.000 term_pen=+0.996 policy_loss=+0.01348 value_loss=+0.00250 kl=0.0235 gate_reason='no-op'
update= 518 stage=1 weights=(1.0, 0.0, 0.0) reward=-1.0072 len=100.23 term=0.996 in_range=0.464 r1=-0.557 r2=+0.916 r3=+0.000 term_pen=+0.996 policy_loss=+0.00572 value_loss=+0.00244 kl=0.0163 gate_reason='no-op'
update= 519 stage=1 weights=(1.0, 0.0, 0.0) reward=-1.0078 len=101.33 term=0.996 in_range=0.453 r1=-0.584 r2=-3.875 r3=+0.000 term_pen=+0.996 policy_loss=+0.01179 value_loss=+0.00265 kl=0.0287 gate_reason='no-op'
update= 520 stage=1 weights=(1.0, 0.0, 0.0) reward=-1.0105 len=101.35 term=0.999 in_range=0.453 r1=-0.596 r2=-4.800 r3=+0.000 term_pen=+0.999 policy_loss=+0.01357 value_loss=+0.00487 kl=0.0312 gate_reason='no-op' | eval_reward=-0.0068 eval_length=131.38
update= 521 stage=1 weights=(1.0, 0.0, 0.0) reward=-1.0070 len= 98.68 term=0.995 in_range=0.464 r1=-0.597 r2=-1.696 r3=+0.000 term_pen=+0.995 policy_loss=+0.01724 value_loss=+0.01148 kl=0.0224 gate_reason='no-op'
update= 522 stage=1 weights=(1.0, 0.0, 0.0) reward=-1.0073 len=100.58 term=0.996 in_range=0.456 r1=-0.559 r2=-2.439 r3=+0.000 term_pen=+0.996 policy_loss=+0.01904 value_loss=+0.00371 kl=0.0320 gate_reason='no-op'
update= 523 stage=1 weights=(1.0, 0.0, 0.0) reward=-1.0100 len= 97.65 term=0.998 in_range=0.461 r1=-0.599 r2=-2.807 r3=+0.000 term_pen=+0.998 policy_loss=+0.01227 value_loss=+0.00261 kl=0.0237 gate_reason='no-op'
update= 524 stage=1 weights=(1.0, 0.0, 0.0) reward=-1.0068 len= 99.12 term=0.995 in_range=0.433 r1=-0.586 r2=-4.344 r3=+0.000 term_pen=+0.995 policy_loss=+0.01549 value_loss=+0.00251 kl=0.0262 gate_reason='no-op'
update= 525 stage=1 weights=(1.0, 0.0, 0.0) reward=-1.0061 len=100.29 term=0.994 in_range=0.421 r1=-0.621 r2=-5.663 r3=+0.000 term_pen=+0.994 policy_loss=-0.00407 value_loss=+0.00253 kl=0.0282 gate_reason='no-op' | eval_reward=-0.0073 eval_length=129.75
update= 526 stage=1 weights=(1.0, 0.0, 0.0) reward=-1.0020 len=103.59 term=0.991 in_range=0.426 r1=-0.565 r2=-3.597 r3=+0.000 term_pen=+0.991 policy_loss=+0.01069 value_loss=+0.00244 kl=0.0217 gate_reason='no-op'
update= 527 stage=1 weights=(1.0, 0.0, 0.0) reward=-1.0052 len=102.49 term=0.994 in_range=0.436 r1=-0.554 r2=+0.345 r3=+0.000 term_pen=+0.994 policy_loss=+0.00874 value_loss=+0.00260 kl=0.0300 gate_reason='no-op'
update= 528 stage=1 weights=(1.0, 0.0, 0.0) reward=-1.0032 len=103.28 term=0.991 in_range=0.450 r1=-0.598 r2=+2.026 r3=+0.000 term_pen=+0.991 policy_loss=+0.00767 value_loss=+0.00250 kl=0.0174 gate_reason='no-op'
update= 529 stage=1 weights=(1.0, 0.0, 0.0) reward=-0.9985 len=103.80 term=0.987 in_range=0.461 r1=-0.558 r2=+4.559 r3=+0.000 term_pen=+0.987 policy_loss=+0.00830 value_loss=+0.00264 kl=0.0202 gate_reason='no-op'
update= 530 stage=1 weights=(1.0, 0.0, 0.0) reward=-1.0045 len= 96.98 term=0.995 in_range=0.475 r1=-0.495 r2=+7.678 r3=+0.000 term_pen=+0.995 policy_loss=+0.01396 value_loss=+0.00247 kl=0.0253 gate_reason='no-op' | eval_reward=-0.0049 eval_length=149.88
update= 531 stage=1 weights=(1.0, 0.0, 0.0) reward=-1.0069 len= 92.01 term=0.998 in_range=0.510 r1=-0.441 r2=+12.182 r3=+0.000 term_pen=+0.998 policy_loss=+0.01349 value_loss=+0.00250 kl=0.0454 gate_reason='no-op'
update= 532 stage=1 weights=(1.0, 0.0, 0.0) reward=-1.0062 len= 90.40 term=0.998 in_range=0.512 r1=-0.431 r2=+10.106 r3=+0.000 term_pen=+0.998 policy_loss=+0.00931 value_loss=+0.00216 kl=0.0210 gate_reason='no-op'
update= 533 stage=1 weights=(1.0, 0.0, 0.0) reward=-1.0090 len= 90.88 term=1.000 in_range=0.498 r1=-0.477 r2=+6.358 r3=+0.000 term_pen=+1.000 policy_loss=+0.01326 value_loss=+0.00223 kl=0.0249 gate_reason='no-op'
update= 534 stage=1 weights=(1.0, 0.0, 0.0) reward=-1.0048 len= 96.38 term=0.995 in_range=0.493 r1=-0.485 r2=+6.829 r3=+0.000 term_pen=+0.995 policy_loss=+0.01216 value_loss=+0.00218 kl=0.0382 gate_reason='no-op'
update= 535 stage=1 weights=(1.0, 0.0, 0.0) reward=-1.0054 len= 98.34 term=0.995 in_range=0.451 r1=-0.540 r2=+4.345 r3=+0.000 term_pen=+0.995 policy_loss=+0.01589 value_loss=+0.00263 kl=0.0265 gate_reason='no-op' | eval_reward=-0.0046 eval_length=139.69
update= 536 stage=1 weights=(1.0, 0.0, 0.0) reward=-1.0048 len= 96.78 term=0.995 in_range=0.481 r1=-0.509 r2=+6.447 r3=+0.000 term_pen=+0.995 policy_loss=+0.01169 value_loss=+0.00243 kl=0.0339 gate_reason='no-op'
update= 537 stage=1 weights=(1.0, 0.0, 0.0) reward=-1.0057 len= 95.48 term=0.996 in_range=0.502 r1=-0.481 r2=+8.787 r3=+0.000 term_pen=+0.996 policy_loss=+0.02062 value_loss=+0.00254 kl=0.0325 gate_reason='no-op'
update= 538 stage=1 weights=(1.0, 0.0, 0.0) reward=-1.0024 len= 97.23 term=0.993 in_range=0.495 r1=-0.484 r2=+9.261 r3=+0.000 term_pen=+0.993 policy_loss=+0.00584 value_loss=+0.00229 kl=0.0156 gate_reason='no-op'
update= 539 stage=1 weights=(1.0, 0.0, 0.0) reward=-1.0057 len= 91.01 term=0.997 in_range=0.507 r1=-0.432 r2=+14.263 r3=+0.000 term_pen=+0.997 policy_loss=+0.01293 value_loss=+0.00226 kl=0.0234 gate_reason='no-op'
update= 540 stage=1 weights=(1.0, 0.0, 0.0) reward=-1.0041 len= 91.42 term=0.995 in_range=0.491 r1=-0.447 r2=+11.923 r3=+0.000 term_pen=+0.995 policy_loss=+0.00594 value_loss=+0.00216 kl=0.0157 gate_reason='no-op' | eval_reward=-0.0097 eval_length=145.69
update= 541 stage=1 weights=(1.0, 0.0, 0.0) reward=-1.0061 len= 93.75 term=0.997 in_range=0.486 r1=-0.452 r2=+10.360 r3=+0.000 term_pen=+0.997 policy_loss=+0.01087 value_loss=+0.00217 kl=0.0210 gate_reason='no-op'
update= 542 stage=1 weights=(1.0, 0.0, 0.0) reward=-1.0022 len= 97.50 term=0.993 in_range=0.480 r1=-0.450 r2=+6.720 r3=+0.000 term_pen=+0.993 policy_loss=+0.00393 value_loss=+0.00217 kl=0.0159 gate_reason='no-op'
update= 543 stage=1 weights=(1.0, 0.0, 0.0) reward=-1.0043 len=100.26 term=0.994 in_range=0.459 r1=-0.510 r2=+4.579 r3=+0.000 term_pen=+0.994 policy_loss=+0.00848 value_loss=+0.00227 kl=0.0356 gate_reason='no-op'
update= 544 stage=1 weights=(1.0, 0.0, 0.0) reward=-1.0057 len= 99.14 term=0.995 in_range=0.448 r1=-0.553 r2=+4.526 r3=+0.000 term_pen=+0.995 policy_loss=+0.01612 value_loss=+0.00299 kl=0.0260 gate_reason='no-op'
update= 545 stage=1 weights=(1.0, 0.0, 0.0) reward=-1.0064 len= 99.51 term=0.996 in_range=0.469 r1=-0.539 r2=+7.466 r3=+0.000 term_pen=+0.996 policy_loss=+0.01683 value_loss=+0.00316 kl=0.0489 gate_reason='no-op' | eval_reward=-0.0073 eval_length=140.88
update= 546 stage=1 weights=(1.0, 0.0, 0.0) reward=-1.0021 len=102.19 term=0.991 in_range=0.431 r1=-0.570 r2=+2.728 r3=+0.000 term_pen=+0.991 policy_loss=+0.00166 value_loss=+0.00461 kl=0.0370 gate_reason='no-op'
update= 547 stage=1 weights=(1.0, 0.0, 0.0) reward=-1.0084 len=101.22 term=0.996 in_range=0.416 r1=-0.616 r2=-0.512 r3=+0.000 term_pen=+0.996 policy_loss=+0.01591 value_loss=+0.00552 kl=0.0232 gate_reason='no-op'
update= 548 stage=1 weights=(1.0, 0.0, 0.0) reward=-1.0064 len= 98.97 term=0.995 in_range=0.403 r1=-0.589 r2=-1.894 r3=+0.000 term_pen=+0.995 policy_loss=+0.00185 value_loss=+0.00277 kl=0.0256 gate_reason='no-op'
update= 549 stage=1 weights=(1.0, 0.0, 0.0) reward=-1.0094 len= 94.29 term=0.997 in_range=0.413 r1=-0.615 r2=+0.206 r3=+0.000 term_pen=+0.997 policy_loss=+0.00886 value_loss=+0.00305 kl=0.0347 gate_reason='no-op'
update= 550 stage=1 weights=(1.0, 0.0, 0.0) reward=-1.0099 len= 95.40 term=0.998 in_range=0.439 r1=-0.618 r2=+4.700 r3=+0.000 term_pen=+0.998 policy_loss=+0.00838 value_loss=+0.00325 kl=0.0351 gate_reason='no-op' | eval_reward=-0.0113 eval_length=135.44
update= 551 stage=1 weights=(1.0, 0.0, 0.0) reward=-1.0063 len=100.26 term=0.994 in_range=0.458 r1=-0.608 r2=+5.993 r3=+0.000 term_pen=+0.994 policy_loss=+0.01151 value_loss=+0.00243 kl=0.0226 gate_reason='no-op'
update= 552 stage=1 weights=(1.0, 0.0, 0.0) reward=-1.0041 len=100.66 term=0.992 in_range=0.463 r1=-0.594 r2=+5.570 r3=+0.000 term_pen=+0.992 policy_loss=+0.01795 value_loss=+0.00246 kl=0.0309 gate_reason='no-op'
update= 553 stage=1 weights=(1.0, 0.0, 0.0) reward=-1.0034 len= 98.09 term=0.993 in_range=0.473 r1=-0.536 r2=+9.221 r3=+0.000 term_pen=+0.993 policy_loss=+0.00983 value_loss=+0.00246 kl=0.0184 gate_reason='no-op'
update= 554 stage=1 weights=(1.0, 0.0, 0.0) reward=-0.9993 len=101.21 term=0.988 in_range=0.463 r1=-0.550 r2=+8.363 r3=+0.000 term_pen=+0.988 policy_loss=+0.00738 value_loss=+0.00254 kl=0.0167 gate_reason='no-op'
update= 555 stage=1 weights=(1.0, 0.0, 0.0) reward=-1.0003 len=102.86 term=0.989 in_range=0.467 r1=-0.577 r2=+8.928 r3=+0.000 term_pen=+0.989 policy_loss=+0.00768 value_loss=+0.00261 kl=0.0170 gate_reason='no-op' | eval_reward=-0.0072 eval_length=141.25
update= 556 stage=1 weights=(1.0, 0.0, 0.0) reward=-1.0046 len=100.59 term=0.994 in_range=0.470 r1=-0.547 r2=+10.392 r3=+0.000 term_pen=+0.994 policy_loss=+0.00590 value_loss=+0.00261 kl=0.0158 gate_reason='no-op'
update= 557 stage=1 weights=(1.0, 0.0, 0.0) reward=-0.9878 len=110.07 term=0.976 in_range=0.450 r1=-0.587 r2=+3.939 r3=+0.000 term_pen=+0.976 policy_loss=+0.00940 value_loss=+0.00288 kl=0.0318 gate_reason='no-op'
update= 558 stage=1 weights=(1.0, 0.0, 0.0) reward=-0.9904 len=110.62 term=0.979 in_range=0.458 r1=-0.570 r2=+2.149 r3=+0.000 term_pen=+0.979 policy_loss=+0.00932 value_loss=+0.00312 kl=0.0187 gate_reason='no-op'
update= 559 stage=1 weights=(1.0, 0.0, 0.0) reward=-0.9960 len=108.87 term=0.985 in_range=0.449 r1=-0.557 r2=-0.119 r3=+0.000 term_pen=+0.985 policy_loss=+0.00622 value_loss=+0.00328 kl=0.0275 gate_reason='no-op'
update= 560 stage=1 weights=(1.0, 0.0, 0.0) reward=-0.9919 len=110.33 term=0.980 in_range=0.446 r1=-0.594 r2=-0.588 r3=+0.000 term_pen=+0.980 policy_loss=+0.01781 value_loss=+0.00312 kl=0.0305 gate_reason='no-op' | eval_reward=-0.0069 eval_length=143.50
update= 561 stage=1 weights=(1.0, 0.0, 0.0) reward=-0.9941 len=106.16 term=0.982 in_range=0.440 r1=-0.584 r2=-1.050 r3=+0.000 term_pen=+0.982 policy_loss=+0.01014 value_loss=+0.00412 kl=0.0204 gate_reason='no-op'
update= 562 stage=1 weights=(1.0, 0.0, 0.0) reward=-1.0020 len=101.13 term=0.989 in_range=0.430 r1=-0.659 r2=-2.287 r3=+0.000 term_pen=+0.989 policy_loss=+0.00758 value_loss=+0.00320 kl=0.0185 gate_reason='no-op'
update= 563 stage=1 weights=(1.0, 0.0, 0.0) reward=-0.9924 len=107.51 term=0.980 in_range=0.441 r1=-0.596 r2=-0.425 r3=+0.000 term_pen=+0.980 policy_loss=+0.00904 value_loss=+0.00284 kl=0.0192 gate_reason='no-op'
update= 564 stage=1 weights=(1.0, 0.0, 0.0) reward=-0.9928 len=108.33 term=0.980 in_range=0.438 r1=-0.616 r2=-1.450 r3=+0.000 term_pen=+0.980 policy_loss=+0.01383 value_loss=+0.00293 kl=0.0243 gate_reason='no-op'
update= 565 stage=1 weights=(1.0, 0.0, 0.0) reward=-0.9887 len=111.53 term=0.976 in_range=0.437 r1=-0.657 r2=-1.106 r3=+0.000 term_pen=+0.976 policy_loss=+0.00878 value_loss=+0.00291 kl=0.0193 gate_reason='no-op' | eval_reward=-0.0111 eval_length=142.56
update= 566 stage=1 weights=(1.0, 0.0, 0.0) reward=-0.9759 len=115.63 term=0.962 in_range=0.407 r1=-0.699 r2=-3.827 r3=+0.000 term_pen=+0.962 policy_loss=+0.01237 value_loss=+0.00304 kl=0.0458 gate_reason='no-op'
update= 567 stage=1 weights=(1.0, 0.0, 0.0) reward=-0.9686 len=117.48 term=0.956 in_range=0.394 r1=-0.649 r2=-2.632 r3=+0.000 term_pen=+0.956 policy_loss=+0.01057 value_loss=+0.00311 kl=0.0300 gate_reason='no-op'
update= 568 stage=1 weights=(1.0, 0.0, 0.0) reward=-0.9789 len=115.15 term=0.966 in_range=0.369 r1=-0.656 r2=-2.184 r3=+0.000 term_pen=+0.966 policy_loss=+0.00951 value_loss=+0.00378 kl=0.0273 gate_reason='no-op'
update= 569 stage=1 weights=(1.0, 0.0, 0.0) reward=-0.9779 len=112.34 term=0.964 in_range=0.383 r1=-0.701 r2=+1.567 r3=+0.000 term_pen=+0.964 policy_loss=+0.01515 value_loss=+0.00680 kl=0.0255 gate_reason='no-op'
update= 570 stage=1 weights=(1.0, 0.0, 0.0) reward=-0.9785 len=106.35 term=0.966 in_range=0.399 r1=-0.609 r2=+6.086 r3=+0.000 term_pen=+0.966 policy_loss=+0.00685 value_loss=+0.00301 kl=0.0170 gate_reason='no-op' | eval_reward=-0.0116 eval_length=149.69
update= 571 stage=1 weights=(1.0, 0.0, 0.0) reward=-0.9815 len=106.68 term=0.970 in_range=0.396 r1=-0.587 r2=+3.926 r3=+0.000 term_pen=+0.970 policy_loss=+0.00414 value_loss=+0.00264 kl=0.0140 gate_reason='no-op'
update= 572 stage=1 weights=(1.0, 0.0, 0.0) reward=-0.9862 len=108.79 term=0.974 in_range=0.400 r1=-0.603 r2=+4.157 r3=+0.000 term_pen=+0.974 policy_loss=+0.00720 value_loss=+0.00285 kl=0.0164 gate_reason='no-op'
update= 573 stage=1 weights=(1.0, 0.0, 0.0) reward=-0.9932 len=106.80 term=0.982 in_range=0.390 r1=-0.565 r2=+2.558 r3=+0.000 term_pen=+0.982 policy_loss=+0.01394 value_loss=+0.00294 kl=0.0247 gate_reason='no-op'
update= 574 stage=1 weights=(1.0, 0.0, 0.0) reward=-0.9817 len=104.33 term=0.971 in_range=0.433 r1=-0.550 r2=+7.283 r3=+0.000 term_pen=+0.971 policy_loss=+0.01868 value_loss=+0.00284 kl=0.0509 gate_reason='no-op'
update= 575 stage=1 weights=(1.0, 0.0, 0.0) reward=-0.9692 len=112.80 term=0.957 in_range=0.453 r1=-0.631 r2=+8.815 r3=+0.000 term_pen=+0.957 policy_loss=+0.00434 value_loss=+0.00340 kl=0.0321 gate_reason='no-op' | eval_reward=-0.0144 eval_length=154.62
update= 576 stage=1 weights=(1.0, 0.0, 0.0) reward=-0.9726 len=112.04 term=0.958 in_range=0.460 r1=-0.704 r2=+9.809 r3=+0.000 term_pen=+0.958 policy_loss=+0.01372 value_loss=+0.00431 kl=0.0242 gate_reason='no-op'
update= 577 stage=1 weights=(1.0, 0.0, 0.0) reward=-0.9705 len=110.85 term=0.957 in_range=0.465 r1=-0.697 r2=+10.296 r3=+0.000 term_pen=+0.957 policy_loss=+0.00741 value_loss=+0.00361 kl=0.0327 gate_reason='no-op'
update= 578 stage=1 weights=(1.0, 0.0, 0.0) reward=-0.9817 len=113.00 term=0.967 in_range=0.458 r1=-0.723 r2=+7.239 r3=+0.000 term_pen=+0.967 policy_loss=+0.01391 value_loss=+0.00295 kl=0.0307 gate_reason='no-op'
update= 579 stage=1 weights=(1.0, 0.0, 0.0) reward=-0.9916 len=108.71 term=0.979 in_range=0.475 r1=-0.653 r2=+6.711 r3=+0.000 term_pen=+0.979 policy_loss=+0.02132 value_loss=+0.00297 kl=0.0328 gate_reason='no-op'
update= 580 stage=1 weights=(1.0, 0.0, 0.0) reward=-0.9936 len=108.65 term=0.979 in_range=0.443 r1=-0.705 r2=-1.226 r3=+0.000 term_pen=+0.979 policy_loss=+0.01587 value_loss=+0.00302 kl=0.0286 gate_reason='no-op' | eval_reward=-0.0099 eval_length=142.00
update= 581 stage=1 weights=(1.0, 0.0, 0.0) reward=-1.0042 len=111.07 term=0.989 in_range=0.437 r1=-0.745 r2=-2.161 r3=+0.000 term_pen=+0.989 policy_loss=+0.01618 value_loss=+0.00290 kl=0.0299 gate_reason='no-op'
update= 582 stage=1 weights=(1.0, 0.0, 0.0) reward=-0.9855 len=111.97 term=0.971 in_range=0.470 r1=-0.738 r2=+4.750 r3=+0.000 term_pen=+0.971 policy_loss=+0.01091 value_loss=+0.00298 kl=0.0217 gate_reason='no-op'
update= 583 stage=1 weights=(1.0, 0.0, 0.0) reward=-0.9813 len=113.38 term=0.966 in_range=0.460 r1=-0.776 r2=+4.653 r3=+0.000 term_pen=+0.966 policy_loss=+0.02317 value_loss=+0.00301 kl=0.0324 gate_reason='no-op'
update= 584 stage=1 weights=(1.0, 0.0, 0.0) reward=-0.9917 len=109.48 term=0.978 in_range=0.477 r1=-0.711 r2=+4.522 r3=+0.000 term_pen=+0.978 policy_loss=+0.01130 value_loss=+0.00285 kl=0.0268 gate_reason='no-op'
update= 585 stage=1 weights=(1.0, 0.0, 0.0) reward=-0.9974 len=103.93 term=0.983 in_range=0.468 r1=-0.726 r2=+4.095 r3=+0.000 term_pen=+0.983 policy_loss=+0.02104 value_loss=+0.00310 kl=0.0391 gate_reason='no-op' | eval_reward=-0.0155 eval_length=144.06
update= 586 stage=1 weights=(1.0, 0.0, 0.0) reward=-1.0046 len= 97.78 term=0.990 in_range=0.447 r1=-0.743 r2=+0.468 r3=+0.000 term_pen=+0.990 policy_loss=+0.00675 value_loss=+0.00325 kl=0.0224 gate_reason='no-op'
update= 587 stage=1 weights=(1.0, 0.0, 0.0) reward=-1.0056 len= 98.87 term=0.990 in_range=0.445 r1=-0.768 r2=+1.294 r3=+0.000 term_pen=+0.990 policy_loss=+0.00672 value_loss=+0.00321 kl=0.0156 gate_reason='no-op'
update= 588 stage=1 weights=(1.0, 0.0, 0.0) reward=-1.0050 len=101.56 term=0.990 in_range=0.439 r1=-0.762 r2=-0.272 r3=+0.000 term_pen=+0.990 policy_loss=+0.00721 value_loss=+0.00308 kl=0.0166 gate_reason='no-op'
update= 589 stage=1 weights=(1.0, 0.0, 0.0) reward=-0.9965 len=108.72 term=0.981 in_range=0.459 r1=-0.754 r2=+3.332 r3=+0.000 term_pen=+0.981 policy_loss=+0.01468 value_loss=+0.00281 kl=0.0259 gate_reason='no-op'
update= 590 stage=1 weights=(1.0, 0.0, 0.0) reward=-0.9905 len=109.04 term=0.975 in_range=0.468 r1=-0.796 r2=+4.873 r3=+0.000 term_pen=+0.975 policy_loss=+0.00885 value_loss=+0.00303 kl=0.0190 gate_reason='no-op' | eval_reward=-0.0202 eval_length=153.19
update= 591 stage=1 weights=(1.0, 0.0, 0.0) reward=-0.9981 len=105.04 term=0.981 in_range=0.456 r1=-0.834 r2=+2.947 r3=+0.000 term_pen=+0.981 policy_loss=+0.01243 value_loss=+0.00325 kl=0.0240 gate_reason='no-op'
update= 592 stage=1 weights=(1.0, 0.0, 0.0) reward=-0.9869 len=107.47 term=0.971 in_range=0.472 r1=-0.810 r2=+7.671 r3=+0.000 term_pen=+0.971 policy_loss=+0.01351 value_loss=+0.00288 kl=0.0232 gate_reason='no-op'
update= 593 stage=1 weights=(1.0, 0.0, 0.0) reward=-0.9893 len=107.63 term=0.971 in_range=0.457 r1=-0.903 r2=+6.184 r3=+0.000 term_pen=+0.971 policy_loss=+0.00226 value_loss=+0.00289 kl=0.0252 gate_reason='no-op'
update= 594 stage=1 weights=(1.0, 0.0, 0.0) reward=-0.9628 len=113.43 term=0.946 in_range=0.475 r1=-0.827 r2=+9.831 r3=+0.000 term_pen=+0.946 policy_loss=-0.00184 value_loss=+0.00277 kl=0.0540 gate_reason='no-op'
update= 595 stage=1 weights=(1.0, 0.0, 0.0) reward=-0.9991 len=101.63 term=0.985 in_range=0.533 r1=-0.689 r2=+19.688 r3=+0.000 term_pen=+0.985 policy_loss=+0.01304 value_loss=+0.00337 kl=0.0446 gate_reason='no-op' | eval_reward=-0.0237 eval_length=153.75
update= 596 stage=1 weights=(1.0, 0.0, 0.0) reward=-1.0061 len= 94.65 term=0.994 in_range=0.547 r1=-0.622 r2=+23.088 r3=+0.000 term_pen=+0.994 policy_loss=+0.02452 value_loss=+0.00461 kl=0.0383 gate_reason='no-op'
update= 597 stage=1 weights=(1.0, 0.0, 0.0) reward=-1.0011 len=100.25 term=0.989 in_range=0.536 r1=-0.618 r2=+17.482 r3=+0.000 term_pen=+0.989 policy_loss=+0.01987 value_loss=+0.00496 kl=0.0383 gate_reason='no-op'
update= 598 stage=1 weights=(1.0, 0.0, 0.0) reward=-0.9967 len=105.29 term=0.984 in_range=0.519 r1=-0.619 r2=+10.958 r3=+0.000 term_pen=+0.984 policy_loss=+0.00800 value_loss=+0.00409 kl=0.0173 gate_reason='no-op'
update= 599 stage=1 weights=(1.0, 0.0, 0.0) reward=-0.9952 len=108.06 term=0.982 in_range=0.494 r1=-0.639 r2=+5.553 r3=+0.000 term_pen=+0.982 policy_loss=+0.00144 value_loss=+0.00320 kl=0.0329 gate_reason='no-op'
update= 600 stage=1 weights=(1.0, 0.0, 0.0) reward=-0.9958 len=111.71 term=0.981 in_range=0.446 r1=-0.741 r2=-3.950 r3=+0.000 term_pen=+0.981 policy_loss=-0.00702 value_loss=+0.00281 kl=0.0302 gate_reason='no-op' | eval_reward=-0.0171 eval_length=142.31
update= 601 stage=1 weights=(1.0, 0.0, 0.0) reward=-0.9959 len=109.56 term=0.980 in_range=0.428 r1=-0.772 r2=-5.981 r3=+0.000 term_pen=+0.980 policy_loss=+0.01464 value_loss=+0.00292 kl=0.0394 gate_reason='no-op'
update= 602 stage=1 weights=(1.0, 0.0, 0.0) reward=-0.9810 len=113.05 term=0.965 in_range=0.427 r1=-0.808 r2=-3.359 r3=+0.000 term_pen=+0.965 policy_loss=+0.01494 value_loss=+0.00296 kl=0.0415 gate_reason='no-op'
update= 603 stage=1 weights=(1.0, 0.0, 0.0) reward=-0.9613 len=118.19 term=0.947 in_range=0.440 r1=-0.725 r2=-0.396 r3=+0.000 term_pen=+0.947 policy_loss=+0.01116 value_loss=+0.00351 kl=0.0260 gate_reason='no-op'
update= 604 stage=1 weights=(1.0, 0.0, 0.0) reward=-0.9731 len=114.58 term=0.957 in_range=0.417 r1=-0.826 r2=-4.514 r3=+0.000 term_pen=+0.957 policy_loss=+0.01540 value_loss=+0.00288 kl=0.0373 gate_reason='no-op'
update= 605 stage=1 weights=(1.0, 0.0, 0.0) reward=-0.9588 len=121.14 term=0.941 in_range=0.413 r1=-0.868 r2=-6.382 r3=+0.000 term_pen=+0.941 policy_loss=+0.01215 value_loss=+0.00357 kl=0.0226 gate_reason='no-op' | eval_reward=-0.0201 eval_length=153.19
update= 606 stage=1 weights=(1.0, 0.0, 0.0) reward=-0.9688 len=118.48 term=0.951 in_range=0.417 r1=-0.883 r2=-5.988 r3=+0.000 term_pen=+0.951 policy_loss=+0.00649 value_loss=+0.00326 kl=0.0269 gate_reason='no-op'
update= 607 stage=1 weights=(1.0, 0.0, 0.0) reward=-0.9638 len=119.08 term=0.947 in_range=0.445 r1=-0.827 r2=-0.565 r3=+0.000 term_pen=+0.947 policy_loss=-0.00129 value_loss=+0.00317 kl=0.0296 gate_reason='no-op'
update= 608 stage=1 weights=(1.0, 0.0, 0.0) reward=-0.9767 len=111.30 term=0.962 in_range=0.491 r1=-0.737 r2=+8.785 r3=+0.000 term_pen=+0.962 policy_loss=+0.00030 value_loss=+0.00325 kl=0.0252 gate_reason='no-op'
update= 609 stage=1 weights=(1.0, 0.0, 0.0) reward=-0.9775 len=110.13 term=0.963 in_range=0.498 r1=-0.731 r2=+9.119 r3=+0.000 term_pen=+0.963 policy_loss=+0.01910 value_loss=+0.00327 kl=0.0490 gate_reason='no-op'
update= 610 stage=1 weights=(1.0, 0.0, 0.0) reward=-0.9810 len=114.64 term=0.965 in_range=0.444 r1=-0.808 r2=-3.596 r3=+0.000 term_pen=+0.965 policy_loss=+0.01546 value_loss=+0.00291 kl=0.0267 gate_reason='no-op' | eval_reward=-0.0175 eval_length=145.06
update= 611 stage=1 weights=(1.0, 0.0, 0.0) reward=-0.9979 len=108.77 term=0.981 in_range=0.421 r1=-0.821 r2=-9.292 r3=+0.000 term_pen=+0.981 policy_loss=+0.01818 value_loss=+0.00286 kl=0.0295 gate_reason='no-op'
update= 612 stage=1 weights=(1.0, 0.0, 0.0) reward=-0.9959 len=109.08 term=0.980 in_range=0.423 r1=-0.772 r2=-8.326 r3=+0.000 term_pen=+0.980 policy_loss=+0.01090 value_loss=+0.00276 kl=0.0299 gate_reason='no-op'
update= 613 stage=1 weights=(1.0, 0.0, 0.0) reward=-0.9706 len=118.60 term=0.956 in_range=0.438 r1=-0.754 r2=-4.000 r3=+0.000 term_pen=+0.956 policy_loss=+0.00266 value_loss=+0.00271 kl=0.0599 gate_reason='no-op'
update= 614 stage=1 weights=(1.0, 0.0, 0.0) reward=-0.9761 len=109.80 term=0.963 in_range=0.498 r1=-0.660 r2=+11.849 r3=+0.000 term_pen=+0.963 policy_loss=+0.00164 value_loss=+0.00304 kl=0.0274 gate_reason='no-op'
update= 615 stage=1 weights=(1.0, 0.0, 0.0) reward=-0.9966 len= 97.96 term=0.984 in_range=0.513 r1=-0.612 r2=+19.678 r3=+0.000 term_pen=+0.984 policy_loss=+0.01380 value_loss=+0.00331 kl=0.0238 gate_reason='no-op' | eval_reward=-0.0239 eval_length=187.25  [new_best]
update= 616 stage=1 weights=(1.0, 0.0, 0.0) reward=-0.9936 len=101.27 term=0.981 in_range=0.488 r1=-0.633 r2=+17.713 r3=+0.000 term_pen=+0.981 policy_loss=+0.02170 value_loss=+0.00284 kl=0.0497 gate_reason='no-op'
update= 617 stage=1 weights=(1.0, 0.0, 0.0) reward=-0.9633 len=113.44 term=0.949 in_range=0.479 r1=-0.730 r2=+13.110 r3=+0.000 term_pen=+0.949 policy_loss=+0.01051 value_loss=+0.00272 kl=0.0279 gate_reason='no-op'
update= 618 stage=1 weights=(1.0, 0.0, 0.0) reward=-0.9500 len=117.17 term=0.934 in_range=0.471 r1=-0.795 r2=+11.010 r3=+0.000 term_pen=+0.934 policy_loss=+0.00823 value_loss=+0.00337 kl=0.0181 gate_reason='no-op'
update= 619 stage=1 weights=(1.0, 0.0, 0.0) reward=-0.9758 len=114.41 term=0.960 in_range=0.453 r1=-0.768 r2=+4.756 r3=+0.000 term_pen=+0.960 policy_loss=+0.00597 value_loss=+0.00325 kl=0.0150 gate_reason='no-op'
update= 620 stage=1 weights=(1.0, 0.0, 0.0) reward=-0.9615 len=117.61 term=0.946 in_range=0.454 r1=-0.760 r2=+5.959 r3=+0.000 term_pen=+0.946 policy_loss=-0.00607 value_loss=+0.00322 kl=0.0295 gate_reason='no-op' | eval_reward=-0.0142 eval_length=155.81
update= 621 stage=1 weights=(1.0, 0.0, 0.0) reward=-0.9675 len=114.72 term=0.953 in_range=0.479 r1=-0.741 r2=+12.641 r3=+0.000 term_pen=+0.953 policy_loss=+0.01365 value_loss=+0.00329 kl=0.0380 gate_reason='no-op'
update= 622 stage=1 weights=(1.0, 0.0, 0.0) reward=-0.9478 len=119.06 term=0.933 in_range=0.491 r1=-0.761 r2=+17.538 r3=+0.000 term_pen=+0.933 policy_loss=+0.01031 value_loss=+0.00314 kl=0.0281 gate_reason='no-op'
update= 623 stage=1 weights=(1.0, 0.0, 0.0) reward=-0.9089 len=125.04 term=0.893 in_range=0.462 r1=-0.792 r2=+13.513 r3=+0.000 term_pen=+0.893 policy_loss=+0.00991 value_loss=+0.00404 kl=0.0202 gate_reason='no-op'
update= 624 stage=1 weights=(1.0, 0.0, 0.0) reward=-0.9198 len=124.90 term=0.904 in_range=0.441 r1=-0.774 r2=+7.082 r3=+0.000 term_pen=+0.904 policy_loss=+0.01450 value_loss=+0.00347 kl=0.0308 gate_reason='no-op'
update= 625 stage=1 weights=(1.0, 0.0, 0.0) reward=-0.9196 len=123.83 term=0.906 in_range=0.427 r1=-0.690 r2=+6.248 r3=+0.000 term_pen=+0.906 policy_loss=+0.01085 value_loss=+0.00390 kl=0.0201 gate_reason='no-op' | eval_reward=-0.0119 eval_length=152.00
update= 626 stage=1 weights=(1.0, 0.0, 0.0) reward=-0.9107 len=122.64 term=0.897 in_range=0.468 r1=-0.662 r2=+14.501 r3=+0.000 term_pen=+0.897 policy_loss=+0.00590 value_loss=+0.00371 kl=0.0274 gate_reason='no-op'
update= 627 stage=1 weights=(1.0, 0.0, 0.0) reward=-0.8987 len=125.46 term=0.885 in_range=0.463 r1=-0.672 r2=+13.865 r3=+0.000 term_pen=+0.885 policy_loss=+0.01397 value_loss=+0.00345 kl=0.0252 gate_reason='no-op'
update= 628 stage=1 weights=(1.0, 0.0, 0.0) reward=-0.9039 len=127.03 term=0.889 in_range=0.442 r1=-0.760 r2=+9.045 r3=+0.000 term_pen=+0.889 policy_loss=+0.01706 value_loss=+0.00386 kl=0.0296 gate_reason='no-op'
update= 629 stage=1 weights=(1.0, 0.0, 0.0) reward=-0.8852 len=126.33 term=0.871 in_range=0.461 r1=-0.730 r2=+14.363 r3=+0.000 term_pen=+0.871 policy_loss=+0.01723 value_loss=+0.00403 kl=0.0377 gate_reason='no-op'
update= 630 stage=1 weights=(1.0, 0.0, 0.0) reward=-0.9158 len=122.92 term=0.901 in_range=0.465 r1=-0.719 r2=+14.903 r3=+0.000 term_pen=+0.901 policy_loss=+0.00583 value_loss=+0.00469 kl=0.0341 gate_reason='no-op' | eval_reward=-0.0118 eval_length=164.31
update= 631 stage=1 weights=(1.0, 0.0, 0.0) reward=-0.9397 len=119.31 term=0.925 in_range=0.463 r1=-0.718 r2=+14.285 r3=+0.000 term_pen=+0.925 policy_loss=+0.00346 value_loss=+0.00442 kl=0.0276 gate_reason='no-op'
update= 632 stage=1 weights=(1.0, 0.0, 0.0) reward=-0.9195 len=118.75 term=0.906 in_range=0.474 r1=-0.688 r2=+18.410 r3=+0.000 term_pen=+0.906 policy_loss=+0.01155 value_loss=+0.00862 kl=0.0199 gate_reason='no-op'
update= 633 stage=1 weights=(1.0, 0.0, 0.0) reward=-0.9375 len=116.78 term=0.922 in_range=0.467 r1=-0.779 r2=+17.408 r3=+0.000 term_pen=+0.922 policy_loss=+0.00991 value_loss=+0.00460 kl=0.0433 gate_reason='no-op'
update= 634 stage=1 weights=(1.0, 0.0, 0.0) reward=-0.9122 len=118.25 term=0.897 in_range=0.506 r1=-0.763 r2=+27.564 r3=+0.000 term_pen=+0.897 policy_loss=+0.00982 value_loss=+0.00347 kl=0.0178 gate_reason='no-op'
update= 635 stage=1 weights=(1.0, 0.0, 0.0) reward=-0.9409 len=111.01 term=0.925 in_range=0.497 r1=-0.803 r2=+24.666 r3=+0.000 term_pen=+0.925 policy_loss=+0.00984 value_loss=+0.00370 kl=0.0204 gate_reason='no-op' | eval_reward=-0.0242 eval_length=198.38  [new_best]
update= 636 stage=1 weights=(1.0, 0.0, 0.0) reward=-0.9605 len=104.12 term=0.945 in_range=0.517 r1=-0.759 r2=+27.401 r3=+0.000 term_pen=+0.945 policy_loss=+0.00945 value_loss=+0.00390 kl=0.0319 gate_reason='no-op'
update= 637 stage=1 weights=(1.0, 0.0, 0.0) reward=-0.9076 len=118.61 term=0.892 in_range=0.501 r1=-0.773 r2=+27.088 r3=+0.000 term_pen=+0.892 policy_loss=+0.00770 value_loss=+0.00348 kl=0.0178 gate_reason='no-op'
update= 638 stage=1 weights=(1.0, 0.0, 0.0) reward=-0.9028 len=120.30 term=0.888 in_range=0.505 r1=-0.753 r2=+27.568 r3=+0.000 term_pen=+0.888 policy_loss=+0.01099 value_loss=+0.00324 kl=0.0216 gate_reason='no-op'
update= 639 stage=1 weights=(1.0, 0.0, 0.0) reward=-0.9119 len=116.89 term=0.897 in_range=0.518 r1=-0.720 r2=+29.698 r3=+0.000 term_pen=+0.897 policy_loss=+0.01065 value_loss=+0.00338 kl=0.0204 gate_reason='no-op'
update= 640 stage=1 weights=(1.0, 0.0, 0.0) reward=-0.9365 len=111.73 term=0.922 in_range=0.539 r1=-0.731 r2=+33.799 r3=+0.000 term_pen=+0.922 policy_loss=+0.00780 value_loss=+0.00341 kl=0.0320 gate_reason='no-op' | eval_reward=-0.0297 eval_length=198.50  [new_best]
update= 641 stage=1 weights=(1.0, 0.0, 0.0) reward=-0.9533 len=110.06 term=0.938 in_range=0.536 r1=-0.789 r2=+31.242 r3=+0.000 term_pen=+0.938 policy_loss=+0.02185 value_loss=+0.00366 kl=0.0338 gate_reason='no-op'
update= 642 stage=1 weights=(1.0, 0.0, 0.0) reward=-0.9599 len=108.41 term=0.946 in_range=0.552 r1=-0.683 r2=+31.423 r3=+0.000 term_pen=+0.946 policy_loss=+0.01715 value_loss=+0.00339 kl=0.0282 gate_reason='no-op'
update= 643 stage=1 weights=(1.0, 0.0, 0.0) reward=-0.9584 len=107.26 term=0.945 in_range=0.555 r1=-0.679 r2=+33.721 r3=+0.000 term_pen=+0.945 policy_loss=+0.01375 value_loss=+0.00349 kl=0.0242 gate_reason='no-op'
update= 644 stage=1 weights=(1.0, 0.0, 0.0) reward=-0.9874 len= 97.91 term=0.975 in_range=0.567 r1=-0.642 r2=+35.999 r3=+0.000 term_pen=+0.975 policy_loss=+0.00801 value_loss=+0.00331 kl=0.0315 gate_reason='no-op'
update= 645 stage=1 weights=(1.0, 0.0, 0.0) reward=-0.9358 len=111.89 term=0.922 in_range=0.545 r1=-0.695 r2=+32.561 r3=+0.000 term_pen=+0.922 policy_loss=+0.00583 value_loss=+0.00337 kl=0.0141 gate_reason='no-op' | eval_reward=-0.0252 eval_length=191.12
update= 646 stage=1 weights=(1.0, 0.0, 0.0) reward=-0.9466 len=110.24 term=0.933 in_range=0.551 r1=-0.697 r2=+33.678 r3=+0.000 term_pen=+0.933 policy_loss=+0.00702 value_loss=+0.00303 kl=0.0159 gate_reason='no-op'
update= 647 stage=1 weights=(1.0, 0.0, 0.0) reward=-0.9817 len=101.99 term=0.969 in_range=0.574 r1=-0.647 r2=+36.577 r3=+0.000 term_pen=+0.969 policy_loss=+0.00674 value_loss=+0.00295 kl=0.0171 gate_reason='no-op'
update= 648 stage=1 weights=(1.0, 0.0, 0.0) reward=-0.9411 len=112.02 term=0.926 in_range=0.546 r1=-0.767 r2=+33.622 r3=+0.000 term_pen=+0.926 policy_loss=+0.02026 value_loss=+0.00338 kl=0.0378 gate_reason='no-op'
update= 649 stage=1 weights=(1.0, 0.0, 0.0) reward=-0.9486 len=110.42 term=0.933 in_range=0.514 r1=-0.801 r2=+28.588 r3=+0.000 term_pen=+0.933 policy_loss=+0.00200 value_loss=+0.00407 kl=0.0280 gate_reason='no-op'
update= 650 stage=1 weights=(1.0, 0.0, 0.0) reward=-0.9564 len=109.38 term=0.941 in_range=0.539 r1=-0.750 r2=+32.887 r3=+0.000 term_pen=+0.941 policy_loss=+0.01708 value_loss=+0.00359 kl=0.0285 gate_reason='no-op' | eval_reward=-0.0235 eval_length=200.00  [new_best]
update= 651 stage=1 weights=(1.0, 0.0, 0.0) reward=-0.9456 len=112.25 term=0.930 in_range=0.502 r1=-0.795 r2=+27.221 r3=+0.000 term_pen=+0.930 policy_loss=+0.00783 value_loss=+0.00378 kl=0.0195 gate_reason='no-op'
update= 652 stage=1 weights=(1.0, 0.0, 0.0) reward=-0.9502 len=110.16 term=0.935 in_range=0.514 r1=-0.784 r2=+27.909 r3=+0.000 term_pen=+0.935 policy_loss=+0.00725 value_loss=+0.00398 kl=0.0171 gate_reason='no-op'
update= 653 stage=1 weights=(1.0, 0.0, 0.0) reward=-0.9480 len=111.11 term=0.932 in_range=0.520 r1=-0.795 r2=+29.546 r3=+0.000 term_pen=+0.932 policy_loss=+0.00592 value_loss=+0.00391 kl=0.0150 gate_reason='no-op'
update= 654 stage=1 weights=(1.0, 0.0, 0.0) reward=-0.9492 len=110.01 term=0.933 in_range=0.518 r1=-0.804 r2=+29.222 r3=+0.000 term_pen=+0.933 policy_loss=+0.00699 value_loss=+0.00391 kl=0.0174 gate_reason='no-op'
update= 655 stage=1 weights=(1.0, 0.0, 0.0) reward=-0.9437 len=114.48 term=0.927 in_range=0.505 r1=-0.824 r2=+26.562 r3=+0.000 term_pen=+0.927 policy_loss=+0.00945 value_loss=+0.00382 kl=0.0314 gate_reason='no-op' | eval_reward=-0.0240 eval_length=199.31
update= 656 stage=1 weights=(1.0, 0.0, 0.0) reward=-0.9033 len=123.79 term=0.887 in_range=0.464 r1=-0.802 r2=+19.145 r3=+0.000 term_pen=+0.887 policy_loss=+0.01926 value_loss=+0.00470 kl=0.0313 gate_reason='no-op'
update= 657 stage=1 weights=(1.0, 0.0, 0.0) reward=-0.9491 len=114.51 term=0.933 in_range=0.445 r1=-0.822 r2=+12.504 r3=+0.000 term_pen=+0.933 policy_loss=+0.00971 value_loss=+0.00540 kl=0.0300 gate_reason='no-op'
update= 658 stage=1 weights=(1.0, 0.0, 0.0) reward=-0.9322 len=116.61 term=0.916 in_range=0.461 r1=-0.811 r2=+18.824 r3=+0.000 term_pen=+0.916 policy_loss=+0.01339 value_loss=+0.01183 kl=0.0247 gate_reason='no-op'
update= 659 stage=1 weights=(1.0, 0.0, 0.0) reward=-0.9800 len=103.07 term=0.964 in_range=0.482 r1=-0.809 r2=+18.158 r3=+0.000 term_pen=+0.964 policy_loss=+0.01868 value_loss=+0.01625 kl=0.0292 gate_reason='no-op'
update= 660 stage=1 weights=(1.0, 0.0, 0.0) reward=-0.9860 len=101.42 term=0.970 in_range=0.496 r1=-0.789 r2=+22.471 r3=+0.000 term_pen=+0.970 policy_loss=+0.00244 value_loss=+0.00385 kl=0.0307 gate_reason='no-op' | eval_reward=-0.0162 eval_length=195.25
update= 661 stage=1 weights=(1.0, 0.0, 0.0) reward=-0.9183 len=117.23 term=0.903 in_range=0.500 r1=-0.772 r2=+29.781 r3=+0.000 term_pen=+0.903 policy_loss=-0.00765 value_loss=+0.00760 kl=0.0614 gate_reason='no-op'
update= 662 stage=1 weights=(1.0, 0.0, 0.0) reward=-0.9323 len=112.63 term=0.919 in_range=0.537 r1=-0.669 r2=+36.349 r3=+0.000 term_pen=+0.919 policy_loss=+0.00037 value_loss=+0.00483 kl=0.0320 gate_reason='no-op'
update= 663 stage=1 weights=(1.0, 0.0, 0.0) reward=-0.9670 len=106.05 term=0.956 in_range=0.539 r1=-0.573 r2=+36.139 r3=+0.000 term_pen=+0.956 policy_loss=+0.01321 value_loss=+0.00859 kl=0.0370 gate_reason='no-op'
update= 664 stage=1 weights=(1.0, 0.0, 0.0) reward=-0.9676 len=107.01 term=0.957 in_range=0.533 r1=-0.554 r2=+33.680 r3=+0.000 term_pen=+0.957 policy_loss=+0.00124 value_loss=+0.00586 kl=0.0323 gate_reason='no-op'
update= 665 stage=1 weights=(1.0, 0.0, 0.0) reward=-0.9266 len=116.76 term=0.916 in_range=0.496 r1=-0.556 r2=+29.334 r3=+0.000 term_pen=+0.916 policy_loss=+0.01759 value_loss=+0.00429 kl=0.0284 gate_reason='no-op' | eval_reward=-0.0185 eval_length=182.94
update= 666 stage=1 weights=(1.0, 0.0, 0.0) reward=-0.9300 len=117.82 term=0.918 in_range=0.481 r1=-0.577 r2=+26.910 r3=+0.000 term_pen=+0.918 policy_loss=+0.00864 value_loss=+0.00321 kl=0.0185 gate_reason='no-op'
update= 667 stage=1 weights=(1.0, 0.0, 0.0) reward=-0.9435 len=115.56 term=0.932 in_range=0.491 r1=-0.569 r2=+28.055 r3=+0.000 term_pen=+0.932 policy_loss=+0.01661 value_loss=+0.00351 kl=0.0334 gate_reason='no-op'
update= 668 stage=1 weights=(1.0, 0.0, 0.0) reward=-0.9594 len=108.94 term=0.949 in_range=0.511 r1=-0.507 r2=+29.445 r3=+0.000 term_pen=+0.949 policy_loss=+0.01096 value_loss=+0.00371 kl=0.0223 gate_reason='no-op'
update= 669 stage=1 weights=(1.0, 0.0, 0.0) reward=-1.0033 len= 92.00 term=0.994 in_range=0.535 r1=-0.483 r2=+31.130 r3=+0.000 term_pen=+0.994 policy_loss=+0.01280 value_loss=+0.00389 kl=0.0239 gate_reason='no-op'
update= 670 stage=1 weights=(1.0, 0.0, 0.0) reward=-0.9887 len= 95.18 term=0.979 in_range=0.549 r1=-0.487 r2=+31.872 r3=+0.000 term_pen=+0.979 policy_loss=+0.00887 value_loss=+0.00331 kl=0.0174 gate_reason='no-op' | eval_reward=-0.0137 eval_length=181.62
update= 671 stage=1 weights=(1.0, 0.0, 0.0) reward=-0.9787 len=101.82 term=0.969 in_range=0.553 r1=-0.496 r2=+32.763 r3=+0.000 term_pen=+0.969 policy_loss=+0.00911 value_loss=+0.00291 kl=0.0184 gate_reason='no-op'
update= 672 stage=1 weights=(1.0, 0.0, 0.0) reward=-0.9917 len= 96.70 term=0.982 in_range=0.546 r1=-0.490 r2=+31.015 r3=+0.000 term_pen=+0.982 policy_loss=+0.00850 value_loss=+0.00293 kl=0.0177 gate_reason='no-op'
update= 673 stage=1 weights=(1.0, 0.0, 0.0) reward=-0.9876 len= 98.49 term=0.978 in_range=0.552 r1=-0.480 r2=+30.502 r3=+0.000 term_pen=+0.978 policy_loss=+0.01051 value_loss=+0.00272 kl=0.0205 gate_reason='no-op'
update= 674 stage=1 weights=(1.0, 0.0, 0.0) reward=-0.9938 len= 93.95 term=0.984 in_range=0.564 r1=-0.473 r2=+32.548 r3=+0.000 term_pen=+0.984 policy_loss=+0.00997 value_loss=+0.00268 kl=0.0192 gate_reason='no-op'
update= 675 stage=1 weights=(1.0, 0.0, 0.0) reward=-0.9834 len= 97.97 term=0.973 in_range=0.545 r1=-0.512 r2=+30.874 r3=+0.000 term_pen=+0.973 policy_loss=+0.00266 value_loss=+0.00264 kl=0.0301 gate_reason='no-op' | eval_reward=-0.0142 eval_length=190.81
update= 676 stage=1 weights=(1.0, 0.0, 0.0) reward=-0.9594 len=110.19 term=0.948 in_range=0.505 r1=-0.581 r2=+25.288 r3=+0.000 term_pen=+0.948 policy_loss=-0.00478 value_loss=+0.00295 kl=0.0365 gate_reason='no-op'
update= 677 stage=1 weights=(1.0, 0.0, 0.0) reward=-0.9804 len=101.58 term=0.968 in_range=0.492 r1=-0.606 r2=+20.815 r3=+0.000 term_pen=+0.968 policy_loss=+0.01614 value_loss=+0.00394 kl=0.0410 gate_reason='no-op'
update= 678 stage=1 weights=(1.0, 0.0, 0.0) reward=-1.0038 len= 95.36 term=0.992 in_range=0.479 r1=-0.607 r2=+16.796 r3=+0.000 term_pen=+0.992 policy_loss=+0.00540 value_loss=+0.00402 kl=0.0299 gate_reason='no-op'
update= 679 stage=1 weights=(1.0, 0.0, 0.0) reward=-1.0001 len= 99.31 term=0.988 in_range=0.470 r1=-0.591 r2=+15.938 r3=+0.000 term_pen=+0.988 policy_loss=+0.01331 value_loss=+0.00318 kl=0.0349 gate_reason='no-op'
update= 680 stage=1 weights=(1.0, 0.0, 0.0) reward=-0.9951 len=102.03 term=0.983 in_range=0.436 r1=-0.608 r2=+10.168 r3=+0.000 term_pen=+0.983 policy_loss=+0.00945 value_loss=+0.00333 kl=0.0265 gate_reason='no-op' | eval_reward=-0.0137 eval_length=165.81
update= 681 stage=1 weights=(1.0, 0.0, 0.0) reward=-0.9871 len=107.08 term=0.975 in_range=0.418 r1=-0.626 r2=+7.196 r3=+0.000 term_pen=+0.975 policy_loss=+0.01428 value_loss=+0.00379 kl=0.0246 gate_reason='no-op'
update= 682 stage=1 weights=(1.0, 0.0, 0.0) reward=-0.9829 len=106.71 term=0.970 in_range=0.437 r1=-0.633 r2=+11.274 r3=+0.000 term_pen=+0.970 policy_loss=+0.00790 value_loss=+0.00327 kl=0.0176 gate_reason='no-op'
update= 683 stage=1 weights=(1.0, 0.0, 0.0) reward=-0.9802 len=106.45 term=0.968 in_range=0.431 r1=-0.622 r2=+10.585 r3=+0.000 term_pen=+0.968 policy_loss=-0.00315 value_loss=+0.00318 kl=0.0308 gate_reason='no-op'
update= 684 stage=1 weights=(1.0, 0.0, 0.0) reward=-0.9849 len=105.98 term=0.973 in_range=0.448 r1=-0.590 r2=+11.639 r3=+0.000 term_pen=+0.973 policy_loss=+0.00849 value_loss=+0.00315 kl=0.0474 gate_reason='no-op'
update= 685 stage=1 weights=(1.0, 0.0, 0.0) reward=-0.9871 len= 98.17 term=0.977 in_range=0.483 r1=-0.526 r2=+15.802 r3=+0.000 term_pen=+0.977 policy_loss=-0.00280 value_loss=+0.00332 kl=0.0296 gate_reason='no-op' | eval_reward=-0.0102 eval_length=118.56
update= 686 stage=1 weights=(1.0, 0.0, 0.0) reward=-0.9898 len= 93.75 term=0.980 in_range=0.501 r1=-0.492 r2=+18.169 r3=+0.000 term_pen=+0.980 policy_loss=+0.01237 value_loss=+0.00313 kl=0.0255 gate_reason='no-op'
update= 687 stage=1 weights=(1.0, 0.0, 0.0) reward=-0.9864 len= 97.37 term=0.977 in_range=0.514 r1=-0.493 r2=+19.477 r3=+0.000 term_pen=+0.977 policy_loss=+0.00366 value_loss=+0.00290 kl=0.0271 gate_reason='no-op'
update= 688 stage=1 weights=(1.0, 0.0, 0.0) reward=-0.9669 len=106.61 term=0.956 in_range=0.497 r1=-0.542 r2=+18.521 r3=+0.000 term_pen=+0.956 policy_loss=-0.00778 value_loss=+0.00283 kl=0.0350 gate_reason='no-op'
update= 689 stage=1 weights=(1.0, 0.0, 0.0) reward=-0.9356 len=117.66 term=0.923 in_range=0.476 r1=-0.613 r2=+15.347 r3=+0.000 term_pen=+0.923 policy_loss=-0.00478 value_loss=+0.00302 kl=0.0478 gate_reason='no-op'
update= 690 stage=1 weights=(1.0, 0.0, 0.0) reward=-0.9322 len=121.96 term=0.919 in_range=0.439 r1=-0.661 r2=+9.111 r3=+0.000 term_pen=+0.919 policy_loss=+0.01786 value_loss=+0.00446 kl=0.0465 gate_reason='no-op' | eval_reward=-0.0187 eval_length=175.94
update= 691 stage=1 weights=(1.0, 0.0, 0.0) reward=-0.8885 len=127.10 term=0.875 in_range=0.454 r1=-0.699 r2=+13.189 r3=+0.000 term_pen=+0.875 policy_loss=+0.01025 value_loss=+0.00395 kl=0.0204 gate_reason='no-op'
update= 692 stage=1 weights=(1.0, 0.0, 0.0) reward=-0.8697 len=129.30 term=0.856 in_range=0.460 r1=-0.685 r2=+14.701 r3=+0.000 term_pen=+0.856 policy_loss=+0.01000 value_loss=+0.00418 kl=0.0202 gate_reason='no-op'
update= 693 stage=1 weights=(1.0, 0.0, 0.0) reward=-0.9281 len=117.23 term=0.917 in_range=0.527 r1=-0.581 r2=+24.774 r3=+0.000 term_pen=+0.917 policy_loss=+0.00807 value_loss=+0.00453 kl=0.0172 gate_reason='no-op'
update= 694 stage=1 weights=(1.0, 0.0, 0.0) reward=-0.8734 len=129.65 term=0.860 in_range=0.460 r1=-0.655 r2=+13.868 r3=+0.000 term_pen=+0.860 policy_loss=-0.00965 value_loss=+0.00390 kl=0.0251 gate_reason='no-op'
update= 695 stage=1 weights=(1.0, 0.0, 0.0) reward=-0.8783 len=129.83 term=0.864 in_range=0.417 r1=-0.700 r2=+4.265 r3=+0.000 term_pen=+0.864 policy_loss=+0.01674 value_loss=+0.00443 kl=0.0273 gate_reason='no-op' | eval_reward=-0.0213 eval_length=161.38
update= 696 stage=1 weights=(1.0, 0.0, 0.0) reward=-0.8672 len=133.70 term=0.853 in_range=0.403 r1=-0.732 r2=+4.109 r3=+0.000 term_pen=+0.853 policy_loss=+0.00991 value_loss=+0.00477 kl=0.0282 gate_reason='no-op'
update= 697 stage=1 weights=(1.0, 0.0, 0.0) reward=-0.8655 len=133.71 term=0.852 in_range=0.405 r1=-0.699 r2=+1.203 r3=+0.000 term_pen=+0.852 policy_loss=+0.01874 value_loss=+0.00467 kl=0.0327 gate_reason='no-op'
update= 698 stage=1 weights=(1.0, 0.0, 0.0) reward=-0.8875 len=129.39 term=0.873 in_range=0.409 r1=-0.745 r2=+2.318 r3=+0.000 term_pen=+0.873 policy_loss=+0.01628 value_loss=+0.00444 kl=0.0266 gate_reason='no-op'
update= 699 stage=1 weights=(1.0, 0.0, 0.0) reward=-0.8673 len=131.93 term=0.854 in_range=0.421 r1=-0.663 r2=+3.287 r3=+0.000 term_pen=+0.854 policy_loss=+0.01907 value_loss=+0.00376 kl=0.0312 gate_reason='no-op'
update= 700 stage=1 weights=(1.0, 0.0, 0.0) reward=-0.8845 len=131.04 term=0.871 in_range=0.418 r1=-0.669 r2=+2.355 r3=+0.000 term_pen=+0.871 policy_loss=+0.00756 value_loss=+0.00369 kl=0.0175 gate_reason='no-op' | eval_reward=-0.0232 eval_length=166.25
update= 701 stage=1 weights=(1.0, 0.0, 0.0) reward=-0.8922 len=133.78 term=0.878 in_range=0.395 r1=-0.687 r2=-2.583 r3=+0.000 term_pen=+0.878 policy_loss=+0.01009 value_loss=+0.00372 kl=0.0263 gate_reason='no-op'
update= 702 stage=1 weights=(1.0, 0.0, 0.0) reward=-0.9038 len=128.41 term=0.890 in_range=0.397 r1=-0.682 r2=+0.235 r3=+0.000 term_pen=+0.890 policy_loss=+0.01115 value_loss=+0.00405 kl=0.0364 gate_reason='no-op'
update= 703 stage=1 weights=(1.0, 0.0, 0.0) reward=-0.9230 len=126.57 term=0.909 in_range=0.384 r1=-0.717 r2=-2.338 r3=+0.000 term_pen=+0.909 policy_loss=+0.01099 value_loss=+0.00525 kl=0.0472 gate_reason='no-op'
update= 704 stage=1 weights=(1.0, 0.0, 0.0) reward=-0.8696 len=133.33 term=0.856 in_range=0.405 r1=-0.681 r2=+3.397 r3=+0.000 term_pen=+0.856 policy_loss=+0.02244 value_loss=+0.01698 kl=0.0329 gate_reason='no-op'
update= 705 stage=1 weights=(1.0, 0.0, 0.0) reward=-0.8619 len=132.35 term=0.848 in_range=0.407 r1=-0.710 r2=+4.621 r3=+0.000 term_pen=+0.848 policy_loss=-0.00317 value_loss=+0.04315 kl=0.0264 gate_reason='no-op' | eval_reward=-0.0172 eval_length=171.31
update= 706 stage=1 weights=(1.0, 0.0, 0.0) reward=-0.9089 len=126.14 term=0.895 in_range=0.383 r1=-0.718 r2=-0.867 r3=+0.000 term_pen=+0.895 policy_loss=+0.00146 value_loss=+0.01043 kl=0.0469 gate_reason='no-op'
update= 707 stage=1 weights=(1.0, 0.0, 0.0) reward=-0.9691 len=111.47 term=0.956 in_range=0.398 r1=-0.677 r2=-1.467 r3=+0.000 term_pen=+0.956 policy_loss=+0.00539 value_loss=+0.01114 kl=0.0319 gate_reason='no-op'
update= 708 stage=1 weights=(1.0, 0.0, 0.0) reward=-1.0006 len= 97.35 term=0.988 in_range=0.417 r1=-0.641 r2=-0.698 r3=+0.000 term_pen=+0.988 policy_loss=+0.01902 value_loss=+0.01200 kl=0.0502 gate_reason='no-op'
update= 709 stage=1 weights=(1.0, 0.0, 0.0) reward=-1.0104 len= 89.02 term=0.999 in_range=0.431 r1=-0.594 r2=+1.165 r3=+0.000 term_pen=+0.999 policy_loss=+0.01509 value_loss=+0.00594 kl=0.0417 gate_reason='no-op'
update= 710 stage=1 weights=(1.0, 0.0, 0.0) reward=-1.0023 len= 93.72 term=0.992 in_range=0.432 r1=-0.531 r2=+1.650 r3=+0.000 term_pen=+0.992 policy_loss=+0.01135 value_loss=+0.00495 kl=0.0190 gate_reason='no-op' | eval_reward=-0.0096 eval_length=101.19
update= 711 stage=1 weights=(1.0, 0.0, 0.0) reward=-1.0025 len= 92.66 term=0.992 in_range=0.429 r1=-0.540 r2=+1.904 r3=+0.000 term_pen=+0.992 policy_loss=+0.01112 value_loss=+0.00295 kl=0.0323 gate_reason='no-op'
update= 712 stage=1 weights=(1.0, 0.0, 0.0) reward=-0.9886 len= 99.91 term=0.978 in_range=0.425 r1=-0.552 r2=+1.811 r3=+0.000 term_pen=+0.978 policy_loss=+0.00789 value_loss=+0.00285 kl=0.0170 gate_reason='no-op'
update= 713 stage=1 weights=(1.0, 0.0, 0.0) reward=-0.9947 len=100.62 term=0.983 in_range=0.425 r1=-0.565 r2=-0.317 r3=+0.000 term_pen=+0.983 policy_loss=+0.01014 value_loss=+0.00289 kl=0.0212 gate_reason='no-op'
update= 714 stage=1 weights=(1.0, 0.0, 0.0) reward=-0.9951 len=103.02 term=0.983 in_range=0.409 r1=-0.612 r2=-1.926 r3=+0.000 term_pen=+0.983 policy_loss=+0.00638 value_loss=+0.00291 kl=0.0158 gate_reason='no-op'
update= 715 stage=1 weights=(1.0, 0.0, 0.0) reward=-0.9961 len=103.01 term=0.983 in_range=0.406 r1=-0.636 r2=-2.647 r3=+0.000 term_pen=+0.983 policy_loss=+0.01324 value_loss=+0.00301 kl=0.0247 gate_reason='no-op' | eval_reward=-0.0131 eval_length=136.25
update= 716 stage=1 weights=(1.0, 0.0, 0.0) reward=-0.9795 len=110.94 term=0.967 in_range=0.407 r1=-0.610 r2=-2.372 r3=+0.000 term_pen=+0.967 policy_loss=-0.00430 value_loss=+0.00303 kl=0.0516 gate_reason='no-op'
update= 717 stage=1 weights=(1.0, 0.0, 0.0) reward=-0.9398 len=115.23 term=0.928 in_range=0.417 r1=-0.602 r2=+3.470 r3=+0.000 term_pen=+0.928 policy_loss=-0.01556 value_loss=+0.00314 kl=0.0661 gate_reason='no-op'
update= 718 stage=1 weights=(1.0, 0.0, 0.0) reward=-0.9162 len=116.57 term=0.904 in_range=0.438 r1=-0.620 r2=+10.844 r3=+0.000 term_pen=+0.904 policy_loss=-0.00283 value_loss=+0.00338 kl=0.0316 gate_reason='no-op'
update= 719 stage=1 weights=(1.0, 0.0, 0.0) reward=-0.9217 len=114.96 term=0.909 in_range=0.459 r1=-0.650 r2=+15.767 r3=+0.000 term_pen=+0.909 policy_loss=+0.00308 value_loss=+0.00366 kl=0.0268 gate_reason='no-op'
update= 720 stage=1 weights=(1.0, 0.0, 0.0) reward=-0.9341 len=108.99 term=0.921 in_range=0.462 r1=-0.661 r2=+17.370 r3=+0.000 term_pen=+0.921 policy_loss=+0.01316 value_loss=+0.00386 kl=0.0291 gate_reason='no-op' | eval_reward=-0.0182 eval_length=190.75
update= 721 stage=1 weights=(1.0, 0.0, 0.0) reward=-0.9465 len=104.80 term=0.934 in_range=0.462 r1=-0.645 r2=+16.471 r3=+0.000 term_pen=+0.934 policy_loss=+0.01543 value_loss=+0.00362 kl=0.0241 gate_reason='no-op'
update= 722 stage=1 weights=(1.0, 0.0, 0.0) reward=-0.9469 len=107.29 term=0.934 in_range=0.480 r1=-0.641 r2=+19.228 r3=+0.000 term_pen=+0.934 policy_loss=+0.00690 value_loss=+0.00342 kl=0.0345 gate_reason='no-op'
update= 723 stage=1 weights=(1.0, 0.0, 0.0) reward=-0.9285 len=111.07 term=0.916 in_range=0.451 r1=-0.650 r2=+13.245 r3=+0.000 term_pen=+0.916 policy_loss=+0.00897 value_loss=+0.00332 kl=0.0177 gate_reason='no-op'
update= 724 stage=1 weights=(1.0, 0.0, 0.0) reward=-0.9173 len=118.14 term=0.904 in_range=0.451 r1=-0.649 r2=+12.936 r3=+0.000 term_pen=+0.904 policy_loss=+0.00636 value_loss=+0.00339 kl=0.0151 gate_reason='no-op'
update= 725 stage=1 weights=(1.0, 0.0, 0.0) reward=-0.9173 len=117.68 term=0.904 in_range=0.462 r1=-0.650 r2=+15.724 r3=+0.000 term_pen=+0.904 policy_loss=+0.00860 value_loss=+0.00346 kl=0.0177 gate_reason='no-op' | eval_reward=-0.0218 eval_length=186.69
update= 726 stage=1 weights=(1.0, 0.0, 0.0) reward=-0.8993 len=123.86 term=0.886 in_range=0.436 r1=-0.655 r2=+11.873 r3=+0.000 term_pen=+0.886 policy_loss=+0.01932 value_loss=+0.00372 kl=0.0394 gate_reason='no-op'
update= 727 stage=1 weights=(1.0, 0.0, 0.0) reward=-0.8616 len=130.86 term=0.848 in_range=0.416 r1=-0.671 r2=+10.213 r3=+0.000 term_pen=+0.848 policy_loss=+0.01515 value_loss=+0.00412 kl=0.0406 gate_reason='no-op'
update= 728 stage=1 weights=(1.0, 0.0, 0.0) reward=-0.8429 len=130.98 term=0.829 in_range=0.411 r1=-0.691 r2=+11.695 r3=+0.000 term_pen=+0.829 policy_loss=+0.02202 value_loss=+0.00436 kl=0.0470 gate_reason='no-op'
update= 729 stage=1 weights=(1.0, 0.0, 0.0) reward=-0.9030 len=124.60 term=0.889 in_range=0.396 r1=-0.715 r2=+9.397 r3=+0.000 term_pen=+0.889 policy_loss=+0.01101 value_loss=+0.00475 kl=0.0270 gate_reason='no-op'
update= 730 stage=1 weights=(1.0, 0.0, 0.0) reward=-0.8384 len=133.29 term=0.823 in_range=0.404 r1=-0.756 r2=+14.738 r3=+0.000 term_pen=+0.823 policy_loss=+0.01419 value_loss=+0.00418 kl=0.0304 gate_reason='no-op' | eval_reward=-0.0128 eval_length=198.75
update= 731 stage=1 weights=(1.0, 0.0, 0.0) reward=-0.7808 len=140.47 term=0.765 in_range=0.399 r1=-0.782 r2=+15.931 r3=+0.000 term_pen=+0.765 policy_loss=+0.00995 value_loss=+0.00410 kl=0.0202 gate_reason='no-op'
update= 732 stage=1 weights=(1.0, 0.0, 0.0) reward=-0.7820 len=139.58 term=0.767 in_range=0.406 r1=-0.743 r2=+17.449 r3=+0.000 term_pen=+0.767 policy_loss=+0.00898 value_loss=+0.00428 kl=0.0352 gate_reason='no-op'
update= 733 stage=1 weights=(1.0, 0.0, 0.0) reward=-0.8221 len=131.81 term=0.807 in_range=0.445 r1=-0.749 r2=+22.249 r3=+0.000 term_pen=+0.807 policy_loss=+0.01368 value_loss=+0.00477 kl=0.0286 gate_reason='no-op'
update= 734 stage=1 weights=(1.0, 0.0, 0.0) reward=-0.8436 len=132.01 term=0.827 in_range=0.393 r1=-0.848 r2=+11.432 r3=+0.000 term_pen=+0.827 policy_loss=+0.01015 value_loss=+0.00491 kl=0.0272 gate_reason='no-op'
update= 735 stage=1 weights=(1.0, 0.0, 0.0) reward=-0.7929 len=139.23 term=0.777 in_range=0.371 r1=-0.804 r2=+7.449 r3=+0.000 term_pen=+0.777 policy_loss=+0.00516 value_loss=+0.00424 kl=0.0355 gate_reason='no-op' | eval_reward=-0.0121 eval_length=191.69
update= 736 stage=1 weights=(1.0, 0.0, 0.0) reward=-0.7692 len=143.43 term=0.754 in_range=0.367 r1=-0.765 r2=+5.381 r3=+0.000 term_pen=+0.754 policy_loss=+0.01074 value_loss=+0.00432 kl=0.0384 gate_reason='no-op'
update= 737 stage=1 weights=(1.0, 0.0, 0.0) reward=-0.8096 len=133.86 term=0.796 in_range=0.439 r1=-0.686 r2=+14.848 r3=+0.000 term_pen=+0.796 policy_loss=+0.02039 value_loss=+0.00473 kl=0.0299 gate_reason='no-op'
update= 738 stage=1 weights=(1.0, 0.0, 0.0) reward=-0.7722 len=142.44 term=0.758 in_range=0.415 r1=-0.721 r2=+11.859 r3=+0.000 term_pen=+0.758 policy_loss=+0.01752 value_loss=+0.00393 kl=0.0378 gate_reason='no-op'
update= 739 stage=1 weights=(1.0, 0.0, 0.0) reward=-0.6762 len=152.19 term=0.660 in_range=0.365 r1=-0.802 r2=+5.595 r3=+0.000 term_pen=+0.660 policy_loss=+0.01650 value_loss=+0.00522 kl=0.0317 gate_reason='no-op'
update= 740 stage=1 weights=(1.0, 0.0, 0.0) reward=-0.7554 len=147.56 term=0.739 in_range=0.337 r1=-0.807 r2=-0.249 r3=+0.000 term_pen=+0.739 policy_loss=+0.00171 value_loss=+0.00480 kl=0.0270 gate_reason='no-op' | eval_reward=-0.0155 eval_length=188.25
update= 741 stage=1 weights=(1.0, 0.0, 0.0) reward=-0.8411 len=135.07 term=0.826 in_range=0.325 r1=-0.771 r2=-5.055 r3=+0.000 term_pen=+0.826 policy_loss=+0.00641 value_loss=+0.00533 kl=0.0341 gate_reason='no-op'
update= 742 stage=1 weights=(1.0, 0.0, 0.0) reward=-0.8531 len=133.09 term=0.839 in_range=0.339 r1=-0.688 r2=-3.390 r3=+0.000 term_pen=+0.839 policy_loss=+0.01761 value_loss=+0.00522 kl=0.0294 gate_reason='no-op'
update= 743 stage=1 weights=(1.0, 0.0, 0.0) reward=-0.7770 len=140.81 term=0.764 in_range=0.369 r1=-0.666 r2=+1.412 r3=+0.000 term_pen=+0.764 policy_loss=+0.01017 value_loss=+0.00486 kl=0.0338 gate_reason='no-op'
update= 744 stage=1 weights=(1.0, 0.0, 0.0) reward=-0.7731 len=141.00 term=0.760 in_range=0.368 r1=-0.667 r2=+3.383 r3=+0.000 term_pen=+0.760 policy_loss=+0.01170 value_loss=+0.00496 kl=0.0226 gate_reason='no-op'
update= 745 stage=1 weights=(1.0, 0.0, 0.0) reward=-0.7364 len=145.16 term=0.723 in_range=0.378 r1=-0.690 r2=+6.765 r3=+0.000 term_pen=+0.723 policy_loss=+0.01011 value_loss=+0.00481 kl=0.0199 gate_reason='no-op' | eval_reward=-0.0109 eval_length=193.69
update= 746 stage=1 weights=(1.0, 0.0, 0.0) reward=-0.7648 len=143.17 term=0.750 in_range=0.341 r1=-0.739 r2=+2.776 r3=+0.000 term_pen=+0.750 policy_loss=+0.01028 value_loss=+0.00528 kl=0.0213 gate_reason='no-op'
update= 747 stage=1 weights=(1.0, 0.0, 0.0) reward=-0.8151 len=135.13 term=0.800 in_range=0.342 r1=-0.766 r2=+2.001 r3=+0.000 term_pen=+0.800 policy_loss=+0.01104 value_loss=+0.00592 kl=0.0235 gate_reason='no-op'
update= 748 stage=1 weights=(1.0, 0.0, 0.0) reward=-0.6684 len=150.29 term=0.653 in_range=0.366 r1=-0.778 r2=+9.434 r3=+0.000 term_pen=+0.653 policy_loss=+0.01610 value_loss=+0.00499 kl=0.0327 gate_reason='no-op'
update= 749 stage=1 weights=(1.0, 0.0, 0.0) reward=-0.6546 len=155.69 term=0.640 in_range=0.362 r1=-0.745 r2=+8.345 r3=+0.000 term_pen=+0.640 policy_loss=+0.01875 value_loss=+0.00457 kl=0.0363 gate_reason='no-op'
update= 750 stage=1 weights=(1.0, 0.0, 0.0) reward=-0.6961 len=153.13 term=0.682 in_range=0.352 r1=-0.723 r2=+2.177 r3=+0.000 term_pen=+0.682 policy_loss=+0.01425 value_loss=+0.00480 kl=0.0255 gate_reason='no-op' | eval_reward=-0.0142 eval_length=194.94
update= 751 stage=1 weights=(1.0, 0.0, 0.0) reward=-0.6871 len=151.20 term=0.673 in_range=0.360 r1=-0.713 r2=+4.421 r3=+0.000 term_pen=+0.673 policy_loss=+0.00953 value_loss=+0.00483 kl=0.0214 gate_reason='no-op'
update= 752 stage=1 weights=(1.0, 0.0, 0.0) reward=-0.6873 len=152.03 term=0.672 in_range=0.375 r1=-0.745 r2=+2.241 r3=+0.000 term_pen=+0.672 policy_loss=+0.01837 value_loss=+0.00466 kl=0.0282 gate_reason='no-op'
update= 753 stage=1 weights=(1.0, 0.0, 0.0) reward=-0.6597 len=151.98 term=0.645 in_range=0.394 r1=-0.734 r2=+7.544 r3=+0.000 term_pen=+0.645 policy_loss=+0.00853 value_loss=+0.00442 kl=0.0194 gate_reason='no-op'
update= 754 stage=1 weights=(1.0, 0.0, 0.0) reward=-0.6642 len=151.53 term=0.649 in_range=0.394 r1=-0.766 r2=+5.796 r3=+0.000 term_pen=+0.649 policy_loss=+0.00666 value_loss=+0.00458 kl=0.0276 gate_reason='no-op'
update= 755 stage=1 weights=(1.0, 0.0, 0.0) reward=-0.6523 len=154.87 term=0.636 in_range=0.366 r1=-0.804 r2=+3.592 r3=+0.000 term_pen=+0.636 policy_loss=+0.01440 value_loss=+0.00469 kl=0.0355 gate_reason='no-op' | eval_reward=-0.0176 eval_length=197.69
update= 756 stage=1 weights=(1.0, 0.0, 0.0) reward=-0.6919 len=149.89 term=0.676 in_range=0.372 r1=-0.808 r2=+6.364 r3=+0.000 term_pen=+0.676 policy_loss=+0.02175 value_loss=+0.00541 kl=0.0342 gate_reason='no-op'
update= 757 stage=1 weights=(1.0, 0.0, 0.0) reward=-0.6840 len=148.19 term=0.668 in_range=0.402 r1=-0.777 r2=+10.714 r3=+0.000 term_pen=+0.668 policy_loss=-0.00561 value_loss=+0.00521 kl=0.0598 gate_reason='no-op'
update= 758 stage=1 weights=(1.0, 0.0, 0.0) reward=-0.7519 len=137.58 term=0.737 in_range=0.455 r1=-0.731 r2=+19.352 r3=+0.000 term_pen=+0.737 policy_loss=-0.00522 value_loss=+0.00537 kl=0.0508 gate_reason='no-op'
update= 759 stage=1 weights=(1.0, 0.0, 0.0) reward=-0.7701 len=134.36 term=0.755 in_range=0.459 r1=-0.735 r2=+20.166 r3=+0.000 term_pen=+0.755 policy_loss=-0.00697 value_loss=+0.00525 kl=0.0570 gate_reason='no-op'
update= 760 stage=1 weights=(1.0, 0.0, 0.0) reward=-0.7706 len=135.60 term=0.755 in_range=0.431 r1=-0.785 r2=+14.596 r3=+0.000 term_pen=+0.755 policy_loss=-0.00292 value_loss=+0.00501 kl=0.0633 gate_reason='no-op' | eval_reward=-0.0188 eval_length=200.00
update= 761 stage=1 weights=(1.0, 0.0, 0.0) reward=-0.9059 len=120.03 term=0.889 in_range=0.410 r1=-0.835 r2=+4.977 r3=+0.000 term_pen=+0.889 policy_loss=-0.00233 value_loss=+0.00539 kl=0.0380 gate_reason='no-op'
update= 762 stage=1 weights=(1.0, 0.0, 0.0) reward=-0.9776 len=108.15 term=0.960 in_range=0.417 r1=-0.857 r2=+2.409 r3=+0.000 term_pen=+0.960 policy_loss=+0.00570 value_loss=+0.00605 kl=0.0266 gate_reason='no-op'
update= 763 stage=1 weights=(1.0, 0.0, 0.0) reward=-0.9684 len=109.48 term=0.951 in_range=0.419 r1=-0.862 r2=+2.890 r3=+0.000 term_pen=+0.951 policy_loss=+0.00301 value_loss=+0.00528 kl=0.0395 gate_reason='no-op'
update= 764 stage=1 weights=(1.0, 0.0, 0.0) reward=-0.9243 len=119.44 term=0.908 in_range=0.426 r1=-0.829 r2=+6.560 r3=+0.000 term_pen=+0.908 policy_loss=+0.00221 value_loss=+0.00430 kl=0.0618 gate_reason='no-op'
update= 765 stage=1 weights=(1.0, 0.0, 0.0) reward=-0.9256 len=112.86 term=0.912 in_range=0.477 r1=-0.674 r2=+16.947 r3=+0.000 term_pen=+0.912 policy_loss=+0.00082 value_loss=+0.00436 kl=0.0527 gate_reason='no-op' | eval_reward=-0.0175 eval_length=192.31
update= 766 stage=1 weights=(1.0, 0.0, 0.0) reward=-0.9855 len= 96.88 term=0.974 in_range=0.535 r1=-0.595 r2=+26.733 r3=+0.000 term_pen=+0.974 policy_loss=-0.00337 value_loss=+0.00514 kl=0.0292 gate_reason='no-op'
update= 767 stage=1 weights=(1.0, 0.0, 0.0) reward=-1.0016 len= 90.72 term=0.991 in_range=0.540 r1=-0.546 r2=+28.972 r3=+0.000 term_pen=+0.991 policy_loss=+0.02059 value_loss=+0.00500 kl=0.0390 gate_reason='no-op'
update= 768 stage=1 weights=(1.0, 0.0, 0.0) reward=-0.9988 len= 91.75 term=0.988 in_range=0.538 r1=-0.548 r2=+28.042 r3=+0.000 term_pen=+0.988 policy_loss=+0.01706 value_loss=+0.00429 kl=0.0307 gate_reason='no-op'
update= 769 stage=1 weights=(1.0, 0.0, 0.0) reward=-0.9857 len= 99.99 term=0.974 in_range=0.525 r1=-0.601 r2=+23.588 r3=+0.000 term_pen=+0.974 policy_loss=+0.01664 value_loss=+0.00373 kl=0.0346 gate_reason='no-op'
update= 770 stage=1 weights=(1.0, 0.0, 0.0) reward=-0.9985 len= 94.60 term=0.987 in_range=0.540 r1=-0.557 r2=+27.493 r3=+0.000 term_pen=+0.987 policy_loss=+0.00616 value_loss=+0.00317 kl=0.0280 gate_reason='no-op' | eval_reward=-0.0192 eval_length=199.88
update= 771 stage=1 weights=(1.0, 0.0, 0.0) reward=-0.9891 len= 97.04 term=0.978 in_range=0.537 r1=-0.579 r2=+24.839 r3=+0.000 term_pen=+0.978 policy_loss=+0.01062 value_loss=+0.00263 kl=0.0208 gate_reason='no-op'
update= 772 stage=1 weights=(1.0, 0.0, 0.0) reward=-0.9905 len= 97.05 term=0.979 in_range=0.546 r1=-0.549 r2=+24.676 r3=+0.000 term_pen=+0.979 policy_loss=+0.01416 value_loss=+0.00259 kl=0.0253 gate_reason='no-op'
update= 773 stage=1 weights=(1.0, 0.0, 0.0) reward=-0.9566 len=107.50 term=0.945 in_range=0.527 r1=-0.589 r2=+22.323 r3=+0.000 term_pen=+0.945 policy_loss=-0.00070 value_loss=+0.00281 kl=0.0255 gate_reason='no-op'
update= 774 stage=1 weights=(1.0, 0.0, 0.0) reward=-0.9545 len=106.05 term=0.942 in_range=0.522 r1=-0.631 r2=+23.394 r3=+0.000 term_pen=+0.942 policy_loss=-0.00088 value_loss=+0.00322 kl=0.0319 gate_reason='no-op'
update= 775 stage=1 weights=(1.0, 0.0, 0.0) reward=-0.9329 len=109.85 term=0.919 in_range=0.500 r1=-0.700 r2=+21.375 r3=+0.000 term_pen=+0.919 policy_loss=+0.00081 value_loss=+0.00403 kl=0.0405 gate_reason='no-op' | eval_reward=-0.0268 eval_length=200.00
update= 776 stage=1 weights=(1.0, 0.0, 0.0) reward=-0.9010 len=110.07 term=0.885 in_range=0.466 r1=-0.811 r2=+15.764 r3=+0.000 term_pen=+0.885 policy_loss=+0.00264 value_loss=+0.00474 kl=0.0547 gate_reason='no-op'
update= 777 stage=1 weights=(1.0, 0.0, 0.0) reward=-0.9539 len= 96.29 term=0.937 in_range=0.445 r1=-0.846 r2=+10.410 r3=+0.000 term_pen=+0.937 policy_loss=+0.02145 value_loss=+0.00583 kl=0.0471 gate_reason='no-op'
update= 778 stage=1 weights=(1.0, 0.0, 0.0) reward=-0.9474 len= 91.85 term=0.932 in_range=0.424 r1=-0.790 r2=+7.005 r3=+0.000 term_pen=+0.932 policy_loss=+0.01967 value_loss=+0.00447 kl=0.0340 gate_reason='no-op'
update= 779 stage=1 weights=(1.0, 0.0, 0.0) reward=-0.9072 len=105.43 term=0.891 in_range=0.425 r1=-0.807 r2=+9.451 r3=+0.000 term_pen=+0.891 policy_loss=+0.00945 value_loss=+0.00407 kl=0.0205 gate_reason='no-op'
update= 780 stage=1 weights=(1.0, 0.0, 0.0) reward=-0.9047 len=109.18 term=0.889 in_range=0.452 r1=-0.778 r2=+16.168 r3=+0.000 term_pen=+0.889 policy_loss=+0.01968 value_loss=+0.00374 kl=0.0336 gate_reason='no-op' | eval_reward=-0.0221 eval_length=200.00
update= 781 stage=1 weights=(1.0, 0.0, 0.0) reward=-0.8874 len=111.66 term=0.872 in_range=0.461 r1=-0.764 r2=+16.699 r3=+0.000 term_pen=+0.872 policy_loss=+0.01655 value_loss=+0.00394 kl=0.0299 gate_reason='no-op'
update= 782 stage=1 weights=(1.0, 0.0, 0.0) reward=-0.8752 len=112.54 term=0.858 in_range=0.422 r1=-0.839 r2=+10.534 r3=+0.000 term_pen=+0.858 policy_loss=+0.01261 value_loss=+0.00432 kl=0.0241 gate_reason='no-op'
update= 783 stage=1 weights=(1.0, 0.0, 0.0) reward=-0.8877 len=113.92 term=0.872 in_range=0.464 r1=-0.783 r2=+16.302 r3=+0.000 term_pen=+0.872 policy_loss=+0.01222 value_loss=+0.00448 kl=0.0230 gate_reason='no-op'
update= 784 stage=1 weights=(1.0, 0.0, 0.0) reward=-0.8582 len=114.68 term=0.841 in_range=0.434 r1=-0.867 r2=+14.527 r3=+0.000 term_pen=+0.841 policy_loss=+0.02238 value_loss=+0.00487 kl=0.0280 gate_reason='no-op'
update= 785 stage=1 weights=(1.0, 0.0, 0.0) reward=-0.8336 len=120.76 term=0.815 in_range=0.444 r1=-0.909 r2=+16.132 r3=+0.000 term_pen=+0.815 policy_loss=+0.01111 value_loss=+0.00443 kl=0.0206 gate_reason='no-op' | eval_reward=-0.0377 eval_length=200.00
update= 786 stage=1 weights=(1.0, 0.0, 0.0) reward=-0.8201 len=123.07 term=0.802 in_range=0.444 r1=-0.893 r2=+16.860 r3=+0.000 term_pen=+0.802 policy_loss=+0.01262 value_loss=+0.00442 kl=0.0300 gate_reason='no-op'
update= 787 stage=1 weights=(1.0, 0.0, 0.0) reward=-0.8388 len=119.70 term=0.821 in_range=0.453 r1=-0.899 r2=+17.991 r3=+0.000 term_pen=+0.821 policy_loss=+0.01678 value_loss=+0.00480 kl=0.0310 gate_reason='no-op'
update= 788 stage=1 weights=(1.0, 0.0, 0.0) reward=-0.8152 len=126.74 term=0.797 in_range=0.441 r1=-0.919 r2=+14.789 r3=+0.000 term_pen=+0.797 policy_loss=+0.01667 value_loss=+0.00483 kl=0.0290 gate_reason='no-op'
update= 789 stage=1 weights=(1.0, 0.0, 0.0) reward=-0.8124 len=127.57 term=0.794 in_range=0.438 r1=-0.900 r2=+15.062 r3=+0.000 term_pen=+0.794 policy_loss=+0.01151 value_loss=+0.00509 kl=0.0227 gate_reason='no-op'
update= 790 stage=1 weights=(1.0, 0.0, 0.0) reward=-0.8261 len=124.24 term=0.809 in_range=0.467 r1=-0.877 r2=+20.606 r3=+0.000 term_pen=+0.809 policy_loss=+0.01408 value_loss=+0.00469 kl=0.0250 gate_reason='no-op' | eval_reward=-0.0324 eval_length=200.00
update= 791 stage=1 weights=(1.0, 0.0, 0.0) reward=-0.7420 len=137.63 term=0.724 in_range=0.453 r1=-0.892 r2=+21.241 r3=+0.000 term_pen=+0.724 policy_loss=+0.01138 value_loss=+0.00549 kl=0.0247 gate_reason='no-op'
update= 792 stage=1 weights=(1.0, 0.0, 0.0) reward=-0.7162 len=141.12 term=0.698 in_range=0.433 r1=-0.896 r2=+16.959 r3=+0.000 term_pen=+0.698 policy_loss=+0.00884 value_loss=+0.00615 kl=0.0284 gate_reason='no-op'
update= 793 stage=1 weights=(1.0, 0.0, 0.0) reward=-0.6935 len=142.49 term=0.675 in_range=0.430 r1=-0.909 r2=+19.425 r3=+0.000 term_pen=+0.675 policy_loss=+0.00888 value_loss=+0.00895 kl=0.0167 gate_reason='no-op'
update= 794 stage=1 weights=(1.0, 0.0, 0.0) reward=-0.6928 len=143.04 term=0.675 in_range=0.442 r1=-0.899 r2=+21.757 r3=+0.000 term_pen=+0.675 policy_loss=+0.00758 value_loss=+0.00424 kl=0.0174 gate_reason='no-op'
update= 795 stage=1 weights=(1.0, 0.0, 0.0) reward=-0.6619 len=146.29 term=0.644 in_range=0.425 r1=-0.918 r2=+19.955 r3=+0.000 term_pen=+0.644 policy_loss=+0.01560 value_loss=+0.00459 kl=0.0392 gate_reason='no-op' | eval_reward=-0.0281 eval_length=200.00
update= 796 stage=1 weights=(1.0, 0.0, 0.0) reward=-0.6669 len=147.37 term=0.647 in_range=0.400 r1=-0.996 r2=+15.751 r3=+0.000 term_pen=+0.647 policy_loss=+0.01362 value_loss=+0.00486 kl=0.0289 gate_reason='no-op'
update= 797 stage=1 weights=(1.0, 0.0, 0.0) reward=-0.7834 len=137.53 term=0.764 in_range=0.398 r1=-0.961 r2=+10.386 r3=+0.000 term_pen=+0.764 policy_loss=+0.01327 value_loss=+0.00547 kl=0.0290 gate_reason='no-op'
update= 798 stage=1 weights=(1.0, 0.0, 0.0) reward=-0.6434 len=150.90 term=0.625 in_range=0.404 r1=-0.944 r2=+18.651 r3=+0.000 term_pen=+0.625 policy_loss=+0.01153 value_loss=+0.00446 kl=0.0280 gate_reason='no-op'
update= 799 stage=1 weights=(1.0, 0.0, 0.0) reward=-0.6650 len=147.48 term=0.646 in_range=0.423 r1=-0.949 r2=+22.469 r3=+0.000 term_pen=+0.646 policy_loss=+0.01932 value_loss=+0.00459 kl=0.0353 gate_reason='no-op'
update= 800 stage=1 weights=(1.0, 0.0, 0.0) reward=-0.7021 len=145.91 term=0.683 in_range=0.424 r1=-0.949 r2=+22.459 r3=+0.000 term_pen=+0.683 policy_loss=+0.00695 value_loss=+0.00477 kl=0.0284 gate_reason='no-op' | eval_reward=-0.0321 eval_length=200.00
update= 801 stage=1 weights=(1.0, 0.0, 0.0) reward=-0.7152 len=143.29 term=0.697 in_range=0.446 r1=-0.897 r2=+23.051 r3=+0.000 term_pen=+0.697 policy_loss=+0.02040 value_loss=+0.00490 kl=0.0346 gate_reason='no-op'
update= 802 stage=1 weights=(1.0, 0.0, 0.0) reward=-0.7654 len=137.69 term=0.750 in_range=0.426 r1=-0.772 r2=+14.020 r3=+0.000 term_pen=+0.750 policy_loss=+0.01162 value_loss=+0.00562 kl=0.0426 gate_reason='no-op'
update= 803 stage=1 weights=(1.0, 0.0, 0.0) reward=-0.7740 len=138.85 term=0.759 in_range=0.424 r1=-0.735 r2=+13.121 r3=+0.000 term_pen=+0.759 policy_loss=+0.01689 value_loss=+0.00505 kl=0.0356 gate_reason='no-op'
update= 804 stage=1 weights=(1.0, 0.0, 0.0) reward=-0.7642 len=138.21 term=0.750 in_range=0.452 r1=-0.736 r2=+20.059 r3=+0.000 term_pen=+0.750 policy_loss=+0.02268 value_loss=+0.00480 kl=0.0331 gate_reason='no-op'
update= 805 stage=1 weights=(1.0, 0.0, 0.0) reward=-0.8185 len=131.82 term=0.804 in_range=0.462 r1=-0.714 r2=+20.552 r3=+0.000 term_pen=+0.804 policy_loss=+0.00445 value_loss=+0.00475 kl=0.0129 gate_reason='no-op' | eval_reward=-0.0230 eval_length=200.00
update= 806 stage=1 weights=(1.0, 0.0, 0.0) reward=-0.8105 len=133.02 term=0.796 in_range=0.467 r1=-0.731 r2=+22.286 r3=+0.000 term_pen=+0.796 policy_loss=+0.00936 value_loss=+0.00457 kl=0.0212 gate_reason='no-op'
update= 807 stage=1 weights=(1.0, 0.0, 0.0) reward=-0.8609 len=123.40 term=0.847 in_range=0.488 r1=-0.712 r2=+23.075 r3=+0.000 term_pen=+0.847 policy_loss=+0.01234 value_loss=+0.00491 kl=0.0220 gate_reason='no-op'
update= 808 stage=1 weights=(1.0, 0.0, 0.0) reward=-0.7783 len=138.21 term=0.762 in_range=0.464 r1=-0.803 r2=+23.685 r3=+0.000 term_pen=+0.762 policy_loss=+0.01640 value_loss=+0.00425 kl=0.0348 gate_reason='no-op'
update= 809 stage=1 weights=(1.0, 0.0, 0.0) reward=-0.8929 len=117.68 term=0.878 in_range=0.465 r1=-0.726 r2=+23.607 r3=+0.000 term_pen=+0.878 policy_loss=+0.00509 value_loss=+0.00481 kl=0.0136 gate_reason='no-op'
update= 810 stage=1 weights=(1.0, 0.0, 0.0) reward=-0.8259 len=127.88 term=0.810 in_range=0.463 r1=-0.791 r2=+24.207 r3=+0.000 term_pen=+0.810 policy_loss=+0.00891 value_loss=+0.00431 kl=0.0197 gate_reason='no-op' | eval_reward=-0.0259 eval_length=200.00
update= 811 stage=1 weights=(1.0, 0.0, 0.0) reward=-0.7544 len=139.59 term=0.737 in_range=0.425 r1=-0.857 r2=+14.640 r3=+0.000 term_pen=+0.737 policy_loss=+0.01089 value_loss=+0.00431 kl=0.0214 gate_reason='no-op'
update= 812 stage=1 weights=(1.0, 0.0, 0.0) reward=-0.7358 len=142.75 term=0.717 in_range=0.397 r1=-0.925 r2=+9.770 r3=+0.000 term_pen=+0.717 policy_loss=+0.01693 value_loss=+0.00516 kl=0.0293 gate_reason='no-op'
update= 813 stage=1 weights=(1.0, 0.0, 0.0) reward=-0.7140 len=143.29 term=0.695 in_range=0.395 r1=-0.960 r2=+10.131 r3=+0.000 term_pen=+0.695 policy_loss=+0.02222 value_loss=+0.00545 kl=0.0384 gate_reason='no-op'
update= 814 stage=1 weights=(1.0, 0.0, 0.0) reward=-0.7988 len=133.07 term=0.779 in_range=0.426 r1=-0.977 r2=+13.532 r3=+0.000 term_pen=+0.779 policy_loss=+0.01137 value_loss=+0.00621 kl=0.0270 gate_reason='no-op'
update= 815 stage=1 weights=(1.0, 0.0, 0.0) reward=-0.6959 len=145.34 term=0.676 in_range=0.419 r1=-1.004 r2=+16.348 r3=+0.000 term_pen=+0.676 policy_loss=+0.01367 value_loss=+0.00507 kl=0.0236 gate_reason='no-op' | eval_reward=-0.0275 eval_length=200.00
update= 816 stage=1 weights=(1.0, 0.0, 0.0) reward=-0.6915 len=143.63 term=0.672 in_range=0.428 r1=-0.954 r2=+18.686 r3=+0.000 term_pen=+0.672 policy_loss=+0.01358 value_loss=+0.00496 kl=0.0452 gate_reason='no-op'
update= 817 stage=1 weights=(1.0, 0.0, 0.0) reward=-0.6970 len=143.40 term=0.678 in_range=0.403 r1=-0.940 r2=+14.375 r3=+0.000 term_pen=+0.678 policy_loss=+0.01223 value_loss=+0.00505 kl=0.0245 gate_reason='no-op'
update= 818 stage=1 weights=(1.0, 0.0, 0.0) reward=-0.6600 len=147.70 term=0.642 in_range=0.410 r1=-0.918 r2=+16.955 r3=+0.000 term_pen=+0.642 policy_loss=-0.00185 value_loss=+0.00482 kl=0.0297 gate_reason='no-op'
update= 819 stage=1 weights=(1.0, 0.0, 0.0) reward=-0.6059 len=153.59 term=0.587 in_range=0.427 r1=-0.925 r2=+22.279 r3=+0.000 term_pen=+0.587 policy_loss=+0.01566 value_loss=+0.00455 kl=0.0437 gate_reason='no-op'
update= 820 stage=1 weights=(1.0, 0.0, 0.0) reward=-0.6209 len=153.59 term=0.603 in_range=0.419 r1=-0.920 r2=+21.250 r3=+0.000 term_pen=+0.603 policy_loss=+0.01167 value_loss=+0.00501 kl=0.0305 gate_reason='no-op' | eval_reward=-0.0270 eval_length=200.00
update= 821 stage=1 weights=(1.0, 0.0, 0.0) reward=-0.5983 len=155.76 term=0.580 in_range=0.401 r1=-0.913 r2=+17.923 r3=+0.000 term_pen=+0.580 policy_loss=+0.01677 value_loss=+0.00625 kl=0.0280 gate_reason='no-op'
update= 822 stage=1 weights=(1.0, 0.0, 0.0) reward=-0.6244 len=153.56 term=0.606 in_range=0.421 r1=-0.897 r2=+20.437 r3=+0.000 term_pen=+0.606 policy_loss=+0.01710 value_loss=+0.00619 kl=0.0488 gate_reason='no-op'
update= 823 stage=1 weights=(1.0, 0.0, 0.0) reward=-0.5988 len=154.85 term=0.581 in_range=0.412 r1=-0.910 r2=+20.204 r3=+0.000 term_pen=+0.581 policy_loss=+0.00822 value_loss=+0.00587 kl=0.0385 gate_reason='no-op'
update= 824 stage=1 weights=(1.0, 0.0, 0.0) reward=-0.5909 len=155.40 term=0.573 in_range=0.398 r1=-0.906 r2=+18.656 r3=+0.000 term_pen=+0.573 policy_loss=+0.01142 value_loss=+0.00747 kl=0.0320 gate_reason='no-op'
update= 825 stage=1 weights=(1.0, 0.0, 0.0) reward=-0.5929 len=157.17 term=0.575 in_range=0.404 r1=-0.908 r2=+20.146 r3=+0.000 term_pen=+0.575 policy_loss=+0.02040 value_loss=+0.00595 kl=0.0342 gate_reason='no-op' | eval_reward=-0.0217 eval_length=200.00
update= 826 stage=1 weights=(1.0, 0.0, 0.0) reward=-0.6275 len=151.84 term=0.610 in_range=0.433 r1=-0.883 r2=+24.505 r3=+0.000 term_pen=+0.610 policy_loss=+0.01528 value_loss=+0.00655 kl=0.0400 gate_reason='no-op'
update= 827 stage=1 weights=(1.0, 0.0, 0.0) reward=-0.5992 len=154.14 term=0.582 in_range=0.437 r1=-0.881 r2=+27.977 r3=+0.000 term_pen=+0.582 policy_loss=+0.01255 value_loss=+0.00580 kl=0.0321 gate_reason='no-op'
update= 828 stage=1 weights=(1.0, 0.0, 0.0) reward=-0.5453 len=156.94 term=0.527 in_range=0.448 r1=-0.896 r2=+32.698 r3=+0.000 term_pen=+0.527 policy_loss=+0.00906 value_loss=+0.00742 kl=0.0332 gate_reason='no-op'
update= 829 stage=1 weights=(1.0, 0.0, 0.0) reward=-0.5894 len=153.34 term=0.571 in_range=0.467 r1=-0.931 r2=+36.204 r3=+0.000 term_pen=+0.571 policy_loss=+0.00727 value_loss=+0.00596 kl=0.0319 gate_reason='no-op'
update= 830 stage=1 weights=(1.0, 0.0, 0.0) reward=-0.6218 len=152.59 term=0.602 in_range=0.443 r1=-0.989 r2=+32.692 r3=+0.000 term_pen=+0.602 policy_loss=+0.01020 value_loss=+0.00595 kl=0.0226 gate_reason='no-op' | eval_reward=-0.0164 eval_length=200.00
update= 831 stage=1 weights=(1.0, 0.0, 0.0) reward=-0.6044 len=154.69 term=0.585 in_range=0.426 r1=-0.947 r2=+28.277 r3=+0.000 term_pen=+0.585 policy_loss=+0.02031 value_loss=+0.00588 kl=0.0449 gate_reason='no-op'
update= 832 stage=1 weights=(1.0, 0.0, 0.0) reward=-0.6767 len=146.78 term=0.659 in_range=0.398 r1=-0.899 r2=+20.774 r3=+0.000 term_pen=+0.659 policy_loss=+0.00705 value_loss=+0.00624 kl=0.0184 gate_reason='no-op'
update= 833 stage=1 weights=(1.0, 0.0, 0.0) reward=-0.6583 len=147.81 term=0.641 in_range=0.381 r1=-0.883 r2=+19.099 r3=+0.000 term_pen=+0.641 policy_loss=+0.01926 value_loss=+0.00574 kl=0.0299 gate_reason='no-op'
update= 834 stage=1 weights=(1.0, 0.0, 0.0) reward=-0.5628 len=157.18 term=0.545 in_range=0.389 r1=-0.870 r2=+26.096 r3=+0.000 term_pen=+0.545 policy_loss=+0.00929 value_loss=+0.00464 kl=0.0203 gate_reason='no-op'
update= 835 stage=1 weights=(1.0, 0.0, 0.0) reward=-0.4982 len=163.83 term=0.481 in_range=0.393 r1=-0.864 r2=+28.821 r3=+0.000 term_pen=+0.481 policy_loss=+0.01361 value_loss=+0.00434 kl=0.0262 gate_reason='no-op' | eval_reward=-0.0104 eval_length=200.00
update= 836 stage=1 weights=(1.0, 0.0, 0.0) reward=-0.5130 len=161.82 term=0.496 in_range=0.419 r1=-0.868 r2=+34.223 r3=+0.000 term_pen=+0.496 policy_loss=+0.01265 value_loss=+0.00425 kl=0.0269 gate_reason='no-op'
update= 837 stage=1 weights=(1.0, 0.0, 0.0) reward=-0.6067 len=151.11 term=0.591 in_range=0.435 r1=-0.795 r2=+30.918 r3=+0.000 term_pen=+0.591 policy_loss=-0.00002 value_loss=+0.00500 kl=0.0264 gate_reason='no-op'
update= 838 stage=1 weights=(1.0, 0.0, 0.0) reward=-0.6115 len=151.76 term=0.596 in_range=0.428 r1=-0.790 r2=+27.386 r3=+0.000 term_pen=+0.596 policy_loss=+0.00977 value_loss=+0.00529 kl=0.0212 gate_reason='no-op'
update= 839 stage=1 weights=(1.0, 0.0, 0.0) reward=-0.4743 len=165.02 term=0.457 in_range=0.391 r1=-0.888 r2=+27.550 r3=+0.000 term_pen=+0.457 policy_loss=+0.01931 value_loss=+0.00440 kl=0.0456 gate_reason='no-op'
update= 840 stage=1 weights=(1.0, 0.0, 0.0) reward=-0.5248 len=159.12 term=0.505 in_range=0.390 r1=-0.995 r2=+27.145 r3=+0.000 term_pen=+0.505 policy_loss=+0.01767 value_loss=+0.00515 kl=0.0315 gate_reason='no-op' | eval_reward=-0.0190 eval_length=200.00
update= 841 stage=1 weights=(1.0, 0.0, 0.0) reward=-0.5478 len=158.77 term=0.528 in_range=0.428 r1=-0.976 r2=+33.778 r3=+0.000 term_pen=+0.528 policy_loss=+0.01402 value_loss=+0.00539 kl=0.0336 gate_reason='no-op'
update= 842 stage=1 weights=(1.0, 0.0, 0.0) reward=-0.6121 len=151.14 term=0.594 in_range=0.451 r1=-0.919 r2=+35.321 r3=+0.000 term_pen=+0.594 policy_loss=+0.01151 value_loss=+0.00636 kl=0.0217 gate_reason='no-op'
update= 843 stage=1 weights=(1.0, 0.0, 0.0) reward=-0.5722 len=155.29 term=0.554 in_range=0.431 r1=-0.900 r2=+31.745 r3=+0.000 term_pen=+0.554 policy_loss=+0.01357 value_loss=+0.00489 kl=0.0341 gate_reason='no-op'
update= 844 stage=1 weights=(1.0, 0.0, 0.0) reward=-0.5012 len=162.19 term=0.482 in_range=0.384 r1=-0.963 r2=+27.910 r3=+0.000 term_pen=+0.482 policy_loss=+0.01129 value_loss=+0.00466 kl=0.0345 gate_reason='no-op'
update= 845 stage=1 weights=(1.0, 0.0, 0.0) reward=-0.3983 len=171.63 term=0.380 in_range=0.354 r1=-0.922 r2=+25.239 r3=+0.000 term_pen=+0.380 policy_loss=+0.00620 value_loss=+0.00395 kl=0.0172 gate_reason='no-op' | eval_reward=-0.0246 eval_length=200.00
update= 846 stage=1 weights=(1.0, 0.0, 0.0) reward=-0.4125 len=169.87 term=0.394 in_range=0.351 r1=-0.922 r2=+24.763 r3=+0.000 term_pen=+0.394 policy_loss=+0.01117 value_loss=+0.00417 kl=0.0242 gate_reason='no-op'
update= 847 stage=1 weights=(1.0, 0.0, 0.0) reward=-0.4219 len=169.00 term=0.404 in_range=0.361 r1=-0.904 r2=+26.932 r3=+0.000 term_pen=+0.404 policy_loss=-0.00370 value_loss=+0.00434 kl=0.0271 gate_reason='no-op'
update= 848 stage=1 weights=(1.0, 0.0, 0.0) reward=-0.4683 len=164.28 term=0.452 in_range=0.396 r1=-0.830 r2=+32.746 r3=+0.000 term_pen=+0.452 policy_loss=+0.01554 value_loss=+0.00452 kl=0.0287 gate_reason='no-op'
update= 849 stage=1 weights=(1.0, 0.0, 0.0) reward=-0.4395 len=167.85 term=0.423 in_range=0.331 r1=-0.806 r2=+20.987 r3=+0.000 term_pen=+0.423 policy_loss=+0.01170 value_loss=+0.00454 kl=0.0337 gate_reason='no-op'
update= 850 stage=1 weights=(1.0, 0.0, 0.0) reward=-0.4463 len=167.09 term=0.431 in_range=0.308 r1=-0.779 r2=+15.116 r3=+0.000 term_pen=+0.431 policy_loss=+0.01563 value_loss=+0.00460 kl=0.0421 gate_reason='no-op' | eval_reward=-0.0165 eval_length=200.00
update= 851 stage=1 weights=(1.0, 0.0, 0.0) reward=-0.4783 len=164.24 term=0.463 in_range=0.296 r1=-0.770 r2=+14.231 r3=+0.000 term_pen=+0.463 policy_loss=+0.01478 value_loss=+0.00478 kl=0.0427 gate_reason='no-op'
update= 852 stage=1 weights=(1.0, 0.0, 0.0) reward=-0.4953 len=162.16 term=0.480 in_range=0.317 r1=-0.768 r2=+16.726 r3=+0.000 term_pen=+0.480 policy_loss=-0.00610 value_loss=+0.00555 kl=0.0252 gate_reason='no-op'
update= 853 stage=1 weights=(1.0, 0.0, 0.0) reward=-0.4050 len=170.49 term=0.389 in_range=0.331 r1=-0.819 r2=+20.009 r3=+0.000 term_pen=+0.389 policy_loss=+0.00244 value_loss=+0.00414 kl=0.0320 gate_reason='no-op'
update= 854 stage=1 weights=(1.0, 0.0, 0.0) reward=-0.3884 len=172.92 term=0.372 in_range=0.319 r1=-0.818 r2=+18.356 r3=+0.000 term_pen=+0.372 policy_loss=+0.01462 value_loss=+0.00463 kl=0.0326 gate_reason='no-op'
update= 855 stage=1 weights=(1.0, 0.0, 0.0) reward=-0.4009 len=172.98 term=0.385 in_range=0.310 r1=-0.784 r2=+17.341 r3=+0.000 term_pen=+0.385 policy_loss=+0.02000 value_loss=+0.00512 kl=0.0414 gate_reason='no-op' | eval_reward=-0.0102 eval_length=200.00
update= 856 stage=1 weights=(1.0, 0.0, 0.0) reward=-0.4628 len=168.15 term=0.448 in_range=0.288 r1=-0.754 r2=+11.190 r3=+0.000 term_pen=+0.448 policy_loss=+0.01402 value_loss=+0.00571 kl=0.0430 gate_reason='no-op'
update= 857 stage=1 weights=(1.0, 0.0, 0.0) reward=-0.5408 len=162.56 term=0.526 in_range=0.257 r1=-0.719 r2=+1.693 r3=+0.000 term_pen=+0.526 policy_loss=+0.01270 value_loss=+0.00632 kl=0.0443 gate_reason='no-op'
update= 858 stage=1 weights=(1.0, 0.0, 0.0) reward=-0.4660 len=170.04 term=0.452 in_range=0.244 r1=-0.719 r2=-2.549 r3=+0.000 term_pen=+0.452 policy_loss=+0.01764 value_loss=+0.00925 kl=0.0408 gate_reason='no-op'
update= 859 stage=1 weights=(1.0, 0.0, 0.0) reward=-0.4121 len=174.30 term=0.396 in_range=0.264 r1=-0.780 r2=-1.166 r3=+0.000 term_pen=+0.396 policy_loss=+0.01375 value_loss=+0.01640 kl=0.0317 gate_reason='no-op'
update= 860 stage=1 weights=(1.0, 0.0, 0.0) reward=-0.4390 len=173.39 term=0.423 in_range=0.273 r1=-0.805 r2=-3.480 r3=+0.000 term_pen=+0.423 policy_loss=+0.01779 value_loss=+0.01159 kl=0.0364 gate_reason='no-op' | eval_reward=-0.0227 eval_length=197.38
update= 861 stage=1 weights=(1.0, 0.0, 0.0) reward=-0.5476 len=164.71 term=0.532 in_range=0.288 r1=-0.792 r2=-9.439 r3=+0.000 term_pen=+0.532 policy_loss=+0.02212 value_loss=+0.00958 kl=0.0507 gate_reason='no-op'
update= 862 stage=1 weights=(1.0, 0.0, 0.0) reward=-0.6583 len=157.53 term=0.642 in_range=0.282 r1=-0.810 r2=-16.252 r3=+0.000 term_pen=+0.642 policy_loss=+0.01361 value_loss=+0.00829 kl=0.0349 gate_reason='no-op'
update= 863 stage=1 weights=(1.0, 0.0, 0.0) reward=-0.6814 len=156.99 term=0.666 in_range=0.287 r1=-0.770 r2=-15.804 r3=+0.000 term_pen=+0.666 policy_loss=+0.01906 value_loss=+0.00839 kl=0.0412 gate_reason='no-op'
update= 864 stage=1 weights=(1.0, 0.0, 0.0) reward=-0.7921 len=147.09 term=0.776 in_range=0.297 r1=-0.811 r2=-18.783 r3=+0.000 term_pen=+0.776 policy_loss=+0.02087 value_loss=+0.00847 kl=0.0322 gate_reason='no-op'
update= 865 stage=1 weights=(1.0, 0.0, 0.0) reward=-0.7651 len=148.26 term=0.748 in_range=0.305 r1=-0.853 r2=-17.101 r3=+0.000 term_pen=+0.748 policy_loss=+0.01741 value_loss=+0.00870 kl=0.0354 gate_reason='no-op' | eval_reward=-0.0213 eval_length=171.31
update= 866 stage=1 weights=(1.0, 0.0, 0.0) reward=-0.7068 len=152.26 term=0.688 in_range=0.313 r1=-0.939 r2=-13.805 r3=+0.000 term_pen=+0.688 policy_loss=+0.01349 value_loss=+0.00646 kl=0.0246 gate_reason='no-op'
update= 867 stage=1 weights=(1.0, 0.0, 0.0) reward=-0.7081 len=152.05 term=0.688 in_range=0.321 r1=-1.008 r2=-13.047 r3=+0.000 term_pen=+0.688 policy_loss=+0.01309 value_loss=+0.00542 kl=0.0269 gate_reason='no-op'
update= 868 stage=1 weights=(1.0, 0.0, 0.0) reward=-0.6640 len=153.77 term=0.644 in_range=0.322 r1=-1.022 r2=-10.833 r3=+0.000 term_pen=+0.644 policy_loss=+0.00668 value_loss=+0.00467 kl=0.0174 gate_reason='no-op'
update= 869 stage=1 weights=(1.0, 0.0, 0.0) reward=-0.6692 len=153.25 term=0.647 in_range=0.318 r1=-1.111 r2=-8.640 r3=+0.000 term_pen=+0.647 policy_loss=+0.01073 value_loss=+0.00498 kl=0.0428 gate_reason='no-op'
update= 870 stage=1 weights=(1.0, 0.0, 0.0) reward=-0.4789 len=167.51 term=0.457 in_range=0.304 r1=-1.120 r2=-1.071 r3=+0.000 term_pen=+0.457 policy_loss=+0.00510 value_loss=+0.00379 kl=0.0158 gate_reason='no-op' | eval_reward=-0.0218 eval_length=190.69
update= 871 stage=1 weights=(1.0, 0.0, 0.0) reward=-0.4319 len=172.15 term=0.410 in_range=0.300 r1=-1.113 r2=-0.160 r3=+0.000 term_pen=+0.410 policy_loss=+0.01531 value_loss=+0.00437 kl=0.0368 gate_reason='no-op'
update= 872 stage=1 weights=(1.0, 0.0, 0.0) reward=-0.5207 len=164.54 term=0.501 in_range=0.318 r1=-0.986 r2=-0.421 r3=+0.000 term_pen=+0.501 policy_loss=+0.01138 value_loss=+0.00420 kl=0.0318 gate_reason='no-op'
update= 873 stage=1 weights=(1.0, 0.0, 0.0) reward=-0.5523 len=163.79 term=0.532 in_range=0.310 r1=-1.005 r2=-3.079 r3=+0.000 term_pen=+0.532 policy_loss=-0.00223 value_loss=+0.00404 kl=0.0278 gate_reason='no-op'
update= 874 stage=1 weights=(1.0, 0.0, 0.0) reward=-0.4977 len=165.77 term=0.478 in_range=0.304 r1=-1.006 r2=-0.304 r3=+0.000 term_pen=+0.478 policy_loss=+0.00269 value_loss=+0.00381 kl=0.0354 gate_reason='no-op'
update= 875 stage=1 weights=(1.0, 0.0, 0.0) reward=-0.4565 len=169.27 term=0.436 in_range=0.302 r1=-1.048 r2=+2.752 r3=+0.000 term_pen=+0.436 policy_loss=+0.00319 value_loss=+0.00391 kl=0.0317 gate_reason='no-op' | eval_reward=-0.0203 eval_length=200.00
update= 876 stage=1 weights=(1.0, 0.0, 0.0) reward=-0.4364 len=171.90 term=0.415 in_range=0.290 r1=-1.094 r2=+3.245 r3=+0.000 term_pen=+0.415 policy_loss=+0.00857 value_loss=+0.00448 kl=0.0326 gate_reason='no-op'
update= 877 stage=1 weights=(1.0, 0.0, 0.0) reward=-0.6288 len=154.66 term=0.607 in_range=0.317 r1=-1.092 r2=+3.201 r3=+0.000 term_pen=+0.607 policy_loss=-0.00103 value_loss=+0.00696 kl=0.0279 gate_reason='no-op'
update= 878 stage=1 weights=(1.0, 0.0, 0.0) reward=-0.5506 len=160.22 term=0.531 in_range=0.291 r1=-0.991 r2=+1.593 r3=+0.000 term_pen=+0.531 policy_loss=-0.00782 value_loss=+0.00546 kl=0.0324 gate_reason='no-op'
update= 879 stage=1 weights=(1.0, 0.0, 0.0) reward=-0.6020 len=158.58 term=0.583 in_range=0.286 r1=-0.924 r2=-0.924 r3=+0.000 term_pen=+0.583 policy_loss=-0.00096 value_loss=+0.00538 kl=0.0308 gate_reason='no-op'
update= 880 stage=1 weights=(1.0, 0.0, 0.0) reward=-0.5839 len=158.12 term=0.568 in_range=0.291 r1=-0.799 r2=+2.310 r3=+0.000 term_pen=+0.568 policy_loss=+0.01433 value_loss=+0.00539 kl=0.0395 gate_reason='no-op' | eval_reward=-0.0112 eval_length=193.81
update= 881 stage=1 weights=(1.0, 0.0, 0.0) reward=-0.6727 len=150.14 term=0.657 in_range=0.307 r1=-0.771 r2=+2.638 r3=+0.000 term_pen=+0.657 policy_loss=-0.00373 value_loss=+0.00540 kl=0.0265 gate_reason='no-op'
update= 882 stage=1 weights=(1.0, 0.0, 0.0) reward=-0.6098 len=156.84 term=0.594 in_range=0.292 r1=-0.803 r2=+1.223 r3=+0.000 term_pen=+0.594 policy_loss=+0.00343 value_loss=+0.00476 kl=0.0493 gate_reason='no-op'
update= 883 stage=1 weights=(1.0, 0.0, 0.0) reward=-0.6190 len=152.52 term=0.602 in_range=0.306 r1=-0.849 r2=+1.903 r3=+0.000 term_pen=+0.602 policy_loss=-0.00147 value_loss=+0.00528 kl=0.0276 gate_reason='no-op'
update= 884 stage=1 weights=(1.0, 0.0, 0.0) reward=-0.5846 len=154.74 term=0.567 in_range=0.322 r1=-0.883 r2=+5.226 r3=+0.000 term_pen=+0.567 policy_loss=+0.00251 value_loss=+0.00545 kl=0.0325 gate_reason='no-op'
update= 885 stage=1 weights=(1.0, 0.0, 0.0) reward=-0.5155 len=161.50 term=0.498 in_range=0.348 r1=-0.896 r2=+12.779 r3=+0.000 term_pen=+0.498 policy_loss=+0.00454 value_loss=+0.00509 kl=0.0343 gate_reason='no-op' | eval_reward=-0.0234 eval_length=200.00
update= 886 stage=1 weights=(1.0, 0.0, 0.0) reward=-0.4931 len=162.56 term=0.476 in_range=0.376 r1=-0.851 r2=+20.910 r3=+0.000 term_pen=+0.476 policy_loss=+0.01594 value_loss=+0.00449 kl=0.0413 gate_reason='no-op'
update= 887 stage=1 weights=(1.0, 0.0, 0.0) reward=-0.5649 len=154.74 term=0.548 in_range=0.429 r1=-0.829 r2=+28.434 r3=+0.000 term_pen=+0.548 policy_loss=+0.01143 value_loss=+0.00483 kl=0.0332 gate_reason='no-op'
update= 888 stage=1 weights=(1.0, 0.0, 0.0) reward=-0.6819 len=144.10 term=0.666 in_range=0.465 r1=-0.793 r2=+32.106 r3=+0.000 term_pen=+0.666 policy_loss=+0.01205 value_loss=+0.00560 kl=0.0283 gate_reason='no-op'
update= 889 stage=1 weights=(1.0, 0.0, 0.0) reward=-0.5091 len=160.89 term=0.491 in_range=0.417 r1=-0.896 r2=+32.120 r3=+0.000 term_pen=+0.491 policy_loss=+0.01155 value_loss=+0.00437 kl=0.0273 gate_reason='no-op'
update= 890 stage=1 weights=(1.0, 0.0, 0.0) reward=-0.4344 len=167.10 term=0.416 in_range=0.397 r1=-0.921 r2=+31.874 r3=+0.000 term_pen=+0.416 policy_loss=+0.00449 value_loss=+0.00411 kl=0.0399 gate_reason='no-op' | eval_reward=-0.0260 eval_length=200.00
update= 891 stage=1 weights=(1.0, 0.0, 0.0) reward=-0.3915 len=171.59 term=0.374 in_range=0.377 r1=-0.900 r2=+30.541 r3=+0.000 term_pen=+0.374 policy_loss=+0.00472 value_loss=+0.00415 kl=0.0306 gate_reason='no-op'
update= 892 stage=1 weights=(1.0, 0.0, 0.0) reward=-0.3836 len=171.47 term=0.367 in_range=0.380 r1=-0.846 r2=+30.829 r3=+0.000 term_pen=+0.367 policy_loss=+0.01567 value_loss=+0.00417 kl=0.0318 gate_reason='no-op'
update= 893 stage=1 weights=(1.0, 0.0, 0.0) reward=-0.3952 len=171.12 term=0.377 in_range=0.386 r1=-0.910 r2=+32.301 r3=+0.000 term_pen=+0.377 policy_loss=+0.01134 value_loss=+0.00448 kl=0.0258 gate_reason='no-op'
update= 894 stage=1 weights=(1.0, 0.0, 0.0) reward=-0.4745 len=164.46 term=0.458 in_range=0.364 r1=-0.851 r2=+22.958 r3=+0.000 term_pen=+0.458 policy_loss=+0.00757 value_loss=+0.00533 kl=0.0195 gate_reason='no-op'
update= 895 stage=1 weights=(1.0, 0.0, 0.0) reward=-0.5132 len=161.03 term=0.496 in_range=0.372 r1=-0.877 r2=+22.124 r3=+0.000 term_pen=+0.496 policy_loss=+0.00410 value_loss=+0.00570 kl=0.0148 gate_reason='no-op' | eval_reward=-0.0169 eval_length=200.00
update= 896 stage=1 weights=(1.0, 0.0, 0.0) reward=-0.4911 len=161.36 term=0.474 in_range=0.372 r1=-0.871 r2=+22.194 r3=+0.000 term_pen=+0.474 policy_loss=+0.00390 value_loss=+0.00547 kl=0.0143 gate_reason='no-op'
update= 897 stage=1 weights=(1.0, 0.0, 0.0) reward=-0.4743 len=164.22 term=0.457 in_range=0.363 r1=-0.862 r2=+21.984 r3=+0.000 term_pen=+0.457 policy_loss=+0.01250 value_loss=+0.00516 kl=0.0292 gate_reason='no-op'
update= 898 stage=1 weights=(1.0, 0.0, 0.0) reward=-0.4094 len=168.43 term=0.393 in_range=0.367 r1=-0.815 r2=+25.122 r3=+0.000 term_pen=+0.393 policy_loss=+0.01459 value_loss=+0.00448 kl=0.0313 gate_reason='no-op'
update= 899 stage=1 weights=(1.0, 0.0, 0.0) reward=-0.3992 len=169.16 term=0.384 in_range=0.358 r1=-0.773 r2=+21.984 r3=+0.000 term_pen=+0.384 policy_loss=+0.01270 value_loss=+0.00449 kl=0.0285 gate_reason='no-op'
update= 900 stage=1 weights=(1.0, 0.0, 0.0) reward=-0.3828 len=170.18 term=0.368 in_range=0.354 r1=-0.758 r2=+22.260 r3=+0.000 term_pen=+0.368 policy_loss=+0.00428 value_loss=+0.00429 kl=0.0254 gate_reason='no-op' | eval_reward=-0.0109 eval_length=200.00
update= 901 stage=1 weights=(1.0, 0.0, 0.0) reward=-0.3594 len=173.72 term=0.344 in_range=0.361 r1=-0.781 r2=+26.154 r3=+0.000 term_pen=+0.344 policy_loss=+0.00965 value_loss=+0.00404 kl=0.0467 gate_reason='no-op'
update= 902 stage=1 weights=(1.0, 0.0, 0.0) reward=-0.4883 len=162.78 term=0.473 in_range=0.388 r1=-0.783 r2=+28.895 r3=+0.000 term_pen=+0.473 policy_loss=+0.00178 value_loss=+0.00501 kl=0.0268 gate_reason='no-op'
update= 903 stage=1 weights=(1.0, 0.0, 0.0) reward=-0.5632 len=155.97 term=0.547 in_range=0.391 r1=-0.794 r2=+27.233 r3=+0.000 term_pen=+0.547 policy_loss=+0.01337 value_loss=+0.00565 kl=0.0391 gate_reason='no-op'
update= 904 stage=1 weights=(1.0, 0.0, 0.0) reward=-0.5054 len=162.55 term=0.489 in_range=0.355 r1=-0.829 r2=+23.306 r3=+0.000 term_pen=+0.489 policy_loss=+0.00022 value_loss=+0.00492 kl=0.0263 gate_reason='no-op'
update= 905 stage=1 weights=(1.0, 0.0, 0.0) reward=-0.4300 len=169.58 term=0.413 in_range=0.335 r1=-0.844 r2=+21.451 r3=+0.000 term_pen=+0.413 policy_loss=-0.00846 value_loss=+0.00426 kl=0.0531 gate_reason='no-op' | eval_reward=-0.0137 eval_length=200.00
update= 906 stage=1 weights=(1.0, 0.0, 0.0) reward=-0.5595 len=157.45 term=0.542 in_range=0.339 r1=-0.853 r2=+13.043 r3=+0.000 term_pen=+0.542 policy_loss=-0.00217 value_loss=+0.00645 kl=0.0334 gate_reason='no-op'
update= 907 stage=1 weights=(1.0, 0.0, 0.0) reward=-0.6854 len=147.01 term=0.668 in_range=0.348 r1=-0.848 r2=+9.080 r3=+0.000 term_pen=+0.668 policy_loss=-0.00427 value_loss=+0.00780 kl=0.0291 gate_reason='no-op'
update= 908 stage=1 weights=(1.0, 0.0, 0.0) reward=-0.6125 len=153.37 term=0.597 in_range=0.348 r1=-0.789 r2=+11.473 r3=+0.000 term_pen=+0.597 policy_loss=-0.00408 value_loss=+0.00552 kl=0.0324 gate_reason='no-op'
update= 909 stage=1 weights=(1.0, 0.0, 0.0) reward=-0.4921 len=163.33 term=0.479 in_range=0.355 r1=-0.655 r2=+17.547 r3=+0.000 term_pen=+0.479 policy_loss=+0.00987 value_loss=+0.00546 kl=0.0397 gate_reason='no-op'
update= 910 stage=1 weights=(1.0, 0.0, 0.0) reward=-0.4679 len=164.25 term=0.456 in_range=0.392 r1=-0.591 r2=+26.246 r3=+0.000 term_pen=+0.456 policy_loss=-0.00151 value_loss=+0.00463 kl=0.0306 gate_reason='no-op' | eval_reward=-0.0034 eval_length=200.00
update= 911 stage=1 weights=(1.0, 0.0, 0.0) reward=-0.4960 len=161.80 term=0.484 in_range=0.425 r1=-0.605 r2=+31.466 r3=+0.000 term_pen=+0.484 policy_loss=+0.00123 value_loss=+0.00457 kl=0.0535 gate_reason='no-op'
update= 912 stage=1 weights=(1.0, 0.0, 0.0) reward=-0.6705 len=145.06 term=0.659 in_range=0.494 r1=-0.589 r2=+38.476 r3=+0.000 term_pen=+0.659 policy_loss=+0.00656 value_loss=+0.00752 kl=0.0354 gate_reason='no-op'
update= 913 stage=1 weights=(1.0, 0.0, 0.0) reward=-0.7307 len=138.13 term=0.719 in_range=0.519 r1=-0.598 r2=+40.591 r3=+0.000 term_pen=+0.719 policy_loss=-0.00017 value_loss=+0.00890 kl=0.0436 gate_reason='no-op'
update= 914 stage=1 weights=(1.0, 0.0, 0.0) reward=-0.7105 len=141.44 term=0.698 in_range=0.517 r1=-0.636 r2=+41.093 r3=+0.000 term_pen=+0.698 policy_loss=-0.00844 value_loss=+0.00755 kl=0.0523 gate_reason='no-op'
update= 915 stage=1 weights=(1.0, 0.0, 0.0) reward=-0.6800 len=146.79 term=0.666 in_range=0.451 r1=-0.699 r2=+31.461 r3=+0.000 term_pen=+0.666 policy_loss=+0.00143 value_loss=+0.00654 kl=0.0461 gate_reason='no-op' | eval_reward=-0.0038 eval_length=200.00
update= 916 stage=1 weights=(1.0, 0.0, 0.0) reward=-0.7629 len=138.25 term=0.748 in_range=0.423 r1=-0.741 r2=+22.697 r3=+0.000 term_pen=+0.748 policy_loss=+0.00582 value_loss=+0.00619 kl=0.0561 gate_reason='no-op'
update= 917 stage=1 weights=(1.0, 0.0, 0.0) reward=-0.7301 len=141.44 term=0.716 in_range=0.389 r1=-0.690 r2=+16.387 r3=+0.000 term_pen=+0.716 policy_loss=-0.00492 value_loss=+0.00603 kl=0.0476 gate_reason='no-op'
update= 918 stage=1 weights=(1.0, 0.0, 0.0) reward=-0.7239 len=139.81 term=0.712 in_range=0.382 r1=-0.599 r2=+13.748 r3=+0.000 term_pen=+0.712 policy_loss=-0.00926 value_loss=+0.00631 kl=0.0409 gate_reason='no-op'
update= 919 stage=1 weights=(1.0, 0.0, 0.0) reward=-0.7429 len=133.08 term=0.732 in_range=0.394 r1=-0.524 r2=+11.136 r3=+0.000 term_pen=+0.732 policy_loss=+0.01873 value_loss=+0.00797 kl=0.0377 gate_reason='no-op'
update= 920 stage=1 weights=(1.0, 0.0, 0.0) reward=-0.7635 len=133.06 term=0.753 in_range=0.384 r1=-0.529 r2=+9.062 r3=+0.000 term_pen=+0.753 policy_loss=+0.02655 value_loss=+0.00833 kl=0.0387 gate_reason='no-op' | eval_reward=-0.0044 eval_length=180.00
update= 921 stage=1 weights=(1.0, 0.0, 0.0) reward=-0.6609 len=146.03 term=0.650 in_range=0.363 r1=-0.525 r2=+9.924 r3=+0.000 term_pen=+0.650 policy_loss=+0.02129 value_loss=+0.00748 kl=0.0355 gate_reason='no-op'
update= 922 stage=1 weights=(1.0, 0.0, 0.0) reward=-0.6302 len=151.63 term=0.619 in_range=0.355 r1=-0.555 r2=+8.845 r3=+0.000 term_pen=+0.619 policy_loss=+0.01730 value_loss=+0.00599 kl=0.0296 gate_reason='no-op'
update= 923 stage=1 weights=(1.0, 0.0, 0.0) reward=-0.7197 len=144.89 term=0.707 in_range=0.345 r1=-0.660 r2=+5.481 r3=+0.000 term_pen=+0.707 policy_loss=+0.01745 value_loss=+0.00629 kl=0.0359 gate_reason='no-op'
update= 924 stage=1 weights=(1.0, 0.0, 0.0) reward=-0.5996 len=148.95 term=0.589 in_range=0.355 r1=-0.538 r2=+10.592 r3=+0.000 term_pen=+0.589 policy_loss=+0.01557 value_loss=+0.00509 kl=0.0311 gate_reason='no-op'
update= 925 stage=1 weights=(1.0, 0.0, 0.0) reward=-0.6276 len=149.63 term=0.616 in_range=0.342 r1=-0.593 r2=+6.931 r3=+0.000 term_pen=+0.616 policy_loss=+0.00254 value_loss=+0.00520 kl=0.0274 gate_reason='no-op' | eval_reward=-0.0035 eval_length=200.00
update= 926 stage=1 weights=(1.0, 0.0, 0.0) reward=-0.5920 len=150.55 term=0.583 in_range=0.354 r1=-0.472 r2=+8.450 r3=+0.000 term_pen=+0.583 policy_loss=-0.00034 value_loss=+0.00488 kl=0.0306 gate_reason='no-op'
update= 927 stage=1 weights=(1.0, 0.0, 0.0) reward=-0.6422 len=145.20 term=0.634 in_range=0.383 r1=-0.422 r2=+10.594 r3=+0.000 term_pen=+0.634 policy_loss=+0.00668 value_loss=+0.00529 kl=0.0291 gate_reason='no-op'
update= 928 stage=1 weights=(1.0, 0.0, 0.0) reward=-0.6440 len=145.10 term=0.636 in_range=0.393 r1=-0.413 r2=+12.704 r3=+0.000 term_pen=+0.636 policy_loss=+0.00757 value_loss=+0.00544 kl=0.0373 gate_reason='no-op'
update= 929 stage=1 weights=(1.0, 0.0, 0.0) reward=-0.5855 len=149.92 term=0.576 in_range=0.381 r1=-0.465 r2=+13.561 r3=+0.000 term_pen=+0.576 policy_loss=-0.00379 value_loss=+0.00488 kl=0.0472 gate_reason='no-op'
update= 930 stage=1 weights=(1.0, 0.0, 0.0) reward=-0.5360 len=151.62 term=0.526 in_range=0.369 r1=-0.505 r2=+14.485 r3=+0.000 term_pen=+0.526 policy_loss=+0.00226 value_loss=+0.00477 kl=0.0975 gate_reason='no-op' | eval_reward=-0.0027 eval_length=200.00
update= 931 stage=1 weights=(1.0, 0.0, 0.0) reward=-0.6135 len=142.07 term=0.601 in_range=0.373 r1=-0.620 r2=+13.661 r3=+0.000 term_pen=+0.601 policy_loss=+0.00373 value_loss=+0.00593 kl=0.0710 gate_reason='no-op'
update= 932 stage=1 weights=(1.0, 0.0, 0.0) reward=-0.7523 len=128.85 term=0.738 in_range=0.379 r1=-0.726 r2=+9.942 r3=+0.000 term_pen=+0.738 policy_loss=+0.00578 value_loss=+0.00765 kl=0.0446 gate_reason='no-op'
update= 933 stage=1 weights=(1.0, 0.0, 0.0) reward=-0.8018 len=122.24 term=0.787 in_range=0.386 r1=-0.757 r2=+7.342 r3=+0.000 term_pen=+0.787 policy_loss=+0.00682 value_loss=+0.00777 kl=0.0285 gate_reason='no-op'
update= 934 stage=1 weights=(1.0, 0.0, 0.0) reward=-0.7496 len=130.75 term=0.734 in_range=0.370 r1=-0.786 r2=+7.578 r3=+0.000 term_pen=+0.734 policy_loss=-0.00120 value_loss=+0.00685 kl=0.0318 gate_reason='no-op'
update= 935 stage=1 weights=(1.0, 0.0, 0.0) reward=-0.5941 len=149.44 term=0.579 in_range=0.350 r1=-0.774 r2=+12.414 r3=+0.000 term_pen=+0.579 policy_loss=-0.00244 value_loss=+0.00582 kl=0.0585 gate_reason='no-op' | eval_reward=-0.0074 eval_length=200.00
update= 936 stage=1 weights=(1.0, 0.0, 0.0) reward=-0.4025 len=168.84 term=0.386 in_range=0.342 r1=-0.811 r2=+22.852 r3=+0.000 term_pen=+0.386 policy_loss=+0.00540 value_loss=+0.00462 kl=0.0783 gate_reason='no-op'
update= 937 stage=1 weights=(1.0, 0.0, 0.0) reward=-0.4057 len=170.07 term=0.388 in_range=0.373 r1=-0.874 r2=+32.865 r3=+0.000 term_pen=+0.388 policy_loss=-0.01364 value_loss=+0.00398 kl=0.0500 gate_reason='no-op'
update= 938 stage=1 weights=(1.0, 0.0, 0.0) reward=-0.5155 len=160.18 term=0.497 in_range=0.408 r1=-0.946 r2=+37.453 r3=+0.000 term_pen=+0.497 policy_loss=+0.00630 value_loss=+0.00521 kl=0.0273 gate_reason='no-op'
update= 939 stage=1 weights=(1.0, 0.0, 0.0) reward=-0.5616 len=156.35 term=0.542 in_range=0.409 r1=-0.978 r2=+36.453 r3=+0.000 term_pen=+0.542 policy_loss=+0.01008 value_loss=+0.00686 kl=0.0446 gate_reason='no-op'
update= 940 stage=1 weights=(1.0, 0.0, 0.0) reward=-0.5116 len=162.02 term=0.491 in_range=0.364 r1=-1.018 r2=+29.472 r3=+0.000 term_pen=+0.491 policy_loss=+0.01653 value_loss=+0.00624 kl=0.0340 gate_reason='no-op' | eval_reward=-0.0304 eval_length=188.44
update= 941 stage=1 weights=(1.0, 0.0, 0.0) reward=-0.4784 len=164.06 term=0.458 in_range=0.339 r1=-0.997 r2=+26.840 r3=+0.000 term_pen=+0.458 policy_loss=+0.01927 value_loss=+0.00540 kl=0.0351 gate_reason='no-op'
update= 942 stage=1 weights=(1.0, 0.0, 0.0) reward=-0.4400 len=167.61 term=0.421 in_range=0.345 r1=-0.957 r2=+27.763 r3=+0.000 term_pen=+0.421 policy_loss=+0.00092 value_loss=+0.00476 kl=0.0396 gate_reason='no-op'
update= 943 stage=1 weights=(1.0, 0.0, 0.0) reward=-0.3696 len=174.06 term=0.352 in_range=0.309 r1=-0.876 r2=+21.380 r3=+0.000 term_pen=+0.352 policy_loss=-0.00199 value_loss=+0.00382 kl=0.0766 gate_reason='no-op'
update= 944 stage=1 weights=(1.0, 0.0, 0.0) reward=-0.3470 len=175.20 term=0.333 in_range=0.287 r1=-0.725 r2=+12.940 r3=+0.000 term_pen=+0.333 policy_loss=-0.00841 value_loss=+0.00378 kl=0.0825 gate_reason='no-op'
update= 945 stage=1 weights=(1.0, 0.0, 0.0) reward=-0.5166 len=160.97 term=0.504 in_range=0.310 r1=-0.634 r2=+7.813 r3=+0.000 term_pen=+0.504 policy_loss=+0.00441 value_loss=+0.00592 kl=0.0462 gate_reason='no-op' | eval_reward=-0.0085 eval_length=189.50
update= 946 stage=1 weights=(1.0, 0.0, 0.0) reward=-0.7107 len=140.21 term=0.699 in_range=0.362 r1=-0.572 r2=+6.718 r3=+0.000 term_pen=+0.699 policy_loss=+0.01331 value_loss=+0.00781 kl=0.0328 gate_reason='no-op'
update= 947 stage=1 weights=(1.0, 0.0, 0.0) reward=-0.7658 len=135.89 term=0.755 in_range=0.376 r1=-0.522 r2=+5.214 r3=+0.000 term_pen=+0.755 policy_loss=+0.02073 value_loss=+0.00795 kl=0.0377 gate_reason='no-op'
update= 948 stage=1 weights=(1.0, 0.0, 0.0) reward=-0.6692 len=147.37 term=0.658 in_range=0.341 r1=-0.572 r2=+3.377 r3=+0.000 term_pen=+0.658 policy_loss=+0.01903 value_loss=+0.00591 kl=0.0293 gate_reason='no-op'
update= 949 stage=1 weights=(1.0, 0.0, 0.0) reward=-0.6459 len=149.18 term=0.633 in_range=0.332 r1=-0.654 r2=+4.300 r3=+0.000 term_pen=+0.633 policy_loss=+0.01932 value_loss=+0.00558 kl=0.0381 gate_reason='no-op'
update= 950 stage=1 weights=(1.0, 0.0, 0.0) reward=-0.7015 len=144.01 term=0.689 in_range=0.339 r1=-0.627 r2=+1.083 r3=+0.000 term_pen=+0.689 policy_loss=+0.01424 value_loss=+0.00565 kl=0.0425 gate_reason='no-op' | eval_reward=-0.0088 eval_length=162.75
update= 951 stage=1 weights=(1.0, 0.0, 0.0) reward=-0.7133 len=148.10 term=0.701 in_range=0.321 r1=-0.629 r2=-3.845 r3=+0.000 term_pen=+0.701 policy_loss=+0.00839 value_loss=+0.00506 kl=0.0282 gate_reason='no-op'
update= 952 stage=1 weights=(1.0, 0.0, 0.0) reward=-0.6985 len=149.92 term=0.685 in_range=0.312 r1=-0.670 r2=-4.732 r3=+0.000 term_pen=+0.685 policy_loss=+0.01689 value_loss=+0.00501 kl=0.0341 gate_reason='no-op'
update= 953 stage=1 weights=(1.0, 0.0, 0.0) reward=-0.6022 len=157.42 term=0.589 in_range=0.307 r1=-0.644 r2=-2.028 r3=+0.000 term_pen=+0.589 policy_loss=+0.01156 value_loss=+0.00426 kl=0.0269 gate_reason='no-op'
update= 954 stage=1 weights=(1.0, 0.0, 0.0) reward=-0.5655 len=161.07 term=0.550 in_range=0.304 r1=-0.763 r2=+2.433 r3=+0.000 term_pen=+0.550 policy_loss=+0.01199 value_loss=+0.00410 kl=0.0233 gate_reason='no-op'
update= 955 stage=1 weights=(1.0, 0.0, 0.0) reward=-0.5554 len=161.39 term=0.541 in_range=0.300 r1=-0.744 r2=+2.522 r3=+0.000 term_pen=+0.541 policy_loss=+0.01761 value_loss=+0.00436 kl=0.0348 gate_reason='no-op' | eval_reward=-0.0161 eval_length=173.88
update= 956 stage=1 weights=(1.0, 0.0, 0.0) reward=-0.5185 len=163.56 term=0.503 in_range=0.307 r1=-0.777 r2=+4.772 r3=+0.000 term_pen=+0.503 policy_loss=+0.01366 value_loss=+0.00417 kl=0.0456 gate_reason='no-op'
update= 957 stage=1 weights=(1.0, 0.0, 0.0) reward=-0.4730 len=167.03 term=0.458 in_range=0.310 r1=-0.724 r2=+6.334 r3=+0.000 term_pen=+0.458 policy_loss=+0.01740 value_loss=+0.00429 kl=0.0354 gate_reason='no-op'
update= 958 stage=1 weights=(1.0, 0.0, 0.0) reward=-0.4352 len=169.02 term=0.421 in_range=0.320 r1=-0.718 r2=+11.358 r3=+0.000 term_pen=+0.421 policy_loss=+0.00105 value_loss=+0.00403 kl=0.0361 gate_reason='no-op'
update= 959 stage=1 weights=(1.0, 0.0, 0.0) reward=-0.4686 len=167.18 term=0.454 in_range=0.323 r1=-0.724 r2=+12.299 r3=+0.000 term_pen=+0.454 policy_loss=+0.00420 value_loss=+0.00410 kl=0.0319 gate_reason='no-op'
update= 960 stage=1 weights=(1.0, 0.0, 0.0) reward=-0.5112 len=160.50 term=0.497 in_range=0.349 r1=-0.732 r2=+17.197 r3=+0.000 term_pen=+0.497 policy_loss=-0.01467 value_loss=+0.00441 kl=0.0475 gate_reason='no-op' | eval_reward=-0.0222 eval_length=200.00
update= 961 stage=1 weights=(1.0, 0.0, 0.0) reward=-0.5236 len=158.93 term=0.508 in_range=0.368 r1=-0.787 r2=+22.340 r3=+0.000 term_pen=+0.508 policy_loss=-0.00021 value_loss=+0.00472 kl=0.0785 gate_reason='no-op'
update= 962 stage=1 weights=(1.0, 0.0, 0.0) reward=-0.5555 len=156.64 term=0.537 in_range=0.371 r1=-0.920 r2=+22.403 r3=+0.000 term_pen=+0.537 policy_loss=-0.00430 value_loss=+0.00530 kl=0.0729 gate_reason='no-op'
update= 963 stage=1 weights=(1.0, 0.0, 0.0) reward=-0.8433 len=127.96 term=0.824 in_range=0.378 r1=-0.979 r2=+9.513 r3=+0.000 term_pen=+0.824 policy_loss=+0.00193 value_loss=+0.00865 kl=0.0390 gate_reason='no-op'
update= 964 stage=1 weights=(1.0, 0.0, 0.0) reward=-0.9658 len=107.31 term=0.947 in_range=0.390 r1=-0.953 r2=+3.664 r3=+0.000 term_pen=+0.947 policy_loss=-0.00706 value_loss=+0.00858 kl=0.0277 gate_reason='no-op'
update= 965 stage=1 weights=(1.0, 0.0, 0.0) reward=-0.9488 len=110.49 term=0.930 in_range=0.375 r1=-0.930 r2=+1.488 r3=+0.000 term_pen=+0.930 policy_loss=-0.00572 value_loss=+0.00819 kl=0.0366 gate_reason='no-op' | eval_reward=-0.0245 eval_length=183.19
update= 966 stage=1 weights=(1.0, 0.0, 0.0) reward=-0.8944 len=119.08 term=0.878 in_range=0.369 r1=-0.822 r2=+4.803 r3=+0.000 term_pen=+0.878 policy_loss=+0.00395 value_loss=+0.00698 kl=0.0455 gate_reason='no-op'
update= 967 stage=1 weights=(1.0, 0.0, 0.0) reward=-0.8897 len=117.13 term=0.876 in_range=0.370 r1=-0.689 r2=+7.395 r3=+0.000 term_pen=+0.876 policy_loss=-0.01372 value_loss=+0.00564 kl=0.0358 gate_reason='no-op'
update= 968 stage=1 weights=(1.0, 0.0, 0.0) reward=-0.9070 len=111.90 term=0.896 in_range=0.359 r1=-0.577 r2=+5.589 r3=+0.000 term_pen=+0.896 policy_loss=-0.00685 value_loss=+0.00597 kl=0.0381 gate_reason='no-op'
update= 969 stage=1 weights=(1.0, 0.0, 0.0) reward=-0.8895 len=117.60 term=0.879 in_range=0.355 r1=-0.530 r2=+3.702 r3=+0.000 term_pen=+0.879 policy_loss=-0.00225 value_loss=+0.00565 kl=0.0398 gate_reason='no-op'
update= 970 stage=1 weights=(1.0, 0.0, 0.0) reward=-0.7810 len=132.54 term=0.771 in_range=0.346 r1=-0.525 r2=+2.383 r3=+0.000 term_pen=+0.771 policy_loss=+0.01181 value_loss=+0.00565 kl=0.0410 gate_reason='no-op' | eval_reward=-0.0055 eval_length=200.00
update= 971 stage=1 weights=(1.0, 0.0, 0.0) reward=-0.7354 len=139.13 term=0.726 in_range=0.350 r1=-0.491 r2=+3.590 r3=+0.000 term_pen=+0.726 policy_loss=+0.01512 value_loss=+0.00573 kl=0.0463 gate_reason='no-op'
update= 972 stage=1 weights=(1.0, 0.0, 0.0) reward=-0.7018 len=141.36 term=0.692 in_range=0.367 r1=-0.497 r2=+7.707 r3=+0.000 term_pen=+0.692 policy_loss=+0.01211 value_loss=+0.00557 kl=0.0321 gate_reason='no-op'
update= 973 stage=1 weights=(1.0, 0.0, 0.0) reward=-0.6182 len=150.42 term=0.608 in_range=0.340 r1=-0.516 r2=+9.442 r3=+0.000 term_pen=+0.608 policy_loss=+0.00712 value_loss=+0.00444 kl=0.0191 gate_reason='no-op'
update= 974 stage=1 weights=(1.0, 0.0, 0.0) reward=-0.6089 len=150.55 term=0.599 in_range=0.344 r1=-0.511 r2=+8.926 r3=+0.000 term_pen=+0.599 policy_loss=+0.00782 value_loss=+0.00470 kl=0.0260 gate_reason='no-op'
update= 975 stage=1 weights=(1.0, 0.0, 0.0) reward=-0.6556 len=144.68 term=0.646 in_range=0.354 r1=-0.507 r2=+7.926 r3=+0.000 term_pen=+0.646 policy_loss=-0.00160 value_loss=+0.00511 kl=0.0265 gate_reason='no-op' | eval_reward=-0.0015 eval_length=200.00
update= 976 stage=1 weights=(1.0, 0.0, 0.0) reward=-0.6837 len=142.61 term=0.672 in_range=0.352 r1=-0.569 r2=+6.289 r3=+0.000 term_pen=+0.672 policy_loss=+0.01512 value_loss=+0.00552 kl=0.0281 gate_reason='no-op'
update= 977 stage=1 weights=(1.0, 0.0, 0.0) reward=-0.7458 len=135.17 term=0.735 in_range=0.360 r1=-0.548 r2=+3.101 r3=+0.000 term_pen=+0.735 policy_loss=+0.01019 value_loss=+0.00611 kl=0.0235 gate_reason='no-op'
update= 978 stage=1 weights=(1.0, 0.0, 0.0) reward=-0.7925 len=125.86 term=0.782 in_range=0.397 r1=-0.536 r2=+6.592 r3=+0.000 term_pen=+0.782 policy_loss=+0.01483 value_loss=+0.00650 kl=0.0264 gate_reason='no-op'
update= 979 stage=1 weights=(1.0, 0.0, 0.0) reward=-0.7615 len=133.39 term=0.751 in_range=0.379 r1=-0.527 r2=+6.421 r3=+0.000 term_pen=+0.751 policy_loss=+0.00372 value_loss=+0.00563 kl=0.0375 gate_reason='no-op'
update= 980 stage=1 weights=(1.0, 0.0, 0.0) reward=-0.6993 len=138.80 term=0.688 in_range=0.351 r1=-0.564 r2=+7.923 r3=+0.000 term_pen=+0.688 policy_loss=-0.00904 value_loss=+0.00477 kl=0.0509 gate_reason='no-op' | eval_reward=-0.0066 eval_length=199.75
update= 981 stage=1 weights=(1.0, 0.0, 0.0) reward=-0.6912 len=138.83 term=0.678 in_range=0.351 r1=-0.672 r2=+13.462 r3=+0.000 term_pen=+0.678 policy_loss=-0.00234 value_loss=+0.00487 kl=0.0330 gate_reason='no-op'
update= 982 stage=1 weights=(1.0, 0.0, 0.0) reward=-0.7201 len=137.43 term=0.704 in_range=0.367 r1=-0.800 r2=+17.001 r3=+0.000 term_pen=+0.704 policy_loss=+0.00682 value_loss=+0.00545 kl=0.0336 gate_reason='no-op'
update= 983 stage=1 weights=(1.0, 0.0, 0.0) reward=-0.7585 len=138.37 term=0.740 in_range=0.350 r1=-0.940 r2=+14.937 r3=+0.000 term_pen=+0.740 policy_loss=-0.00598 value_loss=+0.00570 kl=0.0269 gate_reason='no-op'
update= 984 stage=1 weights=(1.0, 0.0, 0.0) reward=-0.7197 len=143.86 term=0.701 in_range=0.329 r1=-0.925 r2=+14.286 r3=+0.000 term_pen=+0.701 policy_loss=+0.02083 value_loss=+0.00547 kl=0.0366 gate_reason='no-op'
update= 985 stage=1 weights=(1.0, 0.0, 0.0) reward=-0.6768 len=148.86 term=0.658 in_range=0.345 r1=-0.930 r2=+19.156 r3=+0.000 term_pen=+0.658 policy_loss=+0.00402 value_loss=+0.00514 kl=0.0358 gate_reason='no-op' | eval_reward=-0.0198 eval_length=200.00
update= 986 stage=1 weights=(1.0, 0.0, 0.0) reward=-0.5498 len=158.02 term=0.534 in_range=0.347 r1=-0.781 r2=+21.703 r3=+0.000 term_pen=+0.534 policy_loss=+0.00509 value_loss=+0.00439 kl=0.0293 gate_reason='no-op'
update= 987 stage=1 weights=(1.0, 0.0, 0.0) reward=-0.4204 len=168.53 term=0.408 in_range=0.327 r1=-0.633 r2=+20.831 r3=+0.000 term_pen=+0.408 policy_loss=+0.01756 value_loss=+0.00483 kl=0.0318 gate_reason='no-op'
update= 988 stage=1 weights=(1.0, 0.0, 0.0) reward=-0.3362 len=175.48 term=0.326 in_range=0.318 r1=-0.499 r2=+20.340 r3=+0.000 term_pen=+0.326 policy_loss=+0.00988 value_loss=+0.00361 kl=0.0350 gate_reason='no-op'
update= 989 stage=1 weights=(1.0, 0.0, 0.0) reward=-0.3552 len=173.62 term=0.345 in_range=0.311 r1=-0.500 r2=+16.880 r3=+0.000 term_pen=+0.345 policy_loss=+0.00649 value_loss=+0.00366 kl=0.0257 gate_reason='no-op'
update= 990 stage=1 weights=(1.0, 0.0, 0.0) reward=-0.4357 len=169.96 term=0.425 in_range=0.297 r1=-0.542 r2=+10.236 r3=+0.000 term_pen=+0.425 policy_loss=+0.00934 value_loss=+0.00410 kl=0.0231 gate_reason='no-op' | eval_reward=-0.0018 eval_length=200.00
update= 991 stage=1 weights=(1.0, 0.0, 0.0) reward=-0.4255 len=170.93 term=0.415 in_range=0.307 r1=-0.549 r2=+12.050 r3=+0.000 term_pen=+0.415 policy_loss=+0.00808 value_loss=+0.00431 kl=0.0283 gate_reason='no-op'
update= 992 stage=1 weights=(1.0, 0.0, 0.0) reward=-0.4178 len=170.33 term=0.407 in_range=0.305 r1=-0.526 r2=+11.177 r3=+0.000 term_pen=+0.407 policy_loss=+0.00880 value_loss=+0.00443 kl=0.0346 gate_reason='no-op'
update= 993 stage=1 weights=(1.0, 0.0, 0.0) reward=-0.3656 len=172.58 term=0.357 in_range=0.308 r1=-0.411 r2=+12.273 r3=+0.000 term_pen=+0.357 policy_loss=+0.01632 value_loss=+0.00398 kl=0.0307 gate_reason='no-op'
update= 994 stage=1 weights=(1.0, 0.0, 0.0) reward=-0.3752 len=172.74 term=0.368 in_range=0.307 r1=-0.376 r2=+10.322 r3=+0.000 term_pen=+0.368 policy_loss=-0.01004 value_loss=+0.00405 kl=0.0268 gate_reason='no-op'
update= 995 stage=1 weights=(1.0, 0.0, 0.0) reward=-0.3331 len=176.10 term=0.327 in_range=0.314 r1=-0.320 r2=+12.842 r3=+0.000 term_pen=+0.327 policy_loss=+0.00473 value_loss=+0.00389 kl=0.0407 gate_reason='no-op' | eval_reward=-0.0008 eval_length=200.00
update= 996 stage=1 weights=(1.0, 0.0, 0.0) reward=-0.4160 len=168.33 term=0.410 in_range=0.345 r1=-0.318 r2=+16.459 r3=+0.000 term_pen=+0.410 policy_loss=-0.00267 value_loss=+0.00459 kl=0.0368 gate_reason='no-op'
update= 997 stage=1 weights=(1.0, 0.0, 0.0) reward=-0.5453 len=156.04 term=0.539 in_range=0.378 r1=-0.314 r2=+19.525 r3=+0.000 term_pen=+0.539 policy_loss=-0.00013 value_loss=+0.00560 kl=0.0340 gate_reason='no-op'
update= 998 stage=1 weights=(1.0, 0.0, 0.0) reward=-0.4868 len=163.09 term=0.481 in_range=0.361 r1=-0.292 r2=+19.432 r3=+0.000 term_pen=+0.481 policy_loss=+0.00034 value_loss=+0.00474 kl=0.0316 gate_reason='no-op'
update= 999 stage=1 weights=(1.0, 0.0, 0.0) reward=-0.3736 len=173.12 term=0.368 in_range=0.337 r1=-0.274 r2=+19.170 r3=+0.000 term_pen=+0.368 policy_loss=+0.00691 value_loss=+0.00389 kl=0.0479 gate_reason='no-op'
update=1000 stage=1 weights=(1.0, 0.0, 0.0) reward=-0.3399 len=175.63 term=0.333 in_range=0.309 r1=-0.321 r2=+14.637 r3=+0.000 term_pen=+0.333 policy_loss=-0.00520 value_loss=+0.00388 kl=0.0419 gate_reason='no-op' | eval_reward=-0.0007 eval_length=200.00
update=1001 stage=1 weights=(1.0, 0.0, 0.0) reward=-0.4947 len=164.27 term=0.487 in_range=0.328 r1=-0.392 r2=+13.840 r3=+0.000 term_pen=+0.487 policy_loss=-0.00555 value_loss=+0.00515 kl=0.0316 gate_reason='no-op'
update=1002 stage=1 weights=(1.0, 0.0, 0.0) reward=-0.5852 len=156.39 term=0.577 in_range=0.352 r1=-0.400 r2=+15.730 r3=+0.000 term_pen=+0.577 policy_loss=-0.00610 value_loss=+0.00638 kl=0.0386 gate_reason='no-op'
update=1003 stage=1 weights=(1.0, 0.0, 0.0) reward=-0.6435 len=150.04 term=0.636 in_range=0.372 r1=-0.389 r2=+17.129 r3=+0.000 term_pen=+0.636 policy_loss=-0.00811 value_loss=+0.00677 kl=0.0462 gate_reason='no-op'
update=1004 stage=1 weights=(1.0, 0.0, 0.0) reward=-0.6093 len=154.15 term=0.602 in_range=0.369 r1=-0.364 r2=+19.251 r3=+0.000 term_pen=+0.602 policy_loss=+0.00552 value_loss=+0.00582 kl=0.0796 gate_reason='no-op'
update=1005 stage=1 weights=(1.0, 0.0, 0.0) reward=-0.6191 len=152.70 term=0.612 in_range=0.371 r1=-0.339 r2=+20.431 r3=+0.000 term_pen=+0.612 policy_loss=+0.00032 value_loss=+0.00527 kl=0.0765 gate_reason='no-op' | eval_reward=-0.0008 eval_length=200.00
update=1006 stage=1 weights=(1.0, 0.0, 0.0) reward=-0.7230 len=142.75 term=0.716 in_range=0.385 r1=-0.334 r2=+19.780 r3=+0.000 term_pen=+0.716 policy_loss=-0.00783 value_loss=+0.00525 kl=0.0502 gate_reason='no-op'
update=1007 stage=1 weights=(1.0, 0.0, 0.0) reward=-0.8378 len=128.81 term=0.831 in_range=0.419 r1=-0.362 r2=+20.259 r3=+0.000 term_pen=+0.831 policy_loss=-0.00403 value_loss=+0.00562 kl=0.0317 gate_reason='no-op'
update=1008 stage=1 weights=(1.0, 0.0, 0.0) reward=-0.8084 len=132.86 term=0.801 in_range=0.382 r1=-0.379 r2=+16.248 r3=+0.000 term_pen=+0.801 policy_loss=-0.00404 value_loss=+0.00530 kl=0.0426 gate_reason='no-op'
update=1009 stage=1 weights=(1.0, 0.0, 0.0) reward=-0.6886 len=146.32 term=0.681 in_range=0.304 r1=-0.395 r2=+9.375 r3=+0.000 term_pen=+0.681 policy_loss=+0.00917 value_loss=+0.00513 kl=0.0706 gate_reason='no-op'
update=1010 stage=1 weights=(1.0, 0.0, 0.0) reward=-0.6129 len=152.94 term=0.604 in_range=0.239 r1=-0.444 r2=+0.738 r3=+0.000 term_pen=+0.604 policy_loss=-0.00151 value_loss=+0.00475 kl=0.0732 gate_reason='no-op' | eval_reward=-0.0047 eval_length=173.19
update=1011 stage=1 weights=(1.0, 0.0, 0.0) reward=-0.7604 len=139.55 term=0.749 in_range=0.211 r1=-0.568 r2=-6.855 r3=+0.000 term_pen=+0.749 policy_loss=-0.00166 value_loss=+0.00621 kl=0.0418 gate_reason='no-op'
update=1012 stage=1 weights=(1.0, 0.0, 0.0) reward=-0.8635 len=127.10 term=0.851 in_range=0.209 r1=-0.645 r2=-8.818 r3=+0.000 term_pen=+0.851 policy_loss=-0.01235 value_loss=+0.00860 kl=0.0371 gate_reason='no-op'
update=1013 stage=1 weights=(1.0, 0.0, 0.0) reward=-0.8760 len=128.25 term=0.863 in_range=0.224 r1=-0.636 r2=-7.984 r3=+0.000 term_pen=+0.863 policy_loss=+0.00443 value_loss=+0.00862 kl=0.0421 gate_reason='no-op'
update=1014 stage=1 weights=(1.0, 0.0, 0.0) reward=-0.8343 len=132.92 term=0.823 in_range=0.273 r1=-0.579 r2=-2.077 r3=+0.000 term_pen=+0.823 policy_loss=+0.01177 value_loss=+0.00746 kl=0.0676 gate_reason='no-op'
update=1015 stage=1 weights=(1.0, 0.0, 0.0) reward=-0.8875 len=126.38 term=0.877 in_range=0.370 r1=-0.502 r2=+8.020 r3=+0.000 term_pen=+0.877 policy_loss=+0.00149 value_loss=+0.00580 kl=0.0333 gate_reason='no-op' | eval_reward=-0.0082 eval_length=132.62
update=1016 stage=1 weights=(1.0, 0.0, 0.0) reward=-0.9382 len=113.55 term=0.929 in_range=0.435 r1=-0.476 r2=+16.408 r3=+0.000 term_pen=+0.929 policy_loss=+0.00066 value_loss=+0.00478 kl=0.0296 gate_reason='no-op'
update=1017 stage=1 weights=(1.0, 0.0, 0.0) reward=-0.9586 len=108.33 term=0.949 in_range=0.471 r1=-0.469 r2=+20.955 r3=+0.000 term_pen=+0.949 policy_loss=-0.00473 value_loss=+0.00454 kl=0.0495 gate_reason='no-op'
update=1018 stage=1 weights=(1.0, 0.0, 0.0) reward=-0.9857 len= 98.56 term=0.976 in_range=0.520 r1=-0.481 r2=+28.044 r3=+0.000 term_pen=+0.976 policy_loss=+0.00011 value_loss=+0.00497 kl=0.0579 gate_reason='no-op'
update=1019 stage=1 weights=(1.0, 0.0, 0.0) reward=-0.9754 len= 96.27 term=0.965 in_range=0.513 r1=-0.505 r2=+28.214 r3=+0.000 term_pen=+0.965 policy_loss=+0.00359 value_loss=+0.00449 kl=0.0531 gate_reason='no-op'
update=1020 stage=1 weights=(1.0, 0.0, 0.0) reward=-0.9683 len= 95.51 term=0.958 in_range=0.490 r1=-0.538 r2=+25.744 r3=+0.000 term_pen=+0.958 policy_loss=-0.00979 value_loss=+0.00408 kl=0.0466 gate_reason='no-op' | eval_reward=-0.0114 eval_length=141.44
update=1021 stage=1 weights=(1.0, 0.0, 0.0) reward=-0.9250 len=103.01 term=0.914 in_range=0.458 r1=-0.572 r2=+23.486 r3=+0.000 term_pen=+0.914 policy_loss=-0.00123 value_loss=+0.00371 kl=0.0458 gate_reason='no-op'
update=1022 stage=1 weights=(1.0, 0.0, 0.0) reward=-0.9257 len=104.97 term=0.914 in_range=0.446 r1=-0.604 r2=+21.582 r3=+0.000 term_pen=+0.914 policy_loss=+0.00060 value_loss=+0.00448 kl=0.0344 gate_reason='no-op'
update=1023 stage=1 weights=(1.0, 0.0, 0.0) reward=-0.9077 len=108.66 term=0.895 in_range=0.433 r1=-0.632 r2=+20.327 r3=+0.000 term_pen=+0.895 policy_loss=-0.00877 value_loss=+0.00526 kl=0.0393 gate_reason='no-op'
update=1024 stage=1 weights=(1.0, 0.0, 0.0) reward=-0.9241 len=106.83 term=0.911 in_range=0.432 r1=-0.648 r2=+18.802 r3=+0.000 term_pen=+0.911 policy_loss=-0.00241 value_loss=+0.00586 kl=0.0316 gate_reason='no-op'
update=1025 stage=1 weights=(1.0, 0.0, 0.0) reward=-0.9314 len=106.11 term=0.918 in_range=0.431 r1=-0.649 r2=+17.907 r3=+0.000 term_pen=+0.918 policy_loss=+0.01314 value_loss=+0.00585 kl=0.0334 gate_reason='no-op' | eval_reward=-0.0116 eval_length=136.56
update=1026 stage=1 weights=(1.0, 0.0, 0.0) reward=-0.9188 len=110.34 term=0.906 in_range=0.420 r1=-0.650 r2=+17.337 r3=+0.000 term_pen=+0.906 policy_loss=+0.02084 value_loss=+0.00565 kl=0.0330 gate_reason='no-op'
update=1027 stage=1 weights=(1.0, 0.0, 0.0) reward=-0.8578 len=119.69 term=0.846 in_range=0.404 r1=-0.606 r2=+18.244 r3=+0.000 term_pen=+0.846 policy_loss=+0.01255 value_loss=+0.00493 kl=0.0401 gate_reason='no-op'
update=1028 stage=1 weights=(1.0, 0.0, 0.0) reward=-0.8404 len=122.05 term=0.829 in_range=0.406 r1=-0.590 r2=+18.574 r3=+0.000 term_pen=+0.829 policy_loss=+0.01069 value_loss=+0.00440 kl=0.0201 gate_reason='no-op'
update=1029 stage=1 weights=(1.0, 0.0, 0.0) reward=-0.8268 len=124.65 term=0.815 in_range=0.408 r1=-0.595 r2=+20.111 r3=+0.000 term_pen=+0.815 policy_loss=+0.00863 value_loss=+0.00462 kl=0.0186 gate_reason='no-op'
update=1030 stage=1 weights=(1.0, 0.0, 0.0) reward=-0.7958 len=128.05 term=0.784 in_range=0.405 r1=-0.583 r2=+21.219 r3=+0.000 term_pen=+0.784 policy_loss=-0.00506 value_loss=+0.00460 kl=0.0277 gate_reason='no-op' | eval_reward=-0.0060 eval_length=173.88
update=1031 stage=1 weights=(1.0, 0.0, 0.0) reward=-0.7766 len=126.07 term=0.765 in_range=0.417 r1=-0.573 r2=+23.166 r3=+0.000 term_pen=+0.765 policy_loss=+0.00954 value_loss=+0.00455 kl=0.0442 gate_reason='no-op'
update=1032 stage=1 weights=(1.0, 0.0, 0.0) reward=-0.8430 len=115.56 term=0.832 in_range=0.437 r1=-0.572 r2=+23.622 r3=+0.000 term_pen=+0.832 policy_loss=-0.00098 value_loss=+0.00464 kl=0.0397 gate_reason='no-op'
update=1033 stage=1 weights=(1.0, 0.0, 0.0) reward=-0.8796 len=109.81 term=0.868 in_range=0.451 r1=-0.570 r2=+24.340 r3=+0.000 term_pen=+0.868 policy_loss=+0.00631 value_loss=+0.00458 kl=0.0331 gate_reason='no-op'
update=1034 stage=1 weights=(1.0, 0.0, 0.0) reward=-0.8352 len=115.84 term=0.824 in_range=0.426 r1=-0.573 r2=+21.680 r3=+0.000 term_pen=+0.824 policy_loss=-0.00203 value_loss=+0.00461 kl=0.0329 gate_reason='no-op'
update=1035 stage=1 weights=(1.0, 0.0, 0.0) reward=-0.7246 len=133.47 term=0.713 in_range=0.384 r1=-0.584 r2=+18.584 r3=+0.000 term_pen=+0.713 policy_loss=-0.00103 value_loss=+0.00442 kl=0.0496 gate_reason='no-op' | eval_reward=-0.0115 eval_length=149.38
update=1036 stage=1 weights=(1.0, 0.0, 0.0) reward=-0.7517 len=138.46 term=0.739 in_range=0.353 r1=-0.622 r2=+12.416 r3=+0.000 term_pen=+0.739 policy_loss=-0.00627 value_loss=+0.00478 kl=0.0696 gate_reason='no-op'
update=1037 stage=1 weights=(1.0, 0.0, 0.0) reward=-0.9288 len=113.86 term=0.915 in_range=0.356 r1=-0.687 r2=+5.520 r3=+0.000 term_pen=+0.915 policy_loss=+0.00373 value_loss=+0.00668 kl=0.0255 gate_reason='no-op'
update=1038 stage=1 weights=(1.0, 0.0, 0.0) reward=-0.9766 len= 96.48 term=0.963 in_range=0.355 r1=-0.686 r2=+3.896 r3=+0.000 term_pen=+0.963 policy_loss=+0.02270 value_loss=+0.00742 kl=0.0416 gate_reason='no-op'
update=1039 stage=1 weights=(1.0, 0.0, 0.0) reward=-0.9846 len= 93.42 term=0.971 in_range=0.362 r1=-0.672 r2=+4.020 r3=+0.000 term_pen=+0.971 policy_loss=+0.01802 value_loss=+0.00606 kl=0.0297 gate_reason='no-op'
update=1040 stage=1 weights=(1.0, 0.0, 0.0) reward=-0.9260 len=112.84 term=0.912 in_range=0.349 r1=-0.693 r2=+4.489 r3=+0.000 term_pen=+0.912 policy_loss=+0.01227 value_loss=+0.00476 kl=0.0232 gate_reason='no-op' | eval_reward=-0.0094 eval_length=171.00
update=1041 stage=1 weights=(1.0, 0.0, 0.0) reward=-0.9282 len=111.32 term=0.914 in_range=0.348 r1=-0.706 r2=+6.122 r3=+0.000 term_pen=+0.914 policy_loss=+0.01404 value_loss=+0.00428 kl=0.0254 gate_reason='no-op'
update=1042 stage=1 weights=(1.0, 0.0, 0.0) reward=-0.9125 len=114.28 term=0.898 in_range=0.340 r1=-0.726 r2=+5.288 r3=+0.000 term_pen=+0.898 policy_loss=+0.00986 value_loss=+0.00425 kl=0.0243 gate_reason='no-op'
update=1043 stage=1 weights=(1.0, 0.0, 0.0) reward=-0.8821 len=121.69 term=0.868 in_range=0.356 r1=-0.697 r2=+8.306 r3=+0.000 term_pen=+0.868 policy_loss=+0.01427 value_loss=+0.00424 kl=0.0281 gate_reason='no-op'
update=1044 stage=1 weights=(1.0, 0.0, 0.0) reward=-0.9061 len=112.62 term=0.892 in_range=0.349 r1=-0.702 r2=+8.367 r3=+0.000 term_pen=+0.892 policy_loss=+0.01823 value_loss=+0.00480 kl=0.0451 gate_reason='no-op'
update=1045 stage=1 weights=(1.0, 0.0, 0.0) reward=-0.7537 len=136.58 term=0.741 in_range=0.338 r1=-0.648 r2=+14.637 r3=+0.000 term_pen=+0.741 policy_loss=+0.00622 value_loss=+0.00432 kl=0.0325 gate_reason='no-op' | eval_reward=-0.0062 eval_length=200.00
update=1046 stage=1 weights=(1.0, 0.0, 0.0) reward=-0.6414 len=150.71 term=0.628 in_range=0.322 r1=-0.650 r2=+17.471 r3=+0.000 term_pen=+0.628 policy_loss=+0.01189 value_loss=+0.00513 kl=0.0266 gate_reason='no-op'
update=1047 stage=1 weights=(1.0, 0.0, 0.0) reward=-0.5434 len=160.03 term=0.531 in_range=0.306 r1=-0.632 r2=+18.131 r3=+0.000 term_pen=+0.531 policy_loss=+0.01756 value_loss=+0.00394 kl=0.0297 gate_reason='no-op'
update=1048 stage=1 weights=(1.0, 0.0, 0.0) reward=-0.6238 len=152.41 term=0.610 in_range=0.338 r1=-0.671 r2=+20.315 r3=+0.000 term_pen=+0.610 policy_loss=-0.00005 value_loss=+0.00494 kl=0.0302 gate_reason='no-op'
update=1049 stage=1 weights=(1.0, 0.0, 0.0) reward=-0.5259 len=160.84 term=0.514 in_range=0.355 r1=-0.611 r2=+26.102 r3=+0.000 term_pen=+0.514 policy_loss=+0.01419 value_loss=+0.00413 kl=0.0401 gate_reason='no-op'
update=1050 stage=1 weights=(1.0, 0.0, 0.0) reward=-0.4770 len=163.31 term=0.467 in_range=0.355 r1=-0.486 r2=+26.273 r3=+0.000 term_pen=+0.467 policy_loss=+0.01489 value_loss=+0.00420 kl=0.0315 gate_reason='no-op' | eval_reward=-0.0079 eval_length=186.19
update=1051 stage=1 weights=(1.0, 0.0, 0.0) reward=-0.4970 len=160.23 term=0.487 in_range=0.366 r1=-0.486 r2=+27.832 r3=+0.000 term_pen=+0.487 policy_loss=+0.01334 value_loss=+0.00424 kl=0.0248 gate_reason='no-op'
update=1052 stage=1 weights=(1.0, 0.0, 0.0) reward=-0.5503 len=154.42 term=0.540 in_range=0.379 r1=-0.512 r2=+27.948 r3=+0.000 term_pen=+0.540 policy_loss=+0.00652 value_loss=+0.00482 kl=0.0164 gate_reason='no-op'
update=1053 stage=1 weights=(1.0, 0.0, 0.0) reward=-0.6010 len=145.48 term=0.590 in_range=0.398 r1=-0.557 r2=+29.368 r3=+0.000 term_pen=+0.590 policy_loss=+0.01050 value_loss=+0.00546 kl=0.0450 gate_reason='no-op'
update=1054 stage=1 weights=(1.0, 0.0, 0.0) reward=-0.5486 len=149.84 term=0.537 in_range=0.371 r1=-0.575 r2=+26.451 r3=+0.000 term_pen=+0.537 policy_loss=+0.01746 value_loss=+0.00501 kl=0.0301 gate_reason='no-op'
update=1055 stage=1 weights=(1.0, 0.0, 0.0) reward=-0.5373 len=152.04 term=0.527 in_range=0.373 r1=-0.522 r2=+26.624 r3=+0.000 term_pen=+0.527 policy_loss=+0.00999 value_loss=+0.00502 kl=0.0336 gate_reason='no-op' | eval_reward=-0.0131 eval_length=180.75
update=1056 stage=1 weights=(1.0, 0.0, 0.0) reward=-0.4611 len=161.85 term=0.450 in_range=0.360 r1=-0.571 r2=+27.962 r3=+0.000 term_pen=+0.450 policy_loss=+0.01255 value_loss=+0.00528 kl=0.0376 gate_reason='no-op'
update=1057 stage=1 weights=(1.0, 0.0, 0.0) reward=-0.5082 len=159.09 term=0.495 in_range=0.370 r1=-0.653 r2=+28.787 r3=+0.000 term_pen=+0.495 policy_loss=+0.01452 value_loss=+0.00642 kl=0.0387 gate_reason='no-op'
update=1058 stage=1 weights=(1.0, 0.0, 0.0) reward=-0.4880 len=161.43 term=0.474 in_range=0.365 r1=-0.693 r2=+28.537 r3=+0.000 term_pen=+0.474 policy_loss=+0.00943 value_loss=+0.00546 kl=0.0285 gate_reason='no-op'
update=1059 stage=1 weights=(1.0, 0.0, 0.0) reward=-0.4650 len=163.16 term=0.451 in_range=0.345 r1=-0.691 r2=+25.024 r3=+0.000 term_pen=+0.451 policy_loss=+0.01420 value_loss=+0.00467 kl=0.0390 gate_reason='no-op'
update=1060 stage=1 weights=(1.0, 0.0, 0.0) reward=-0.4944 len=161.31 term=0.481 in_range=0.350 r1=-0.671 r2=+23.394 r3=+0.000 term_pen=+0.481 policy_loss=+0.00358 value_loss=+0.00501 kl=0.0279 gate_reason='no-op' | eval_reward=-0.0283 eval_length=200.00
update=1061 stage=1 weights=(1.0, 0.0, 0.0) reward=-0.4537 len=168.19 term=0.441 in_range=0.324 r1=-0.638 r2=+17.980 r3=+0.000 term_pen=+0.441 policy_loss=+0.00314 value_loss=+0.00444 kl=0.0265 gate_reason='no-op'
update=1062 stage=1 weights=(1.0, 0.0, 0.0) reward=-0.4870 len=167.45 term=0.474 in_range=0.312 r1=-0.668 r2=+12.913 r3=+0.000 term_pen=+0.474 policy_loss=+0.00714 value_loss=+0.00517 kl=0.0334 gate_reason='no-op'
update=1063 stage=1 weights=(1.0, 0.0, 0.0) reward=-0.5439 len=164.53 term=0.531 in_range=0.300 r1=-0.632 r2=+6.499 r3=+0.000 term_pen=+0.531 policy_loss=-0.00300 value_loss=+0.00536 kl=0.0257 gate_reason='no-op'
update=1064 stage=1 weights=(1.0, 0.0, 0.0) reward=-0.5356 len=166.90 term=0.522 in_range=0.281 r1=-0.657 r2=+2.928 r3=+0.000 term_pen=+0.522 policy_loss=-0.00398 value_loss=+0.00533 kl=0.0266 gate_reason='no-op'
update=1065 stage=1 weights=(1.0, 0.0, 0.0) reward=-0.5132 len=169.68 term=0.500 in_range=0.277 r1=-0.637 r2=+1.326 r3=+0.000 term_pen=+0.500 policy_loss=+0.01355 value_loss=+0.00493 kl=0.0444 gate_reason='no-op' | eval_reward=-0.0142 eval_length=200.00
update=1066 stage=1 weights=(1.0, 0.0, 0.0) reward=-0.5109 len=169.62 term=0.499 in_range=0.279 r1=-0.620 r2=+0.408 r3=+0.000 term_pen=+0.499 policy_loss=+0.00586 value_loss=+0.00462 kl=0.0291 gate_reason='no-op'
update=1067 stage=1 weights=(1.0, 0.0, 0.0) reward=-0.4673 len=172.96 term=0.455 in_range=0.265 r1=-0.611 r2=+0.281 r3=+0.000 term_pen=+0.455 policy_loss=-0.00626 value_loss=+0.00483 kl=0.0384 gate_reason='no-op'
update=1068 stage=1 weights=(1.0, 0.0, 0.0) reward=-0.5285 len=167.86 term=0.516 in_range=0.257 r1=-0.642 r2=-1.630 r3=+0.000 term_pen=+0.516 policy_loss=+0.02064 value_loss=+0.00519 kl=0.0403 gate_reason='no-op'
update=1069 stage=1 weights=(1.0, 0.0, 0.0) reward=-0.5098 len=167.35 term=0.496 in_range=0.260 r1=-0.685 r2=+2.131 r3=+0.000 term_pen=+0.496 policy_loss=-0.00186 value_loss=+0.00666 kl=0.0256 gate_reason='no-op'
update=1070 stage=1 weights=(1.0, 0.0, 0.0) reward=-0.4631 len=171.47 term=0.450 in_range=0.274 r1=-0.671 r2=+6.008 r3=+0.000 term_pen=+0.450 policy_loss=-0.00641 value_loss=+0.00457 kl=0.0254 gate_reason='no-op' | eval_reward=-0.0129 eval_length=200.00
update=1071 stage=1 weights=(1.0, 0.0, 0.0) reward=-0.4424 len=172.73 term=0.430 in_range=0.279 r1=-0.612 r2=+7.689 r3=+0.000 term_pen=+0.430 policy_loss=-0.00755 value_loss=+0.00459 kl=0.0370 gate_reason='no-op'
update=1072 stage=1 weights=(1.0, 0.0, 0.0) reward=-0.4791 len=166.56 term=0.467 in_range=0.312 r1=-0.615 r2=+11.673 r3=+0.000 term_pen=+0.467 policy_loss=-0.00171 value_loss=+0.00533 kl=0.0391 gate_reason='no-op'
update=1073 stage=1 weights=(1.0, 0.0, 0.0) reward=-0.4948 len=165.05 term=0.483 in_range=0.326 r1=-0.571 r2=+14.250 r3=+0.000 term_pen=+0.483 policy_loss=+0.00719 value_loss=+0.00464 kl=0.0254 gate_reason='no-op'
update=1074 stage=1 weights=(1.0, 0.0, 0.0) reward=-0.4967 len=162.41 term=0.485 in_range=0.346 r1=-0.569 r2=+19.944 r3=+0.000 term_pen=+0.485 policy_loss=-0.00054 value_loss=+0.00474 kl=0.0405 gate_reason='no-op'
update=1075 stage=1 weights=(1.0, 0.0, 0.0) reward=-0.5136 len=162.49 term=0.501 in_range=0.356 r1=-0.606 r2=+24.640 r3=+0.000 term_pen=+0.501 policy_loss=+0.00034 value_loss=+0.00470 kl=0.0309 gate_reason='no-op' | eval_reward=-0.0245 eval_length=200.00
update=1076 stage=1 weights=(1.0, 0.0, 0.0) reward=-0.4963 len=163.38 term=0.483 in_range=0.364 r1=-0.669 r2=+29.534 r3=+0.000 term_pen=+0.483 policy_loss=-0.00986 value_loss=+0.00436 kl=0.0386 gate_reason='no-op'
update=1077 stage=1 weights=(1.0, 0.0, 0.0) reward=-0.4824 len=165.13 term=0.468 in_range=0.372 r1=-0.732 r2=+32.693 r3=+0.000 term_pen=+0.468 policy_loss=+0.00220 value_loss=+0.00449 kl=0.0497 gate_reason='no-op'
update=1078 stage=1 weights=(1.0, 0.0, 0.0) reward=-0.4984 len=163.96 term=0.482 in_range=0.361 r1=-0.798 r2=+29.913 r3=+0.000 term_pen=+0.482 policy_loss=+0.01042 value_loss=+0.00510 kl=0.0345 gate_reason='no-op'
update=1079 stage=1 weights=(1.0, 0.0, 0.0) reward=-0.5136 len=162.11 term=0.498 in_range=0.347 r1=-0.778 r2=+27.363 r3=+0.000 term_pen=+0.498 policy_loss=+0.01556 value_loss=+0.00492 kl=0.0298 gate_reason='no-op'
update=1080 stage=1 weights=(1.0, 0.0, 0.0) reward=-0.5966 len=151.93 term=0.581 in_range=0.342 r1=-0.803 r2=+22.542 r3=+0.000 term_pen=+0.581 policy_loss=+0.00704 value_loss=+0.00577 kl=0.0186 gate_reason='no-op' | eval_reward=-0.0155 eval_length=200.00
update=1081 stage=1 weights=(1.0, 0.0, 0.0) reward=-0.5295 len=160.31 term=0.513 in_range=0.348 r1=-0.816 r2=+27.372 r3=+0.000 term_pen=+0.513 policy_loss=-0.01061 value_loss=+0.00494 kl=0.0351 gate_reason='no-op'
update=1082 stage=1 weights=(1.0, 0.0, 0.0) reward=-0.3962 len=171.93 term=0.381 in_range=0.325 r1=-0.740 r2=+28.135 r3=+0.000 term_pen=+0.381 policy_loss=+0.00078 value_loss=+0.00380 kl=0.0618 gate_reason='no-op'
update=1083 stage=1 weights=(1.0, 0.0, 0.0) reward=-0.3767 len=173.59 term=0.364 in_range=0.316 r1=-0.625 r2=+25.298 r3=+0.000 term_pen=+0.364 policy_loss=+0.00159 value_loss=+0.00360 kl=0.0722 gate_reason='no-op'
update=1084 stage=1 weights=(1.0, 0.0, 0.0) reward=-0.5537 len=156.38 term=0.542 in_range=0.366 r1=-0.562 r2=+22.911 r3=+0.000 term_pen=+0.542 policy_loss=+0.00027 value_loss=+0.00525 kl=0.0544 gate_reason='no-op'
update=1085 stage=1 weights=(1.0, 0.0, 0.0) reward=-0.7456 len=132.08 term=0.735 in_range=0.431 r1=-0.514 r2=+22.751 r3=+0.000 term_pen=+0.735 policy_loss=+0.00543 value_loss=+0.00790 kl=0.0468 gate_reason='no-op' | eval_reward=-0.0153 eval_length=108.12
update=1086 stage=1 weights=(1.0, 0.0, 0.0) reward=-0.8284 len=120.70 term=0.819 in_range=0.448 r1=-0.476 r2=+21.110 r3=+0.000 term_pen=+0.819 policy_loss=-0.00126 value_loss=+0.00826 kl=0.0580 gate_reason='no-op'
update=1087 stage=1 weights=(1.0, 0.0, 0.0) reward=-0.7557 len=129.13 term=0.746 in_range=0.421 r1=-0.479 r2=+19.028 r3=+0.000 term_pen=+0.746 policy_loss=-0.00833 value_loss=+0.00695 kl=0.0406 gate_reason='no-op'
update=1088 stage=1 weights=(1.0, 0.0, 0.0) reward=-0.6390 len=145.45 term=0.629 in_range=0.372 r1=-0.503 r2=+16.586 r3=+0.000 term_pen=+0.629 policy_loss=-0.00767 value_loss=+0.00678 kl=0.0571 gate_reason='no-op'
update=1089 stage=1 weights=(1.0, 0.0, 0.0) reward=-0.5170 len=162.13 term=0.506 in_range=0.311 r1=-0.558 r2=+13.426 r3=+0.000 term_pen=+0.506 policy_loss=-0.00749 value_loss=+0.00466 kl=0.0418 gate_reason='no-op'
update=1090 stage=1 weights=(1.0, 0.0, 0.0) reward=-0.4001 len=171.78 term=0.387 in_range=0.289 r1=-0.647 r2=+15.394 r3=+0.000 term_pen=+0.387 policy_loss=-0.00058 value_loss=+0.00394 kl=0.0352 gate_reason='no-op' | eval_reward=-0.0084 eval_length=191.19
update=1091 stage=1 weights=(1.0, 0.0, 0.0) reward=-0.4291 len=170.05 term=0.415 in_range=0.303 r1=-0.704 r2=+18.932 r3=+0.000 term_pen=+0.415 policy_loss=-0.00171 value_loss=+0.00459 kl=0.0536 gate_reason='no-op'
update=1092 stage=1 weights=(1.0, 0.0, 0.0) reward=-0.3892 len=173.89 term=0.375 in_range=0.329 r1=-0.712 r2=+27.768 r3=+0.000 term_pen=+0.375 policy_loss=-0.01023 value_loss=+0.00467 kl=0.0489 gate_reason='no-op'
update=1093 stage=1 weights=(1.0, 0.0, 0.0) reward=-0.4597 len=167.65 term=0.445 in_range=0.374 r1=-0.718 r2=+33.413 r3=+0.000 term_pen=+0.445 policy_loss=-0.01405 value_loss=+0.00539 kl=0.0391 gate_reason='no-op'
update=1094 stage=1 weights=(1.0, 0.0, 0.0) reward=-0.5019 len=162.41 term=0.488 in_range=0.402 r1=-0.706 r2=+35.988 r3=+0.000 term_pen=+0.488 policy_loss=-0.01571 value_loss=+0.00553 kl=0.0326 gate_reason='no-op'
update=1095 stage=1 weights=(1.0, 0.0, 0.0) reward=-0.4085 len=169.84 term=0.395 in_range=0.380 r1=-0.673 r2=+33.433 r3=+0.000 term_pen=+0.395 policy_loss=+0.00140 value_loss=+0.00451 kl=0.0396 gate_reason='no-op' | eval_reward=-0.0114 eval_length=200.00
update=1096 stage=1 weights=(1.0, 0.0, 0.0) reward=-0.4145 len=167.42 term=0.401 in_range=0.386 r1=-0.657 r2=+30.832 r3=+0.000 term_pen=+0.401 policy_loss=+0.00116 value_loss=+0.00460 kl=0.0264 gate_reason='no-op'
update=1097 stage=1 weights=(1.0, 0.0, 0.0) reward=-0.3669 len=172.34 term=0.354 in_range=0.372 r1=-0.669 r2=+28.277 r3=+0.000 term_pen=+0.354 policy_loss=+0.00469 value_loss=+0.00439 kl=0.0266 gate_reason='no-op'
update=1098 stage=1 weights=(1.0, 0.0, 0.0) reward=-0.3417 len=174.90 term=0.328 in_range=0.360 r1=-0.680 r2=+26.238 r3=+0.000 term_pen=+0.328 policy_loss=+0.00489 value_loss=+0.00409 kl=0.0405 gate_reason='no-op'
update=1099 stage=1 weights=(1.0, 0.0, 0.0) reward=-0.3341 len=174.37 term=0.320 in_range=0.365 r1=-0.712 r2=+24.983 r3=+0.000 term_pen=+0.320 policy_loss=+0.02071 value_loss=+0.00460 kl=0.0357 gate_reason='no-op'
update=1100 stage=1 weights=(1.0, 0.0, 0.0) reward=-0.2637 len=180.65 term=0.249 in_range=0.339 r1=-0.733 r2=+24.036 r3=+0.000 term_pen=+0.249 policy_loss=+0.00465 value_loss=+0.00339 kl=0.0410 gate_reason='no-op' | eval_reward=-0.0152 eval_length=200.00
update=1101 stage=1 weights=(1.0, 0.0, 0.0) reward=-0.2746 len=181.19 term=0.261 in_range=0.322 r1=-0.669 r2=+17.821 r3=+0.000 term_pen=+0.261 policy_loss=+0.01180 value_loss=+0.00374 kl=0.0429 gate_reason='no-op'
update=1102 stage=1 weights=(1.0, 0.0, 0.0) reward=-0.3049 len=177.38 term=0.293 in_range=0.333 r1=-0.596 r2=+16.066 r3=+0.000 term_pen=+0.293 policy_loss=-0.00017 value_loss=+0.00426 kl=0.0266 gate_reason='no-op'
update=1103 stage=1 weights=(1.0, 0.0, 0.0) reward=-0.3517 len=177.64 term=0.340 in_range=0.311 r1=-0.592 r2=+10.798 r3=+0.000 term_pen=+0.340 policy_loss=-0.00677 value_loss=+0.00487 kl=0.0324 gate_reason='no-op'
update=1104 stage=1 weights=(1.0, 0.0, 0.0) reward=-0.5016 len=166.58 term=0.489 in_range=0.311 r1=-0.615 r2=+6.040 r3=+0.000 term_pen=+0.489 policy_loss=+0.01667 value_loss=+0.00686 kl=0.0382 gate_reason='no-op'
update=1105 stage=1 weights=(1.0, 0.0, 0.0) reward=-0.5596 len=162.41 term=0.547 in_range=0.312 r1=-0.610 r2=+2.592 r3=+0.000 term_pen=+0.547 policy_loss=-0.00585 value_loss=+0.00653 kl=0.0360 gate_reason='no-op' | eval_reward=-0.0040 eval_length=197.06
update=1106 stage=1 weights=(1.0, 0.0, 0.0) reward=-0.3870 len=174.99 term=0.376 in_range=0.309 r1=-0.528 r2=+7.722 r3=+0.000 term_pen=+0.376 policy_loss=-0.00015 value_loss=+0.00466 kl=0.0646 gate_reason='no-op'
update=1107 stage=1 weights=(1.0, 0.0, 0.0) reward=-0.3936 len=168.51 term=0.384 in_range=0.351 r1=-0.492 r2=+13.354 r3=+0.000 term_pen=+0.384 policy_loss=+0.01570 value_loss=+0.00437 kl=0.0490 gate_reason='no-op'
update=1108 stage=1 weights=(1.0, 0.0, 0.0) reward=-0.5300 len=155.05 term=0.520 in_range=0.409 r1=-0.501 r2=+20.933 r3=+0.000 term_pen=+0.520 policy_loss=+0.01455 value_loss=+0.00524 kl=0.0523 gate_reason='no-op'
update=1109 stage=1 weights=(1.0, 0.0, 0.0) reward=-0.5249 len=155.44 term=0.515 in_range=0.412 r1=-0.514 r2=+26.623 r3=+0.000 term_pen=+0.515 policy_loss=+0.00922 value_loss=+0.00508 kl=0.0324 gate_reason='no-op'
update=1110 stage=1 weights=(1.0, 0.0, 0.0) reward=-0.3839 len=170.29 term=0.374 in_range=0.361 r1=-0.519 r2=+25.207 r3=+0.000 term_pen=+0.374 policy_loss=+0.00964 value_loss=+0.00390 kl=0.0281 gate_reason='no-op' | eval_reward=-0.0138 eval_length=200.00
update=1111 stage=1 weights=(1.0, 0.0, 0.0) reward=-0.3439 len=173.21 term=0.333 in_range=0.342 r1=-0.568 r2=+24.407 r3=+0.000 term_pen=+0.333 policy_loss=+0.01213 value_loss=+0.00410 kl=0.0296 gate_reason='no-op'
update=1112 stage=1 weights=(1.0, 0.0, 0.0) reward=-0.3285 len=175.08 term=0.317 in_range=0.332 r1=-0.553 r2=+22.652 r3=+0.000 term_pen=+0.317 policy_loss=+0.00747 value_loss=+0.00369 kl=0.0282 gate_reason='no-op'
update=1113 stage=1 weights=(1.0, 0.0, 0.0) reward=-0.3518 len=170.76 term=0.341 in_range=0.354 r1=-0.526 r2=+24.021 r3=+0.000 term_pen=+0.341 policy_loss=+0.01156 value_loss=+0.00361 kl=0.0291 gate_reason='no-op'
update=1114 stage=1 weights=(1.0, 0.0, 0.0) reward=-0.3851 len=167.73 term=0.375 in_range=0.350 r1=-0.531 r2=+21.320 r3=+0.000 term_pen=+0.375 policy_loss=+0.00943 value_loss=+0.00381 kl=0.0227 gate_reason='no-op'
update=1115 stage=1 weights=(1.0, 0.0, 0.0) reward=-0.3823 len=168.54 term=0.371 in_range=0.355 r1=-0.560 r2=+23.933 r3=+0.000 term_pen=+0.371 policy_loss=+0.00661 value_loss=+0.00381 kl=0.0183 gate_reason='no-op' | eval_reward=-0.0182 eval_length=200.00
update=1116 stage=1 weights=(1.0, 0.0, 0.0) reward=-0.3396 len=171.76 term=0.328 in_range=0.351 r1=-0.575 r2=+26.066 r3=+0.000 term_pen=+0.328 policy_loss=+0.01155 value_loss=+0.00363 kl=0.0341 gate_reason='no-op'
update=1117 stage=1 weights=(1.0, 0.0, 0.0) reward=-0.3434 len=171.63 term=0.332 in_range=0.338 r1=-0.593 r2=+21.896 r3=+0.000 term_pen=+0.332 policy_loss=+0.01491 value_loss=+0.00387 kl=0.0319 gate_reason='no-op'
update=1118 stage=1 weights=(1.0, 0.0, 0.0) reward=-0.3057 len=175.66 term=0.293 in_range=0.326 r1=-0.611 r2=+22.026 r3=+0.000 term_pen=+0.293 policy_loss=+0.01164 value_loss=+0.00349 kl=0.0319 gate_reason='no-op'
update=1119 stage=1 weights=(1.0, 0.0, 0.0) reward=-0.3074 len=174.38 term=0.295 in_range=0.333 r1=-0.601 r2=+23.881 r3=+0.000 term_pen=+0.295 policy_loss=-0.00503 value_loss=+0.00351 kl=0.0425 gate_reason='no-op'
update=1120 stage=1 weights=(1.0, 0.0, 0.0) reward=-0.4628 len=160.49 term=0.451 in_range=0.373 r1=-0.582 r2=+22.714 r3=+0.000 term_pen=+0.451 policy_loss=+0.01379 value_loss=+0.00508 kl=0.0342 gate_reason='no-op' | eval_reward=-0.0160 eval_length=200.00
update=1121 stage=1 weights=(1.0, 0.0, 0.0) reward=-0.5078 len=156.75 term=0.497 in_range=0.380 r1=-0.561 r2=+17.955 r3=+0.000 term_pen=+0.497 policy_loss=+0.00759 value_loss=+0.00535 kl=0.0382 gate_reason='no-op'
update=1122 stage=1 weights=(1.0, 0.0, 0.0) reward=-0.3987 len=168.87 term=0.388 in_range=0.338 r1=-0.552 r2=+12.504 r3=+0.000 term_pen=+0.388 policy_loss=+0.01792 value_loss=+0.00446 kl=0.0279 gate_reason='no-op'
update=1123 stage=1 weights=(1.0, 0.0, 0.0) reward=-0.4622 len=162.22 term=0.452 in_range=0.363 r1=-0.527 r2=+14.168 r3=+0.000 term_pen=+0.452 policy_loss=+0.01220 value_loss=+0.00504 kl=0.0308 gate_reason='no-op'
update=1124 stage=1 weights=(1.0, 0.0, 0.0) reward=-0.5893 len=147.17 term=0.580 in_range=0.412 r1=-0.488 r2=+18.008 r3=+0.000 term_pen=+0.580 policy_loss=+0.01609 value_loss=+0.00609 kl=0.0401 gate_reason='no-op'
update=1125 stage=1 weights=(1.0, 0.0, 0.0) reward=-0.5578 len=148.88 term=0.547 in_range=0.397 r1=-0.520 r2=+16.410 r3=+0.000 term_pen=+0.547 policy_loss=+0.01256 value_loss=+0.00594 kl=0.0243 gate_reason='no-op' | eval_reward=-0.0133 eval_length=195.38
update=1126 stage=1 weights=(1.0, 0.0, 0.0) reward=-0.4373 len=164.12 term=0.427 in_range=0.351 r1=-0.528 r2=+13.068 r3=+0.000 term_pen=+0.427 policy_loss=+0.00656 value_loss=+0.00467 kl=0.0239 gate_reason='no-op'
update=1127 stage=1 weights=(1.0, 0.0, 0.0) reward=-0.4916 len=158.97 term=0.480 in_range=0.347 r1=-0.557 r2=+11.983 r3=+0.000 term_pen=+0.480 policy_loss=+0.01621 value_loss=+0.00499 kl=0.0399 gate_reason='no-op'
update=1128 stage=1 weights=(1.0, 0.0, 0.0) reward=-0.5494 len=154.64 term=0.538 in_range=0.351 r1=-0.592 r2=+10.488 r3=+0.000 term_pen=+0.538 policy_loss=+0.02105 value_loss=+0.00542 kl=0.0367 gate_reason='no-op'
update=1129 stage=1 weights=(1.0, 0.0, 0.0) reward=-0.5836 len=148.07 term=0.572 in_range=0.376 r1=-0.594 r2=+14.701 r3=+0.000 term_pen=+0.572 policy_loss=+0.01801 value_loss=+0.00569 kl=0.0348 gate_reason='no-op'
update=1130 stage=1 weights=(1.0, 0.0, 0.0) reward=-0.5155 len=159.34 term=0.503 in_range=0.350 r1=-0.628 r2=+11.828 r3=+0.000 term_pen=+0.503 policy_loss=+0.01994 value_loss=+0.00516 kl=0.0324 gate_reason='no-op' | eval_reward=-0.0127 eval_length=200.00
update=1131 stage=1 weights=(1.0, 0.0, 0.0) reward=-0.5452 len=153.94 term=0.533 in_range=0.368 r1=-0.622 r2=+14.380 r3=+0.000 term_pen=+0.533 policy_loss=+0.00682 value_loss=+0.00523 kl=0.0178 gate_reason='no-op'
update=1132 stage=1 weights=(1.0, 0.0, 0.0) reward=-0.5368 len=155.04 term=0.524 in_range=0.360 r1=-0.646 r2=+13.600 r3=+0.000 term_pen=+0.524 policy_loss=+0.01498 value_loss=+0.00514 kl=0.0316 gate_reason='no-op'
update=1133 stage=1 weights=(1.0, 0.0, 0.0) reward=-0.5386 len=155.93 term=0.526 in_range=0.343 r1=-0.613 r2=+9.756 r3=+0.000 term_pen=+0.526 policy_loss=+0.00897 value_loss=+0.00505 kl=0.0200 gate_reason='no-op'
update=1134 stage=1 weights=(1.0, 0.0, 0.0) reward=-0.4955 len=159.73 term=0.483 in_range=0.341 r1=-0.606 r2=+10.822 r3=+0.000 term_pen=+0.483 policy_loss=+0.01224 value_loss=+0.00462 kl=0.0236 gate_reason='no-op'
update=1135 stage=1 weights=(1.0, 0.0, 0.0) reward=-0.5646 len=156.25 term=0.552 in_range=0.344 r1=-0.617 r2=+9.271 r3=+0.000 term_pen=+0.552 policy_loss=+0.00765 value_loss=+0.00513 kl=0.0198 gate_reason='no-op' | eval_reward=-0.0100 eval_length=200.00
update=1136 stage=1 weights=(1.0, 0.0, 0.0) reward=-0.5266 len=162.69 term=0.514 in_range=0.318 r1=-0.622 r2=+6.664 r3=+0.000 term_pen=+0.514 policy_loss=+0.02330 value_loss=+0.00486 kl=0.0355 gate_reason='no-op'
update=1137 stage=1 weights=(1.0, 0.0, 0.0) reward=-0.5521 len=163.21 term=0.539 in_range=0.310 r1=-0.650 r2=+4.448 r3=+0.000 term_pen=+0.539 policy_loss=+0.02026 value_loss=+0.00505 kl=0.0337 gate_reason='no-op'
update=1138 stage=1 weights=(1.0, 0.0, 0.0) reward=-0.5053 len=169.35 term=0.493 in_range=0.293 r1=-0.631 r2=+3.236 r3=+0.000 term_pen=+0.493 policy_loss=-0.00627 value_loss=+0.00462 kl=0.0394 gate_reason='no-op'
update=1139 stage=1 weights=(1.0, 0.0, 0.0) reward=-0.5931 len=161.88 term=0.581 in_range=0.300 r1=-0.600 r2=-1.689 r3=+0.000 term_pen=+0.581 policy_loss=+0.00912 value_loss=+0.00535 kl=0.0333 gate_reason='no-op'
update=1140 stage=1 weights=(1.0, 0.0, 0.0) reward=-0.5761 len=162.37 term=0.565 in_range=0.309 r1=-0.558 r2=-2.731 r3=+0.000 term_pen=+0.565 policy_loss=-0.00634 value_loss=+0.00515 kl=0.0451 gate_reason='no-op' | eval_reward=-0.0087 eval_length=180.38
update=1141 stage=1 weights=(1.0, 0.0, 0.0) reward=-0.5650 len=160.22 term=0.554 in_range=0.336 r1=-0.541 r2=-0.084 r3=+0.000 term_pen=+0.554 policy_loss=+0.00999 value_loss=+0.00498 kl=0.0579 gate_reason='no-op'
update=1142 stage=1 weights=(1.0, 0.0, 0.0) reward=-0.5672 len=154.49 term=0.556 in_range=0.384 r1=-0.553 r2=+6.141 r3=+0.000 term_pen=+0.556 policy_loss=+0.00600 value_loss=+0.00471 kl=0.0493 gate_reason='no-op'
update=1143 stage=1 weights=(1.0, 0.0, 0.0) reward=-0.5264 len=156.56 term=0.515 in_range=0.392 r1=-0.586 r2=+10.598 r3=+0.000 term_pen=+0.515 policy_loss=+0.00061 value_loss=+0.00439 kl=0.0325 gate_reason='no-op'
update=1144 stage=1 weights=(1.0, 0.0, 0.0) reward=-0.4568 len=162.16 term=0.444 in_range=0.375 r1=-0.646 r2=+11.737 r3=+0.000 term_pen=+0.444 policy_loss=-0.00802 value_loss=+0.00401 kl=0.0447 gate_reason='no-op'
update=1145 stage=1 weights=(1.0, 0.0, 0.0) reward=-0.3957 len=171.88 term=0.381 in_range=0.324 r1=-0.744 r2=+8.472 r3=+0.000 term_pen=+0.381 policy_loss=+0.00626 value_loss=+0.00387 kl=0.0703 gate_reason='no-op' | eval_reward=-0.0197 eval_length=200.00
update=1146 stage=1 weights=(1.0, 0.0, 0.0) reward=-0.6153 len=157.80 term=0.597 in_range=0.325 r1=-0.930 r2=+3.672 r3=+0.000 term_pen=+0.597 policy_loss=+0.00012 value_loss=+0.00633 kl=0.0282 gate_reason='no-op'
Process SpawnPoolWorker-41:
Traceback (most recent call last):
  File "/usr/lib/python3.10/multiprocessing/pool.py", line 131, in worker
    put((job, i, result))
  File "/usr/lib/python3.10/multiprocessing/queues.py", line 377, in put
    self._writer.send_bytes(obj)
  File "/usr/lib/python3.10/multiprocessing/connection.py", line 200, in send_bytes
    self._send_bytes(m[offset:offset + size])
  File "/usr/lib/python3.10/multiprocessing/connection.py", line 404, in _send_bytes
    self._send(header)
  File "/usr/lib/python3.10/multiprocessing/connection.py", line 368, in _send
    n = write(self._handle, buf)
BrokenPipeError: [Errno 32] Broken pipe

During handling of the above exception, another exception occurred:

Traceback (most recent call last):
  File "/usr/lib/python3.10/multiprocessing/process.py", line 314, in _bootstrap
    self.run()
  File "/usr/lib/python3.10/multiprocessing/process.py", line 108, in run
    self._target(*self._args, **self._kwargs)
  File "/usr/lib/python3.10/multiprocessing/pool.py", line 136, in worker
    put((job, i, (False, wrapped)))
  File "/usr/lib/python3.10/multiprocessing/queues.py", line 377, in put
    self._writer.send_bytes(obj)
  File "/usr/lib/python3.10/multiprocessing/connection.py", line 200, in send_bytes
    self._send_bytes(m[offset:offset + size])
  File "/usr/lib/python3.10/multiprocessing/connection.py", line 404, in _send_bytes
    self._send(header)
  File "/usr/lib/python3.10/multiprocessing/connection.py", line 368, in _send
    n = write(self._handle, buf)
BrokenPipeError: [Errno 32] Broken pipe
Process SpawnPoolWorker-9:
Traceback (most recent call last):
  File "/usr/lib/python3.10/multiprocessing/pool.py", line 131, in worker
    put((job, i, result))
  File "/usr/lib/python3.10/multiprocessing/queues.py", line 377, in put
    self._writer.send_bytes(obj)
  File "/usr/lib/python3.10/multiprocessing/connection.py", line 200, in send_bytes
    self._send_bytes(m[offset:offset + size])
  File "/usr/lib/python3.10/multiprocessing/connection.py", line 404, in _send_bytes
    self._send(header)
  File "/usr/lib/python3.10/multiprocessing/connection.py", line 368, in _send
    n = write(self._handle, buf)
BrokenPipeError: [Errno 32] Broken pipe

During handling of the above exception, another exception occurred:

Traceback (most recent call last):
  File "/usr/lib/python3.10/multiprocessing/process.py", line 314, in _bootstrap
    self.run()
  File "/usr/lib/python3.10/multiprocessing/process.py", line 108, in run
    self._target(*self._args, **self._kwargs)
  File "/usr/lib/python3.10/multiprocessing/pool.py", line 136, in worker
    put((job, i, (False, wrapped)))
  File "/usr/lib/python3.10/multiprocessing/queues.py", line 377, in put
    self._writer.send_bytes(obj)
  File "/usr/lib/python3.10/multiprocessing/connection.py", line 200, in send_bytes
    self._send_bytes(m[offset:offset + size])
  File "/usr/lib/python3.10/multiprocessing/connection.py", line 404, in _send_bytes
    self._send(header)
  File "/usr/lib/python3.10/multiprocessing/connection.py", line 368, in _send
    n = write(self._handle, buf)
BrokenPipeError: [Errno 32] Broken pipe
Process SpawnPoolWorker-36:
Traceback (most recent call last):
  File "/usr/lib/python3.10/multiprocessing/pool.py", line 131, in worker
    put((job, i, result))
  File "/usr/lib/python3.10/multiprocessing/queues.py", line 377, in put
    self._writer.send_bytes(obj)
  File "/usr/lib/python3.10/multiprocessing/connection.py", line 200, in send_bytes
    self._send_bytes(m[offset:offset + size])
  File "/usr/lib/python3.10/multiprocessing/connection.py", line 404, in _send_bytes
    self._send(header)
  File "/usr/lib/python3.10/multiprocessing/connection.py", line 368, in _send
    n = write(self._handle, buf)
BrokenPipeError: [Errno 32] Broken pipe

During handling of the above exception, another exception occurred:

Traceback (most recent call last):
  File "/usr/lib/python3.10/multiprocessing/process.py", line 314, in _bootstrap
    self.run()
  File "/usr/lib/python3.10/multiprocessing/process.py", line 108, in run
    self._target(*self._args, **self._kwargs)
  File "/usr/lib/python3.10/multiprocessing/pool.py", line 136, in worker
    put((job, i, (False, wrapped)))
  File "/usr/lib/python3.10/multiprocessing/queues.py", line 377, in put
    self._writer.send_bytes(obj)
  File "/usr/lib/python3.10/multiprocessing/connection.py", line 200, in send_bytes
    self._send_bytes(m[offset:offset + size])
  File "/usr/lib/python3.10/multiprocessing/connection.py", line 404, in _send_bytes
    self._send(header)
  File "/usr/lib/python3.10/multiprocessing/connection.py", line 368, in _send
    n = write(self._handle, buf)
BrokenPipeError: [Errno 32] Broken pipe
Process SpawnPoolWorker-7:
Traceback (most recent call last):
  File "/usr/lib/python3.10/multiprocessing/pool.py", line 131, in worker
    put((job, i, result))
  File "/usr/lib/python3.10/multiprocessing/queues.py", line 377, in put
    self._writer.send_bytes(obj)
  File "/usr/lib/python3.10/multiprocessing/connection.py", line 200, in send_bytes
    self._send_bytes(m[offset:offset + size])
  File "/usr/lib/python3.10/multiprocessing/connection.py", line 404, in _send_bytes
    self._send(header)
  File "/usr/lib/python3.10/multiprocessing/connection.py", line 368, in _send
    n = write(self._handle, buf)
BrokenPipeError: [Errno 32] Broken pipe

During handling of the above exception, another exception occurred:

Traceback (most recent call last):
  File "/usr/lib/python3.10/multiprocessing/process.py", line 314, in _bootstrap
    self.run()
  File "/usr/lib/python3.10/multiprocessing/process.py", line 108, in run
    self._target(*self._args, **self._kwargs)
  File "/usr/lib/python3.10/multiprocessing/pool.py", line 136, in worker
    put((job, i, (False, wrapped)))
  File "/usr/lib/python3.10/multiprocessing/queues.py", line 377, in put
    self._writer.send_bytes(obj)
  File "/usr/lib/python3.10/multiprocessing/connection.py", line 200, in send_bytes
    self._send_bytes(m[offset:offset + size])
  File "/usr/lib/python3.10/multiprocessing/connection.py", line 404, in _send_bytes
    self._send(header)
  File "/usr/lib/python3.10/multiprocessing/connection.py", line 368, in _send
    n = write(self._handle, buf)
BrokenPipeError: [Errno 32] Broken pipe
Process SpawnPoolWorker-38:
Traceback (most recent call last):
  File "/usr/lib/python3.10/multiprocessing/pool.py", line 131, in worker
    put((job, i, result))
  File "/usr/lib/python3.10/multiprocessing/queues.py", line 377, in put
    self._writer.send_bytes(obj)
  File "/usr/lib/python3.10/multiprocessing/connection.py", line 200, in send_bytes
    self._send_bytes(m[offset:offset + size])
  File "/usr/lib/python3.10/multiprocessing/connection.py", line 404, in _send_bytes
    self._send(header)
  File "/usr/lib/python3.10/multiprocessing/connection.py", line 368, in _send
    n = write(self._handle, buf)
BrokenPipeError: [Errno 32] Broken pipe

During handling of the above exception, another exception occurred:

Traceback (most recent call last):
  File "/usr/lib/python3.10/multiprocessing/process.py", line 314, in _bootstrap
    self.run()
  File "/usr/lib/python3.10/multiprocessing/process.py", line 108, in run
    self._target(*self._args, **self._kwargs)
  File "/usr/lib/python3.10/multiprocessing/pool.py", line 136, in worker
    put((job, i, (False, wrapped)))
  File "/usr/lib/python3.10/multiprocessing/queues.py", line 377, in put
    self._writer.send_bytes(obj)
  File "/usr/lib/python3.10/multiprocessing/connection.py", line 200, in send_bytes
    self._send_bytes(m[offset:offset + size])
  File "/usr/lib/python3.10/multiprocessing/connection.py", line 404, in _send_bytes
    self._send(header)
  File "/usr/lib/python3.10/multiprocessing/connection.py", line 368, in _send
    n = write(self._handle, buf)
BrokenPipeError: [Errno 32] Broken pipe
Process SpawnPoolWorker-59:
Traceback (most recent call last):
  File "/usr/lib/python3.10/multiprocessing/pool.py", line 131, in worker
    put((job, i, result))
  File "/usr/lib/python3.10/multiprocessing/queues.py", line 377, in put
    self._writer.send_bytes(obj)
  File "/usr/lib/python3.10/multiprocessing/connection.py", line 200, in send_bytes
    self._send_bytes(m[offset:offset + size])
  File "/usr/lib/python3.10/multiprocessing/connection.py", line 404, in _send_bytes
    self._send(header)
  File "/usr/lib/python3.10/multiprocessing/connection.py", line 368, in _send
    n = write(self._handle, buf)
BrokenPipeError: [Errno 32] Broken pipe

During handling of the above exception, another exception occurred:

Traceback (most recent call last):
  File "/usr/lib/python3.10/multiprocessing/process.py", line 314, in _bootstrap
    self.run()
  File "/usr/lib/python3.10/multiprocessing/process.py", line 108, in run
    self._target(*self._args, **self._kwargs)
  File "/usr/lib/python3.10/multiprocessing/pool.py", line 136, in worker
    put((job, i, (False, wrapped)))
  File "/usr/lib/python3.10/multiprocessing/queues.py", line 377, in put
    self._writer.send_bytes(obj)
  File "/usr/lib/python3.10/multiprocessing/connection.py", line 200, in send_bytes
    self._send_bytes(m[offset:offset + size])
  File "/usr/lib/python3.10/multiprocessing/connection.py", line 404, in _send_bytes
    self._send(header)
  File "/usr/lib/python3.10/multiprocessing/connection.py", line 368, in _send
    n = write(self._handle, buf)
BrokenPipeError: [Errno 32] Broken pipe
Process SpawnPoolWorker-48:
Traceback (most recent call last):
  File "/usr/lib/python3.10/multiprocessing/pool.py", line 131, in worker
    put((job, i, result))
  File "/usr/lib/python3.10/multiprocessing/queues.py", line 377, in put
    self._writer.send_bytes(obj)
  File "/usr/lib/python3.10/multiprocessing/connection.py", line 200, in send_bytes
    self._send_bytes(m[offset:offset + size])
  File "/usr/lib/python3.10/multiprocessing/connection.py", line 404, in _send_bytes
    self._send(header)
  File "/usr/lib/python3.10/multiprocessing/connection.py", line 368, in _send
    n = write(self._handle, buf)
BrokenPipeError: [Errno 32] Broken pipe

During handling of the above exception, another exception occurred:

Traceback (most recent call last):
  File "/usr/lib/python3.10/multiprocessing/process.py", line 314, in _bootstrap
    self.run()
  File "/usr/lib/python3.10/multiprocessing/process.py", line 108, in run
    self._target(*self._args, **self._kwargs)
  File "/usr/lib/python3.10/multiprocessing/pool.py", line 136, in worker
    put((job, i, (False, wrapped)))
  File "/usr/lib/python3.10/multiprocessing/queues.py", line 377, in put
    self._writer.send_bytes(obj)
  File "/usr/lib/python3.10/multiprocessing/connection.py", line 200, in send_bytes
    self._send_bytes(m[offset:offset + size])
  File "/usr/lib/python3.10/multiprocessing/connection.py", line 404, in _send_bytes
    self._send(header)
  File "/usr/lib/python3.10/multiprocessing/connection.py", line 368, in _send
    n = write(self._handle, buf)
BrokenPipeError: [Errno 32] Broken pipe
Process SpawnPoolWorker-40:
Traceback (most recent call last):
  File "/usr/lib/python3.10/multiprocessing/pool.py", line 131, in worker
    put((job, i, result))
  File "/usr/lib/python3.10/multiprocessing/queues.py", line 377, in put
    self._writer.send_bytes(obj)
  File "/usr/lib/python3.10/multiprocessing/connection.py", line 200, in send_bytes
    self._send_bytes(m[offset:offset + size])
  File "/usr/lib/python3.10/multiprocessing/connection.py", line 404, in _send_bytes
    self._send(header)
  File "/usr/lib/python3.10/multiprocessing/connection.py", line 368, in _send
    n = write(self._handle, buf)
BrokenPipeError: [Errno 32] Broken pipe

During handling of the above exception, another exception occurred:

Traceback (most recent call last):
  File "/usr/lib/python3.10/multiprocessing/process.py", line 314, in _bootstrap
    self.run()
  File "/usr/lib/python3.10/multiprocessing/process.py", line 108, in run
    self._target(*self._args, **self._kwargs)
  File "/usr/lib/python3.10/multiprocessing/pool.py", line 136, in worker
    put((job, i, (False, wrapped)))
  File "/usr/lib/python3.10/multiprocessing/queues.py", line 377, in put
    self._writer.send_bytes(obj)
  File "/usr/lib/python3.10/multiprocessing/connection.py", line 200, in send_bytes
    self._send_bytes(m[offset:offset + size])
  File "/usr/lib/python3.10/multiprocessing/connection.py", line 404, in _send_bytes
    self._send(header)
  File "/usr/lib/python3.10/multiprocessing/connection.py", line 368, in _send
    n = write(self._handle, buf)
BrokenPipeError: [Errno 32] Broken pipe
Process SpawnPoolWorker-26:
Traceback (most recent call last):
  File "/usr/lib/python3.10/multiprocessing/pool.py", line 131, in worker
    put((job, i, result))
  File "/usr/lib/python3.10/multiprocessing/queues.py", line 377, in put
    self._writer.send_bytes(obj)
  File "/usr/lib/python3.10/multiprocessing/connection.py", line 200, in send_bytes
    self._send_bytes(m[offset:offset + size])
  File "/usr/lib/python3.10/multiprocessing/connection.py", line 404, in _send_bytes
    self._send(header)
  File "/usr/lib/python3.10/multiprocessing/connection.py", line 368, in _send
    n = write(self._handle, buf)
BrokenPipeError: [Errno 32] Broken pipe

During handling of the above exception, another exception occurred:

Traceback (most recent call last):
  File "/usr/lib/python3.10/multiprocessing/process.py", line 314, in _bootstrap
    self.run()
  File "/usr/lib/python3.10/multiprocessing/process.py", line 108, in run
    self._target(*self._args, **self._kwargs)
  File "/usr/lib/python3.10/multiprocessing/pool.py", line 136, in worker
    put((job, i, (False, wrapped)))
  File "/usr/lib/python3.10/multiprocessing/queues.py", line 377, in put
    self._writer.send_bytes(obj)
  File "/usr/lib/python3.10/multiprocessing/connection.py", line 200, in send_bytes
    self._send_bytes(m[offset:offset + size])
  File "/usr/lib/python3.10/multiprocessing/connection.py", line 404, in _send_bytes
    self._send(header)
  File "/usr/lib/python3.10/multiprocessing/connection.py", line 368, in _send
    n = write(self._handle, buf)
BrokenPipeError: [Errno 32] Broken pipe
Process SpawnPoolWorker-28:
Traceback (most recent call last):
  File "/usr/lib/python3.10/multiprocessing/pool.py", line 131, in worker
    put((job, i, result))
  File "/usr/lib/python3.10/multiprocessing/queues.py", line 377, in put
    self._writer.send_bytes(obj)
  File "/usr/lib/python3.10/multiprocessing/connection.py", line 200, in send_bytes
    self._send_bytes(m[offset:offset + size])
  File "/usr/lib/python3.10/multiprocessing/connection.py", line 404, in _send_bytes
    self._send(header)
  File "/usr/lib/python3.10/multiprocessing/connection.py", line 368, in _send
    n = write(self._handle, buf)
BrokenPipeError: [Errno 32] Broken pipe

During handling of the above exception, another exception occurred:

Traceback (most recent call last):
  File "/usr/lib/python3.10/multiprocessing/process.py", line 314, in _bootstrap
    self.run()
  File "/usr/lib/python3.10/multiprocessing/process.py", line 108, in run
    self._target(*self._args, **self._kwargs)
  File "/usr/lib/python3.10/multiprocessing/pool.py", line 136, in worker
    put((job, i, (False, wrapped)))
  File "/usr/lib/python3.10/multiprocessing/queues.py", line 377, in put
    self._writer.send_bytes(obj)
  File "/usr/lib/python3.10/multiprocessing/connection.py", line 200, in send_bytes
    self._send_bytes(m[offset:offset + size])
  File "/usr/lib/python3.10/multiprocessing/connection.py", line 404, in _send_bytes
    self._send(header)
  File "/usr/lib/python3.10/multiprocessing/connection.py", line 368, in _send
    n = write(self._handle, buf)
BrokenPipeError: [Errno 32] Broken pipe
Process SpawnPoolWorker-43:
Traceback (most recent call last):
  File "/usr/lib/python3.10/multiprocessing/pool.py", line 131, in worker
    put((job, i, result))
  File "/usr/lib/python3.10/multiprocessing/queues.py", line 377, in put
    self._writer.send_bytes(obj)
  File "/usr/lib/python3.10/multiprocessing/connection.py", line 200, in send_bytes
    self._send_bytes(m[offset:offset + size])
  File "/usr/lib/python3.10/multiprocessing/connection.py", line 404, in _send_bytes
    self._send(header)
  File "/usr/lib/python3.10/multiprocessing/connection.py", line 368, in _send
    n = write(self._handle, buf)
BrokenPipeError: [Errno 32] Broken pipe

During handling of the above exception, another exception occurred:

Traceback (most recent call last):
  File "/usr/lib/python3.10/multiprocessing/process.py", line 314, in _bootstrap
    self.run()
  File "/usr/lib/python3.10/multiprocessing/process.py", line 108, in run
    self._target(*self._args, **self._kwargs)
  File "/usr/lib/python3.10/multiprocessing/pool.py", line 136, in worker
    put((job, i, (False, wrapped)))
  File "/usr/lib/python3.10/multiprocessing/queues.py", line 377, in put
    self._writer.send_bytes(obj)
  File "/usr/lib/python3.10/multiprocessing/connection.py", line 200, in send_bytes
    self._send_bytes(m[offset:offset + size])
  File "/usr/lib/python3.10/multiprocessing/connection.py", line 404, in _send_bytes
    self._send(header)
  File "/usr/lib/python3.10/multiprocessing/connection.py", line 368, in _send
    n = write(self._handle, buf)
BrokenPipeError: [Errno 32] Broken pipe
Process SpawnPoolWorker-56:
Traceback (most recent call last):
  File "/usr/lib/python3.10/multiprocessing/pool.py", line 131, in worker
    put((job, i, result))
  File "/usr/lib/python3.10/multiprocessing/queues.py", line 377, in put
    self._writer.send_bytes(obj)
  File "/usr/lib/python3.10/multiprocessing/connection.py", line 200, in send_bytes
    self._send_bytes(m[offset:offset + size])
  File "/usr/lib/python3.10/multiprocessing/connection.py", line 404, in _send_bytes
    self._send(header)
  File "/usr/lib/python3.10/multiprocessing/connection.py", line 368, in _send
    n = write(self._handle, buf)
BrokenPipeError: [Errno 32] Broken pipe

During handling of the above exception, another exception occurred:

Traceback (most recent call last):
  File "/usr/lib/python3.10/multiprocessing/process.py", line 314, in _bootstrap
    self.run()
  File "/usr/lib/python3.10/multiprocessing/process.py", line 108, in run
    self._target(*self._args, **self._kwargs)
  File "/usr/lib/python3.10/multiprocessing/pool.py", line 136, in worker
    put((job, i, (False, wrapped)))
  File "/usr/lib/python3.10/multiprocessing/queues.py", line 377, in put
    self._writer.send_bytes(obj)
  File "/usr/lib/python3.10/multiprocessing/connection.py", line 200, in send_bytes
    self._send_bytes(m[offset:offset + size])
  File "/usr/lib/python3.10/multiprocessing/connection.py", line 404, in _send_bytes
    self._send(header)
  File "/usr/lib/python3.10/multiprocessing/connection.py", line 368, in _send
    n = write(self._handle, buf)
BrokenPipeError: [Errno 32] Broken pipe
Process SpawnPoolWorker-51:
Traceback (most recent call last):
  File "/usr/lib/python3.10/multiprocessing/pool.py", line 131, in worker
    put((job, i, result))
  File "/usr/lib/python3.10/multiprocessing/queues.py", line 377, in put
    self._writer.send_bytes(obj)
  File "/usr/lib/python3.10/multiprocessing/connection.py", line 200, in send_bytes
    self._send_bytes(m[offset:offset + size])
  File "/usr/lib/python3.10/multiprocessing/connection.py", line 404, in _send_bytes
    self._send(header)
  File "/usr/lib/python3.10/multiprocessing/connection.py", line 368, in _send
    n = write(self._handle, buf)
BrokenPipeError: [Errno 32] Broken pipe

During handling of the above exception, another exception occurred:

Traceback (most recent call last):
  File "/usr/lib/python3.10/multiprocessing/process.py", line 314, in _bootstrap
    self.run()
  File "/usr/lib/python3.10/multiprocessing/process.py", line 108, in run
    self._target(*self._args, **self._kwargs)
  File "/usr/lib/python3.10/multiprocessing/pool.py", line 136, in worker
    put((job, i, (False, wrapped)))
  File "/usr/lib/python3.10/multiprocessing/queues.py", line 377, in put
    self._writer.send_bytes(obj)
  File "/usr/lib/python3.10/multiprocessing/connection.py", line 200, in send_bytes
    self._send_bytes(m[offset:offset + size])
  File "/usr/lib/python3.10/multiprocessing/connection.py", line 404, in _send_bytes
    self._send(header)
  File "/usr/lib/python3.10/multiprocessing/connection.py", line 368, in _send
    n = write(self._handle, buf)
BrokenPipeError: [Errno 32] Broken pipe
Process SpawnPoolWorker-14:
Traceback (most recent call last):
  File "/usr/lib/python3.10/multiprocessing/pool.py", line 131, in worker
    put((job, i, result))
  File "/usr/lib/python3.10/multiprocessing/queues.py", line 377, in put
    self._writer.send_bytes(obj)
  File "/usr/lib/python3.10/multiprocessing/connection.py", line 200, in send_bytes
    self._send_bytes(m[offset:offset + size])
  File "/usr/lib/python3.10/multiprocessing/connection.py", line 404, in _send_bytes
    self._send(header)
  File "/usr/lib/python3.10/multiprocessing/connection.py", line 368, in _send
    n = write(self._handle, buf)
BrokenPipeError: [Errno 32] Broken pipe

During handling of the above exception, another exception occurred:

Traceback (most recent call last):
  File "/usr/lib/python3.10/multiprocessing/process.py", line 314, in _bootstrap
    self.run()
  File "/usr/lib/python3.10/multiprocessing/process.py", line 108, in run
    self._target(*self._args, **self._kwargs)
  File "/usr/lib/python3.10/multiprocessing/pool.py", line 136, in worker
    put((job, i, (False, wrapped)))
  File "/usr/lib/python3.10/multiprocessing/queues.py", line 377, in put
    self._writer.send_bytes(obj)
  File "/usr/lib/python3.10/multiprocessing/connection.py", line 200, in send_bytes
    self._send_bytes(m[offset:offset + size])
  File "/usr/lib/python3.10/multiprocessing/connection.py", line 404, in _send_bytes
    self._send(header)
  File "/usr/lib/python3.10/multiprocessing/connection.py", line 368, in _send
    n = write(self._handle, buf)
BrokenPipeError: [Errno 32] Broken pipe
Process SpawnPoolWorker-58:
Traceback (most recent call last):
  File "/usr/lib/python3.10/multiprocessing/pool.py", line 131, in worker
    put((job, i, result))
  File "/usr/lib/python3.10/multiprocessing/queues.py", line 377, in put
    self._writer.send_bytes(obj)
  File "/usr/lib/python3.10/multiprocessing/connection.py", line 200, in send_bytes
    self._send_bytes(m[offset:offset + size])
  File "/usr/lib/python3.10/multiprocessing/connection.py", line 404, in _send_bytes
    self._send(header)
  File "/usr/lib/python3.10/multiprocessing/connection.py", line 368, in _send
    n = write(self._handle, buf)
BrokenPipeError: [Errno 32] Broken pipe

During handling of the above exception, another exception occurred:

Traceback (most recent call last):
  File "/usr/lib/python3.10/multiprocessing/process.py", line 314, in _bootstrap
    self.run()
  File "/usr/lib/python3.10/multiprocessing/process.py", line 108, in run
    self._target(*self._args, **self._kwargs)
  File "/usr/lib/python3.10/multiprocessing/pool.py", line 136, in worker
    put((job, i, (False, wrapped)))
  File "/usr/lib/python3.10/multiprocessing/queues.py", line 377, in put
    self._writer.send_bytes(obj)
  File "/usr/lib/python3.10/multiprocessing/connection.py", line 200, in send_bytes
    self._send_bytes(m[offset:offset + size])
  File "/usr/lib/python3.10/multiprocessing/connection.py", line 404, in _send_bytes
    self._send(header)
  File "/usr/lib/python3.10/multiprocessing/connection.py", line 368, in _send
    n = write(self._handle, buf)
BrokenPipeError: [Errno 32] Broken pipe
Process SpawnPoolWorker-23:
Traceback (most recent call last):
  File "/usr/lib/python3.10/multiprocessing/pool.py", line 131, in worker
    put((job, i, result))
  File "/usr/lib/python3.10/multiprocessing/queues.py", line 377, in put
    self._writer.send_bytes(obj)
  File "/usr/lib/python3.10/multiprocessing/connection.py", line 200, in send_bytes
    self._send_bytes(m[offset:offset + size])
  File "/usr/lib/python3.10/multiprocessing/connection.py", line 404, in _send_bytes
    self._send(header)
  File "/usr/lib/python3.10/multiprocessing/connection.py", line 368, in _send
    n = write(self._handle, buf)
BrokenPipeError: [Errno 32] Broken pipe

During handling of the above exception, another exception occurred:

Traceback (most recent call last):
  File "/usr/lib/python3.10/multiprocessing/process.py", line 314, in _bootstrap
    self.run()
  File "/usr/lib/python3.10/multiprocessing/process.py", line 108, in run
    self._target(*self._args, **self._kwargs)
  File "/usr/lib/python3.10/multiprocessing/pool.py", line 136, in worker
    put((job, i, (False, wrapped)))
  File "/usr/lib/python3.10/multiprocessing/queues.py", line 377, in put
    self._writer.send_bytes(obj)
  File "/usr/lib/python3.10/multiprocessing/connection.py", line 200, in send_bytes
    self._send_bytes(m[offset:offset + size])
  File "/usr/lib/python3.10/multiprocessing/connection.py", line 404, in _send_bytes
    self._send(header)
  File "/usr/lib/python3.10/multiprocessing/connection.py", line 368, in _send
    n = write(self._handle, buf)
BrokenPipeError: [Errno 32] Broken pipe
Process SpawnPoolWorker-63:
Traceback (most recent call last):
  File "/usr/lib/python3.10/multiprocessing/pool.py", line 131, in worker
    put((job, i, result))
  File "/usr/lib/python3.10/multiprocessing/queues.py", line 377, in put
    self._writer.send_bytes(obj)
  File "/usr/lib/python3.10/multiprocessing/connection.py", line 200, in send_bytes
    self._send_bytes(m[offset:offset + size])
  File "/usr/lib/python3.10/multiprocessing/connection.py", line 404, in _send_bytes
    self._send(header)
  File "/usr/lib/python3.10/multiprocessing/connection.py", line 368, in _send
    n = write(self._handle, buf)
BrokenPipeError: [Errno 32] Broken pipe

During handling of the above exception, another exception occurred:

Traceback (most recent call last):
  File "/usr/lib/python3.10/multiprocessing/process.py", line 314, in _bootstrap
    self.run()
  File "/usr/lib/python3.10/multiprocessing/process.py", line 108, in run
    self._target(*self._args, **self._kwargs)
  File "/usr/lib/python3.10/multiprocessing/pool.py", line 136, in worker
    put((job, i, (False, wrapped)))
  File "/usr/lib/python3.10/multiprocessing/queues.py", line 377, in put
    self._writer.send_bytes(obj)
  File "/usr/lib/python3.10/multiprocessing/connection.py", line 200, in send_bytes
    self._send_bytes(m[offset:offset + size])
  File "/usr/lib/python3.10/multiprocessing/connection.py", line 404, in _send_bytes
    self._send(header)
  File "/usr/lib/python3.10/multiprocessing/connection.py", line 368, in _send
    n = write(self._handle, buf)
BrokenPipeError: [Errno 32] Broken pipe
Process SpawnPoolWorker-32:
Traceback (most recent call last):
  File "/usr/lib/python3.10/multiprocessing/pool.py", line 131, in worker
    put((job, i, result))
  File "/usr/lib/python3.10/multiprocessing/queues.py", line 377, in put
    self._writer.send_bytes(obj)
  File "/usr/lib/python3.10/multiprocessing/connection.py", line 200, in send_bytes
    self._send_bytes(m[offset:offset + size])
  File "/usr/lib/python3.10/multiprocessing/connection.py", line 404, in _send_bytes
    self._send(header)
  File "/usr/lib/python3.10/multiprocessing/connection.py", line 368, in _send
    n = write(self._handle, buf)
BrokenPipeError: [Errno 32] Broken pipe

During handling of the above exception, another exception occurred:

Traceback (most recent call last):
  File "/usr/lib/python3.10/multiprocessing/process.py", line 314, in _bootstrap
    self.run()
  File "/usr/lib/python3.10/multiprocessing/process.py", line 108, in run
    self._target(*self._args, **self._kwargs)
  File "/usr/lib/python3.10/multiprocessing/pool.py", line 136, in worker
    put((job, i, (False, wrapped)))
  File "/usr/lib/python3.10/multiprocessing/queues.py", line 377, in put
    self._writer.send_bytes(obj)
  File "/usr/lib/python3.10/multiprocessing/connection.py", line 200, in send_bytes
    self._send_bytes(m[offset:offset + size])
  File "/usr/lib/python3.10/multiprocessing/connection.py", line 404, in _send_bytes
    self._send(header)
  File "/usr/lib/python3.10/multiprocessing/connection.py", line 368, in _send
    n = write(self._handle, buf)
BrokenPipeError: [Errno 32] Broken pipe
Process SpawnPoolWorker-20:
Traceback (most recent call last):
  File "/usr/lib/python3.10/multiprocessing/pool.py", line 131, in worker
    put((job, i, result))
  File "/usr/lib/python3.10/multiprocessing/queues.py", line 377, in put
    self._writer.send_bytes(obj)
  File "/usr/lib/python3.10/multiprocessing/connection.py", line 200, in send_bytes
    self._send_bytes(m[offset:offset + size])
  File "/usr/lib/python3.10/multiprocessing/connection.py", line 404, in _send_bytes
    self._send(header)
  File "/usr/lib/python3.10/multiprocessing/connection.py", line 368, in _send
    n = write(self._handle, buf)
BrokenPipeError: [Errno 32] Broken pipe

During handling of the above exception, another exception occurred:

Traceback (most recent call last):
  File "/usr/lib/python3.10/multiprocessing/process.py", line 314, in _bootstrap
    self.run()
  File "/usr/lib/python3.10/multiprocessing/process.py", line 108, in run
    self._target(*self._args, **self._kwargs)
  File "/usr/lib/python3.10/multiprocessing/pool.py", line 136, in worker
    put((job, i, (False, wrapped)))
  File "/usr/lib/python3.10/multiprocessing/queues.py", line 377, in put
    self._writer.send_bytes(obj)
  File "/usr/lib/python3.10/multiprocessing/connection.py", line 200, in send_bytes
    self._send_bytes(m[offset:offset + size])
  File "/usr/lib/python3.10/multiprocessing/connection.py", line 404, in _send_bytes
    self._send(header)
  File "/usr/lib/python3.10/multiprocessing/connection.py", line 368, in _send
    n = write(self._handle, buf)
BrokenPipeError: [Errno 32] Broken pipe
Process SpawnPoolWorker-49:
Traceback (most recent call last):
  File "/usr/lib/python3.10/multiprocessing/pool.py", line 131, in worker
    put((job, i, result))
  File "/usr/lib/python3.10/multiprocessing/queues.py", line 377, in put
    self._writer.send_bytes(obj)
  File "/usr/lib/python3.10/multiprocessing/connection.py", line 200, in send_bytes
    self._send_bytes(m[offset:offset + size])
  File "/usr/lib/python3.10/multiprocessing/connection.py", line 404, in _send_bytes
    self._send(header)
  File "/usr/lib/python3.10/multiprocessing/connection.py", line 368, in _send
    n = write(self._handle, buf)
BrokenPipeError: [Errno 32] Broken pipe

During handling of the above exception, another exception occurred:

Traceback (most recent call last):
  File "/usr/lib/python3.10/multiprocessing/process.py", line 314, in _bootstrap
    self.run()
  File "/usr/lib/python3.10/multiprocessing/process.py", line 108, in run
    self._target(*self._args, **self._kwargs)
  File "/usr/lib/python3.10/multiprocessing/pool.py", line 136, in worker
    put((job, i, (False, wrapped)))
  File "/usr/lib/python3.10/multiprocessing/queues.py", line 377, in put
    self._writer.send_bytes(obj)
  File "/usr/lib/python3.10/multiprocessing/connection.py", line 200, in send_bytes
    self._send_bytes(m[offset:offset + size])
  File "/usr/lib/python3.10/multiprocessing/connection.py", line 404, in _send_bytes
    self._send(header)
  File "/usr/lib/python3.10/multiprocessing/connection.py", line 368, in _send
    n = write(self._handle, buf)
BrokenPipeError: [Errno 32] Broken pipe
Process SpawnPoolWorker-61:
Traceback (most recent call last):
  File "/usr/lib/python3.10/multiprocessing/pool.py", line 131, in worker
    put((job, i, result))
  File "/usr/lib/python3.10/multiprocessing/queues.py", line 377, in put
    self._writer.send_bytes(obj)
  File "/usr/lib/python3.10/multiprocessing/connection.py", line 200, in send_bytes
    self._send_bytes(m[offset:offset + size])
  File "/usr/lib/python3.10/multiprocessing/connection.py", line 404, in _send_bytes
    self._send(header)
  File "/usr/lib/python3.10/multiprocessing/connection.py", line 368, in _send
    n = write(self._handle, buf)
BrokenPipeError: [Errno 32] Broken pipe

During handling of the above exception, another exception occurred:

Traceback (most recent call last):
  File "/usr/lib/python3.10/multiprocessing/process.py", line 314, in _bootstrap
    self.run()
  File "/usr/lib/python3.10/multiprocessing/process.py", line 108, in run
    self._target(*self._args, **self._kwargs)
  File "/usr/lib/python3.10/multiprocessing/pool.py", line 136, in worker
    put((job, i, (False, wrapped)))
  File "/usr/lib/python3.10/multiprocessing/queues.py", line 377, in put
    self._writer.send_bytes(obj)
  File "/usr/lib/python3.10/multiprocessing/connection.py", line 200, in send_bytes
    self._send_bytes(m[offset:offset + size])
  File "/usr/lib/python3.10/multiprocessing/connection.py", line 404, in _send_bytes
    self._send(header)
  File "/usr/lib/python3.10/multiprocessing/connection.py", line 368, in _send
    n = write(self._handle, buf)
BrokenPipeError: [Errno 32] Broken pipe
Process SpawnPoolWorker-53:
Traceback (most recent call last):
  File "/usr/lib/python3.10/multiprocessing/pool.py", line 131, in worker
    put((job, i, result))
  File "/usr/lib/python3.10/multiprocessing/queues.py", line 377, in put
    self._writer.send_bytes(obj)
  File "/usr/lib/python3.10/multiprocessing/connection.py", line 200, in send_bytes
    self._send_bytes(m[offset:offset + size])
  File "/usr/lib/python3.10/multiprocessing/connection.py", line 404, in _send_bytes
    self._send(header)
  File "/usr/lib/python3.10/multiprocessing/connection.py", line 368, in _send
    n = write(self._handle, buf)
BrokenPipeError: [Errno 32] Broken pipe

During handling of the above exception, another exception occurred:

Traceback (most recent call last):
  File "/usr/lib/python3.10/multiprocessing/process.py", line 314, in _bootstrap
    self.run()
  File "/usr/lib/python3.10/multiprocessing/process.py", line 108, in run
    self._target(*self._args, **self._kwargs)
  File "/usr/lib/python3.10/multiprocessing/pool.py", line 136, in worker
    put((job, i, (False, wrapped)))
  File "/usr/lib/python3.10/multiprocessing/queues.py", line 377, in put
    self._writer.send_bytes(obj)
  File "/usr/lib/python3.10/multiprocessing/connection.py", line 200, in send_bytes
    self._send_bytes(m[offset:offset + size])
  File "/usr/lib/python3.10/multiprocessing/connection.py", line 404, in _send_bytes
    self._send(header)
  File "/usr/lib/python3.10/multiprocessing/connection.py", line 368, in _send
    n = write(self._handle, buf)
BrokenPipeError: [Errno 32] Broken pipe
Process SpawnPoolWorker-31:
Traceback (most recent call last):
  File "/usr/lib/python3.10/multiprocessing/pool.py", line 131, in worker
    put((job, i, result))
  File "/usr/lib/python3.10/multiprocessing/queues.py", line 377, in put
    self._writer.send_bytes(obj)
  File "/usr/lib/python3.10/multiprocessing/connection.py", line 200, in send_bytes
    self._send_bytes(m[offset:offset + size])
  File "/usr/lib/python3.10/multiprocessing/connection.py", line 404, in _send_bytes
    self._send(header)
  File "/usr/lib/python3.10/multiprocessing/connection.py", line 368, in _send
    n = write(self._handle, buf)
BrokenPipeError: [Errno 32] Broken pipe

During handling of the above exception, another exception occurred:

Traceback (most recent call last):
  File "/usr/lib/python3.10/multiprocessing/process.py", line 314, in _bootstrap
    self.run()
  File "/usr/lib/python3.10/multiprocessing/process.py", line 108, in run
    self._target(*self._args, **self._kwargs)
  File "/usr/lib/python3.10/multiprocessing/pool.py", line 136, in worker
    put((job, i, (False, wrapped)))
  File "/usr/lib/python3.10/multiprocessing/queues.py", line 377, in put
    self._writer.send_bytes(obj)
  File "/usr/lib/python3.10/multiprocessing/connection.py", line 200, in send_bytes
    self._send_bytes(m[offset:offset + size])
  File "/usr/lib/python3.10/multiprocessing/connection.py", line 404, in _send_bytes
    self._send(header)
  File "/usr/lib/python3.10/multiprocessing/connection.py", line 368, in _send
    n = write(self._handle, buf)
BrokenPipeError: [Errno 32] Broken pipe
Process SpawnPoolWorker-52:
Traceback (most recent call last):
  File "/usr/lib/python3.10/multiprocessing/pool.py", line 131, in worker
    put((job, i, result))
  File "/usr/lib/python3.10/multiprocessing/queues.py", line 377, in put
    self._writer.send_bytes(obj)
  File "/usr/lib/python3.10/multiprocessing/connection.py", line 200, in send_bytes
    self._send_bytes(m[offset:offset + size])
  File "/usr/lib/python3.10/multiprocessing/connection.py", line 404, in _send_bytes
    self._send(header)
  File "/usr/lib/python3.10/multiprocessing/connection.py", line 368, in _send
    n = write(self._handle, buf)
BrokenPipeError: [Errno 32] Broken pipe

During handling of the above exception, another exception occurred:

Traceback (most recent call last):
  File "/usr/lib/python3.10/multiprocessing/process.py", line 314, in _bootstrap
    self.run()
  File "/usr/lib/python3.10/multiprocessing/process.py", line 108, in run
    self._target(*self._args, **self._kwargs)
  File "/usr/lib/python3.10/multiprocessing/pool.py", line 136, in worker
    put((job, i, (False, wrapped)))
  File "/usr/lib/python3.10/multiprocessing/queues.py", line 377, in put
    self._writer.send_bytes(obj)
  File "/usr/lib/python3.10/multiprocessing/connection.py", line 200, in send_bytes
    self._send_bytes(m[offset:offset + size])
  File "/usr/lib/python3.10/multiprocessing/connection.py", line 404, in _send_bytes
    self._send(header)
  File "/usr/lib/python3.10/multiprocessing/connection.py", line 368, in _send
    n = write(self._handle, buf)
BrokenPipeError: [Errno 32] Broken pipe
Process SpawnPoolWorker-30:
Traceback (most recent call last):
  File "/usr/lib/python3.10/multiprocessing/pool.py", line 131, in worker
    put((job, i, result))
  File "/usr/lib/python3.10/multiprocessing/queues.py", line 377, in put
    self._writer.send_bytes(obj)
  File "/usr/lib/python3.10/multiprocessing/connection.py", line 200, in send_bytes
    self._send_bytes(m[offset:offset + size])
  File "/usr/lib/python3.10/multiprocessing/connection.py", line 404, in _send_bytes
    self._send(header)
  File "/usr/lib/python3.10/multiprocessing/connection.py", line 368, in _send
    n = write(self._handle, buf)
BrokenPipeError: [Errno 32] Broken pipe

During handling of the above exception, another exception occurred:

Traceback (most recent call last):
  File "/usr/lib/python3.10/multiprocessing/process.py", line 314, in _bootstrap
    self.run()
  File "/usr/lib/python3.10/multiprocessing/process.py", line 108, in run
    self._target(*self._args, **self._kwargs)
  File "/usr/lib/python3.10/multiprocessing/pool.py", line 136, in worker
    put((job, i, (False, wrapped)))
  File "/usr/lib/python3.10/multiprocessing/queues.py", line 377, in put
    self._writer.send_bytes(obj)
  File "/usr/lib/python3.10/multiprocessing/connection.py", line 200, in send_bytes
    self._send_bytes(m[offset:offset + size])
  File "/usr/lib/python3.10/multiprocessing/connection.py", line 404, in _send_bytes
    self._send(header)
  File "/usr/lib/python3.10/multiprocessing/connection.py", line 368, in _send
    n = write(self._handle, buf)
BrokenPipeError: [Errno 32] Broken pipe
Process SpawnPoolWorker-60:
Traceback (most recent call last):
  File "/usr/lib/python3.10/multiprocessing/pool.py", line 131, in worker
    put((job, i, result))
  File "/usr/lib/python3.10/multiprocessing/queues.py", line 377, in put
    self._writer.send_bytes(obj)
  File "/usr/lib/python3.10/multiprocessing/connection.py", line 200, in send_bytes
    self._send_bytes(m[offset:offset + size])
  File "/usr/lib/python3.10/multiprocessing/connection.py", line 404, in _send_bytes
    self._send(header)
  File "/usr/lib/python3.10/multiprocessing/connection.py", line 368, in _send
    n = write(self._handle, buf)
BrokenPipeError: [Errno 32] Broken pipe

During handling of the above exception, another exception occurred:

Traceback (most recent call last):
  File "/usr/lib/python3.10/multiprocessing/process.py", line 314, in _bootstrap
    self.run()
  File "/usr/lib/python3.10/multiprocessing/process.py", line 108, in run
    self._target(*self._args, **self._kwargs)
  File "/usr/lib/python3.10/multiprocessing/pool.py", line 136, in worker
    put((job, i, (False, wrapped)))
  File "/usr/lib/python3.10/multiprocessing/queues.py", line 377, in put
    self._writer.send_bytes(obj)
  File "/usr/lib/python3.10/multiprocessing/connection.py", line 200, in send_bytes
    self._send_bytes(m[offset:offset + size])
  File "/usr/lib/python3.10/multiprocessing/connection.py", line 404, in _send_bytes
    self._send(header)
  File "/usr/lib/python3.10/multiprocessing/connection.py", line 368, in _send
    n = write(self._handle, buf)
BrokenPipeError: [Errno 32] Broken pipe
Process SpawnPoolWorker-12:
Traceback (most recent call last):
  File "/usr/lib/python3.10/multiprocessing/pool.py", line 131, in worker
    put((job, i, result))
  File "/usr/lib/python3.10/multiprocessing/queues.py", line 377, in put
    self._writer.send_bytes(obj)
  File "/usr/lib/python3.10/multiprocessing/connection.py", line 200, in send_bytes
    self._send_bytes(m[offset:offset + size])
  File "/usr/lib/python3.10/multiprocessing/connection.py", line 404, in _send_bytes
    self._send(header)
  File "/usr/lib/python3.10/multiprocessing/connection.py", line 368, in _send
    n = write(self._handle, buf)
BrokenPipeError: [Errno 32] Broken pipe

During handling of the above exception, another exception occurred:

Traceback (most recent call last):
  File "/usr/lib/python3.10/multiprocessing/process.py", line 314, in _bootstrap
    self.run()
  File "/usr/lib/python3.10/multiprocessing/process.py", line 108, in run
    self._target(*self._args, **self._kwargs)
  File "/usr/lib/python3.10/multiprocessing/pool.py", line 136, in worker
    put((job, i, (False, wrapped)))
  File "/usr/lib/python3.10/multiprocessing/queues.py", line 377, in put
    self._writer.send_bytes(obj)
  File "/usr/lib/python3.10/multiprocessing/connection.py", line 200, in send_bytes
    self._send_bytes(m[offset:offset + size])
  File "/usr/lib/python3.10/multiprocessing/connection.py", line 404, in _send_bytes
    self._send(header)
  File "/usr/lib/python3.10/multiprocessing/connection.py", line 368, in _send
    n = write(self._handle, buf)
BrokenPipeError: [Errno 32] Broken pipe
Process SpawnPoolWorker-35:
Traceback (most recent call last):
  File "/usr/lib/python3.10/multiprocessing/pool.py", line 131, in worker
    put((job, i, result))
  File "/usr/lib/python3.10/multiprocessing/queues.py", line 377, in put
    self._writer.send_bytes(obj)
  File "/usr/lib/python3.10/multiprocessing/connection.py", line 200, in send_bytes
    self._send_bytes(m[offset:offset + size])
  File "/usr/lib/python3.10/multiprocessing/connection.py", line 404, in _send_bytes
    self._send(header)
  File "/usr/lib/python3.10/multiprocessing/connection.py", line 368, in _send
    n = write(self._handle, buf)
BrokenPipeError: [Errno 32] Broken pipe

During handling of the above exception, another exception occurred:

Traceback (most recent call last):
  File "/usr/lib/python3.10/multiprocessing/process.py", line 314, in _bootstrap
    self.run()
  File "/usr/lib/python3.10/multiprocessing/process.py", line 108, in run
    self._target(*self._args, **self._kwargs)
  File "/usr/lib/python3.10/multiprocessing/pool.py", line 136, in worker
    put((job, i, (False, wrapped)))
  File "/usr/lib/python3.10/multiprocessing/queues.py", line 377, in put
    self._writer.send_bytes(obj)
  File "/usr/lib/python3.10/multiprocessing/connection.py", line 200, in send_bytes
    self._send_bytes(m[offset:offset + size])
  File "/usr/lib/python3.10/multiprocessing/connection.py", line 404, in _send_bytes
    self._send(header)
  File "/usr/lib/python3.10/multiprocessing/connection.py", line 368, in _send
    n = write(self._handle, buf)
BrokenPipeError: [Errno 32] Broken pipe
Process SpawnPoolWorker-22:
Traceback (most recent call last):
  File "/usr/lib/python3.10/multiprocessing/pool.py", line 131, in worker
    put((job, i, result))
  File "/usr/lib/python3.10/multiprocessing/queues.py", line 377, in put
    self._writer.send_bytes(obj)
  File "/usr/lib/python3.10/multiprocessing/connection.py", line 200, in send_bytes
    self._send_bytes(m[offset:offset + size])
  File "/usr/lib/python3.10/multiprocessing/connection.py", line 404, in _send_bytes
    self._send(header)
  File "/usr/lib/python3.10/multiprocessing/connection.py", line 368, in _send
    n = write(self._handle, buf)
BrokenPipeError: [Errno 32] Broken pipe

During handling of the above exception, another exception occurred:

Traceback (most recent call last):
  File "/usr/lib/python3.10/multiprocessing/process.py", line 314, in _bootstrap
    self.run()
  File "/usr/lib/python3.10/multiprocessing/process.py", line 108, in run
    self._target(*self._args, **self._kwargs)
  File "/usr/lib/python3.10/multiprocessing/pool.py", line 136, in worker
    put((job, i, (False, wrapped)))
  File "/usr/lib/python3.10/multiprocessing/queues.py", line 377, in put
    self._writer.send_bytes(obj)
  File "/usr/lib/python3.10/multiprocessing/connection.py", line 200, in send_bytes
    self._send_bytes(m[offset:offset + size])
  File "/usr/lib/python3.10/multiprocessing/connection.py", line 404, in _send_bytes
    self._send(header)
  File "/usr/lib/python3.10/multiprocessing/connection.py", line 368, in _send
    n = write(self._handle, buf)
BrokenPipeError: [Errno 32] Broken pipe
Process SpawnPoolWorker-64:
Traceback (most recent call last):
  File "/usr/lib/python3.10/multiprocessing/pool.py", line 131, in worker
    put((job, i, result))
  File "/usr/lib/python3.10/multiprocessing/queues.py", line 377, in put
    self._writer.send_bytes(obj)
  File "/usr/lib/python3.10/multiprocessing/connection.py", line 200, in send_bytes
    self._send_bytes(m[offset:offset + size])
  File "/usr/lib/python3.10/multiprocessing/connection.py", line 404, in _send_bytes
    self._send(header)
  File "/usr/lib/python3.10/multiprocessing/connection.py", line 368, in _send
    n = write(self._handle, buf)
BrokenPipeError: [Errno 32] Broken pipe

During handling of the above exception, another exception occurred:

Traceback (most recent call last):
  File "/usr/lib/python3.10/multiprocessing/process.py", line 314, in _bootstrap
    self.run()
  File "/usr/lib/python3.10/multiprocessing/process.py", line 108, in run
    self._target(*self._args, **self._kwargs)
  File "/usr/lib/python3.10/multiprocessing/pool.py", line 136, in worker
    put((job, i, (False, wrapped)))
  File "/usr/lib/python3.10/multiprocessing/queues.py", line 377, in put
    self._writer.send_bytes(obj)
  File "/usr/lib/python3.10/multiprocessing/connection.py", line 200, in send_bytes
    self._send_bytes(m[offset:offset + size])
  File "/usr/lib/python3.10/multiprocessing/connection.py", line 404, in _send_bytes
    self._send(header)
  File "/usr/lib/python3.10/multiprocessing/connection.py", line 368, in _send
    n = write(self._handle, buf)
BrokenPipeError: [Errno 32] Broken pipe
Process SpawnPoolWorker-18:
Traceback (most recent call last):
  File "/usr/lib/python3.10/multiprocessing/pool.py", line 131, in worker
    put((job, i, result))
  File "/usr/lib/python3.10/multiprocessing/queues.py", line 377, in put
    self._writer.send_bytes(obj)
  File "/usr/lib/python3.10/multiprocessing/connection.py", line 200, in send_bytes
    self._send_bytes(m[offset:offset + size])
  File "/usr/lib/python3.10/multiprocessing/connection.py", line 404, in _send_bytes
    self._send(header)
  File "/usr/lib/python3.10/multiprocessing/connection.py", line 368, in _send
    n = write(self._handle, buf)
BrokenPipeError: [Errno 32] Broken pipe

During handling of the above exception, another exception occurred:

Traceback (most recent call last):
  File "/usr/lib/python3.10/multiprocessing/process.py", line 314, in _bootstrap
    self.run()
  File "/usr/lib/python3.10/multiprocessing/process.py", line 108, in run
    self._target(*self._args, **self._kwargs)
  File "/usr/lib/python3.10/multiprocessing/pool.py", line 136, in worker
    put((job, i, (False, wrapped)))
  File "/usr/lib/python3.10/multiprocessing/queues.py", line 377, in put
    self._writer.send_bytes(obj)
  File "/usr/lib/python3.10/multiprocessing/connection.py", line 200, in send_bytes
    self._send_bytes(m[offset:offset + size])
  File "/usr/lib/python3.10/multiprocessing/connection.py", line 404, in _send_bytes
    self._send(header)
  File "/usr/lib/python3.10/multiprocessing/connection.py", line 368, in _send
    n = write(self._handle, buf)
BrokenPipeError: [Errno 32] Broken pipe
Process SpawnPoolWorker-4:
Traceback (most recent call last):
  File "/usr/lib/python3.10/multiprocessing/pool.py", line 131, in worker
    put((job, i, result))
  File "/usr/lib/python3.10/multiprocessing/queues.py", line 377, in put
    self._writer.send_bytes(obj)
  File "/usr/lib/python3.10/multiprocessing/connection.py", line 200, in send_bytes
    self._send_bytes(m[offset:offset + size])
  File "/usr/lib/python3.10/multiprocessing/connection.py", line 404, in _send_bytes
    self._send(header)
  File "/usr/lib/python3.10/multiprocessing/connection.py", line 368, in _send
    n = write(self._handle, buf)
BrokenPipeError: [Errno 32] Broken pipe

During handling of the above exception, another exception occurred:

Traceback (most recent call last):
  File "/usr/lib/python3.10/multiprocessing/process.py", line 314, in _bootstrap
    self.run()
  File "/usr/lib/python3.10/multiprocessing/process.py", line 108, in run
    self._target(*self._args, **self._kwargs)
  File "/usr/lib/python3.10/multiprocessing/pool.py", line 136, in worker
    put((job, i, (False, wrapped)))
  File "/usr/lib/python3.10/multiprocessing/queues.py", line 377, in put
    self._writer.send_bytes(obj)
  File "/usr/lib/python3.10/multiprocessing/connection.py", line 200, in send_bytes
    self._send_bytes(m[offset:offset + size])
  File "/usr/lib/python3.10/multiprocessing/connection.py", line 404, in _send_bytes
    self._send(header)
  File "/usr/lib/python3.10/multiprocessing/connection.py", line 368, in _send
    n = write(self._handle, buf)
BrokenPipeError: [Errno 32] Broken pipe
Process SpawnPoolWorker-15:
Traceback (most recent call last):
  File "/usr/lib/python3.10/multiprocessing/pool.py", line 131, in worker
    put((job, i, result))
  File "/usr/lib/python3.10/multiprocessing/queues.py", line 377, in put
    self._writer.send_bytes(obj)
  File "/usr/lib/python3.10/multiprocessing/connection.py", line 200, in send_bytes
    self._send_bytes(m[offset:offset + size])
  File "/usr/lib/python3.10/multiprocessing/connection.py", line 404, in _send_bytes
    self._send(header)
  File "/usr/lib/python3.10/multiprocessing/connection.py", line 368, in _send
    n = write(self._handle, buf)
BrokenPipeError: [Errno 32] Broken pipe

During handling of the above exception, another exception occurred:

Traceback (most recent call last):
  File "/usr/lib/python3.10/multiprocessing/process.py", line 314, in _bootstrap
    self.run()
  File "/usr/lib/python3.10/multiprocessing/process.py", line 108, in run
    self._target(*self._args, **self._kwargs)
  File "/usr/lib/python3.10/multiprocessing/pool.py", line 136, in worker
    put((job, i, (False, wrapped)))
  File "/usr/lib/python3.10/multiprocessing/queues.py", line 377, in put
    self._writer.send_bytes(obj)
  File "/usr/lib/python3.10/multiprocessing/connection.py", line 200, in send_bytes
    self._send_bytes(m[offset:offset + size])
  File "/usr/lib/python3.10/multiprocessing/connection.py", line 404, in _send_bytes
    self._send(header)
  File "/usr/lib/python3.10/multiprocessing/connection.py", line 368, in _send
    n = write(self._handle, buf)
BrokenPipeError: [Errno 32] Broken pipe
Process SpawnPoolWorker-8:
Traceback (most recent call last):
  File "/usr/lib/python3.10/multiprocessing/pool.py", line 131, in worker
    put((job, i, result))
  File "/usr/lib/python3.10/multiprocessing/queues.py", line 377, in put
    self._writer.send_bytes(obj)
  File "/usr/lib/python3.10/multiprocessing/connection.py", line 200, in send_bytes
    self._send_bytes(m[offset:offset + size])
  File "/usr/lib/python3.10/multiprocessing/connection.py", line 404, in _send_bytes
    self._send(header)
  File "/usr/lib/python3.10/multiprocessing/connection.py", line 368, in _send
    n = write(self._handle, buf)
BrokenPipeError: [Errno 32] Broken pipe

During handling of the above exception, another exception occurred:

Traceback (most recent call last):
  File "/usr/lib/python3.10/multiprocessing/process.py", line 314, in _bootstrap
    self.run()
  File "/usr/lib/python3.10/multiprocessing/process.py", line 108, in run
    self._target(*self._args, **self._kwargs)
  File "/usr/lib/python3.10/multiprocessing/pool.py", line 136, in worker
    put((job, i, (False, wrapped)))
  File "/usr/lib/python3.10/multiprocessing/queues.py", line 377, in put
    self._writer.send_bytes(obj)
  File "/usr/lib/python3.10/multiprocessing/connection.py", line 200, in send_bytes
    self._send_bytes(m[offset:offset + size])
  File "/usr/lib/python3.10/multiprocessing/connection.py", line 404, in _send_bytes
    self._send(header)
  File "/usr/lib/python3.10/multiprocessing/connection.py", line 368, in _send
    n = write(self._handle, buf)
BrokenPipeError: [Errno 32] Broken pipe
Process SpawnPoolWorker-34:
Traceback (most recent call last):
  File "/usr/lib/python3.10/multiprocessing/pool.py", line 131, in worker
    put((job, i, result))
  File "/usr/lib/python3.10/multiprocessing/queues.py", line 377, in put
    self._writer.send_bytes(obj)
  File "/usr/lib/python3.10/multiprocessing/connection.py", line 200, in send_bytes
    self._send_bytes(m[offset:offset + size])
  File "/usr/lib/python3.10/multiprocessing/connection.py", line 404, in _send_bytes
    self._send(header)
  File "/usr/lib/python3.10/multiprocessing/connection.py", line 368, in _send
    n = write(self._handle, buf)
BrokenPipeError: [Errno 32] Broken pipe

During handling of the above exception, another exception occurred:

Traceback (most recent call last):
  File "/usr/lib/python3.10/multiprocessing/process.py", line 314, in _bootstrap
    self.run()
  File "/usr/lib/python3.10/multiprocessing/process.py", line 108, in run
    self._target(*self._args, **self._kwargs)
  File "/usr/lib/python3.10/multiprocessing/pool.py", line 136, in worker
    put((job, i, (False, wrapped)))
  File "/usr/lib/python3.10/multiprocessing/queues.py", line 377, in put
    self._writer.send_bytes(obj)
  File "/usr/lib/python3.10/multiprocessing/connection.py", line 200, in send_bytes
    self._send_bytes(m[offset:offset + size])
  File "/usr/lib/python3.10/multiprocessing/connection.py", line 404, in _send_bytes
    self._send(header)
  File "/usr/lib/python3.10/multiprocessing/connection.py", line 368, in _send
    n = write(self._handle, buf)
BrokenPipeError: [Errno 32] Broken pipe
Process SpawnPoolWorker-62:
Traceback (most recent call last):
  File "/usr/lib/python3.10/multiprocessing/pool.py", line 131, in worker
    put((job, i, result))
  File "/usr/lib/python3.10/multiprocessing/queues.py", line 377, in put
    self._writer.send_bytes(obj)
  File "/usr/lib/python3.10/multiprocessing/connection.py", line 200, in send_bytes
    self._send_bytes(m[offset:offset + size])
  File "/usr/lib/python3.10/multiprocessing/connection.py", line 404, in _send_bytes
    self._send(header)
  File "/usr/lib/python3.10/multiprocessing/connection.py", line 368, in _send
    n = write(self._handle, buf)
BrokenPipeError: [Errno 32] Broken pipe

During handling of the above exception, another exception occurred:

Traceback (most recent call last):
  File "/usr/lib/python3.10/multiprocessing/process.py", line 314, in _bootstrap
    self.run()
  File "/usr/lib/python3.10/multiprocessing/process.py", line 108, in run
    self._target(*self._args, **self._kwargs)
  File "/usr/lib/python3.10/multiprocessing/pool.py", line 136, in worker
    put((job, i, (False, wrapped)))
  File "/usr/lib/python3.10/multiprocessing/queues.py", line 377, in put
    self._writer.send_bytes(obj)
  File "/usr/lib/python3.10/multiprocessing/connection.py", line 200, in send_bytes
    self._send_bytes(m[offset:offset + size])
  File "/usr/lib/python3.10/multiprocessing/connection.py", line 404, in _send_bytes
    self._send(header)
  File "/usr/lib/python3.10/multiprocessing/connection.py", line 368, in _send
    n = write(self._handle, buf)
BrokenPipeError: [Errno 32] Broken pipe
Process SpawnPoolWorker-16:
Traceback (most recent call last):
  File "/usr/lib/python3.10/multiprocessing/pool.py", line 131, in worker
    put((job, i, result))
  File "/usr/lib/python3.10/multiprocessing/queues.py", line 377, in put
    self._writer.send_bytes(obj)
  File "/usr/lib/python3.10/multiprocessing/connection.py", line 200, in send_bytes
    self._send_bytes(m[offset:offset + size])
  File "/usr/lib/python3.10/multiprocessing/connection.py", line 404, in _send_bytes
    self._send(header)
  File "/usr/lib/python3.10/multiprocessing/connection.py", line 368, in _send
    n = write(self._handle, buf)
BrokenPipeError: [Errno 32] Broken pipe

During handling of the above exception, another exception occurred:

Traceback (most recent call last):
  File "/usr/lib/python3.10/multiprocessing/process.py", line 314, in _bootstrap
    self.run()
  File "/usr/lib/python3.10/multiprocessing/process.py", line 108, in run
    self._target(*self._args, **self._kwargs)
  File "/usr/lib/python3.10/multiprocessing/pool.py", line 136, in worker
    put((job, i, (False, wrapped)))
  File "/usr/lib/python3.10/multiprocessing/queues.py", line 377, in put
    self._writer.send_bytes(obj)
  File "/usr/lib/python3.10/multiprocessing/connection.py", line 200, in send_bytes
    self._send_bytes(m[offset:offset + size])
  File "/usr/lib/python3.10/multiprocessing/connection.py", line 404, in _send_bytes
    self._send(header)
  File "/usr/lib/python3.10/multiprocessing/connection.py", line 368, in _send
    n = write(self._handle, buf)
BrokenPipeError: [Errno 32] Broken pipe
Process SpawnPoolWorker-50:
Traceback (most recent call last):
  File "/usr/lib/python3.10/multiprocessing/pool.py", line 131, in worker
    put((job, i, result))
  File "/usr/lib/python3.10/multiprocessing/queues.py", line 377, in put
    self._writer.send_bytes(obj)
  File "/usr/lib/python3.10/multiprocessing/connection.py", line 200, in send_bytes
    self._send_bytes(m[offset:offset + size])
  File "/usr/lib/python3.10/multiprocessing/connection.py", line 404, in _send_bytes
    self._send(header)
  File "/usr/lib/python3.10/multiprocessing/connection.py", line 368, in _send
    n = write(self._handle, buf)
BrokenPipeError: [Errno 32] Broken pipe

During handling of the above exception, another exception occurred:

Traceback (most recent call last):
  File "/usr/lib/python3.10/multiprocessing/process.py", line 314, in _bootstrap
    self.run()
  File "/usr/lib/python3.10/multiprocessing/process.py", line 108, in run
    self._target(*self._args, **self._kwargs)
  File "/usr/lib/python3.10/multiprocessing/pool.py", line 136, in worker
    put((job, i, (False, wrapped)))
  File "/usr/lib/python3.10/multiprocessing/queues.py", line 377, in put
    self._writer.send_bytes(obj)
  File "/usr/lib/python3.10/multiprocessing/connection.py", line 200, in send_bytes
    self._send_bytes(m[offset:offset + size])
  File "/usr/lib/python3.10/multiprocessing/connection.py", line 404, in _send_bytes
    self._send(header)
  File "/usr/lib/python3.10/multiprocessing/connection.py", line 368, in _send
    n = write(self._handle, buf)
BrokenPipeError: [Errno 32] Broken pipe
Process SpawnPoolWorker-45:
Traceback (most recent call last):
  File "/usr/lib/python3.10/multiprocessing/pool.py", line 131, in worker
    put((job, i, result))
  File "/usr/lib/python3.10/multiprocessing/queues.py", line 377, in put
    self._writer.send_bytes(obj)
  File "/usr/lib/python3.10/multiprocessing/connection.py", line 200, in send_bytes
    self._send_bytes(m[offset:offset + size])
  File "/usr/lib/python3.10/multiprocessing/connection.py", line 404, in _send_bytes
    self._send(header)
  File "/usr/lib/python3.10/multiprocessing/connection.py", line 368, in _send
    n = write(self._handle, buf)
BrokenPipeError: [Errno 32] Broken pipe

During handling of the above exception, another exception occurred:

Traceback (most recent call last):
  File "/usr/lib/python3.10/multiprocessing/process.py", line 314, in _bootstrap
    self.run()
  File "/usr/lib/python3.10/multiprocessing/process.py", line 108, in run
    self._target(*self._args, **self._kwargs)
  File "/usr/lib/python3.10/multiprocessing/pool.py", line 136, in worker
    put((job, i, (False, wrapped)))
  File "/usr/lib/python3.10/multiprocessing/queues.py", line 377, in put
    self._writer.send_bytes(obj)
  File "/usr/lib/python3.10/multiprocessing/connection.py", line 200, in send_bytes
    self._send_bytes(m[offset:offset + size])
  File "/usr/lib/python3.10/multiprocessing/connection.py", line 404, in _send_bytes
    self._send(header)
  File "/usr/lib/python3.10/multiprocessing/connection.py", line 368, in _send
    n = write(self._handle, buf)
BrokenPipeError: [Errno 32] Broken pipe
Process SpawnPoolWorker-54:
Traceback (most recent call last):
  File "/usr/lib/python3.10/multiprocessing/pool.py", line 131, in worker
    put((job, i, result))
  File "/usr/lib/python3.10/multiprocessing/queues.py", line 377, in put
    self._writer.send_bytes(obj)
  File "/usr/lib/python3.10/multiprocessing/connection.py", line 200, in send_bytes
    self._send_bytes(m[offset:offset + size])
  File "/usr/lib/python3.10/multiprocessing/connection.py", line 404, in _send_bytes
    self._send(header)
  File "/usr/lib/python3.10/multiprocessing/connection.py", line 368, in _send
    n = write(self._handle, buf)
BrokenPipeError: [Errno 32] Broken pipe

During handling of the above exception, another exception occurred:

Traceback (most recent call last):
  File "/usr/lib/python3.10/multiprocessing/process.py", line 314, in _bootstrap
    self.run()
  File "/usr/lib/python3.10/multiprocessing/process.py", line 108, in run
    self._target(*self._args, **self._kwargs)
  File "/usr/lib/python3.10/multiprocessing/pool.py", line 136, in worker
    put((job, i, (False, wrapped)))
  File "/usr/lib/python3.10/multiprocessing/queues.py", line 377, in put
    self._writer.send_bytes(obj)
  File "/usr/lib/python3.10/multiprocessing/connection.py", line 200, in send_bytes
    self._send_bytes(m[offset:offset + size])
  File "/usr/lib/python3.10/multiprocessing/connection.py", line 404, in _send_bytes
    self._send(header)
  File "/usr/lib/python3.10/multiprocessing/connection.py", line 368, in _send
    n = write(self._handle, buf)
BrokenPipeError: [Errno 32] Broken pipe
Process SpawnPoolWorker-21:
Traceback (most recent call last):
  File "/usr/lib/python3.10/multiprocessing/pool.py", line 131, in worker
    put((job, i, result))
  File "/usr/lib/python3.10/multiprocessing/queues.py", line 377, in put
    self._writer.send_bytes(obj)
  File "/usr/lib/python3.10/multiprocessing/connection.py", line 200, in send_bytes
    self._send_bytes(m[offset:offset + size])
  File "/usr/lib/python3.10/multiprocessing/connection.py", line 404, in _send_bytes
    self._send(header)
  File "/usr/lib/python3.10/multiprocessing/connection.py", line 368, in _send
    n = write(self._handle, buf)
BrokenPipeError: [Errno 32] Broken pipe

During handling of the above exception, another exception occurred:

Traceback (most recent call last):
  File "/usr/lib/python3.10/multiprocessing/process.py", line 314, in _bootstrap
    self.run()
  File "/usr/lib/python3.10/multiprocessing/process.py", line 108, in run
    self._target(*self._args, **self._kwargs)
  File "/usr/lib/python3.10/multiprocessing/pool.py", line 136, in worker
    put((job, i, (False, wrapped)))
  File "/usr/lib/python3.10/multiprocessing/queues.py", line 377, in put
    self._writer.send_bytes(obj)
  File "/usr/lib/python3.10/multiprocessing/connection.py", line 200, in send_bytes
    self._send_bytes(m[offset:offset + size])
  File "/usr/lib/python3.10/multiprocessing/connection.py", line 404, in _send_bytes
    self._send(header)
  File "/usr/lib/python3.10/multiprocessing/connection.py", line 368, in _send
    n = write(self._handle, buf)
BrokenPipeError: [Errno 32] Broken pipe
Process SpawnPoolWorker-42:
Traceback (most recent call last):
  File "/usr/lib/python3.10/multiprocessing/pool.py", line 131, in worker
    put((job, i, result))
  File "/usr/lib/python3.10/multiprocessing/queues.py", line 377, in put
    self._writer.send_bytes(obj)
  File "/usr/lib/python3.10/multiprocessing/connection.py", line 200, in send_bytes
    self._send_bytes(m[offset:offset + size])
  File "/usr/lib/python3.10/multiprocessing/connection.py", line 404, in _send_bytes
    self._send(header)
  File "/usr/lib/python3.10/multiprocessing/connection.py", line 368, in _send
    n = write(self._handle, buf)
BrokenPipeError: [Errno 32] Broken pipe

During handling of the above exception, another exception occurred:

Traceback (most recent call last):
  File "/usr/lib/python3.10/multiprocessing/process.py", line 314, in _bootstrap
    self.run()
  File "/usr/lib/python3.10/multiprocessing/process.py", line 108, in run
    self._target(*self._args, **self._kwargs)
  File "/usr/lib/python3.10/multiprocessing/pool.py", line 136, in worker
    put((job, i, (False, wrapped)))
  File "/usr/lib/python3.10/multiprocessing/queues.py", line 377, in put
    self._writer.send_bytes(obj)
  File "/usr/lib/python3.10/multiprocessing/connection.py", line 200, in send_bytes
    self._send_bytes(m[offset:offset + size])
  File "/usr/lib/python3.10/multiprocessing/connection.py", line 404, in _send_bytes
    self._send(header)
  File "/usr/lib/python3.10/multiprocessing/connection.py", line 368, in _send
    n = write(self._handle, buf)
BrokenPipeError: [Errno 32] Broken pipe
Process SpawnPoolWorker-57:
Traceback (most recent call last):
  File "/usr/lib/python3.10/multiprocessing/pool.py", line 131, in worker
    put((job, i, result))
  File "/usr/lib/python3.10/multiprocessing/queues.py", line 377, in put
    self._writer.send_bytes(obj)
  File "/usr/lib/python3.10/multiprocessing/connection.py", line 200, in send_bytes
    self._send_bytes(m[offset:offset + size])
  File "/usr/lib/python3.10/multiprocessing/connection.py", line 404, in _send_bytes
    self._send(header)
  File "/usr/lib/python3.10/multiprocessing/connection.py", line 368, in _send
    n = write(self._handle, buf)
BrokenPipeError: [Errno 32] Broken pipe

During handling of the above exception, another exception occurred:

Traceback (most recent call last):
  File "/usr/lib/python3.10/multiprocessing/process.py", line 314, in _bootstrap
    self.run()
  File "/usr/lib/python3.10/multiprocessing/process.py", line 108, in run
    self._target(*self._args, **self._kwargs)
  File "/usr/lib/python3.10/multiprocessing/pool.py", line 136, in worker
    put((job, i, (False, wrapped)))
  File "/usr/lib/python3.10/multiprocessing/queues.py", line 377, in put
    self._writer.send_bytes(obj)
  File "/usr/lib/python3.10/multiprocessing/connection.py", line 200, in send_bytes
    self._send_bytes(m[offset:offset + size])
  File "/usr/lib/python3.10/multiprocessing/connection.py", line 404, in _send_bytes
    self._send(header)
  File "/usr/lib/python3.10/multiprocessing/connection.py", line 368, in _send
    n = write(self._handle, buf)
BrokenPipeError: [Errno 32] Broken pipe
Process SpawnPoolWorker-3:
Traceback (most recent call last):
  File "/usr/lib/python3.10/multiprocessing/pool.py", line 131, in worker
    put((job, i, result))
  File "/usr/lib/python3.10/multiprocessing/queues.py", line 377, in put
    self._writer.send_bytes(obj)
  File "/usr/lib/python3.10/multiprocessing/connection.py", line 200, in send_bytes
    self._send_bytes(m[offset:offset + size])
  File "/usr/lib/python3.10/multiprocessing/connection.py", line 404, in _send_bytes
    self._send(header)
  File "/usr/lib/python3.10/multiprocessing/connection.py", line 368, in _send
    n = write(self._handle, buf)
BrokenPipeError: [Errno 32] Broken pipe

During handling of the above exception, another exception occurred:

Traceback (most recent call last):
  File "/usr/lib/python3.10/multiprocessing/process.py", line 314, in _bootstrap
    self.run()
  File "/usr/lib/python3.10/multiprocessing/process.py", line 108, in run
    self._target(*self._args, **self._kwargs)
  File "/usr/lib/python3.10/multiprocessing/pool.py", line 136, in worker
    put((job, i, (False, wrapped)))
  File "/usr/lib/python3.10/multiprocessing/queues.py", line 377, in put
    self._writer.send_bytes(obj)
  File "/usr/lib/python3.10/multiprocessing/connection.py", line 200, in send_bytes
    self._send_bytes(m[offset:offset + size])
  File "/usr/lib/python3.10/multiprocessing/connection.py", line 404, in _send_bytes
    self._send(header)
  File "/usr/lib/python3.10/multiprocessing/connection.py", line 368, in _send
    n = write(self._handle, buf)
BrokenPipeError: [Errno 32] Broken pipe
Process SpawnPoolWorker-33:
Traceback (most recent call last):
  File "/usr/lib/python3.10/multiprocessing/pool.py", line 131, in worker
    put((job, i, result))
  File "/usr/lib/python3.10/multiprocessing/queues.py", line 377, in put
    self._writer.send_bytes(obj)
  File "/usr/lib/python3.10/multiprocessing/connection.py", line 200, in send_bytes
    self._send_bytes(m[offset:offset + size])
  File "/usr/lib/python3.10/multiprocessing/connection.py", line 404, in _send_bytes
    self._send(header)
  File "/usr/lib/python3.10/multiprocessing/connection.py", line 368, in _send
    n = write(self._handle, buf)
BrokenPipeError: [Errno 32] Broken pipe

During handling of the above exception, another exception occurred:

Traceback (most recent call last):
  File "/usr/lib/python3.10/multiprocessing/process.py", line 314, in _bootstrap
    self.run()
  File "/usr/lib/python3.10/multiprocessing/process.py", line 108, in run
    self._target(*self._args, **self._kwargs)
  File "/usr/lib/python3.10/multiprocessing/pool.py", line 136, in worker
    put((job, i, (False, wrapped)))
  File "/usr/lib/python3.10/multiprocessing/queues.py", line 377, in put
    self._writer.send_bytes(obj)
  File "/usr/lib/python3.10/multiprocessing/connection.py", line 200, in send_bytes
    self._send_bytes(m[offset:offset + size])
  File "/usr/lib/python3.10/multiprocessing/connection.py", line 404, in _send_bytes
    self._send(header)
  File "/usr/lib/python3.10/multiprocessing/connection.py", line 368, in _send
    n = write(self._handle, buf)
BrokenPipeError: [Errno 32] Broken pipe
Process SpawnPoolWorker-19:
Traceback (most recent call last):
  File "/usr/lib/python3.10/multiprocessing/pool.py", line 131, in worker
    put((job, i, result))
  File "/usr/lib/python3.10/multiprocessing/queues.py", line 377, in put
    self._writer.send_bytes(obj)
  File "/usr/lib/python3.10/multiprocessing/connection.py", line 200, in send_bytes
    self._send_bytes(m[offset:offset + size])
  File "/usr/lib/python3.10/multiprocessing/connection.py", line 404, in _send_bytes
    self._send(header)
  File "/usr/lib/python3.10/multiprocessing/connection.py", line 368, in _send
    n = write(self._handle, buf)
BrokenPipeError: [Errno 32] Broken pipe

During handling of the above exception, another exception occurred:

Traceback (most recent call last):
  File "/usr/lib/python3.10/multiprocessing/process.py", line 314, in _bootstrap
    self.run()
  File "/usr/lib/python3.10/multiprocessing/process.py", line 108, in run
    self._target(*self._args, **self._kwargs)
  File "/usr/lib/python3.10/multiprocessing/pool.py", line 136, in worker
    put((job, i, (False, wrapped)))
  File "/usr/lib/python3.10/multiprocessing/queues.py", line 377, in put
    self._writer.send_bytes(obj)
  File "/usr/lib/python3.10/multiprocessing/connection.py", line 200, in send_bytes
    self._send_bytes(m[offset:offset + size])
  File "/usr/lib/python3.10/multiprocessing/connection.py", line 404, in _send_bytes
    self._send(header)
  File "/usr/lib/python3.10/multiprocessing/connection.py", line 368, in _send
    n = write(self._handle, buf)
BrokenPipeError: [Errno 32] Broken pipe
Process SpawnPoolWorker-13:
Traceback (most recent call last):
  File "/usr/lib/python3.10/multiprocessing/pool.py", line 131, in worker
    put((job, i, result))
  File "/usr/lib/python3.10/multiprocessing/queues.py", line 377, in put
    self._writer.send_bytes(obj)
  File "/usr/lib/python3.10/multiprocessing/connection.py", line 200, in send_bytes
    self._send_bytes(m[offset:offset + size])
  File "/usr/lib/python3.10/multiprocessing/connection.py", line 404, in _send_bytes
    self._send(header)
  File "/usr/lib/python3.10/multiprocessing/connection.py", line 368, in _send
    n = write(self._handle, buf)
BrokenPipeError: [Errno 32] Broken pipe

During handling of the above exception, another exception occurred:

Traceback (most recent call last):
  File "/usr/lib/python3.10/multiprocessing/process.py", line 314, in _bootstrap
    self.run()
  File "/usr/lib/python3.10/multiprocessing/process.py", line 108, in run
    self._target(*self._args, **self._kwargs)
  File "/usr/lib/python3.10/multiprocessing/pool.py", line 136, in worker
    put((job, i, (False, wrapped)))
  File "/usr/lib/python3.10/multiprocessing/queues.py", line 377, in put
    self._writer.send_bytes(obj)
  File "/usr/lib/python3.10/multiprocessing/connection.py", line 200, in send_bytes
    self._send_bytes(m[offset:offset + size])
  File "/usr/lib/python3.10/multiprocessing/connection.py", line 404, in _send_bytes
    self._send(header)
  File "/usr/lib/python3.10/multiprocessing/connection.py", line 368, in _send
    n = write(self._handle, buf)
BrokenPipeError: [Errno 32] Broken pipe
Process SpawnPoolWorker-2:
Traceback (most recent call last):
  File "/usr/lib/python3.10/multiprocessing/pool.py", line 131, in worker
    put((job, i, result))
  File "/usr/lib/python3.10/multiprocessing/queues.py", line 377, in put
    self._writer.send_bytes(obj)
  File "/usr/lib/python3.10/multiprocessing/connection.py", line 200, in send_bytes
    self._send_bytes(m[offset:offset + size])
  File "/usr/lib/python3.10/multiprocessing/connection.py", line 404, in _send_bytes
    self._send(header)
  File "/usr/lib/python3.10/multiprocessing/connection.py", line 368, in _send
    n = write(self._handle, buf)
BrokenPipeError: [Errno 32] Broken pipe

During handling of the above exception, another exception occurred:

Traceback (most recent call last):
  File "/usr/lib/python3.10/multiprocessing/process.py", line 314, in _bootstrap
    self.run()
  File "/usr/lib/python3.10/multiprocessing/process.py", line 108, in run
    self._target(*self._args, **self._kwargs)
  File "/usr/lib/python3.10/multiprocessing/pool.py", line 136, in worker
    put((job, i, (False, wrapped)))
  File "/usr/lib/python3.10/multiprocessing/queues.py", line 377, in put
    self._writer.send_bytes(obj)
  File "/usr/lib/python3.10/multiprocessing/connection.py", line 200, in send_bytes
    self._send_bytes(m[offset:offset + size])
  File "/usr/lib/python3.10/multiprocessing/connection.py", line 404, in _send_bytes
    self._send(header)
  File "/usr/lib/python3.10/multiprocessing/connection.py", line 368, in _send
    n = write(self._handle, buf)
BrokenPipeError: [Errno 32] Broken pipe
Process SpawnPoolWorker-11:
Traceback (most recent call last):
  File "/usr/lib/python3.10/multiprocessing/pool.py", line 131, in worker
    put((job, i, result))
  File "/usr/lib/python3.10/multiprocessing/queues.py", line 377, in put
    self._writer.send_bytes(obj)
  File "/usr/lib/python3.10/multiprocessing/connection.py", line 200, in send_bytes
    self._send_bytes(m[offset:offset + size])
  File "/usr/lib/python3.10/multiprocessing/connection.py", line 404, in _send_bytes
    self._send(header)
  File "/usr/lib/python3.10/multiprocessing/connection.py", line 368, in _send
    n = write(self._handle, buf)
BrokenPipeError: [Errno 32] Broken pipe

During handling of the above exception, another exception occurred:

Traceback (most recent call last):
  File "/usr/lib/python3.10/multiprocessing/process.py", line 314, in _bootstrap
    self.run()
  File "/usr/lib/python3.10/multiprocessing/process.py", line 108, in run
    self._target(*self._args, **self._kwargs)
  File "/usr/lib/python3.10/multiprocessing/pool.py", line 136, in worker
    put((job, i, (False, wrapped)))
  File "/usr/lib/python3.10/multiprocessing/queues.py", line 377, in put
    self._writer.send_bytes(obj)
  File "/usr/lib/python3.10/multiprocessing/connection.py", line 200, in send_bytes
    self._send_bytes(m[offset:offset + size])
  File "/usr/lib/python3.10/multiprocessing/connection.py", line 404, in _send_bytes
    self._send(header)
  File "/usr/lib/python3.10/multiprocessing/connection.py", line 368, in _send
    n = write(self._handle, buf)
BrokenPipeError: [Errno 32] Broken pipe
Process SpawnPoolWorker-55:
Traceback (most recent call last):
  File "/usr/lib/python3.10/multiprocessing/pool.py", line 131, in worker
    put((job, i, result))
  File "/usr/lib/python3.10/multiprocessing/queues.py", line 377, in put
    self._writer.send_bytes(obj)
  File "/usr/lib/python3.10/multiprocessing/connection.py", line 200, in send_bytes
    self._send_bytes(m[offset:offset + size])
  File "/usr/lib/python3.10/multiprocessing/connection.py", line 404, in _send_bytes
    self._send(header)
  File "/usr/lib/python3.10/multiprocessing/connection.py", line 368, in _send
    n = write(self._handle, buf)
BrokenPipeError: [Errno 32] Broken pipe

During handling of the above exception, another exception occurred:

Traceback (most recent call last):
  File "/usr/lib/python3.10/multiprocessing/process.py", line 314, in _bootstrap
    self.run()
  File "/usr/lib/python3.10/multiprocessing/process.py", line 108, in run
    self._target(*self._args, **self._kwargs)
  File "/usr/lib/python3.10/multiprocessing/pool.py", line 136, in worker
    put((job, i, (False, wrapped)))
  File "/usr/lib/python3.10/multiprocessing/queues.py", line 377, in put
    self._writer.send_bytes(obj)
  File "/usr/lib/python3.10/multiprocessing/connection.py", line 200, in send_bytes
    self._send_bytes(m[offset:offset + size])
  File "/usr/lib/python3.10/multiprocessing/connection.py", line 404, in _send_bytes
    self._send(header)
  File "/usr/lib/python3.10/multiprocessing/connection.py", line 368, in _send
    n = write(self._handle, buf)
BrokenPipeError: [Errno 32] Broken pipe
Process SpawnPoolWorker-17:
Traceback (most recent call last):
  File "/usr/lib/python3.10/multiprocessing/pool.py", line 131, in worker
    put((job, i, result))
  File "/usr/lib/python3.10/multiprocessing/queues.py", line 377, in put
    self._writer.send_bytes(obj)
  File "/usr/lib/python3.10/multiprocessing/connection.py", line 200, in send_bytes
    self._send_bytes(m[offset:offset + size])
  File "/usr/lib/python3.10/multiprocessing/connection.py", line 404, in _send_bytes
    self._send(header)
  File "/usr/lib/python3.10/multiprocessing/connection.py", line 368, in _send
    n = write(self._handle, buf)
BrokenPipeError: [Errno 32] Broken pipe

During handling of the above exception, another exception occurred:

Traceback (most recent call last):
  File "/usr/lib/python3.10/multiprocessing/process.py", line 314, in _bootstrap
    self.run()
  File "/usr/lib/python3.10/multiprocessing/process.py", line 108, in run
    self._target(*self._args, **self._kwargs)
  File "/usr/lib/python3.10/multiprocessing/pool.py", line 136, in worker
    put((job, i, (False, wrapped)))
  File "/usr/lib/python3.10/multiprocessing/queues.py", line 377, in put
    self._writer.send_bytes(obj)
  File "/usr/lib/python3.10/multiprocessing/connection.py", line 200, in send_bytes
    self._send_bytes(m[offset:offset + size])
  File "/usr/lib/python3.10/multiprocessing/connection.py", line 404, in _send_bytes
    self._send(header)
  File "/usr/lib/python3.10/multiprocessing/connection.py", line 368, in _send
    n = write(self._handle, buf)
BrokenPipeError: [Errno 32] Broken pipe
Process SpawnPoolWorker-25:
Traceback (most recent call last):
  File "/usr/lib/python3.10/multiprocessing/pool.py", line 131, in worker
    put((job, i, result))
  File "/usr/lib/python3.10/multiprocessing/queues.py", line 377, in put
    self._writer.send_bytes(obj)
  File "/usr/lib/python3.10/multiprocessing/connection.py", line 200, in send_bytes
    self._send_bytes(m[offset:offset + size])
  File "/usr/lib/python3.10/multiprocessing/connection.py", line 404, in _send_bytes
    self._send(header)
  File "/usr/lib/python3.10/multiprocessing/connection.py", line 368, in _send
    n = write(self._handle, buf)
BrokenPipeError: [Errno 32] Broken pipe

During handling of the above exception, another exception occurred:

Traceback (most recent call last):
  File "/usr/lib/python3.10/multiprocessing/process.py", line 314, in _bootstrap
    self.run()
  File "/usr/lib/python3.10/multiprocessing/process.py", line 108, in run
    self._target(*self._args, **self._kwargs)
  File "/usr/lib/python3.10/multiprocessing/pool.py", line 136, in worker
    put((job, i, (False, wrapped)))
  File "/usr/lib/python3.10/multiprocessing/queues.py", line 377, in put
    self._writer.send_bytes(obj)
  File "/usr/lib/python3.10/multiprocessing/connection.py", line 200, in send_bytes
    self._send_bytes(m[offset:offset + size])
  File "/usr/lib/python3.10/multiprocessing/connection.py", line 404, in _send_bytes
    self._send(header)
  File "/usr/lib/python3.10/multiprocessing/connection.py", line 368, in _send
    n = write(self._handle, buf)
BrokenPipeError: [Errno 32] Broken pipe
Process SpawnPoolWorker-29:
Traceback (most recent call last):
  File "/usr/lib/python3.10/multiprocessing/pool.py", line 131, in worker
    put((job, i, result))
  File "/usr/lib/python3.10/multiprocessing/queues.py", line 377, in put
    self._writer.send_bytes(obj)
  File "/usr/lib/python3.10/multiprocessing/connection.py", line 200, in send_bytes
    self._send_bytes(m[offset:offset + size])
  File "/usr/lib/python3.10/multiprocessing/connection.py", line 404, in _send_bytes
    self._send(header)
  File "/usr/lib/python3.10/multiprocessing/connection.py", line 368, in _send
    n = write(self._handle, buf)
BrokenPipeError: [Errno 32] Broken pipe

During handling of the above exception, another exception occurred:

Traceback (most recent call last):
  File "/usr/lib/python3.10/multiprocessing/process.py", line 314, in _bootstrap
    self.run()
  File "/usr/lib/python3.10/multiprocessing/process.py", line 108, in run
    self._target(*self._args, **self._kwargs)
  File "/usr/lib/python3.10/multiprocessing/pool.py", line 136, in worker
    put((job, i, (False, wrapped)))
  File "/usr/lib/python3.10/multiprocessing/queues.py", line 377, in put
    self._writer.send_bytes(obj)
  File "/usr/lib/python3.10/multiprocessing/connection.py", line 200, in send_bytes
    self._send_bytes(m[offset:offset + size])
  File "/usr/lib/python3.10/multiprocessing/connection.py", line 404, in _send_bytes
    self._send(header)
  File "/usr/lib/python3.10/multiprocessing/connection.py", line 368, in _send
    n = write(self._handle, buf)
BrokenPipeError: [Errno 32] Broken pipe
Process SpawnPoolWorker-27:
Traceback (most recent call last):
  File "/usr/lib/python3.10/multiprocessing/pool.py", line 131, in worker
    put((job, i, result))
  File "/usr/lib/python3.10/multiprocessing/queues.py", line 377, in put
    self._writer.send_bytes(obj)
  File "/usr/lib/python3.10/multiprocessing/connection.py", line 200, in send_bytes
    self._send_bytes(m[offset:offset + size])
  File "/usr/lib/python3.10/multiprocessing/connection.py", line 404, in _send_bytes
    self._send(header)
  File "/usr/lib/python3.10/multiprocessing/connection.py", line 368, in _send
    n = write(self._handle, buf)
BrokenPipeError: [Errno 32] Broken pipe

During handling of the above exception, another exception occurred:

Traceback (most recent call last):
  File "/usr/lib/python3.10/multiprocessing/process.py", line 314, in _bootstrap
    self.run()
  File "/usr/lib/python3.10/multiprocessing/process.py", line 108, in run
    self._target(*self._args, **self._kwargs)
  File "/usr/lib/python3.10/multiprocessing/pool.py", line 136, in worker
    put((job, i, (False, wrapped)))
  File "/usr/lib/python3.10/multiprocessing/queues.py", line 377, in put
    self._writer.send_bytes(obj)
  File "/usr/lib/python3.10/multiprocessing/connection.py", line 200, in send_bytes
    self._send_bytes(m[offset:offset + size])
  File "/usr/lib/python3.10/multiprocessing/connection.py", line 404, in _send_bytes
    self._send(header)
  File "/usr/lib/python3.10/multiprocessing/connection.py", line 368, in _send
    n = write(self._handle, buf)
BrokenPipeError: [Errno 32] Broken pipe
Process SpawnPoolWorker-44:
Traceback (most recent call last):
  File "/usr/lib/python3.10/multiprocessing/pool.py", line 131, in worker
    put((job, i, result))
  File "/usr/lib/python3.10/multiprocessing/queues.py", line 377, in put
    self._writer.send_bytes(obj)
  File "/usr/lib/python3.10/multiprocessing/connection.py", line 200, in send_bytes
    self._send_bytes(m[offset:offset + size])
  File "/usr/lib/python3.10/multiprocessing/connection.py", line 404, in _send_bytes
    self._send(header)
  File "/usr/lib/python3.10/multiprocessing/connection.py", line 368, in _send
    n = write(self._handle, buf)
BrokenPipeError: [Errno 32] Broken pipe

During handling of the above exception, another exception occurred:

Traceback (most recent call last):
  File "/usr/lib/python3.10/multiprocessing/process.py", line 314, in _bootstrap
    self.run()
  File "/usr/lib/python3.10/multiprocessing/process.py", line 108, in run
    self._target(*self._args, **self._kwargs)
  File "/usr/lib/python3.10/multiprocessing/pool.py", line 136, in worker
    put((job, i, (False, wrapped)))
  File "/usr/lib/python3.10/multiprocessing/queues.py", line 377, in put
    self._writer.send_bytes(obj)
  File "/usr/lib/python3.10/multiprocessing/connection.py", line 200, in send_bytes
    self._send_bytes(m[offset:offset + size])
  File "/usr/lib/python3.10/multiprocessing/connection.py", line 404, in _send_bytes
    self._send(header)
  File "/usr/lib/python3.10/multiprocessing/connection.py", line 368, in _send
    n = write(self._handle, buf)
BrokenPipeError: [Errno 32] Broken pipe
Process SpawnPoolWorker-1:
Traceback (most recent call last):
  File "/usr/lib/python3.10/multiprocessing/pool.py", line 131, in worker
    put((job, i, result))
  File "/usr/lib/python3.10/multiprocessing/queues.py", line 377, in put
    self._writer.send_bytes(obj)
  File "/usr/lib/python3.10/multiprocessing/connection.py", line 200, in send_bytes
    self._send_bytes(m[offset:offset + size])
  File "/usr/lib/python3.10/multiprocessing/connection.py", line 404, in _send_bytes
    self._send(header)
  File "/usr/lib/python3.10/multiprocessing/connection.py", line 368, in _send
    n = write(self._handle, buf)
BrokenPipeError: [Errno 32] Broken pipe

During handling of the above exception, another exception occurred:

Traceback (most recent call last):
  File "/usr/lib/python3.10/multiprocessing/process.py", line 314, in _bootstrap
    self.run()
  File "/usr/lib/python3.10/multiprocessing/process.py", line 108, in run
    self._target(*self._args, **self._kwargs)
  File "/usr/lib/python3.10/multiprocessing/pool.py", line 136, in worker
    put((job, i, (False, wrapped)))
  File "/usr/lib/python3.10/multiprocessing/queues.py", line 377, in put
    self._writer.send_bytes(obj)
  File "/usr/lib/python3.10/multiprocessing/connection.py", line 200, in send_bytes
    self._send_bytes(m[offset:offset + size])
  File "/usr/lib/python3.10/multiprocessing/connection.py", line 404, in _send_bytes
    self._send(header)
  File "/usr/lib/python3.10/multiprocessing/connection.py", line 368, in _send
    n = write(self._handle, buf)
BrokenPipeError: [Errno 32] Broken pipe
Process SpawnPoolWorker-47:
Traceback (most recent call last):
  File "/usr/lib/python3.10/multiprocessing/pool.py", line 131, in worker
    put((job, i, result))
  File "/usr/lib/python3.10/multiprocessing/queues.py", line 377, in put
    self._writer.send_bytes(obj)
  File "/usr/lib/python3.10/multiprocessing/connection.py", line 200, in send_bytes
    self._send_bytes(m[offset:offset + size])
  File "/usr/lib/python3.10/multiprocessing/connection.py", line 404, in _send_bytes
    self._send(header)
  File "/usr/lib/python3.10/multiprocessing/connection.py", line 368, in _send
    n = write(self._handle, buf)
BrokenPipeError: [Errno 32] Broken pipe

During handling of the above exception, another exception occurred:

Traceback (most recent call last):
  File "/usr/lib/python3.10/multiprocessing/process.py", line 314, in _bootstrap
    self.run()
  File "/usr/lib/python3.10/multiprocessing/process.py", line 108, in run
    self._target(*self._args, **self._kwargs)
  File "/usr/lib/python3.10/multiprocessing/pool.py", line 136, in worker
    put((job, i, (False, wrapped)))
  File "/usr/lib/python3.10/multiprocessing/queues.py", line 377, in put
    self._writer.send_bytes(obj)
  File "/usr/lib/python3.10/multiprocessing/connection.py", line 200, in send_bytes
    self._send_bytes(m[offset:offset + size])
  File "/usr/lib/python3.10/multiprocessing/connection.py", line 404, in _send_bytes
    self._send(header)
  File "/usr/lib/python3.10/multiprocessing/connection.py", line 368, in _send
    n = write(self._handle, buf)
BrokenPipeError: [Errno 32] Broken pipe
Process SpawnPoolWorker-46:
Traceback (most recent call last):
  File "/usr/lib/python3.10/multiprocessing/pool.py", line 131, in worker
    put((job, i, result))
  File "/usr/lib/python3.10/multiprocessing/queues.py", line 377, in put
    self._writer.send_bytes(obj)
  File "/usr/lib/python3.10/multiprocessing/connection.py", line 200, in send_bytes
    self._send_bytes(m[offset:offset + size])
  File "/usr/lib/python3.10/multiprocessing/connection.py", line 404, in _send_bytes
    self._send(header)
  File "/usr/lib/python3.10/multiprocessing/connection.py", line 368, in _send
    n = write(self._handle, buf)
BrokenPipeError: [Errno 32] Broken pipe

During handling of the above exception, another exception occurred:

Traceback (most recent call last):
  File "/usr/lib/python3.10/multiprocessing/process.py", line 314, in _bootstrap
    self.run()
  File "/usr/lib/python3.10/multiprocessing/process.py", line 108, in run
    self._target(*self._args, **self._kwargs)
  File "/usr/lib/python3.10/multiprocessing/pool.py", line 136, in worker
    put((job, i, (False, wrapped)))
  File "/usr/lib/python3.10/multiprocessing/queues.py", line 377, in put
    self._writer.send_bytes(obj)
  File "/usr/lib/python3.10/multiprocessing/connection.py", line 200, in send_bytes
    self._send_bytes(m[offset:offset + size])
  File "/usr/lib/python3.10/multiprocessing/connection.py", line 404, in _send_bytes
    self._send(header)
  File "/usr/lib/python3.10/multiprocessing/connection.py", line 368, in _send
    n = write(self._handle, buf)
BrokenPipeError: [Errno 32] Broken pipe
Process SpawnPoolWorker-6:
Traceback (most recent call last):
  File "/usr/lib/python3.10/multiprocessing/pool.py", line 131, in worker
    put((job, i, result))
  File "/usr/lib/python3.10/multiprocessing/queues.py", line 377, in put
    self._writer.send_bytes(obj)
  File "/usr/lib/python3.10/multiprocessing/connection.py", line 200, in send_bytes
    self._send_bytes(m[offset:offset + size])
  File "/usr/lib/python3.10/multiprocessing/connection.py", line 404, in _send_bytes
    self._send(header)
  File "/usr/lib/python3.10/multiprocessing/connection.py", line 368, in _send
    n = write(self._handle, buf)
BrokenPipeError: [Errno 32] Broken pipe

During handling of the above exception, another exception occurred:

Traceback (most recent call last):
  File "/usr/lib/python3.10/multiprocessing/process.py", line 314, in _bootstrap
    self.run()
  File "/usr/lib/python3.10/multiprocessing/process.py", line 108, in run
    self._target(*self._args, **self._kwargs)
  File "/usr/lib/python3.10/multiprocessing/pool.py", line 136, in worker
    put((job, i, (False, wrapped)))
  File "/usr/lib/python3.10/multiprocessing/queues.py", line 377, in put
    self._writer.send_bytes(obj)
  File "/usr/lib/python3.10/multiprocessing/connection.py", line 200, in send_bytes
    self._send_bytes(m[offset:offset + size])
  File "/usr/lib/python3.10/multiprocessing/connection.py", line 404, in _send_bytes
    self._send(header)
  File "/usr/lib/python3.10/multiprocessing/connection.py", line 368, in _send
    n = write(self._handle, buf)
BrokenPipeError: [Errno 32] Broken pipe
Process SpawnPoolWorker-24:
Traceback (most recent call last):
  File "/usr/lib/python3.10/multiprocessing/pool.py", line 131, in worker
    put((job, i, result))
  File "/usr/lib/python3.10/multiprocessing/queues.py", line 377, in put
    self._writer.send_bytes(obj)
  File "/usr/lib/python3.10/multiprocessing/connection.py", line 200, in send_bytes
    self._send_bytes(m[offset:offset + size])
  File "/usr/lib/python3.10/multiprocessing/connection.py", line 404, in _send_bytes
    self._send(header)
  File "/usr/lib/python3.10/multiprocessing/connection.py", line 368, in _send
    n = write(self._handle, buf)
BrokenPipeError: [Errno 32] Broken pipe

During handling of the above exception, another exception occurred:

Traceback (most recent call last):
  File "/usr/lib/python3.10/multiprocessing/process.py", line 314, in _bootstrap
    self.run()
  File "/usr/lib/python3.10/multiprocessing/process.py", line 108, in run
    self._target(*self._args, **self._kwargs)
  File "/usr/lib/python3.10/multiprocessing/pool.py", line 136, in worker
    put((job, i, (False, wrapped)))
  File "/usr/lib/python3.10/multiprocessing/queues.py", line 377, in put
    self._writer.send_bytes(obj)
  File "/usr/lib/python3.10/multiprocessing/connection.py", line 200, in send_bytes
    self._send_bytes(m[offset:offset + size])
  File "/usr/lib/python3.10/multiprocessing/connection.py", line 404, in _send_bytes
    self._send(header)
  File "/usr/lib/python3.10/multiprocessing/connection.py", line 368, in _send
    n = write(self._handle, buf)
BrokenPipeError: [Errno 32] Broken pipe
Process SpawnPoolWorker-5:
Traceback (most recent call last):
  File "/usr/lib/python3.10/multiprocessing/pool.py", line 131, in worker
    put((job, i, result))
  File "/usr/lib/python3.10/multiprocessing/queues.py", line 377, in put
    self._writer.send_bytes(obj)
  File "/usr/lib/python3.10/multiprocessing/connection.py", line 200, in send_bytes
    self._send_bytes(m[offset:offset + size])
  File "/usr/lib/python3.10/multiprocessing/connection.py", line 404, in _send_bytes
    self._send(header)
  File "/usr/lib/python3.10/multiprocessing/connection.py", line 368, in _send
    n = write(self._handle, buf)
BrokenPipeError: [Errno 32] Broken pipe

During handling of the above exception, another exception occurred:

Traceback (most recent call last):
  File "/usr/lib/python3.10/multiprocessing/process.py", line 314, in _bootstrap
    self.run()
  File "/usr/lib/python3.10/multiprocessing/process.py", line 108, in run
    self._target(*self._args, **self._kwargs)
  File "/usr/lib/python3.10/multiprocessing/pool.py", line 136, in worker
    put((job, i, (False, wrapped)))
  File "/usr/lib/python3.10/multiprocessing/queues.py", line 377, in put
    self._writer.send_bytes(obj)
  File "/usr/lib/python3.10/multiprocessing/connection.py", line 200, in send_bytes
    self._send_bytes(m[offset:offset + size])
  File "/usr/lib/python3.10/multiprocessing/connection.py", line 404, in _send_bytes
    self._send(header)
  File "/usr/lib/python3.10/multiprocessing/connection.py", line 368, in _send
    n = write(self._handle, buf)
BrokenPipeError: [Errno 32] Broken pipe
Process SpawnPoolWorker-39:
Traceback (most recent call last):
  File "/usr/lib/python3.10/multiprocessing/pool.py", line 131, in worker
    put((job, i, result))
  File "/usr/lib/python3.10/multiprocessing/queues.py", line 377, in put
    self._writer.send_bytes(obj)
  File "/usr/lib/python3.10/multiprocessing/connection.py", line 200, in send_bytes
    self._send_bytes(m[offset:offset + size])
  File "/usr/lib/python3.10/multiprocessing/connection.py", line 404, in _send_bytes
    self._send(header)
  File "/usr/lib/python3.10/multiprocessing/connection.py", line 368, in _send
    n = write(self._handle, buf)
BrokenPipeError: [Errno 32] Broken pipe

During handling of the above exception, another exception occurred:

Traceback (most recent call last):
  File "/usr/lib/python3.10/multiprocessing/process.py", line 314, in _bootstrap
    self.run()
  File "/usr/lib/python3.10/multiprocessing/process.py", line 108, in run
    self._target(*self._args, **self._kwargs)
  File "/usr/lib/python3.10/multiprocessing/pool.py", line 136, in worker
    put((job, i, (False, wrapped)))
  File "/usr/lib/python3.10/multiprocessing/queues.py", line 377, in put
    self._writer.send_bytes(obj)
  File "/usr/lib/python3.10/multiprocessing/connection.py", line 200, in send_bytes
    self._send_bytes(m[offset:offset + size])
  File "/usr/lib/python3.10/multiprocessing/connection.py", line 404, in _send_bytes
    self._send(header)
  File "/usr/lib/python3.10/multiprocessing/connection.py", line 368, in _send
    n = write(self._handle, buf)
BrokenPipeError: [Errno 32] Broken pipe
Process SpawnPoolWorker-37:
Traceback (most recent call last):
  File "/usr/lib/python3.10/multiprocessing/pool.py", line 131, in worker
    put((job, i, result))
  File "/usr/lib/python3.10/multiprocessing/queues.py", line 377, in put
    self._writer.send_bytes(obj)
  File "/usr/lib/python3.10/multiprocessing/connection.py", line 200, in send_bytes
    self._send_bytes(m[offset:offset + size])
  File "/usr/lib/python3.10/multiprocessing/connection.py", line 404, in _send_bytes
    self._send(header)
  File "/usr/lib/python3.10/multiprocessing/connection.py", line 368, in _send
    n = write(self._handle, buf)
BrokenPipeError: [Errno 32] Broken pipe

During handling of the above exception, another exception occurred:

Traceback (most recent call last):
  File "/usr/lib/python3.10/multiprocessing/process.py", line 314, in _bootstrap
    self.run()
  File "/usr/lib/python3.10/multiprocessing/process.py", line 108, in run
    self._target(*self._args, **self._kwargs)
  File "/usr/lib/python3.10/multiprocessing/pool.py", line 136, in worker
    put((job, i, (False, wrapped)))
  File "/usr/lib/python3.10/multiprocessing/queues.py", line 377, in put
    self._writer.send_bytes(obj)
  File "/usr/lib/python3.10/multiprocessing/connection.py", line 200, in send_bytes
    self._send_bytes(m[offset:offset + size])
  File "/usr/lib/python3.10/multiprocessing/connection.py", line 404, in _send_bytes
    self._send(header)
  File "/usr/lib/python3.10/multiprocessing/connection.py", line 368, in _send
    n = write(self._handle, buf)
BrokenPipeError: [Errno 32] Broken pipe
Process SpawnPoolWorker-10:
Traceback (most recent call last):
  File "/usr/lib/python3.10/multiprocessing/pool.py", line 131, in worker
    put((job, i, result))
  File "/usr/lib/python3.10/multiprocessing/queues.py", line 377, in put
    self._writer.send_bytes(obj)
  File "/usr/lib/python3.10/multiprocessing/connection.py", line 200, in send_bytes
    self._send_bytes(m[offset:offset + size])
  File "/usr/lib/python3.10/multiprocessing/connection.py", line 404, in _send_bytes
    self._send(header)
  File "/usr/lib/python3.10/multiprocessing/connection.py", line 368, in _send
    n = write(self._handle, buf)
BrokenPipeError: [Errno 32] Broken pipe

During handling of the above exception, another exception occurred:

Traceback (most recent call last):
  File "/usr/lib/python3.10/multiprocessing/process.py", line 314, in _bootstrap
    self.run()
  File "/usr/lib/python3.10/multiprocessing/process.py", line 108, in run
    self._target(*self._args, **self._kwargs)
  File "/usr/lib/python3.10/multiprocessing/pool.py", line 136, in worker
    put((job, i, (False, wrapped)))
  File "/usr/lib/python3.10/multiprocessing/queues.py", line 377, in put
    self._writer.send_bytes(obj)
  File "/usr/lib/python3.10/multiprocessing/connection.py", line 200, in send_bytes
    self._send_bytes(m[offset:offset + size])
  File "/usr/lib/python3.10/multiprocessing/connection.py", line 404, in _send_bytes
    self._send(header)
  File "/usr/lib/python3.10/multiprocessing/connection.py", line 368, in _send
    n = write(self._handle, buf)
BrokenPipeError: [Errno 32] Broken pipe
/usr/lib/python3.10/multiprocessing/resource_tracker.py:224: UserWarning: resource_tracker: There appear to be 7 leaked semaphore objects to clean up at shutdown
  warnings.warn('resource_tracker: There appear to be %d '
