/usr/local/lib/python3.10/dist-packages/torch/cuda/__init__.py:61: FutureWarning: The pynvml package is deprecated. Please install nvidia-ml-py instead. If you did not install pynvml directly, please report this to the maintainers of the package that installed pynvml for you.
  import pynvml  # type: ignore[import]
[resume] partial load: missing=['log_std'] unexpected=[]
[resume] loaded actor from baseline/humanoid21/runs/stage1_20260430_093352/policy/model.pt (algorithm='ppo_stage1_terminal_fall_penalty' update=960 best_eval_length=200.0)
run_dir=/data1/mono/things/combatbench/baseline/humanoid21/runs/curriculum_resumed_20260508_192021
curriculum: max_steps=200 r1_scale=1.0 r2_scale=0.05 r3_scale=10.0 window=3 dwell=5
/usr/local/lib/python3.10/dist-packages/torch/cuda/__init__.py:61: FutureWarning: The pynvml package is deprecated. Please install nvidia-ml-py instead. If you did not install pynvml directly, please report this to the maintainers of the package that installed pynvml for you.
  import pynvml  # type: ignore[import]
/usr/local/lib/python3.10/dist-packages/torch/cuda/__init__.py:61: FutureWarning: The pynvml package is deprecated. Please install nvidia-ml-py instead. If you did not install pynvml directly, please report this to the maintainers of the package that installed pynvml for you.
  import pynvml  # type: ignore[import]
/usr/local/lib/python3.10/dist-packages/torch/cuda/__init__.py:61: FutureWarning: The pynvml package is deprecated. Please install nvidia-ml-py instead. If you did not install pynvml directly, please report this to the maintainers of the package that installed pynvml for you.
  import pynvml  # type: ignore[import]
/usr/local/lib/python3.10/dist-packages/torch/cuda/__init__.py:61: FutureWarning: The pynvml package is deprecated. Please install nvidia-ml-py instead. If you did not install pynvml directly, please report this to the maintainers of the package that installed pynvml for you.
  import pynvml  # type: ignore[import]
/usr/local/lib/python3.10/dist-packages/torch/cuda/__init__.py:61: FutureWarning: The pynvml package is deprecated. Please install nvidia-ml-py instead. If you did not install pynvml directly, please report this to the maintainers of the package that installed pynvml for you.
  import pynvml  # type: ignore[import]
/usr/local/lib/python3.10/dist-packages/torch/cuda/__init__.py:61: FutureWarning: The pynvml package is deprecated. Please install nvidia-ml-py instead. If you did not install pynvml directly, please report this to the maintainers of the package that installed pynvml for you.
  import pynvml  # type: ignore[import]
/usr/local/lib/python3.10/dist-packages/torch/cuda/__init__.py:61: FutureWarning: The pynvml package is deprecated. Please install nvidia-ml-py instead. If you did not install pynvml directly, please report this to the maintainers of the package that installed pynvml for you.
  import pynvml  # type: ignore[import]
/usr/local/lib/python3.10/dist-packages/torch/cuda/__init__.py:61: FutureWarning: The pynvml package is deprecated. Please install nvidia-ml-py instead. If you did not install pynvml directly, please report this to the maintainers of the package that installed pynvml for you.
  import pynvml  # type: ignore[import]
/usr/local/lib/python3.10/dist-packages/torch/cuda/__init__.py:61: FutureWarning: The pynvml package is deprecated. Please install nvidia-ml-py instead. If you did not install pynvml directly, please report this to the maintainers of the package that installed pynvml for you.
  import pynvml  # type: ignore[import]
/usr/local/lib/python3.10/dist-packages/torch/cuda/__init__.py:61: FutureWarning: The pynvml package is deprecated. Please install nvidia-ml-py instead. If you did not install pynvml directly, please report this to the maintainers of the package that installed pynvml for you.
  import pynvml  # type: ignore[import]
/usr/local/lib/python3.10/dist-packages/torch/cuda/__init__.py:61: FutureWarning: The pynvml package is deprecated. Please install nvidia-ml-py instead. If you did not install pynvml directly, please report this to the maintainers of the package that installed pynvml for you.
  import pynvml  # type: ignore[import]
/usr/local/lib/python3.10/dist-packages/torch/cuda/__init__.py:61: FutureWarning: The pynvml package is deprecated. Please install nvidia-ml-py instead. If you did not install pynvml directly, please report this to the maintainers of the package that installed pynvml for you.
  import pynvml  # type: ignore[import]
/usr/local/lib/python3.10/dist-packages/torch/cuda/__init__.py:61: FutureWarning: The pynvml package is deprecated. Please install nvidia-ml-py instead. If you did not install pynvml directly, please report this to the maintainers of the package that installed pynvml for you.
  import pynvml  # type: ignore[import]
/usr/local/lib/python3.10/dist-packages/torch/cuda/__init__.py:61: FutureWarning: The pynvml package is deprecated. Please install nvidia-ml-py instead. If you did not install pynvml directly, please report this to the maintainers of the package that installed pynvml for you.
  import pynvml  # type: ignore[import]
/usr/local/lib/python3.10/dist-packages/torch/cuda/__init__.py:61: FutureWarning: The pynvml package is deprecated. Please install nvidia-ml-py instead. If you did not install pynvml directly, please report this to the maintainers of the package that installed pynvml for you.
  import pynvml  # type: ignore[import]
/usr/local/lib/python3.10/dist-packages/torch/cuda/__init__.py:61: FutureWarning: The pynvml package is deprecated. Please install nvidia-ml-py instead. If you did not install pynvml directly, please report this to the maintainers of the package that installed pynvml for you.
  import pynvml  # type: ignore[import]
/usr/local/lib/python3.10/dist-packages/torch/cuda/__init__.py:61: FutureWarning: The pynvml package is deprecated. Please install nvidia-ml-py instead. If you did not install pynvml directly, please report this to the maintainers of the package that installed pynvml for you.
  import pynvml  # type: ignore[import]
/usr/local/lib/python3.10/dist-packages/torch/cuda/__init__.py:61: FutureWarning: The pynvml package is deprecated. Please install nvidia-ml-py instead. If you did not install pynvml directly, please report this to the maintainers of the package that installed pynvml for you.
  import pynvml  # type: ignore[import]
/usr/local/lib/python3.10/dist-packages/torch/cuda/__init__.py:61: FutureWarning: The pynvml package is deprecated. Please install nvidia-ml-py instead. If you did not install pynvml directly, please report this to the maintainers of the package that installed pynvml for you.
  import pynvml  # type: ignore[import]
/usr/local/lib/python3.10/dist-packages/torch/cuda/__init__.py:61: FutureWarning: The pynvml package is deprecated. Please install nvidia-ml-py instead. If you did not install pynvml directly, please report this to the maintainers of the package that installed pynvml for you.
  import pynvml  # type: ignore[import]
/usr/local/lib/python3.10/dist-packages/torch/cuda/__init__.py:61: FutureWarning: The pynvml package is deprecated. Please install nvidia-ml-py instead. If you did not install pynvml directly, please report this to the maintainers of the package that installed pynvml for you.
  import pynvml  # type: ignore[import]
/usr/local/lib/python3.10/dist-packages/torch/cuda/__init__.py:61: FutureWarning: The pynvml package is deprecated. Please install nvidia-ml-py instead. If you did not install pynvml directly, please report this to the maintainers of the package that installed pynvml for you.
  import pynvml  # type: ignore[import]
/usr/local/lib/python3.10/dist-packages/torch/cuda/__init__.py:61: FutureWarning: The pynvml package is deprecated. Please install nvidia-ml-py instead. If you did not install pynvml directly, please report this to the maintainers of the package that installed pynvml for you.
  import pynvml  # type: ignore[import]
/usr/local/lib/python3.10/dist-packages/torch/cuda/__init__.py:61: FutureWarning: The pynvml package is deprecated. Please install nvidia-ml-py instead. If you did not install pynvml directly, please report this to the maintainers of the package that installed pynvml for you.
  import pynvml  # type: ignore[import]
/usr/local/lib/python3.10/dist-packages/torch/cuda/__init__.py:61: FutureWarning: The pynvml package is deprecated. Please install nvidia-ml-py instead. If you did not install pynvml directly, please report this to the maintainers of the package that installed pynvml for you.
  import pynvml  # type: ignore[import]
/usr/local/lib/python3.10/dist-packages/torch/cuda/__init__.py:61: FutureWarning: The pynvml package is deprecated. Please install nvidia-ml-py instead. If you did not install pynvml directly, please report this to the maintainers of the package that installed pynvml for you.
  import pynvml  # type: ignore[import]
/usr/local/lib/python3.10/dist-packages/torch/cuda/__init__.py:61: FutureWarning: The pynvml package is deprecated. Please install nvidia-ml-py instead. If you did not install pynvml directly, please report this to the maintainers of the package that installed pynvml for you.
  import pynvml  # type: ignore[import]
/usr/local/lib/python3.10/dist-packages/torch/cuda/__init__.py:61: FutureWarning: The pynvml package is deprecated. Please install nvidia-ml-py instead. If you did not install pynvml directly, please report this to the maintainers of the package that installed pynvml for you.
  import pynvml  # type: ignore[import]
/usr/local/lib/python3.10/dist-packages/torch/cuda/__init__.py:61: FutureWarning: The pynvml package is deprecated. Please install nvidia-ml-py instead. If you did not install pynvml directly, please report this to the maintainers of the package that installed pynvml for you.
  import pynvml  # type: ignore[import]
/usr/local/lib/python3.10/dist-packages/torch/cuda/__init__.py:61: FutureWarning: The pynvml package is deprecated. Please install nvidia-ml-py instead. If you did not install pynvml directly, please report this to the maintainers of the package that installed pynvml for you.
  import pynvml  # type: ignore[import]
/usr/local/lib/python3.10/dist-packages/torch/cuda/__init__.py:61: FutureWarning: The pynvml package is deprecated. Please install nvidia-ml-py instead. If you did not install pynvml directly, please report this to the maintainers of the package that installed pynvml for you.
  import pynvml  # type: ignore[import]
/usr/local/lib/python3.10/dist-packages/torch/cuda/__init__.py:61: FutureWarning: The pynvml package is deprecated. Please install nvidia-ml-py instead. If you did not install pynvml directly, please report this to the maintainers of the package that installed pynvml for you.
  import pynvml  # type: ignore[import]
/usr/local/lib/python3.10/dist-packages/torch/cuda/__init__.py:61: FutureWarning: The pynvml package is deprecated. Please install nvidia-ml-py instead. If you did not install pynvml directly, please report this to the maintainers of the package that installed pynvml for you.
  import pynvml  # type: ignore[import]
/usr/local/lib/python3.10/dist-packages/torch/cuda/__init__.py:61: FutureWarning: The pynvml package is deprecated. Please install nvidia-ml-py instead. If you did not install pynvml directly, please report this to the maintainers of the package that installed pynvml for you.
  import pynvml  # type: ignore[import]
/usr/local/lib/python3.10/dist-packages/torch/cuda/__init__.py:61: FutureWarning: The pynvml package is deprecated. Please install nvidia-ml-py instead. If you did not install pynvml directly, please report this to the maintainers of the package that installed pynvml for you.
  import pynvml  # type: ignore[import]
/usr/local/lib/python3.10/dist-packages/torch/cuda/__init__.py:61: FutureWarning: The pynvml package is deprecated. Please install nvidia-ml-py instead. If you did not install pynvml directly, please report this to the maintainers of the package that installed pynvml for you.
  import pynvml  # type: ignore[import]
/usr/local/lib/python3.10/dist-packages/torch/cuda/__init__.py:61: FutureWarning: The pynvml package is deprecated. Please install nvidia-ml-py instead. If you did not install pynvml directly, please report this to the maintainers of the package that installed pynvml for you.
  import pynvml  # type: ignore[import]
/usr/local/lib/python3.10/dist-packages/torch/cuda/__init__.py:61: FutureWarning: The pynvml package is deprecated. Please install nvidia-ml-py instead. If you did not install pynvml directly, please report this to the maintainers of the package that installed pynvml for you.
  import pynvml  # type: ignore[import]
/usr/local/lib/python3.10/dist-packages/torch/cuda/__init__.py:61: FutureWarning: The pynvml package is deprecated. Please install nvidia-ml-py instead. If you did not install pynvml directly, please report this to the maintainers of the package that installed pynvml for you.
  import pynvml  # type: ignore[import]
/usr/local/lib/python3.10/dist-packages/torch/cuda/__init__.py:61: FutureWarning: The pynvml package is deprecated. Please install nvidia-ml-py instead. If you did not install pynvml directly, please report this to the maintainers of the package that installed pynvml for you.
  import pynvml  # type: ignore[import]
/usr/local/lib/python3.10/dist-packages/torch/cuda/__init__.py:61: FutureWarning: The pynvml package is deprecated. Please install nvidia-ml-py instead. If you did not install pynvml directly, please report this to the maintainers of the package that installed pynvml for you.
  import pynvml  # type: ignore[import]
/usr/local/lib/python3.10/dist-packages/torch/cuda/__init__.py:61: FutureWarning: The pynvml package is deprecated. Please install nvidia-ml-py instead. If you did not install pynvml directly, please report this to the maintainers of the package that installed pynvml for you.
  import pynvml  # type: ignore[import]
/usr/local/lib/python3.10/dist-packages/torch/cuda/__init__.py:61: FutureWarning: The pynvml package is deprecated. Please install nvidia-ml-py instead. If you did not install pynvml directly, please report this to the maintainers of the package that installed pynvml for you.
  import pynvml  # type: ignore[import]
/usr/local/lib/python3.10/dist-packages/torch/cuda/__init__.py:61: FutureWarning: The pynvml package is deprecated. Please install nvidia-ml-py instead. If you did not install pynvml directly, please report this to the maintainers of the package that installed pynvml for you.
  import pynvml  # type: ignore[import]
/usr/local/lib/python3.10/dist-packages/torch/cuda/__init__.py:61: FutureWarning: The pynvml package is deprecated. Please install nvidia-ml-py instead. If you did not install pynvml directly, please report this to the maintainers of the package that installed pynvml for you.
  import pynvml  # type: ignore[import]
/usr/local/lib/python3.10/dist-packages/torch/cuda/__init__.py:61: FutureWarning: The pynvml package is deprecated. Please install nvidia-ml-py instead. If you did not install pynvml directly, please report this to the maintainers of the package that installed pynvml for you.
  import pynvml  # type: ignore[import]
/usr/local/lib/python3.10/dist-packages/torch/cuda/__init__.py:61: FutureWarning: The pynvml package is deprecated. Please install nvidia-ml-py instead. If you did not install pynvml directly, please report this to the maintainers of the package that installed pynvml for you.
  import pynvml  # type: ignore[import]
/usr/local/lib/python3.10/dist-packages/torch/cuda/__init__.py:61: FutureWarning: The pynvml package is deprecated. Please install nvidia-ml-py instead. If you did not install pynvml directly, please report this to the maintainers of the package that installed pynvml for you.
  import pynvml  # type: ignore[import]
/usr/local/lib/python3.10/dist-packages/torch/cuda/__init__.py:61: FutureWarning: The pynvml package is deprecated. Please install nvidia-ml-py instead. If you did not install pynvml directly, please report this to the maintainers of the package that installed pynvml for you.
  import pynvml  # type: ignore[import]
/usr/local/lib/python3.10/dist-packages/torch/cuda/__init__.py:61: FutureWarning: The pynvml package is deprecated. Please install nvidia-ml-py instead. If you did not install pynvml directly, please report this to the maintainers of the package that installed pynvml for you.
  import pynvml  # type: ignore[import]
/usr/local/lib/python3.10/dist-packages/torch/cuda/__init__.py:61: FutureWarning: The pynvml package is deprecated. Please install nvidia-ml-py instead. If you did not install pynvml directly, please report this to the maintainers of the package that installed pynvml for you.
  import pynvml  # type: ignore[import]
/usr/local/lib/python3.10/dist-packages/torch/cuda/__init__.py:61: FutureWarning: The pynvml package is deprecated. Please install nvidia-ml-py instead. If you did not install pynvml directly, please report this to the maintainers of the package that installed pynvml for you.
  import pynvml  # type: ignore[import]
/usr/local/lib/python3.10/dist-packages/torch/cuda/__init__.py:61: FutureWarning: The pynvml package is deprecated. Please install nvidia-ml-py instead. If you did not install pynvml directly, please report this to the maintainers of the package that installed pynvml for you.
  import pynvml  # type: ignore[import]
/usr/local/lib/python3.10/dist-packages/torch/cuda/__init__.py:61: FutureWarning: The pynvml package is deprecated. Please install nvidia-ml-py instead. If you did not install pynvml directly, please report this to the maintainers of the package that installed pynvml for you.
  import pynvml  # type: ignore[import]
/usr/local/lib/python3.10/dist-packages/torch/cuda/__init__.py:61: FutureWarning: The pynvml package is deprecated. Please install nvidia-ml-py instead. If you did not install pynvml directly, please report this to the maintainers of the package that installed pynvml for you.
  import pynvml  # type: ignore[import]
/usr/local/lib/python3.10/dist-packages/torch/cuda/__init__.py:61: FutureWarning: The pynvml package is deprecated. Please install nvidia-ml-py instead. If you did not install pynvml directly, please report this to the maintainers of the package that installed pynvml for you.
  import pynvml  # type: ignore[import]
/usr/local/lib/python3.10/dist-packages/torch/cuda/__init__.py:61: FutureWarning: The pynvml package is deprecated. Please install nvidia-ml-py instead. If you did not install pynvml directly, please report this to the maintainers of the package that installed pynvml for you.
  import pynvml  # type: ignore[import]
/usr/local/lib/python3.10/dist-packages/torch/cuda/__init__.py:61: FutureWarning: The pynvml package is deprecated. Please install nvidia-ml-py instead. If you did not install pynvml directly, please report this to the maintainers of the package that installed pynvml for you.
  import pynvml  # type: ignore[import]
/usr/local/lib/python3.10/dist-packages/torch/cuda/__init__.py:61: FutureWarning: The pynvml package is deprecated. Please install nvidia-ml-py instead. If you did not install pynvml directly, please report this to the maintainers of the package that installed pynvml for you.
  import pynvml  # type: ignore[import]
/usr/local/lib/python3.10/dist-packages/torch/cuda/__init__.py:61: FutureWarning: The pynvml package is deprecated. Please install nvidia-ml-py instead. If you did not install pynvml directly, please report this to the maintainers of the package that installed pynvml for you.
  import pynvml  # type: ignore[import]
/usr/local/lib/python3.10/dist-packages/torch/cuda/__init__.py:61: FutureWarning: The pynvml package is deprecated. Please install nvidia-ml-py instead. If you did not install pynvml directly, please report this to the maintainers of the package that installed pynvml for you.
  import pynvml  # type: ignore[import]
/usr/local/lib/python3.10/dist-packages/torch/cuda/__init__.py:61: FutureWarning: The pynvml package is deprecated. Please install nvidia-ml-py instead. If you did not install pynvml directly, please report this to the maintainers of the package that installed pynvml for you.
  import pynvml  # type: ignore[import]
/usr/local/lib/python3.10/dist-packages/torch/cuda/__init__.py:61: FutureWarning: The pynvml package is deprecated. Please install nvidia-ml-py instead. If you did not install pynvml directly, please report this to the maintainers of the package that installed pynvml for you.
  import pynvml  # type: ignore[import]
/usr/local/lib/python3.10/dist-packages/torch/cuda/__init__.py:61: FutureWarning: The pynvml package is deprecated. Please install nvidia-ml-py instead. If you did not install pynvml directly, please report this to the maintainers of the package that installed pynvml for you.
  import pynvml  # type: ignore[import]
update=   1 stage=1 weights=(1.0, 0.0, 0.0) reward=-0.3115 len= 24.18 term=1.000 in_range=0.099 r1=-0.312 r2=-19.054 r3=+0.000 policy_loss=-0.00701 value_loss=+0.04858 kl=0.2140 gate_reason='dwell<5'
update=   2 stage=1 weights=(1.0, 0.0, 0.0) reward=-0.2552 len= 23.79 term=1.000 in_range=0.111 r1=-0.255 r2=-17.985 r3=+0.000 policy_loss=+0.00473 value_loss=+0.02649 kl=0.2806 gate_reason='dwell<5'
update=   3 stage=1 weights=(1.0, 0.0, 0.0) reward=-0.2219 len= 22.77 term=1.000 in_range=0.104 r1=-0.222 r2=-17.916 r3=+0.000 policy_loss=-0.00040 value_loss=+0.04290 kl=0.2778 gate_reason='dwell<5'
update=   4 stage=1 weights=(1.0, 0.0, 0.0) reward=-0.2107 len= 21.97 term=1.000 in_range=0.101 r1=-0.211 r2=-17.957 r3=+0.000 policy_loss=-0.00115 value_loss=+0.02431 kl=0.1370 gate_reason='dwell<5'
update=   5 stage=1 weights=(1.0, 0.0, 0.0) reward=-0.1966 len= 21.54 term=1.000 in_range=0.097 r1=-0.197 r2=-17.847 r3=+0.000 policy_loss=-0.00334 value_loss=+0.01374 kl=0.0608 gate_reason='no-op' | eval_reward=-0.0988 eval_length= 20.88  [new_best]
update=   6 stage=1 weights=(1.0, 0.0, 0.0) reward=-0.1824 len= 21.41 term=1.000 in_range=0.099 r1=-0.182 r2=-17.635 r3=+0.000 policy_loss=-0.00539 value_loss=+0.01847 kl=0.0542 gate_reason='no-op'
update=   7 stage=1 weights=(1.0, 0.0, 0.0) reward=-0.1764 len= 21.42 term=1.000 in_range=0.092 r1=-0.176 r2=-17.959 r3=+0.000 policy_loss=-0.00070 value_loss=+0.02259 kl=0.0615 gate_reason='no-op'
update=   8 stage=1 weights=(1.0, 0.0, 0.0) reward=-0.1661 len= 21.24 term=1.000 in_range=0.093 r1=-0.166 r2=-18.011 r3=+0.000 policy_loss=+0.00560 value_loss=+0.01842 kl=0.0434 gate_reason='no-op'
update=   9 stage=1 weights=(1.0, 0.0, 0.0) reward=-0.1626 len= 21.47 term=1.000 in_range=0.088 r1=-0.163 r2=-18.572 r3=+0.000 policy_loss=-0.00284 value_loss=+0.01273 kl=0.0392 gate_reason='no-op'
update=  10 stage=1 weights=(1.0, 0.0, 0.0) reward=-0.1575 len= 21.38 term=1.000 in_range=0.087 r1=-0.157 r2=-18.530 r3=+0.000 policy_loss=+0.00383 value_loss=+0.01151 kl=0.0338 gate_reason='no-op' | eval_reward=-0.1362 eval_length= 21.50  [new_best]
update=  11 stage=1 weights=(1.0, 0.0, 0.0) reward=-0.1462 len= 21.58 term=1.000 in_range=0.082 r1=-0.146 r2=-19.194 r3=+0.000 policy_loss=-0.00365 value_loss=+0.01397 kl=0.0340 gate_reason='no-op'
update=  12 stage=1 weights=(1.0, 0.0, 0.0) reward=-0.1460 len= 21.49 term=1.000 in_range=0.082 r1=-0.146 r2=-18.870 r3=+0.000 policy_loss=+0.00105 value_loss=+0.01482 kl=0.0333 gate_reason='no-op'
update=  13 stage=1 weights=(1.0, 0.0, 0.0) reward=-0.1405 len= 21.52 term=1.000 in_range=0.082 r1=-0.141 r2=-19.104 r3=+0.000 policy_loss=+0.00053 value_loss=+0.01209 kl=0.0342 gate_reason='no-op'
update=  14 stage=1 weights=(1.0, 0.0, 0.0) reward=-0.1384 len= 21.48 term=1.000 in_range=0.082 r1=-0.138 r2=-19.143 r3=+0.000 policy_loss=+0.00692 value_loss=+0.01007 kl=0.0334 gate_reason='no-op'
update=  15 stage=1 weights=(1.0, 0.0, 0.0) reward=-0.1233 len= 21.60 term=1.000 in_range=0.085 r1=-0.123 r2=-19.099 r3=+0.000 policy_loss=-0.00643 value_loss=+0.00942 kl=0.0296 gate_reason='no-op' | eval_reward=-0.0457 eval_length= 21.69  [new_best]
update=  16 stage=1 weights=(1.0, 0.0, 0.0) reward=-0.1241 len= 21.53 term=1.000 in_range=0.085 r1=-0.124 r2=-18.958 r3=+0.000 policy_loss=-0.00524 value_loss=+0.01102 kl=0.0290 gate_reason='no-op'
update=  17 stage=1 weights=(1.0, 0.0, 0.0) reward=-0.1265 len= 21.45 term=1.000 in_range=0.086 r1=-0.127 r2=-18.695 r3=+0.000 policy_loss=+0.00094 value_loss=+0.01182 kl=0.0277 gate_reason='no-op'
update=  18 stage=1 weights=(1.0, 0.0, 0.0) reward=-0.1234 len= 21.53 term=1.000 in_range=0.086 r1=-0.123 r2=-18.764 r3=+0.000 policy_loss=+0.00912 value_loss=+0.01019 kl=0.0337 gate_reason='no-op'
update=  19 stage=1 weights=(1.0, 0.0, 0.0) reward=-0.1132 len= 21.55 term=1.000 in_range=0.084 r1=-0.113 r2=-18.746 r3=+0.000 policy_loss=+0.00872 value_loss=+0.00757 kl=0.0275 gate_reason='no-op'
update=  20 stage=1 weights=(1.0, 0.0, 0.0) reward=-0.1227 len= 21.46 term=1.000 in_range=0.089 r1=-0.123 r2=-18.421 r3=+0.000 policy_loss=+0.00306 value_loss=+0.00849 kl=0.0303 gate_reason='no-op' | eval_reward=-0.1033 eval_length= 23.12  [new_best]
update=  21 stage=1 weights=(1.0, 0.0, 0.0) reward=-0.1178 len= 21.40 term=1.000 in_range=0.087 r1=-0.118 r2=-18.429 r3=+0.000 policy_loss=-0.00291 value_loss=+0.00948 kl=0.0274 gate_reason='no-op'
update=  22 stage=1 weights=(1.0, 0.0, 0.0) reward=-0.1079 len= 21.49 term=1.000 in_range=0.084 r1=-0.108 r2=-18.619 r3=+0.000 policy_loss=-0.00527 value_loss=+0.00911 kl=0.0290 gate_reason='no-op'
update=  23 stage=1 weights=(1.0, 0.0, 0.0) reward=-0.1157 len= 21.59 term=1.000 in_range=0.079 r1=-0.116 r2=-18.914 r3=+0.000 policy_loss=+0.01525 value_loss=+0.00883 kl=0.0393 gate_reason='no-op'
update=  24 stage=1 weights=(1.0, 0.0, 0.0) reward=-0.1105 len= 21.58 term=1.000 in_range=0.078 r1=-0.110 r2=-18.770 r3=+0.000 policy_loss=+0.00840 value_loss=+0.00762 kl=0.0305 gate_reason='no-op'
update=  25 stage=1 weights=(1.0, 0.0, 0.0) reward=-0.1072 len= 21.42 term=1.000 in_range=0.077 r1=-0.107 r2=-18.845 r3=+0.000 policy_loss=+0.00836 value_loss=+0.00774 kl=0.0321 gate_reason='no-op' | eval_reward=-0.0637 eval_length= 23.12
update=  26 stage=1 weights=(1.0, 0.0, 0.0) reward=-0.1011 len= 21.10 term=1.000 in_range=0.080 r1=-0.101 r2=-18.558 r3=+0.000 policy_loss=+0.01032 value_loss=+0.00739 kl=0.0250 gate_reason='no-op'
update=  27 stage=1 weights=(1.0, 0.0, 0.0) reward=-0.1066 len= 21.07 term=1.000 in_range=0.077 r1=-0.107 r2=-18.619 r3=+0.000 policy_loss=+0.01235 value_loss=+0.00710 kl=0.0269 gate_reason='no-op'
update=  28 stage=1 weights=(1.0, 0.0, 0.0) reward=-0.0998 len= 21.17 term=1.000 in_range=0.079 r1=-0.100 r2=-18.652 r3=+0.000 policy_loss=+0.00393 value_loss=+0.00622 kl=0.0179 gate_reason='no-op'
update=  29 stage=1 weights=(1.0, 0.0, 0.0) reward=-0.1032 len= 21.14 term=1.000 in_range=0.080 r1=-0.103 r2=-18.529 r3=+0.000 policy_loss=-0.00667 value_loss=+0.00589 kl=0.0290 gate_reason='no-op'
update=  30 stage=1 weights=(1.0, 0.0, 0.0) reward=-0.1012 len= 20.49 term=1.000 in_range=0.083 r1=-0.101 r2=-17.694 r3=+0.000 policy_loss=+0.01366 value_loss=+0.00608 kl=0.0472 gate_reason='no-op' | eval_reward=-0.0365 eval_length= 21.12
update=  31 stage=1 weights=(1.0, 0.0, 0.0) reward=-0.0953 len= 20.35 term=1.000 in_range=0.080 r1=-0.095 r2=-17.729 r3=+0.000 policy_loss=+0.01126 value_loss=+0.00585 kl=0.0273 gate_reason='no-op'
update=  32 stage=1 weights=(1.0, 0.0, 0.0) reward=-0.1015 len= 20.40 term=1.000 in_range=0.085 r1=-0.101 r2=-17.607 r3=+0.000 policy_loss=+0.00078 value_loss=+0.00599 kl=0.0130 gate_reason='no-op'
update=  33 stage=1 weights=(1.0, 0.0, 0.0) reward=-0.1006 len= 20.49 term=1.000 in_range=0.084 r1=-0.101 r2=-17.790 r3=+0.000 policy_loss=+0.00675 value_loss=+0.00590 kl=0.0323 gate_reason='no-op'
update=  34 stage=1 weights=(1.0, 0.0, 0.0) reward=-0.1000 len= 20.82 term=1.000 in_range=0.080 r1=-0.100 r2=-18.292 r3=+0.000 policy_loss=+0.00394 value_loss=+0.00607 kl=0.0148 gate_reason='no-op'
update=  35 stage=1 weights=(1.0, 0.0, 0.0) reward=-0.0957 len= 20.87 term=1.000 in_range=0.078 r1=-0.096 r2=-18.232 r3=+0.000 policy_loss=+0.00345 value_loss=+0.00565 kl=0.0172 gate_reason='no-op' | eval_reward=-0.0970 eval_length= 21.56
update=  36 stage=1 weights=(1.0, 0.0, 0.0) reward=-0.0951 len= 20.94 term=1.000 in_range=0.079 r1=-0.095 r2=-18.306 r3=+0.000 policy_loss=+0.00911 value_loss=+0.00569 kl=0.0223 gate_reason='no-op'
update=  37 stage=1 weights=(1.0, 0.0, 0.0) reward=-0.0946 len= 20.85 term=1.000 in_range=0.080 r1=-0.095 r2=-18.280 r3=+0.000 policy_loss=+0.00234 value_loss=+0.00544 kl=0.0150 gate_reason='no-op'
update=  38 stage=1 weights=(1.0, 0.0, 0.0) reward=-0.0914 len= 20.95 term=1.000 in_range=0.082 r1=-0.091 r2=-18.153 r3=+0.000 policy_loss=+0.01489 value_loss=+0.00534 kl=0.0313 gate_reason='no-op'
update=  39 stage=1 weights=(1.0, 0.0, 0.0) reward=-0.0913 len= 21.00 term=1.000 in_range=0.087 r1=-0.091 r2=-17.991 r3=+0.000 policy_loss=+0.00257 value_loss=+0.00535 kl=0.0162 gate_reason='no-op'
update=  40 stage=1 weights=(1.0, 0.0, 0.0) reward=-0.0960 len= 21.11 term=1.000 in_range=0.086 r1=-0.096 r2=-17.992 r3=+0.000 policy_loss=+0.01133 value_loss=+0.00580 kl=0.0250 gate_reason='no-op' | eval_reward=-0.0281 eval_length= 20.62
update=  41 stage=1 weights=(1.0, 0.0, 0.0) reward=-0.0915 len= 21.13 term=1.000 in_range=0.085 r1=-0.091 r2=-17.989 r3=+0.000 policy_loss=+0.00837 value_loss=+0.00517 kl=0.0264 gate_reason='no-op'
update=  42 stage=1 weights=(1.0, 0.0, 0.0) reward=-0.0908 len= 21.28 term=1.000 in_range=0.081 r1=-0.091 r2=-18.460 r3=+0.000 policy_loss=+0.01361 value_loss=+0.00522 kl=0.0287 gate_reason='no-op'
update=  43 stage=1 weights=(1.0, 0.0, 0.0) reward=-0.0889 len= 21.18 term=1.000 in_range=0.079 r1=-0.089 r2=-18.587 r3=+0.000 policy_loss=+0.01059 value_loss=+0.00549 kl=0.0253 gate_reason='no-op'
update=  44 stage=1 weights=(1.0, 0.0, 0.0) reward=-0.0895 len= 21.25 term=1.000 in_range=0.075 r1=-0.089 r2=-18.913 r3=+0.000 policy_loss=+0.00564 value_loss=+0.00527 kl=0.0176 gate_reason='no-op'
update=  45 stage=1 weights=(1.0, 0.0, 0.0) reward=-0.0824 len= 21.20 term=1.000 in_range=0.073 r1=-0.082 r2=-18.858 r3=+0.000 policy_loss=+0.00851 value_loss=+0.00486 kl=0.0227 gate_reason='no-op' | eval_reward=-0.0470 eval_length= 21.62
update=  46 stage=1 weights=(1.0, 0.0, 0.0) reward=-0.0898 len= 21.31 term=1.000 in_range=0.074 r1=-0.090 r2=-19.023 r3=+0.000 policy_loss=+0.00996 value_loss=+0.00541 kl=0.0237 gate_reason='no-op'
update=  47 stage=1 weights=(1.0, 0.0, 0.0) reward=-0.0862 len= 21.20 term=1.000 in_range=0.075 r1=-0.086 r2=-18.826 r3=+0.000 policy_loss=-0.00055 value_loss=+0.00509 kl=0.0118 gate_reason='no-op'
update=  48 stage=1 weights=(1.0, 0.0, 0.0) reward=-0.0894 len= 21.19 term=1.000 in_range=0.074 r1=-0.089 r2=-18.915 r3=+0.000 policy_loss=+0.00680 value_loss=+0.00527 kl=0.0223 gate_reason='no-op'
update=  49 stage=1 weights=(1.0, 0.0, 0.0) reward=-0.0852 len= 21.24 term=1.000 in_range=0.075 r1=-0.085 r2=-19.048 r3=+0.000 policy_loss=+0.00887 value_loss=+0.00486 kl=0.0224 gate_reason='no-op'
update=  50 stage=1 weights=(1.0, 0.0, 0.0) reward=-0.0824 len= 21.44 term=1.000 in_range=0.075 r1=-0.082 r2=-19.135 r3=+0.000 policy_loss=-0.00476 value_loss=+0.00473 kl=0.0252 gate_reason='no-op' | eval_reward=-0.0500 eval_length= 23.00
update=  51 stage=1 weights=(1.0, 0.0, 0.0) reward=-0.0858 len= 21.59 term=1.000 in_range=0.078 r1=-0.086 r2=-18.822 r3=+0.000 policy_loss=+0.01237 value_loss=+0.00508 kl=0.0502 gate_reason='no-op'
update=  52 stage=1 weights=(1.0, 0.0, 0.0) reward=-0.0855 len= 21.89 term=1.000 in_range=0.080 r1=-0.086 r2=-18.859 r3=+0.000 policy_loss=+0.00690 value_loss=+0.00502 kl=0.0223 gate_reason='no-op'
update=  53 stage=1 weights=(1.0, 0.0, 0.0) reward=-0.0887 len= 21.79 term=1.000 in_range=0.081 r1=-0.089 r2=-18.947 r3=+0.000 policy_loss=+0.00592 value_loss=+0.00500 kl=0.0191 gate_reason='no-op'
update=  54 stage=1 weights=(1.0, 0.0, 0.0) reward=-0.0809 len= 21.92 term=1.000 in_range=0.080 r1=-0.081 r2=-18.833 r3=+0.000 policy_loss=+0.00077 value_loss=+0.00444 kl=0.0127 gate_reason='no-op'
update=  55 stage=1 weights=(1.0, 0.0, 0.0) reward=-0.0871 len= 21.94 term=1.000 in_range=0.083 r1=-0.087 r2=-18.706 r3=+0.000 policy_loss=+0.01253 value_loss=+0.00481 kl=0.0272 gate_reason='no-op' | eval_reward=-0.0703 eval_length= 22.81
update=  56 stage=1 weights=(1.0, 0.0, 0.0) reward=-0.0846 len= 21.93 term=1.000 in_range=0.078 r1=-0.085 r2=-18.868 r3=+0.000 policy_loss=+0.01663 value_loss=+0.00470 kl=0.0328 gate_reason='no-op'
update=  57 stage=1 weights=(1.0, 0.0, 0.0) reward=-0.0843 len= 22.09 term=1.000 in_range=0.075 r1=-0.084 r2=-19.232 r3=+0.000 policy_loss=+0.00272 value_loss=+0.00485 kl=0.0166 gate_reason='no-op'
update=  58 stage=1 weights=(1.0, 0.0, 0.0) reward=-0.0824 len= 22.08 term=1.000 in_range=0.083 r1=-0.082 r2=-19.013 r3=+0.000 policy_loss=+0.00265 value_loss=+0.00453 kl=0.0165 gate_reason='no-op'
update=  59 stage=1 weights=(1.0, 0.0, 0.0) reward=-0.0836 len= 21.95 term=1.000 in_range=0.080 r1=-0.084 r2=-19.124 r3=+0.000 policy_loss=+0.01111 value_loss=+0.00465 kl=0.0376 gate_reason='no-op'
update=  60 stage=1 weights=(1.0, 0.0, 0.0) reward=-0.0856 len= 22.08 term=1.000 in_range=0.081 r1=-0.086 r2=-18.842 r3=+0.000 policy_loss=+0.00450 value_loss=+0.00486 kl=0.0205 gate_reason='no-op' | eval_reward=-0.0645 eval_length= 23.31  [new_best]
update=  61 stage=1 weights=(1.0, 0.0, 0.0) reward=-0.0844 len= 22.01 term=1.000 in_range=0.079 r1=-0.084 r2=-18.936 r3=+0.000 policy_loss=+0.00241 value_loss=+0.00475 kl=0.0158 gate_reason='no-op'
update=  62 stage=1 weights=(1.0, 0.0, 0.0) reward=-0.0809 len= 21.96 term=1.000 in_range=0.080 r1=-0.081 r2=-18.750 r3=+0.000 policy_loss=+0.00474 value_loss=+0.00447 kl=0.0262 gate_reason='no-op'
update=  63 stage=1 weights=(1.0, 0.0, 0.0) reward=-0.0741 len= 22.15 term=1.000 in_range=0.085 r1=-0.074 r2=-18.566 r3=+0.000 policy_loss=+0.00385 value_loss=+0.00405 kl=0.0165 gate_reason='no-op'
update=  64 stage=1 weights=(1.0, 0.0, 0.0) reward=-0.0780 len= 21.90 term=1.000 in_range=0.085 r1=-0.078 r2=-18.704 r3=+0.000 policy_loss=+0.01587 value_loss=+0.00438 kl=0.0339 gate_reason='no-op'
update=  65 stage=1 weights=(1.0, 0.0, 0.0) reward=-0.0775 len= 22.05 term=1.000 in_range=0.080 r1=-0.077 r2=-18.937 r3=+0.000 policy_loss=+0.01383 value_loss=+0.00409 kl=0.0472 gate_reason='no-op' | eval_reward=-0.0649 eval_length= 23.94  [new_best]
update=  66 stage=1 weights=(1.0, 0.0, 0.0) reward=-0.0730 len= 21.65 term=1.000 in_range=0.080 r1=-0.073 r2=-18.643 r3=+0.000 policy_loss=+0.00680 value_loss=+0.00403 kl=0.0194 gate_reason='no-op'
update=  67 stage=1 weights=(1.0, 0.0, 0.0) reward=-0.0774 len= 21.76 term=1.000 in_range=0.078 r1=-0.077 r2=-18.644 r3=+0.000 policy_loss=+0.00294 value_loss=+0.00437 kl=0.0161 gate_reason='no-op'
update=  68 stage=1 weights=(1.0, 0.0, 0.0) reward=-0.0796 len= 21.88 term=1.000 in_range=0.075 r1=-0.080 r2=-18.872 r3=+0.000 policy_loss=+0.01164 value_loss=+0.00450 kl=0.0284 gate_reason='no-op'
update=  69 stage=1 weights=(1.0, 0.0, 0.0) reward=-0.0698 len= 21.64 term=1.000 in_range=0.077 r1=-0.070 r2=-18.888 r3=+0.000 policy_loss=+0.00312 value_loss=+0.00391 kl=0.0157 gate_reason='no-op'
update=  70 stage=1 weights=(1.0, 0.0, 0.0) reward=-0.0771 len= 21.55 term=1.000 in_range=0.078 r1=-0.077 r2=-18.579 r3=+0.000 policy_loss=+0.00713 value_loss=+0.00436 kl=0.0337 gate_reason='no-op' | eval_reward=-0.1018 eval_length= 24.50  [new_best]
update=  71 stage=1 weights=(1.0, 0.0, 0.0) reward=-0.0717 len= 21.34 term=1.000 in_range=0.082 r1=-0.072 r2=-18.465 r3=+0.000 policy_loss=+0.00418 value_loss=+0.00393 kl=0.0189 gate_reason='no-op'
update=  72 stage=1 weights=(1.0, 0.0, 0.0) reward=-0.0731 len= 20.97 term=1.000 in_range=0.084 r1=-0.073 r2=-17.939 r3=+0.000 policy_loss=+0.00242 value_loss=+0.00407 kl=0.0258 gate_reason='no-op'
update=  73 stage=1 weights=(1.0, 0.0, 0.0) reward=-0.0686 len= 20.90 term=1.000 in_range=0.081 r1=-0.069 r2=-17.978 r3=+0.000 policy_loss=+0.01250 value_loss=+0.00386 kl=0.0336 gate_reason='no-op'
update=  74 stage=1 weights=(1.0, 0.0, 0.0) reward=-0.0705 len= 20.67 term=1.000 in_range=0.084 r1=-0.070 r2=-17.825 r3=+0.000 policy_loss=+0.00935 value_loss=+0.00407 kl=0.0275 gate_reason='no-op'
update=  75 stage=1 weights=(1.0, 0.0, 0.0) reward=-0.0713 len= 20.77 term=1.000 in_range=0.087 r1=-0.071 r2=-17.990 r3=+0.000 policy_loss=+0.00379 value_loss=+0.00456 kl=0.0147 gate_reason='no-op' | eval_reward=-0.0259 eval_length= 22.50
update=  76 stage=1 weights=(1.0, 0.0, 0.0) reward=-0.0668 len= 20.92 term=1.000 in_range=0.092 r1=-0.067 r2=-17.893 r3=+0.000 policy_loss=+0.00566 value_loss=+0.00394 kl=0.0203 gate_reason='no-op'
update=  77 stage=1 weights=(1.0, 0.0, 0.0) reward=-0.0664 len= 20.78 term=1.000 in_range=0.090 r1=-0.066 r2=-17.773 r3=+0.000 policy_loss=+0.00040 value_loss=+0.00383 kl=0.0118 gate_reason='no-op'
update=  78 stage=1 weights=(1.0, 0.0, 0.0) reward=-0.0696 len= 20.95 term=1.000 in_range=0.092 r1=-0.070 r2=-17.519 r3=+0.000 policy_loss=+0.00499 value_loss=+0.00379 kl=0.0169 gate_reason='no-op'
update=  79 stage=1 weights=(1.0, 0.0, 0.0) reward=-0.0646 len= 20.96 term=1.000 in_range=0.089 r1=-0.065 r2=-17.731 r3=+0.000 policy_loss=+0.00326 value_loss=+0.00354 kl=0.0163 gate_reason='no-op'
update=  80 stage=1 weights=(1.0, 0.0, 0.0) reward=-0.0667 len= 20.99 term=1.000 in_range=0.091 r1=-0.067 r2=-17.741 r3=+0.000 policy_loss=+0.01269 value_loss=+0.00371 kl=0.0277 gate_reason='no-op' | eval_reward=-0.0610 eval_length= 22.19
update=  81 stage=1 weights=(1.0, 0.0, 0.0) reward=-0.0649 len= 21.11 term=1.000 in_range=0.091 r1=-0.065 r2=-17.865 r3=+0.000 policy_loss=+0.00364 value_loss=+0.00351 kl=0.0173 gate_reason='no-op'
update=  82 stage=1 weights=(1.0, 0.0, 0.0) reward=-0.0647 len= 21.03 term=1.000 in_range=0.090 r1=-0.065 r2=-17.717 r3=+0.000 policy_loss=+0.01112 value_loss=+0.00351 kl=0.0278 gate_reason='no-op'
update=  83 stage=1 weights=(1.0, 0.0, 0.0) reward=-0.0647 len= 20.69 term=1.000 in_range=0.095 r1=-0.065 r2=-17.359 r3=+0.000 policy_loss=+0.01007 value_loss=+0.00368 kl=0.0254 gate_reason='no-op'
update=  84 stage=1 weights=(1.0, 0.0, 0.0) reward=-0.0679 len= 20.95 term=1.000 in_range=0.096 r1=-0.068 r2=-17.498 r3=+0.000 policy_loss=+0.00708 value_loss=+0.00373 kl=0.0206 gate_reason='no-op'
update=  85 stage=1 weights=(1.0, 0.0, 0.0) reward=-0.0652 len= 21.07 term=1.000 in_range=0.092 r1=-0.065 r2=-17.794 r3=+0.000 policy_loss=+0.01502 value_loss=+0.00351 kl=0.0368 gate_reason='no-op' | eval_reward=-0.0772 eval_length= 23.25
update=  86 stage=1 weights=(1.0, 0.0, 0.0) reward=-0.0651 len= 21.61 term=1.000 in_range=0.090 r1=-0.065 r2=-18.552 r3=+0.000 policy_loss=+0.01032 value_loss=+0.00358 kl=0.0264 gate_reason='no-op'
update=  87 stage=1 weights=(1.0, 0.0, 0.0) reward=-0.0644 len= 21.51 term=1.000 in_range=0.091 r1=-0.064 r2=-18.233 r3=+0.000 policy_loss=+0.01246 value_loss=+0.00359 kl=0.0305 gate_reason='no-op'
update=  88 stage=1 weights=(1.0, 0.0, 0.0) reward=-0.0646 len= 21.30 term=1.000 in_range=0.092 r1=-0.065 r2=-17.865 r3=+0.000 policy_loss=+0.00178 value_loss=+0.00356 kl=0.0173 gate_reason='no-op'
update=  89 stage=1 weights=(1.0, 0.0, 0.0) reward=-0.0612 len= 21.13 term=1.000 in_range=0.090 r1=-0.061 r2=-17.856 r3=+0.000 policy_loss=+0.00195 value_loss=+0.00331 kl=0.0159 gate_reason='no-op'
update=  90 stage=1 weights=(1.0, 0.0, 0.0) reward=-0.0617 len= 21.27 term=1.000 in_range=0.090 r1=-0.062 r2=-18.045 r3=+0.000 policy_loss=-0.00011 value_loss=+0.00327 kl=0.0123 gate_reason='no-op' | eval_reward=-0.0373 eval_length= 22.06
update=  91 stage=1 weights=(1.0, 0.0, 0.0) reward=-0.0564 len= 21.09 term=1.000 in_range=0.088 r1=-0.056 r2=-17.991 r3=+0.000 policy_loss=+0.00264 value_loss=+0.00311 kl=0.0191 gate_reason='no-op'
update=  92 stage=1 weights=(1.0, 0.0, 0.0) reward=-0.0606 len= 21.22 term=1.000 in_range=0.088 r1=-0.061 r2=-18.133 r3=+0.000 policy_loss=+0.00141 value_loss=+0.00324 kl=0.0143 gate_reason='no-op'
update=  93 stage=1 weights=(1.0, 0.0, 0.0) reward=-0.0582 len= 21.35 term=1.000 in_range=0.088 r1=-0.058 r2=-18.255 r3=+0.000 policy_loss=+0.00655 value_loss=+0.00309 kl=0.0215 gate_reason='no-op'
update=  94 stage=1 weights=(1.0, 0.0, 0.0) reward=-0.0601 len= 21.57 term=1.000 in_range=0.085 r1=-0.060 r2=-18.770 r3=+0.000 policy_loss=+0.00928 value_loss=+0.00316 kl=0.0246 gate_reason='no-op'
update=  95 stage=1 weights=(1.0, 0.0, 0.0) reward=-0.0554 len= 21.54 term=1.000 in_range=0.089 r1=-0.055 r2=-18.215 r3=+0.000 policy_loss=+0.01079 value_loss=+0.00286 kl=0.0278 gate_reason='no-op' | eval_reward=-0.0127 eval_length= 22.19
update=  96 stage=1 weights=(1.0, 0.0, 0.0) reward=-0.0534 len= 21.22 term=1.000 in_range=0.091 r1=-0.053 r2=-17.889 r3=+0.000 policy_loss=+0.00290 value_loss=+0.00282 kl=0.0164 gate_reason='no-op'
update=  97 stage=1 weights=(1.0, 0.0, 0.0) reward=-0.0636 len= 21.19 term=1.000 in_range=0.091 r1=-0.064 r2=-18.008 r3=+0.000 policy_loss=+0.00346 value_loss=+0.00333 kl=0.0153 gate_reason='no-op'
update=  98 stage=1 weights=(1.0, 0.0, 0.0) reward=-0.0583 len= 21.18 term=1.000 in_range=0.091 r1=-0.058 r2=-17.972 r3=+0.000 policy_loss=+0.00118 value_loss=+0.00310 kl=0.0136 gate_reason='no-op'
update=  99 stage=1 weights=(1.0, 0.0, 0.0) reward=-0.0573 len= 21.31 term=1.000 in_range=0.089 r1=-0.057 r2=-18.120 r3=+0.000 policy_loss=+0.00268 value_loss=+0.00294 kl=0.0150 gate_reason='no-op'
update= 100 stage=1 weights=(1.0, 0.0, 0.0) reward=-0.0547 len= 21.33 term=1.000 in_range=0.088 r1=-0.055 r2=-18.240 r3=+0.000 policy_loss=-0.00190 value_loss=+0.00297 kl=0.0117 gate_reason='no-op' | eval_reward=-0.0228 eval_length= 22.38
update= 101 stage=1 weights=(1.0, 0.0, 0.0) reward=-0.0534 len= 21.32 term=1.000 in_range=0.089 r1=-0.053 r2=-18.121 r3=+0.000 policy_loss=+0.00004 value_loss=+0.00280 kl=0.0104 gate_reason='no-op'
update= 102 stage=1 weights=(1.0, 0.0, 0.0) reward=-0.0562 len= 21.29 term=1.000 in_range=0.094 r1=-0.056 r2=-17.892 r3=+0.000 policy_loss=-0.00102 value_loss=+0.00292 kl=0.0124 gate_reason='no-op'
update= 103 stage=1 weights=(1.0, 0.0, 0.0) reward=-0.0524 len= 21.28 term=1.000 in_range=0.088 r1=-0.052 r2=-18.103 r3=+0.000 policy_loss=+0.00446 value_loss=+0.00293 kl=0.0184 gate_reason='no-op'
update= 104 stage=1 weights=(1.0, 0.0, 0.0) reward=-0.0559 len= 21.59 term=1.000 in_range=0.091 r1=-0.056 r2=-18.238 r3=+0.000 policy_loss=+0.00690 value_loss=+0.00285 kl=0.0332 gate_reason='no-op'
update= 105 stage=1 weights=(1.0, 0.0, 0.0) reward=-0.0565 len= 21.91 term=1.000 in_range=0.089 r1=-0.056 r2=-18.627 r3=+0.000 policy_loss=+0.00368 value_loss=+0.00300 kl=0.0160 gate_reason='no-op' | eval_reward=-0.0118 eval_length= 21.44
update= 106 stage=1 weights=(1.0, 0.0, 0.0) reward=-0.0550 len= 21.75 term=1.000 in_range=0.085 r1=-0.055 r2=-18.865 r3=+0.000 policy_loss=+0.00341 value_loss=+0.00290 kl=0.0195 gate_reason='no-op'
update= 107 stage=1 weights=(1.0, 0.0, 0.0) reward=-0.0514 len= 21.79 term=1.000 in_range=0.084 r1=-0.051 r2=-18.898 r3=+0.000 policy_loss=+0.01127 value_loss=+0.00271 kl=0.0329 gate_reason='no-op'
update= 108 stage=1 weights=(1.0, 0.0, 0.0) reward=-0.0585 len= 22.10 term=1.000 in_range=0.079 r1=-0.059 r2=-19.429 r3=+0.000 policy_loss=+0.00299 value_loss=+0.00302 kl=0.0185 gate_reason='no-op'
update= 109 stage=1 weights=(1.0, 0.0, 0.0) reward=-0.0526 len= 21.94 term=1.000 in_range=0.078 r1=-0.053 r2=-19.063 r3=+0.000 policy_loss=+0.01160 value_loss=+0.00284 kl=0.0296 gate_reason='no-op'
update= 110 stage=1 weights=(1.0, 0.0, 0.0) reward=-0.0488 len= 21.55 term=1.000 in_range=0.079 r1=-0.049 r2=-18.814 r3=+0.000 policy_loss=+0.00466 value_loss=+0.00284 kl=0.0204 gate_reason='no-op' | eval_reward=-0.0593 eval_length= 22.88
update= 111 stage=1 weights=(1.0, 0.0, 0.0) reward=-0.0529 len= 21.71 term=1.000 in_range=0.082 r1=-0.053 r2=-18.888 r3=+0.000 policy_loss=+0.00247 value_loss=+0.00274 kl=0.0286 gate_reason='no-op'
update= 112 stage=1 weights=(1.0, 0.0, 0.0) reward=-0.0472 len= 21.77 term=1.000 in_range=0.078 r1=-0.047 r2=-19.237 r3=+0.000 policy_loss=+0.00493 value_loss=+0.00248 kl=0.0193 gate_reason='no-op'
update= 113 stage=1 weights=(1.0, 0.0, 0.0) reward=-0.0537 len= 22.12 term=1.000 in_range=0.074 r1=-0.054 r2=-19.678 r3=+0.000 policy_loss=+0.00084 value_loss=+0.00300 kl=0.0145 gate_reason='no-op'
update= 114 stage=1 weights=(1.0, 0.0, 0.0) reward=-0.0514 len= 21.80 term=1.000 in_range=0.074 r1=-0.051 r2=-19.531 r3=+0.000 policy_loss=+0.00379 value_loss=+0.00275 kl=0.0183 gate_reason='no-op'
update= 115 stage=1 weights=(1.0, 0.0, 0.0) reward=-0.0536 len= 21.93 term=1.000 in_range=0.071 r1=-0.054 r2=-19.768 r3=+0.000 policy_loss=+0.00817 value_loss=+0.00277 kl=0.0318 gate_reason='no-op' | eval_reward=-0.0553 eval_length= 23.81
update= 116 stage=1 weights=(1.0, 0.0, 0.0) reward=-0.0517 len= 21.80 term=1.000 in_range=0.067 r1=-0.052 r2=-20.197 r3=+0.000 policy_loss=+0.00107 value_loss=+0.00297 kl=0.0149 gate_reason='no-op'
update= 117 stage=1 weights=(1.0, 0.0, 0.0) reward=-0.0514 len= 21.60 term=1.000 in_range=0.071 r1=-0.051 r2=-19.691 r3=+0.000 policy_loss=-0.00238 value_loss=+0.00314 kl=0.0117 gate_reason='no-op'
update= 118 stage=1 weights=(1.0, 0.0, 0.0) reward=-0.0495 len= 21.72 term=1.000 in_range=0.069 r1=-0.050 r2=-19.927 r3=+0.000 policy_loss=+0.00205 value_loss=+0.00263 kl=0.0174 gate_reason='no-op'
update= 119 stage=1 weights=(1.0, 0.0, 0.0) reward=-0.0460 len= 21.70 term=1.000 in_range=0.069 r1=-0.046 r2=-19.893 r3=+0.000 policy_loss=+0.00013 value_loss=+0.00257 kl=0.0159 gate_reason='no-op'
update= 120 stage=1 weights=(1.0, 0.0, 0.0) reward=-0.0516 len= 21.82 term=1.000 in_range=0.071 r1=-0.052 r2=-19.724 r3=+0.000 policy_loss=+0.00932 value_loss=+0.00269 kl=0.0253 gate_reason='no-op' | eval_reward=-0.0677 eval_length= 23.69
update= 121 stage=1 weights=(1.0, 0.0, 0.0) reward=-0.0515 len= 21.73 term=1.000 in_range=0.073 r1=-0.051 r2=-19.641 r3=+0.000 policy_loss=+0.00345 value_loss=+0.00268 kl=0.0189 gate_reason='no-op'
update= 122 stage=1 weights=(1.0, 0.0, 0.0) reward=-0.0481 len= 21.75 term=1.000 in_range=0.072 r1=-0.048 r2=-19.708 r3=+0.000 policy_loss=-0.00084 value_loss=+0.00246 kl=0.0127 gate_reason='no-op'
update= 123 stage=1 weights=(1.0, 0.0, 0.0) reward=-0.0466 len= 21.80 term=1.000 in_range=0.071 r1=-0.047 r2=-19.762 r3=+0.000 policy_loss=+0.00799 value_loss=+0.00249 kl=0.0409 gate_reason='no-op'
update= 124 stage=1 weights=(1.0, 0.0, 0.0) reward=-0.0486 len= 21.72 term=1.000 in_range=0.071 r1=-0.049 r2=-19.766 r3=+0.000 policy_loss=+0.00919 value_loss=+0.00262 kl=0.0294 gate_reason='no-op'
update= 125 stage=1 weights=(1.0, 0.0, 0.0) reward=-0.0426 len= 21.31 term=1.000 in_range=0.070 r1=-0.043 r2=-19.470 r3=+0.000 policy_loss=+0.00222 value_loss=+0.00229 kl=0.0199 gate_reason='no-op' | eval_reward=-0.0123 eval_length= 24.00
update= 126 stage=1 weights=(1.0, 0.0, 0.0) reward=-0.0471 len= 21.53 term=1.000 in_range=0.070 r1=-0.047 r2=-19.815 r3=+0.000 policy_loss=+0.01027 value_loss=+0.00251 kl=0.0287 gate_reason='no-op'
update= 127 stage=1 weights=(1.0, 0.0, 0.0) reward=-0.0463 len= 21.58 term=1.000 in_range=0.070 r1=-0.046 r2=-19.612 r3=+0.000 policy_loss=+0.00489 value_loss=+0.00248 kl=0.0228 gate_reason='no-op'
update= 128 stage=1 weights=(1.0, 0.0, 0.0) reward=-0.0463 len= 21.56 term=1.000 in_range=0.072 r1=-0.046 r2=-19.332 r3=+0.000 policy_loss=+0.00674 value_loss=+0.00243 kl=0.0230 gate_reason='no-op'
update= 129 stage=1 weights=(1.0, 0.0, 0.0) reward=-0.0423 len= 21.41 term=1.000 in_range=0.074 r1=-0.042 r2=-19.285 r3=+0.000 policy_loss=+0.00138 value_loss=+0.00218 kl=0.0170 gate_reason='no-op'
update= 130 stage=1 weights=(1.0, 0.0, 0.0) reward=-0.0424 len= 21.36 term=1.000 in_range=0.073 r1=-0.042 r2=-19.145 r3=+0.000 policy_loss=+0.00332 value_loss=+0.00225 kl=0.0190 gate_reason='no-op' | eval_reward=-0.0431 eval_length= 22.81
update= 131 stage=1 weights=(1.0, 0.0, 0.0) reward=-0.0414 len= 21.23 term=1.000 in_range=0.071 r1=-0.041 r2=-19.006 r3=+0.000 policy_loss=+0.00605 value_loss=+0.00212 kl=0.0257 gate_reason='no-op'
update= 132 stage=1 weights=(1.0, 0.0, 0.0) reward=-0.0407 len= 21.41 term=1.000 in_range=0.072 r1=-0.041 r2=-19.206 r3=+0.000 policy_loss=+0.00674 value_loss=+0.00226 kl=0.0296 gate_reason='no-op'
update= 133 stage=1 weights=(1.0, 0.0, 0.0) reward=-0.0421 len= 21.13 term=1.000 in_range=0.073 r1=-0.042 r2=-19.073 r3=+0.000 policy_loss=+0.00103 value_loss=+0.00283 kl=0.0156 gate_reason='no-op'
update= 134 stage=1 weights=(1.0, 0.0, 0.0) reward=-0.0426 len= 21.15 term=1.000 in_range=0.072 r1=-0.043 r2=-19.167 r3=+0.000 policy_loss=+0.00477 value_loss=+0.00415 kl=0.0204 gate_reason='no-op'
update= 135 stage=1 weights=(1.0, 0.0, 0.0) reward=-0.0435 len= 20.97 term=1.000 in_range=0.074 r1=-0.043 r2=-18.867 r3=+0.000 policy_loss=+0.00151 value_loss=+0.00367 kl=0.0178 gate_reason='no-op' | eval_reward=-0.0224 eval_length= 21.19
update= 136 stage=1 weights=(1.0, 0.0, 0.0) reward=-0.0450 len= 21.10 term=1.000 in_range=0.075 r1=-0.045 r2=-18.831 r3=+0.000 policy_loss=+0.01069 value_loss=+0.01361 kl=0.0283 gate_reason='no-op'
update= 137 stage=1 weights=(1.0, 0.0, 0.0) reward=-0.0430 len= 21.14 term=1.000 in_range=0.076 r1=-0.043 r2=-18.862 r3=+0.000 policy_loss=+0.00925 value_loss=+0.00724 kl=0.0481 gate_reason='no-op'
update= 138 stage=1 weights=(1.0, 0.0, 0.0) reward=-0.0412 len= 21.84 term=1.000 in_range=0.068 r1=-0.041 r2=-19.670 r3=+0.000 policy_loss=+0.00308 value_loss=+0.01032 kl=0.0184 gate_reason='no-op'
update= 139 stage=1 weights=(1.0, 0.0, 0.0) reward=-0.0399 len= 21.55 term=1.000 in_range=0.070 r1=-0.040 r2=-19.603 r3=+0.000 policy_loss=+0.00249 value_loss=+0.00325 kl=0.0269 gate_reason='no-op'
update= 140 stage=1 weights=(1.0, 0.0, 0.0) reward=-0.0442 len= 21.48 term=1.000 in_range=0.066 r1=-0.044 r2=-19.776 r3=+0.000 policy_loss=-0.00178 value_loss=+0.00302 kl=0.0141 gate_reason='no-op' | eval_reward=-0.0148 eval_length= 24.00
update= 141 stage=1 weights=(1.0, 0.0, 0.0) reward=-0.0397 len= 21.75 term=1.000 in_range=0.069 r1=-0.040 r2=-19.746 r3=+0.000 policy_loss=-0.00102 value_loss=+0.00213 kl=0.0132 gate_reason='no-op'
update= 142 stage=1 weights=(1.0, 0.0, 0.0) reward=-0.0423 len= 21.73 term=1.000 in_range=0.074 r1=-0.042 r2=-19.480 r3=+0.000 policy_loss=+0.01171 value_loss=+0.00220 kl=0.0302 gate_reason='no-op'
update= 143 stage=1 weights=(1.0, 0.0, 0.0) reward=-0.0426 len= 22.02 term=1.000 in_range=0.074 r1=-0.043 r2=-19.551 r3=+0.000 policy_loss=+0.00323 value_loss=+0.00203 kl=0.0199 gate_reason='no-op'
update= 144 stage=1 weights=(1.0, 0.0, 0.0) reward=-0.0414 len= 21.93 term=1.000 in_range=0.072 r1=-0.041 r2=-19.704 r3=+0.000 policy_loss=+0.00490 value_loss=+0.00204 kl=0.0210 gate_reason='no-op'
update= 145 stage=1 weights=(1.0, 0.0, 0.0) reward=-0.0386 len= 21.79 term=1.000 in_range=0.070 r1=-0.039 r2=-19.623 r3=+0.000 policy_loss=-0.00052 value_loss=+0.00187 kl=0.0133 gate_reason='no-op' | eval_reward=-0.0395 eval_length= 23.19
update= 146 stage=1 weights=(1.0, 0.0, 0.0) reward=-0.0418 len= 22.07 term=1.000 in_range=0.070 r1=-0.042 r2=-19.793 r3=+0.000 policy_loss=+0.00269 value_loss=+0.00208 kl=0.0175 gate_reason='no-op'
update= 147 stage=1 weights=(1.0, 0.0, 0.0) reward=-0.0408 len= 21.94 term=1.000 in_range=0.075 r1=-0.041 r2=-19.679 r3=+0.000 policy_loss=+0.00748 value_loss=+0.00196 kl=0.0269 gate_reason='no-op'
update= 148 stage=1 weights=(1.0, 0.0, 0.0) reward=-0.0388 len= 21.85 term=1.000 in_range=0.074 r1=-0.039 r2=-19.325 r3=+0.000 policy_loss=+0.00643 value_loss=+0.00196 kl=0.0343 gate_reason='no-op'
update= 149 stage=1 weights=(1.0, 0.0, 0.0) reward=-0.0389 len= 21.85 term=1.000 in_range=0.073 r1=-0.039 r2=-19.583 r3=+0.000 policy_loss=+0.01060 value_loss=+0.00196 kl=0.0291 gate_reason='no-op'
update= 150 stage=1 weights=(1.0, 0.0, 0.0) reward=-0.0365 len= 21.93 term=1.000 in_range=0.072 r1=-0.037 r2=-19.807 r3=+0.000 policy_loss=+0.00884 value_loss=+0.00175 kl=0.0310 gate_reason='no-op' | eval_reward=-0.0263 eval_length= 22.62
update= 151 stage=1 weights=(1.0, 0.0, 0.0) reward=-0.0351 len= 21.92 term=1.000 in_range=0.069 r1=-0.035 r2=-19.748 r3=+0.000 policy_loss=+0.00266 value_loss=+0.00163 kl=0.0199 gate_reason='no-op'
update= 152 stage=1 weights=(1.0, 0.0, 0.0) reward=-0.0388 len= 21.92 term=1.000 in_range=0.071 r1=-0.039 r2=-19.846 r3=+0.000 policy_loss=+0.01071 value_loss=+0.00184 kl=0.0334 gate_reason='no-op'
update= 153 stage=1 weights=(1.0, 0.0, 0.0) reward=-0.0368 len= 21.68 term=1.000 in_range=0.070 r1=-0.037 r2=-19.583 r3=+0.000 policy_loss=+0.00919 value_loss=+0.00181 kl=0.0299 gate_reason='no-op'
update= 154 stage=1 weights=(1.0, 0.0, 0.0) reward=-0.0391 len= 21.57 term=1.000 in_range=0.069 r1=-0.039 r2=-19.596 r3=+0.000 policy_loss=+0.00990 value_loss=+0.00190 kl=0.0293 gate_reason='no-op'
update= 155 stage=1 weights=(1.0, 0.0, 0.0) reward=-0.0333 len= 21.69 term=1.000 in_range=0.067 r1=-0.033 r2=-19.864 r3=+0.000 policy_loss=+0.00106 value_loss=+0.00146 kl=0.0170 gate_reason='no-op' | eval_reward=-0.0329 eval_length= 24.75  [new_best]
update= 156 stage=1 weights=(1.0, 0.0, 0.0) reward=-0.0342 len= 21.46 term=1.000 in_range=0.070 r1=-0.034 r2=-19.470 r3=+0.000 policy_loss=+0.00427 value_loss=+0.00170 kl=0.0223 gate_reason='no-op'
update= 157 stage=1 weights=(1.0, 0.0, 0.0) reward=-0.0341 len= 21.72 term=1.000 in_range=0.067 r1=-0.034 r2=-20.019 r3=+0.000 policy_loss=+0.00741 value_loss=+0.00163 kl=0.0269 gate_reason='no-op'
update= 158 stage=1 weights=(1.0, 0.0, 0.0) reward=-0.0365 len= 21.75 term=1.000 in_range=0.068 r1=-0.037 r2=-20.043 r3=+0.000 policy_loss=+0.00374 value_loss=+0.00175 kl=0.0207 gate_reason='no-op'
update= 159 stage=1 weights=(1.0, 0.0, 0.0) reward=-0.0357 len= 21.80 term=1.000 in_range=0.066 r1=-0.036 r2=-20.178 r3=+0.000 policy_loss=+0.00195 value_loss=+0.00183 kl=0.0178 gate_reason='no-op'
update= 160 stage=1 weights=(1.0, 0.0, 0.0) reward=-0.0351 len= 21.95 term=1.000 in_range=0.067 r1=-0.035 r2=-20.132 r3=+0.000 policy_loss=+0.00426 value_loss=+0.00171 kl=0.0208 gate_reason='no-op' | eval_reward=-0.0368 eval_length= 23.56
update= 161 stage=1 weights=(1.0, 0.0, 0.0) reward=-0.0357 len= 21.80 term=1.000 in_range=0.067 r1=-0.036 r2=-19.924 r3=+0.000 policy_loss=+0.00417 value_loss=+0.00175 kl=0.0223 gate_reason='no-op'
update= 162 stage=1 weights=(1.0, 0.0, 0.0) reward=-0.0339 len= 21.99 term=1.000 in_range=0.067 r1=-0.034 r2=-20.069 r3=+0.000 policy_loss=+0.00564 value_loss=+0.00161 kl=0.0235 gate_reason='no-op'
update= 163 stage=1 weights=(1.0, 0.0, 0.0) reward=-0.0330 len= 22.06 term=1.000 in_range=0.065 r1=-0.033 r2=-20.170 r3=+0.000 policy_loss=+0.00332 value_loss=+0.00168 kl=0.0207 gate_reason='no-op'
update= 164 stage=1 weights=(1.0, 0.0, 0.0) reward=-0.0364 len= 22.21 term=1.000 in_range=0.066 r1=-0.036 r2=-20.244 r3=+0.000 policy_loss=+0.00555 value_loss=+0.00175 kl=0.0236 gate_reason='no-op'
update= 165 stage=1 weights=(1.0, 0.0, 0.0) reward=-0.0360 len= 22.06 term=1.000 in_range=0.062 r1=-0.036 r2=-20.400 r3=+0.000 policy_loss=+0.00257 value_loss=+0.00176 kl=0.0184 gate_reason='no-op' | eval_reward=-0.0113 eval_length= 24.19
update= 166 stage=1 weights=(1.0, 0.0, 0.0) reward=-0.0358 len= 22.17 term=1.000 in_range=0.066 r1=-0.036 r2=-20.336 r3=+0.000 policy_loss=-0.00246 value_loss=+0.00185 kl=0.0137 gate_reason='no-op'
update= 167 stage=1 weights=(1.0, 0.0, 0.0) reward=-0.0340 len= 21.94 term=1.000 in_range=0.065 r1=-0.034 r2=-20.357 r3=+0.000 policy_loss=-0.00254 value_loss=+0.00166 kl=0.0112 gate_reason='no-op'
update= 168 stage=1 weights=(1.0, 0.0, 0.0) reward=-0.0331 len= 21.77 term=1.000 in_range=0.064 r1=-0.033 r2=-20.212 r3=+0.000 policy_loss=-0.00106 value_loss=+0.00161 kl=0.0143 gate_reason='no-op'
update= 169 stage=1 weights=(1.0, 0.0, 0.0) reward=-0.0324 len= 22.01 term=1.000 in_range=0.065 r1=-0.032 r2=-20.294 r3=+0.000 policy_loss=+0.01667 value_loss=+0.00160 kl=0.0378 gate_reason='no-op'
update= 170 stage=1 weights=(1.0, 0.0, 0.0) reward=-0.0358 len= 22.03 term=1.000 in_range=0.063 r1=-0.036 r2=-20.313 r3=+0.000 policy_loss=+0.00766 value_loss=+0.00175 kl=0.0278 gate_reason='no-op' | eval_reward=-0.0224 eval_length= 23.44
update= 171 stage=1 weights=(1.0, 0.0, 0.0) reward=-0.0320 len= 22.01 term=1.000 in_range=0.065 r1=-0.032 r2=-20.519 r3=+0.000 policy_loss=+0.00249 value_loss=+0.00168 kl=0.0179 gate_reason='no-op'
update= 172 stage=1 weights=(1.0, 0.0, 0.0) reward=-0.0329 len= 22.22 term=1.000 in_range=0.064 r1=-0.033 r2=-20.611 r3=+0.000 policy_loss=+0.00953 value_loss=+0.00166 kl=0.0306 gate_reason='no-op'
update= 173 stage=1 weights=(1.0, 0.0, 0.0) reward=-0.0378 len= 22.11 term=1.000 in_range=0.066 r1=-0.038 r2=-20.126 r3=+0.000 policy_loss=+0.00134 value_loss=+0.00193 kl=0.0178 gate_reason='no-op'
update= 174 stage=1 weights=(1.0, 0.0, 0.0) reward=-0.0361 len= 22.24 term=1.000 in_range=0.064 r1=-0.036 r2=-20.177 r3=+0.000 policy_loss=-0.00003 value_loss=+0.00179 kl=0.0164 gate_reason='no-op'
update= 175 stage=1 weights=(1.0, 0.0, 0.0) reward=-0.0351 len= 22.32 term=1.000 in_range=0.065 r1=-0.035 r2=-20.274 r3=+0.000 policy_loss=+0.00205 value_loss=+0.00172 kl=0.0172 gate_reason='no-op' | eval_reward=-0.0013 eval_length= 25.25  [new_best]
update= 176 stage=1 weights=(1.0, 0.0, 0.0) reward=-0.0373 len= 22.34 term=1.000 in_range=0.064 r1=-0.037 r2=-20.427 r3=+0.000 policy_loss=+0.00973 value_loss=+0.00182 kl=0.0307 gate_reason='no-op'
update= 177 stage=1 weights=(1.0, 0.0, 0.0) reward=-0.0308 len= 22.03 term=1.000 in_range=0.063 r1=-0.031 r2=-20.392 r3=+0.000 policy_loss=+0.00774 value_loss=+0.00164 kl=0.0270 gate_reason='no-op'
update= 178 stage=1 weights=(1.0, 0.0, 0.0) reward=-0.0291 len= 22.04 term=1.000 in_range=0.065 r1=-0.029 r2=-20.276 r3=+0.000 policy_loss=+0.00443 value_loss=+0.00155 kl=0.0215 gate_reason='no-op'
update= 179 stage=1 weights=(1.0, 0.0, 0.0) reward=-0.0341 len= 21.95 term=1.000 in_range=0.062 r1=-0.034 r2=-20.312 r3=+0.000 policy_loss=+0.00057 value_loss=+0.00204 kl=0.0140 gate_reason='no-op'
update= 180 stage=1 weights=(1.0, 0.0, 0.0) reward=-0.0280 len= 21.78 term=1.000 in_range=0.063 r1=-0.028 r2=-20.351 r3=+0.000 policy_loss=+0.00011 value_loss=+0.00128 kl=0.0139 gate_reason='no-op' | eval_reward=+0.0000 eval_length= 23.06
update= 181 stage=1 weights=(1.0, 0.0, 0.0) reward=-0.0298 len= 21.99 term=1.000 in_range=0.062 r1=-0.030 r2=-20.453 r3=+0.000 policy_loss=-0.00284 value_loss=+0.00142 kl=0.0132 gate_reason='no-op'
update= 182 stage=1 weights=(1.0, 0.0, 0.0) reward=-0.0293 len= 21.90 term=1.000 in_range=0.060 r1=-0.029 r2=-20.280 r3=+0.000 policy_loss=+0.00438 value_loss=+0.00136 kl=0.0210 gate_reason='no-op'
update= 183 stage=1 weights=(1.0, 0.0, 0.0) reward=-0.0311 len= 21.81 term=1.000 in_range=0.061 r1=-0.031 r2=-20.235 r3=+0.000 policy_loss=+0.00265 value_loss=+0.00160 kl=0.0205 gate_reason='no-op'
update= 184 stage=1 weights=(1.0, 0.0, 0.0) reward=-0.0287 len= 22.04 term=1.000 in_range=0.059 r1=-0.029 r2=-20.553 r3=+0.000 policy_loss=-0.00062 value_loss=+0.00160 kl=0.0159 gate_reason='no-op'
update= 185 stage=1 weights=(1.0, 0.0, 0.0) reward=-0.0290 len= 22.04 term=1.000 in_range=0.065 r1=-0.029 r2=-20.245 r3=+0.000 policy_loss=-0.00286 value_loss=+0.00152 kl=0.0099 gate_reason='no-op' | eval_reward=-0.0127 eval_length= 22.81
update= 186 stage=1 weights=(1.0, 0.0, 0.0) reward=-0.0282 len= 22.03 term=1.000 in_range=0.063 r1=-0.028 r2=-20.393 r3=+0.000 policy_loss=+0.00036 value_loss=+0.00148 kl=0.0169 gate_reason='no-op'
update= 187 stage=1 weights=(1.0, 0.0, 0.0) reward=-0.0255 len= 22.13 term=1.000 in_range=0.061 r1=-0.026 r2=-20.415 r3=+0.000 policy_loss=+0.00477 value_loss=+0.00121 kl=0.0242 gate_reason='no-op'
update= 188 stage=1 weights=(1.0, 0.0, 0.0) reward=-0.0294 len= 22.09 term=1.000 in_range=0.063 r1=-0.029 r2=-20.177 r3=+0.000 policy_loss=+0.00593 value_loss=+0.00130 kl=0.0276 gate_reason='no-op'
update= 189 stage=1 weights=(1.0, 0.0, 0.0) reward=-0.0279 len= 22.06 term=1.000 in_range=0.065 r1=-0.028 r2=-19.989 r3=+0.000 policy_loss=+0.00166 value_loss=+0.00122 kl=0.0180 gate_reason='no-op'
update= 190 stage=1 weights=(1.0, 0.0, 0.0) reward=-0.0273 len= 22.31 term=1.000 in_range=0.066 r1=-0.027 r2=-20.117 r3=+0.000 policy_loss=+0.00202 value_loss=+0.00129 kl=0.0198 gate_reason='no-op' | eval_reward=-0.0368 eval_length= 22.94
update= 191 stage=1 weights=(1.0, 0.0, 0.0) reward=-0.0288 len= 22.15 term=1.000 in_range=0.067 r1=-0.029 r2=-19.839 r3=+0.000 policy_loss=+0.00282 value_loss=+0.00129 kl=0.0220 gate_reason='no-op'
update= 192 stage=1 weights=(1.0, 0.0, 0.0) reward=-0.0285 len= 21.87 term=1.000 in_range=0.069 r1=-0.028 r2=-19.796 r3=+0.000 policy_loss=-0.00165 value_loss=+0.00140 kl=0.0138 gate_reason='no-op'
update= 193 stage=1 weights=(1.0, 0.0, 0.0) reward=-0.0287 len= 22.03 term=1.000 in_range=0.066 r1=-0.029 r2=-20.158 r3=+0.000 policy_loss=+0.00415 value_loss=+0.00131 kl=0.0337 gate_reason='no-op'
update= 194 stage=1 weights=(1.0, 0.0, 0.0) reward=-0.0290 len= 21.97 term=1.000 in_range=0.061 r1=-0.029 r2=-20.546 r3=+0.000 policy_loss=+0.00241 value_loss=+0.00133 kl=0.0193 gate_reason='no-op'
update= 195 stage=1 weights=(1.0, 0.0, 0.0) reward=-0.0246 len= 22.36 term=1.000 in_range=0.063 r1=-0.025 r2=-20.676 r3=+0.000 policy_loss=+0.00175 value_loss=+0.00122 kl=0.0230 gate_reason='no-op' | eval_reward=+0.0000 eval_length= 23.19
update= 196 stage=1 weights=(1.0, 0.0, 0.0) reward=-0.0295 len= 22.07 term=1.000 in_range=0.062 r1=-0.029 r2=-20.502 r3=+0.000 policy_loss=+0.00503 value_loss=+0.00134 kl=0.0255 gate_reason='no-op'
update= 197 stage=1 weights=(1.0, 0.0, 0.0) reward=-0.0257 len= 22.14 term=1.000 in_range=0.059 r1=-0.026 r2=-20.625 r3=+0.000 policy_loss=+0.00591 value_loss=+0.00119 kl=0.0243 gate_reason='no-op'
update= 198 stage=1 weights=(1.0, 0.0, 0.0) reward=-0.0274 len= 22.16 term=1.000 in_range=0.061 r1=-0.027 r2=-20.688 r3=+0.000 policy_loss=-0.00060 value_loss=+0.00124 kl=0.0136 gate_reason='no-op'
update= 199 stage=1 weights=(1.0, 0.0, 0.0) reward=-0.0246 len= 22.27 term=1.000 in_range=0.061 r1=-0.025 r2=-20.798 r3=+0.000 policy_loss=-0.00197 value_loss=+0.00115 kl=0.0133 gate_reason='no-op'
update= 200 stage=1 weights=(1.0, 0.0, 0.0) reward=-0.0275 len= 22.24 term=1.000 in_range=0.062 r1=-0.028 r2=-20.852 r3=+0.000 policy_loss=+0.00643 value_loss=+0.00137 kl=0.0275 gate_reason='no-op' | eval_reward=-0.0294 eval_length= 24.00
update= 201 stage=1 weights=(1.0, 0.0, 0.0) reward=-0.0301 len= 22.63 term=1.000 in_range=0.059 r1=-0.030 r2=-21.237 r3=+0.000 policy_loss=+0.00080 value_loss=+0.00146 kl=0.0181 gate_reason='no-op'
update= 202 stage=1 weights=(1.0, 0.0, 0.0) reward=-0.0274 len= 22.50 term=1.000 in_range=0.063 r1=-0.027 r2=-20.947 r3=+0.000 policy_loss=+0.00495 value_loss=+0.00131 kl=0.0230 gate_reason='no-op'
update= 203 stage=1 weights=(1.0, 0.0, 0.0) reward=-0.0296 len= 22.46 term=1.000 in_range=0.061 r1=-0.030 r2=-20.685 r3=+0.000 policy_loss=+0.00101 value_loss=+0.00140 kl=0.0166 gate_reason='no-op'
update= 204 stage=1 weights=(1.0, 0.0, 0.0) reward=-0.0264 len= 22.52 term=1.000 in_range=0.062 r1=-0.026 r2=-20.841 r3=+0.000 policy_loss=+0.00630 value_loss=+0.00121 kl=0.0325 gate_reason='no-op'
update= 205 stage=1 weights=(1.0, 0.0, 0.0) reward=-0.0261 len= 22.50 term=1.000 in_range=0.062 r1=-0.026 r2=-20.669 r3=+0.000 policy_loss=+0.00727 value_loss=+0.00133 kl=0.0279 gate_reason='no-op' | eval_reward=-0.0105 eval_length= 23.06
update= 206 stage=1 weights=(1.0, 0.0, 0.0) reward=-0.0237 len= 22.06 term=1.000 in_range=0.061 r1=-0.024 r2=-20.613 r3=+0.000 policy_loss=+0.00346 value_loss=+0.00109 kl=0.0230 gate_reason='no-op'
update= 207 stage=1 weights=(1.0, 0.0, 0.0) reward=-0.0252 len= 22.22 term=1.000 in_range=0.062 r1=-0.025 r2=-20.775 r3=+0.000 policy_loss=+0.00503 value_loss=+0.00121 kl=0.0261 gate_reason='no-op'
update= 208 stage=1 weights=(1.0, 0.0, 0.0) reward=-0.0230 len= 21.94 term=1.000 in_range=0.063 r1=-0.023 r2=-20.506 r3=+0.000 policy_loss=+0.00534 value_loss=+0.00139 kl=0.0255 gate_reason='no-op'
update= 209 stage=1 weights=(1.0, 0.0, 0.0) reward=-0.0223 len= 21.75 term=1.000 in_range=0.061 r1=-0.022 r2=-20.502 r3=+0.000 policy_loss=+0.00745 value_loss=+0.00107 kl=0.0401 gate_reason='no-op'
update= 210 stage=1 weights=(1.0, 0.0, 0.0) reward=-0.0230 len= 21.58 term=1.000 in_range=0.064 r1=-0.023 r2=-20.015 r3=+0.000 policy_loss=+0.00390 value_loss=+0.00119 kl=0.0216 gate_reason='no-op' | eval_reward=-0.0039 eval_length= 22.25
update= 211 stage=1 weights=(1.0, 0.0, 0.0) reward=-0.0194 len= 21.60 term=1.000 in_range=0.061 r1=-0.019 r2=-20.278 r3=+0.000 policy_loss=+0.00368 value_loss=+0.00104 kl=0.0314 gate_reason='no-op'
update= 212 stage=1 weights=(1.0, 0.0, 0.0) reward=-0.0234 len= 21.87 term=1.000 in_range=0.064 r1=-0.023 r2=-20.429 r3=+0.000 policy_loss=+0.00126 value_loss=+0.00136 kl=0.0156 gate_reason='no-op'
update= 213 stage=1 weights=(1.0, 0.0, 0.0) reward=-0.0228 len= 22.11 term=1.000 in_range=0.062 r1=-0.023 r2=-20.843 r3=+0.000 policy_loss=+0.00501 value_loss=+0.00116 kl=0.0437 gate_reason='no-op'
update= 214 stage=1 weights=(1.0, 0.0, 0.0) reward=-0.0213 len= 22.12 term=1.000 in_range=0.064 r1=-0.021 r2=-20.593 r3=+0.000 policy_loss=+0.00275 value_loss=+0.00104 kl=0.0201 gate_reason='no-op'
update= 215 stage=1 weights=(1.0, 0.0, 0.0) reward=-0.0234 len= 22.15 term=1.000 in_range=0.062 r1=-0.023 r2=-20.559 r3=+0.000 policy_loss=-0.00180 value_loss=+0.00113 kl=0.0158 gate_reason='no-op' | eval_reward=-0.0110 eval_length= 23.88
update= 216 stage=1 weights=(1.0, 0.0, 0.0) reward=-0.0213 len= 22.08 term=1.000 in_range=0.064 r1=-0.021 r2=-20.527 r3=+0.000 policy_loss=+0.00422 value_loss=+0.00094 kl=0.0276 gate_reason='no-op'
update= 217 stage=1 weights=(1.0, 0.0, 0.0) reward=-0.0222 len= 21.77 term=1.000 in_range=0.069 r1=-0.022 r2=-19.931 r3=+0.000 policy_loss=+0.00223 value_loss=+0.00114 kl=0.0157 gate_reason='no-op'
update= 218 stage=1 weights=(1.0, 0.0, 0.0) reward=-0.0215 len= 21.79 term=1.000 in_range=0.068 r1=-0.022 r2=-20.203 r3=+0.000 policy_loss=-0.00155 value_loss=+0.00104 kl=0.0140 gate_reason='no-op'
update= 219 stage=1 weights=(1.0, 0.0, 0.0) reward=-0.0197 len= 21.67 term=1.000 in_range=0.064 r1=-0.020 r2=-19.999 r3=+0.000 policy_loss=-0.00127 value_loss=+0.00097 kl=0.0164 gate_reason='no-op'
update= 220 stage=1 weights=(1.0, 0.0, 0.0) reward=-0.0220 len= 21.94 term=1.000 in_range=0.065 r1=-0.022 r2=-20.377 r3=+0.000 policy_loss=+0.01098 value_loss=+0.00096 kl=0.0352 gate_reason='no-op' | eval_reward=-0.0135 eval_length= 23.88
update= 221 stage=1 weights=(1.0, 0.0, 0.0) reward=-0.0215 len= 22.33 term=1.000 in_range=0.063 r1=-0.022 r2=-20.696 r3=+0.000 policy_loss=+0.00072 value_loss=+0.00099 kl=0.0153 gate_reason='no-op'
update= 222 stage=1 weights=(1.0, 0.0, 0.0) reward=-0.0234 len= 22.07 term=1.000 in_range=0.064 r1=-0.023 r2=-20.174 r3=+0.000 policy_loss=+0.00581 value_loss=+0.00118 kl=0.0266 gate_reason='no-op'
update= 223 stage=1 weights=(1.0, 0.0, 0.0) reward=-0.0219 len= 22.20 term=1.000 in_range=0.063 r1=-0.022 r2=-20.687 r3=+0.000 policy_loss=+0.00845 value_loss=+0.00104 kl=0.0392 gate_reason='no-op'
update= 224 stage=1 weights=(1.0, 0.0, 0.0) reward=-0.0194 len= 21.94 term=1.000 in_range=0.065 r1=-0.019 r2=-20.509 r3=+0.000 policy_loss=+0.00479 value_loss=+0.00092 kl=0.0239 gate_reason='no-op'
update= 225 stage=1 weights=(1.0, 0.0, 0.0) reward=-0.0204 len= 21.75 term=1.000 in_range=0.062 r1=-0.020 r2=-20.533 r3=+0.000 policy_loss=+0.00302 value_loss=+0.00096 kl=0.0218 gate_reason='no-op' | eval_reward=-0.0110 eval_length= 21.56
update= 226 stage=1 weights=(1.0, 0.0, 0.0) reward=-0.0191 len= 21.86 term=1.000 in_range=0.062 r1=-0.019 r2=-20.608 r3=+0.000 policy_loss=+0.00460 value_loss=+0.00085 kl=0.0242 gate_reason='no-op'
update= 227 stage=1 weights=(1.0, 0.0, 0.0) reward=-0.0207 len= 21.89 term=1.000 in_range=0.061 r1=-0.021 r2=-20.677 r3=+0.000 policy_loss=+0.01286 value_loss=+0.00096 kl=0.0491 gate_reason='no-op'
update= 228 stage=1 weights=(1.0, 0.0, 0.0) reward=-0.0215 len= 21.73 term=1.000 in_range=0.060 r1=-0.021 r2=-20.779 r3=+0.000 policy_loss=+0.00170 value_loss=+0.00103 kl=0.0187 gate_reason='no-op'
update= 229 stage=1 weights=(1.0, 0.0, 0.0) reward=-0.0196 len= 21.62 term=1.000 in_range=0.059 r1=-0.020 r2=-20.734 r3=+0.000 policy_loss=-0.00198 value_loss=+0.00087 kl=0.0131 gate_reason='no-op'
update= 230 stage=1 weights=(1.0, 0.0, 0.0) reward=-0.0189 len= 21.72 term=1.000 in_range=0.063 r1=-0.019 r2=-20.561 r3=+0.000 policy_loss=+0.00359 value_loss=+0.00090 kl=0.0248 gate_reason='no-op' | eval_reward=-0.0136 eval_length= 21.69
update= 231 stage=1 weights=(1.0, 0.0, 0.0) reward=-0.0198 len= 21.70 term=1.000 in_range=0.059 r1=-0.020 r2=-20.846 r3=+0.000 policy_loss=+0.00242 value_loss=+0.00089 kl=0.0212 gate_reason='no-op'
update= 232 stage=1 weights=(1.0, 0.0, 0.0) reward=-0.0197 len= 21.72 term=1.000 in_range=0.058 r1=-0.020 r2=-21.059 r3=+0.000 policy_loss=+0.00038 value_loss=+0.00091 kl=0.0190 gate_reason='no-op'
update= 233 stage=1 weights=(1.0, 0.0, 0.0) reward=-0.0201 len= 21.97 term=1.000 in_range=0.055 r1=-0.020 r2=-21.314 r3=+0.000 policy_loss=-0.00053 value_loss=+0.00085 kl=0.0184 gate_reason='no-op'
update= 234 stage=1 weights=(1.0, 0.0, 0.0) reward=-0.0192 len= 21.98 term=1.000 in_range=0.058 r1=-0.019 r2=-21.301 r3=+0.000 policy_loss=-0.00068 value_loss=+0.00081 kl=0.0151 gate_reason='no-op'
update= 235 stage=1 weights=(1.0, 0.0, 0.0) reward=-0.0177 len= 21.98 term=1.000 in_range=0.054 r1=-0.018 r2=-21.489 r3=+0.000 policy_loss=+0.00622 value_loss=+0.00083 kl=0.0329 gate_reason='no-op' | eval_reward=-0.0228 eval_length= 22.75
update= 236 stage=1 weights=(1.0, 0.0, 0.0) reward=-0.0211 len= 22.15 term=1.000 in_range=0.056 r1=-0.021 r2=-21.792 r3=+0.000 policy_loss=+0.00013 value_loss=+0.00104 kl=0.0195 gate_reason='no-op'
update= 237 stage=1 weights=(1.0, 0.0, 0.0) reward=-0.0232 len= 22.13 term=1.000 in_range=0.053 r1=-0.023 r2=-21.753 r3=+0.000 policy_loss=+0.00323 value_loss=+0.00113 kl=0.0237 gate_reason='no-op'
update= 238 stage=1 weights=(1.0, 0.0, 0.0) reward=-0.0226 len= 22.42 term=1.000 in_range=0.054 r1=-0.023 r2=-21.901 r3=+0.000 policy_loss=+0.00973 value_loss=+0.00113 kl=0.0354 gate_reason='no-op'
update= 239 stage=1 weights=(1.0, 0.0, 0.0) reward=-0.0266 len= 22.41 term=1.000 in_range=0.054 r1=-0.027 r2=-21.703 r3=+0.000 policy_loss=+0.00307 value_loss=+0.00145 kl=0.0183 gate_reason='no-op'
update= 240 stage=1 weights=(1.0, 0.0, 0.0) reward=-0.0265 len= 22.50 term=1.000 in_range=0.053 r1=-0.026 r2=-21.902 r3=+0.000 policy_loss=+0.00202 value_loss=+0.00146 kl=0.0192 gate_reason='no-op' | eval_reward=-0.0145 eval_length= 24.69
update= 241 stage=1 weights=(1.0, 0.0, 0.0) reward=-0.0239 len= 22.42 term=1.000 in_range=0.054 r1=-0.024 r2=-21.775 r3=+0.000 policy_loss=+0.00265 value_loss=+0.00132 kl=0.0223 gate_reason='no-op'
update= 242 stage=1 weights=(1.0, 0.0, 0.0) reward=-0.0290 len= 22.47 term=1.000 in_range=0.053 r1=-0.029 r2=-21.857 r3=+0.000 policy_loss=-0.00132 value_loss=+0.00149 kl=0.0157 gate_reason='no-op'
update= 243 stage=1 weights=(1.0, 0.0, 0.0) reward=-0.0253 len= 22.40 term=1.000 in_range=0.055 r1=-0.025 r2=-21.780 r3=+0.000 policy_loss=+0.00128 value_loss=+0.00132 kl=0.0287 gate_reason='no-op'
update= 244 stage=1 weights=(1.0, 0.0, 0.0) reward=-0.0211 len= 22.33 term=1.000 in_range=0.054 r1=-0.021 r2=-21.961 r3=+0.000 policy_loss=+0.00427 value_loss=+0.00137 kl=0.0224 gate_reason='no-op'
update= 245 stage=1 weights=(1.0, 0.0, 0.0) reward=-0.0247 len= 22.36 term=1.000 in_range=0.054 r1=-0.025 r2=-21.793 r3=+0.000 policy_loss=-0.00195 value_loss=+0.00136 kl=0.0131 gate_reason='no-op' | eval_reward=-0.0026 eval_length= 24.31
update= 246 stage=1 weights=(1.0, 0.0, 0.0) reward=-0.0236 len= 22.31 term=1.000 in_range=0.053 r1=-0.024 r2=-21.767 r3=+0.000 policy_loss=-0.00166 value_loss=+0.00112 kl=0.0135 gate_reason='no-op'
update= 247 stage=1 weights=(1.0, 0.0, 0.0) reward=-0.0236 len= 22.41 term=1.000 in_range=0.054 r1=-0.024 r2=-21.773 r3=+0.000 policy_loss=-0.00207 value_loss=+0.00124 kl=0.0130 gate_reason='no-op'
update= 248 stage=1 weights=(1.0, 0.0, 0.0) reward=-0.0216 len= 22.37 term=1.000 in_range=0.054 r1=-0.022 r2=-21.686 r3=+0.000 policy_loss=+0.00073 value_loss=+0.00111 kl=0.0209 gate_reason='no-op'
update= 249 stage=1 weights=(1.0, 0.0, 0.0) reward=-0.0203 len= 22.30 term=1.000 in_range=0.054 r1=-0.020 r2=-21.710 r3=+0.000 policy_loss=+0.00582 value_loss=+0.00120 kl=0.0285 gate_reason='no-op'
update= 250 stage=1 weights=(1.0, 0.0, 0.0) reward=-0.0220 len= 22.34 term=1.000 in_range=0.054 r1=-0.022 r2=-21.687 r3=+0.000 policy_loss=+0.00187 value_loss=+0.00130 kl=0.0198 gate_reason='no-op' | eval_reward=+0.0000 eval_length= 22.38
update= 251 stage=1 weights=(1.0, 0.0, 0.0) reward=-0.0202 len= 22.18 term=1.000 in_range=0.052 r1=-0.020 r2=-21.731 r3=+0.000 policy_loss=-0.00127 value_loss=+0.00094 kl=0.0146 gate_reason='no-op'
update= 252 stage=1 weights=(1.0, 0.0, 0.0) reward=-0.0200 len= 21.98 term=1.000 in_range=0.053 r1=-0.020 r2=-21.247 r3=+0.000 policy_loss=-0.00171 value_loss=+0.00101 kl=0.0161 gate_reason='no-op'
update= 253 stage=1 weights=(1.0, 0.0, 0.0) reward=-0.0181 len= 22.12 term=1.000 in_range=0.051 r1=-0.018 r2=-21.609 r3=+0.000 policy_loss=+0.00574 value_loss=+0.00087 kl=0.0310 gate_reason='no-op'
update= 254 stage=1 weights=(1.0, 0.0, 0.0) reward=-0.0154 len= 21.53 term=1.000 in_range=0.052 r1=-0.015 r2=-21.361 r3=+0.000 policy_loss=+0.00154 value_loss=+0.00072 kl=0.0261 gate_reason='no-op'
update= 255 stage=1 weights=(1.0, 0.0, 0.0) reward=-0.0167 len= 21.41 term=1.000 in_range=0.051 r1=-0.017 r2=-21.327 r3=+0.000 policy_loss=+0.00509 value_loss=+0.00072 kl=0.0356 gate_reason='no-op' | eval_reward=-0.0009 eval_length= 23.12
update= 256 stage=1 weights=(1.0, 0.0, 0.0) reward=-0.0180 len= 20.79 term=1.000 in_range=0.053 r1=-0.018 r2=-20.580 r3=+0.000 policy_loss=+0.00453 value_loss=+0.00088 kl=0.0252 gate_reason='no-op'
update= 257 stage=1 weights=(1.0, 0.0, 0.0) reward=-0.0144 len= 20.96 term=1.000 in_range=0.051 r1=-0.014 r2=-21.092 r3=+0.000 policy_loss=+0.00033 value_loss=+0.00065 kl=0.0236 gate_reason='no-op'
update= 258 stage=1 weights=(1.0, 0.0, 0.0) reward=-0.0161 len= 20.90 term=1.000 in_range=0.051 r1=-0.016 r2=-20.940 r3=+0.000 policy_loss=-0.00111 value_loss=+0.00080 kl=0.0150 gate_reason='no-op'
update= 259 stage=1 weights=(1.0, 0.0, 0.0) reward=-0.0160 len= 20.88 term=1.000 in_range=0.052 r1=-0.016 r2=-21.026 r3=+0.000 policy_loss=-0.00147 value_loss=+0.00079 kl=0.0148 gate_reason='no-op'
update= 260 stage=1 weights=(1.0, 0.0, 0.0) reward=-0.0157 len= 21.07 term=1.000 in_range=0.052 r1=-0.016 r2=-21.107 r3=+0.000 policy_loss=+0.00692 value_loss=+0.00072 kl=0.0259 gate_reason='no-op' | eval_reward=-0.0075 eval_length= 22.00
update= 261 stage=1 weights=(1.0, 0.0, 0.0) reward=-0.0149 len= 21.27 term=1.000 in_range=0.050 r1=-0.015 r2=-21.552 r3=+0.000 policy_loss=+0.00520 value_loss=+0.00074 kl=0.0299 gate_reason='no-op'
update= 262 stage=1 weights=(1.0, 0.0, 0.0) reward=-0.0145 len= 20.89 term=1.000 in_range=0.050 r1=-0.014 r2=-21.148 r3=+0.000 policy_loss=-0.00088 value_loss=+0.00063 kl=0.0193 gate_reason='no-op'
update= 263 stage=1 weights=(1.0, 0.0, 0.0) reward=-0.0141 len= 20.99 term=1.000 in_range=0.049 r1=-0.014 r2=-21.339 r3=+0.000 policy_loss=+0.00060 value_loss=+0.00080 kl=0.0209 gate_reason='no-op'
update= 264 stage=1 weights=(1.0, 0.0, 0.0) reward=-0.0144 len= 21.08 term=1.000 in_range=0.049 r1=-0.014 r2=-21.642 r3=+0.000 policy_loss=+0.00006 value_loss=+0.00072 kl=0.0155 gate_reason='no-op'
update= 265 stage=1 weights=(1.0, 0.0, 0.0) reward=-0.0151 len= 21.23 term=1.000 in_range=0.049 r1=-0.015 r2=-21.731 r3=+0.000 policy_loss=+0.00898 value_loss=+0.00089 kl=0.0368 gate_reason='no-op' | eval_reward=-0.0009 eval_length= 21.31
update= 266 stage=1 weights=(1.0, 0.0, 0.0) reward=-0.0145 len= 21.36 term=1.000 in_range=0.045 r1=-0.014 r2=-22.310 r3=+0.000 policy_loss=+0.00700 value_loss=+0.00080 kl=0.0231 gate_reason='no-op'
update= 267 stage=1 weights=(1.0, 0.0, 0.0) reward=-0.0139 len= 21.24 term=1.000 in_range=0.047 r1=-0.014 r2=-22.235 r3=+0.000 policy_loss=+0.00704 value_loss=+0.00076 kl=0.0305 gate_reason='no-op'
update= 268 stage=1 weights=(1.0, 0.0, 0.0) reward=-0.0154 len= 21.38 term=1.000 in_range=0.047 r1=-0.015 r2=-22.340 r3=+0.000 policy_loss=+0.00546 value_loss=+0.00089 kl=0.0287 gate_reason='no-op'
update= 269 stage=1 weights=(1.0, 0.0, 0.0) reward=-0.0149 len= 21.26 term=1.000 in_range=0.047 r1=-0.015 r2=-22.098 r3=+0.000 policy_loss=+0.00339 value_loss=+0.00110 kl=0.0205 gate_reason='no-op'
update= 270 stage=1 weights=(1.0, 0.0, 0.0) reward=-0.0141 len= 21.50 term=1.000 in_range=0.046 r1=-0.014 r2=-22.407 r3=+0.000 policy_loss=+0.00504 value_loss=+0.00095 kl=0.0264 gate_reason='no-op' | eval_reward=-0.0105 eval_length= 21.19
update= 271 stage=1 weights=(1.0, 0.0, 0.0) reward=-0.0142 len= 21.23 term=1.000 in_range=0.048 r1=-0.014 r2=-22.262 r3=+0.000 policy_loss=+0.00806 value_loss=+0.00130 kl=0.0282 gate_reason='no-op'
update= 272 stage=1 weights=(1.0, 0.0, 0.0) reward=-0.0135 len= 21.15 term=1.000 in_range=0.046 r1=-0.013 r2=-22.289 r3=+0.000 policy_loss=+0.00738 value_loss=+0.00387 kl=0.0175 gate_reason='no-op'
update= 273 stage=1 weights=(1.0, 0.0, 0.0) reward=-0.0125 len= 21.11 term=1.000 in_range=0.047 r1=-0.013 r2=-22.186 r3=+0.000 policy_loss=+0.00844 value_loss=+0.00299 kl=0.0246 gate_reason='no-op'
update= 274 stage=1 weights=(1.0, 0.0, 0.0) reward=-0.0133 len= 21.10 term=1.000 in_range=0.048 r1=-0.013 r2=-22.174 r3=+0.000 policy_loss=+0.00318 value_loss=+0.00124 kl=0.0111 gate_reason='no-op'
update= 275 stage=1 weights=(1.0, 0.0, 0.0) reward=-0.0119 len= 21.14 term=1.000 in_range=0.047 r1=-0.012 r2=-22.288 r3=+0.000 policy_loss=+0.00271 value_loss=+0.00150 kl=0.0148 gate_reason='no-op' | eval_reward=+0.0000 eval_length= 20.44
update= 276 stage=1 weights=(1.0, 0.0, 0.0) reward=-0.0117 len= 21.14 term=1.000 in_range=0.045 r1=-0.012 r2=-22.288 r3=+0.000 policy_loss=+0.00323 value_loss=+0.00076 kl=0.0244 gate_reason='no-op'
update= 277 stage=1 weights=(1.0, 0.0, 0.0) reward=-0.0129 len= 20.96 term=1.000 in_range=0.048 r1=-0.013 r2=-22.099 r3=+0.000 policy_loss=+0.00620 value_loss=+0.00111 kl=0.0196 gate_reason='no-op'
update= 278 stage=1 weights=(1.0, 0.0, 0.0) reward=-0.0123 len= 21.09 term=1.000 in_range=0.047 r1=-0.012 r2=-22.172 r3=+0.000 policy_loss=+0.00231 value_loss=+0.00061 kl=0.0305 gate_reason='no-op'
update= 279 stage=1 weights=(1.0, 0.0, 0.0) reward=-0.0124 len= 21.12 term=1.000 in_range=0.048 r1=-0.012 r2=-22.277 r3=+0.000 policy_loss=+0.00093 value_loss=+0.00074 kl=0.0216 gate_reason='no-op'
update= 280 stage=1 weights=(1.0, 0.0, 0.0) reward=-0.0141 len= 21.25 term=1.000 in_range=0.047 r1=-0.014 r2=-22.327 r3=+0.000 policy_loss=-0.00201 value_loss=+0.00109 kl=0.0158 gate_reason='no-op' | eval_reward=-0.0105 eval_length= 21.88
update= 281 stage=1 weights=(1.0, 0.0, 0.0) reward=-0.0122 len= 21.34 term=1.000 in_range=0.047 r1=-0.012 r2=-22.283 r3=+0.000 policy_loss=+0.00085 value_loss=+0.00064 kl=0.0196 gate_reason='no-op'
update= 282 stage=1 weights=(1.0, 0.0, 0.0) reward=-0.0126 len= 21.47 term=1.000 in_range=0.047 r1=-0.013 r2=-22.350 r3=+0.000 policy_loss=-0.00072 value_loss=+0.00064 kl=0.0197 gate_reason='no-op'
update= 283 stage=1 weights=(1.0, 0.0, 0.0) reward=-0.0124 len= 21.49 term=1.000 in_range=0.048 r1=-0.012 r2=-22.371 r3=+0.000 policy_loss=+0.00014 value_loss=+0.00074 kl=0.0197 gate_reason='no-op'
update= 284 stage=1 weights=(1.0, 0.0, 0.0) reward=-0.0127 len= 21.38 term=1.000 in_range=0.047 r1=-0.013 r2=-22.316 r3=+0.000 policy_loss=+0.00150 value_loss=+0.00065 kl=0.0224 gate_reason='no-op'
update= 285 stage=1 weights=(1.0, 0.0, 0.0) reward=-0.0128 len= 21.50 term=1.000 in_range=0.047 r1=-0.013 r2=-22.507 r3=+0.000 policy_loss=+0.00314 value_loss=+0.00058 kl=0.0237 gate_reason='no-op' | eval_reward=-0.0180 eval_length= 21.69
update= 286 stage=1 weights=(1.0, 0.0, 0.0) reward=-0.0136 len= 21.79 term=1.000 in_range=0.045 r1=-0.014 r2=-22.851 r3=+0.000 policy_loss=+0.00007 value_loss=+0.00068 kl=0.0187 gate_reason='no-op'
update= 287 stage=1 weights=(1.0, 0.0, 0.0) reward=-0.0115 len= 21.62 term=1.000 in_range=0.048 r1=-0.012 r2=-22.629 r3=+0.000 policy_loss=-0.00135 value_loss=+0.00050 kl=0.0171 gate_reason='no-op'
update= 288 stage=1 weights=(1.0, 0.0, 0.0) reward=-0.0125 len= 21.59 term=1.000 in_range=0.046 r1=-0.012 r2=-22.735 r3=+0.000 policy_loss=+0.00108 value_loss=+0.00055 kl=0.0222 gate_reason='no-op'
update= 289 stage=1 weights=(1.0, 0.0, 0.0) reward=-0.0106 len= 21.50 term=1.000 in_range=0.047 r1=-0.011 r2=-22.574 r3=+0.000 policy_loss=+0.00863 value_loss=+0.00044 kl=0.0347 gate_reason='no-op'
update= 290 stage=1 weights=(1.0, 0.0, 0.0) reward=-0.0126 len= 20.87 term=1.000 in_range=0.049 r1=-0.013 r2=-21.761 r3=+0.000 policy_loss=-0.00017 value_loss=+0.00064 kl=0.0174 gate_reason='no-op' | eval_reward=-0.0070 eval_length= 22.31
update= 291 stage=1 weights=(1.0, 0.0, 0.0) reward=-0.0118 len= 20.91 term=1.000 in_range=0.050 r1=-0.012 r2=-21.555 r3=+0.000 policy_loss=+0.00478 value_loss=+0.00062 kl=0.0277 gate_reason='no-op'
update= 292 stage=1 weights=(1.0, 0.0, 0.0) reward=-0.0112 len= 21.00 term=1.000 in_range=0.049 r1=-0.011 r2=-21.841 r3=+0.000 policy_loss=-0.00085 value_loss=+0.00067 kl=0.0158 gate_reason='no-op'
update= 293 stage=1 weights=(1.0, 0.0, 0.0) reward=-0.0128 len= 20.90 term=1.000 in_range=0.049 r1=-0.013 r2=-21.824 r3=+0.000 policy_loss=+0.01006 value_loss=+0.00057 kl=0.0287 gate_reason='no-op'
update= 294 stage=1 weights=(1.0, 0.0, 0.0) reward=-0.0119 len= 20.78 term=1.000 in_range=0.048 r1=-0.012 r2=-21.467 r3=+0.000 policy_loss=+0.00549 value_loss=+0.00051 kl=0.0288 gate_reason='no-op'
update= 295 stage=1 weights=(1.0, 0.0, 0.0) reward=-0.0108 len= 21.21 term=1.000 in_range=0.048 r1=-0.011 r2=-22.226 r3=+0.000 policy_loss=+0.00134 value_loss=+0.00044 kl=0.0214 gate_reason='no-op' | eval_reward=-0.0013 eval_length= 21.62
update= 296 stage=1 weights=(1.0, 0.0, 0.0) reward=-0.0113 len= 21.05 term=1.000 in_range=0.048 r1=-0.011 r2=-22.012 r3=+0.000 policy_loss=+0.00208 value_loss=+0.00077 kl=0.0219 gate_reason='no-op'
update= 297 stage=1 weights=(1.0, 0.0, 0.0) reward=-0.0111 len= 21.20 term=1.000 in_range=0.048 r1=-0.011 r2=-22.074 r3=+0.000 policy_loss=+0.00327 value_loss=+0.00072 kl=0.0272 gate_reason='no-op'
update= 298 stage=1 weights=(1.0, 0.0, 0.0) reward=-0.0109 len= 21.14 term=1.000 in_range=0.050 r1=-0.011 r2=-21.966 r3=+0.000 policy_loss=+0.00492 value_loss=+0.00140 kl=0.0224 gate_reason='no-op'
update= 299 stage=1 weights=(1.0, 0.0, 0.0) reward=-0.0114 len= 21.27 term=1.000 in_range=0.048 r1=-0.011 r2=-22.402 r3=+0.000 policy_loss=+0.00334 value_loss=+0.00074 kl=0.0221 gate_reason='no-op'
update= 300 stage=1 weights=(1.0, 0.0, 0.0) reward=-0.0117 len= 21.23 term=1.000 in_range=0.049 r1=-0.012 r2=-22.175 r3=+0.000 policy_loss=+0.00365 value_loss=+0.00065 kl=0.0289 gate_reason='no-op' | eval_reward=-0.0145 eval_length= 22.44
update= 301 stage=1 weights=(1.0, 0.0, 0.0) reward=-0.0110 len= 21.43 term=1.000 in_range=0.048 r1=-0.011 r2=-22.568 r3=+0.000 policy_loss=-0.00156 value_loss=+0.00052 kl=0.0181 gate_reason='no-op'
update= 302 stage=1 weights=(1.0, 0.0, 0.0) reward=-0.0110 len= 21.50 term=1.000 in_range=0.048 r1=-0.011 r2=-22.578 r3=+0.000 policy_loss=+0.00091 value_loss=+0.00056 kl=0.0243 gate_reason='no-op'
update= 303 stage=1 weights=(1.0, 0.0, 0.0) reward=-0.0135 len= 21.64 term=1.000 in_range=0.047 r1=-0.014 r2=-22.526 r3=+0.000 policy_loss=-0.00226 value_loss=+0.00060 kl=0.0131 gate_reason='no-op'
update= 304 stage=1 weights=(1.0, 0.0, 0.0) reward=-0.0125 len= 21.85 term=1.000 in_range=0.048 r1=-0.013 r2=-23.014 r3=+0.000 policy_loss=-0.00099 value_loss=+0.00059 kl=0.0162 gate_reason='no-op'
update= 305 stage=1 weights=(1.0, 0.0, 0.0) reward=-0.0119 len= 21.93 term=1.000 in_range=0.048 r1=-0.012 r2=-22.980 r3=+0.000 policy_loss=+0.00595 value_loss=+0.00055 kl=0.0250 gate_reason='no-op' | eval_reward=-0.0105 eval_length= 22.38
update= 306 stage=1 weights=(1.0, 0.0, 0.0) reward=-0.0145 len= 21.85 term=1.000 in_range=0.048 r1=-0.015 r2=-23.004 r3=+0.000 policy_loss=+0.00099 value_loss=+0.00078 kl=0.0200 gate_reason='no-op'
update= 307 stage=1 weights=(1.0, 0.0, 0.0) reward=-0.0137 len= 21.77 term=1.000 in_range=0.048 r1=-0.014 r2=-22.865 r3=+0.000 policy_loss=-0.00295 value_loss=+0.00063 kl=0.0149 gate_reason='no-op'
update= 308 stage=1 weights=(1.0, 0.0, 0.0) reward=-0.0133 len= 21.91 term=1.000 in_range=0.048 r1=-0.013 r2=-22.930 r3=+0.000 policy_loss=-0.00263 value_loss=+0.00059 kl=0.0143 gate_reason='no-op'
update= 309 stage=1 weights=(1.0, 0.0, 0.0) reward=-0.0170 len= 21.92 term=1.000 in_range=0.049 r1=-0.017 r2=-22.935 r3=+0.000 policy_loss=+0.00077 value_loss=+0.00079 kl=0.0222 gate_reason='no-op'
update= 310 stage=1 weights=(1.0, 0.0, 0.0) reward=-0.0134 len= 21.96 term=1.000 in_range=0.049 r1=-0.013 r2=-23.095 r3=+0.000 policy_loss=+0.00138 value_loss=+0.00060 kl=0.0234 gate_reason='no-op' | eval_reward=-0.0387 eval_length= 23.88
update= 311 stage=1 weights=(1.0, 0.0, 0.0) reward=-0.0182 len= 22.20 term=1.000 in_range=0.048 r1=-0.018 r2=-23.011 r3=+0.000 policy_loss=-0.00023 value_loss=+0.00094 kl=0.0178 gate_reason='no-op'
update= 312 stage=1 weights=(1.0, 0.0, 0.0) reward=-0.0174 len= 22.10 term=1.000 in_range=0.049 r1=-0.017 r2=-23.242 r3=+0.000 policy_loss=+0.00151 value_loss=+0.00089 kl=0.0184 gate_reason='no-op'
update= 313 stage=1 weights=(1.0, 0.0, 0.0) reward=-0.0161 len= 22.23 term=1.000 in_range=0.049 r1=-0.016 r2=-23.110 r3=+0.000 policy_loss=-0.00306 value_loss=+0.00083 kl=0.0126 gate_reason='no-op'
update= 314 stage=1 weights=(1.0, 0.0, 0.0) reward=-0.0161 len= 21.97 term=1.000 in_range=0.049 r1=-0.016 r2=-23.219 r3=+0.000 policy_loss=+0.00176 value_loss=+0.00078 kl=0.0218 gate_reason='no-op'
update= 315 stage=1 weights=(1.0, 0.0, 0.0) reward=-0.0158 len= 21.92 term=1.000 in_range=0.048 r1=-0.016 r2=-23.232 r3=+0.000 policy_loss=+0.00928 value_loss=+0.00079 kl=0.0374 gate_reason='no-op' | eval_reward=-0.0048 eval_length= 23.25
update= 316 stage=1 weights=(1.0, 0.0, 0.0) reward=-0.0164 len= 22.19 term=1.000 in_range=0.050 r1=-0.016 r2=-23.142 r3=+0.000 policy_loss=+0.00571 value_loss=+0.00097 kl=0.0291 gate_reason='no-op'
update= 317 stage=1 weights=(1.0, 0.0, 0.0) reward=-0.0138 len= 22.13 term=1.000 in_range=0.048 r1=-0.014 r2=-22.996 r3=+0.000 policy_loss=+0.00679 value_loss=+0.00077 kl=0.0304 gate_reason='no-op'
update= 318 stage=1 weights=(1.0, 0.0, 0.0) reward=-0.0171 len= 22.24 term=1.000 in_range=0.049 r1=-0.017 r2=-22.953 r3=+0.000 policy_loss=+0.00649 value_loss=+0.00190 kl=0.0283 gate_reason='no-op'
update= 319 stage=1 weights=(1.0, 0.0, 0.0) reward=-0.0147 len= 22.06 term=1.000 in_range=0.050 r1=-0.015 r2=-22.650 r3=+0.000 policy_loss=+0.00253 value_loss=+0.00282 kl=0.0147 gate_reason='no-op'
update= 320 stage=1 weights=(1.0, 0.0, 0.0) reward=-0.0158 len= 22.06 term=1.000 in_range=0.050 r1=-0.016 r2=-22.924 r3=+0.000 policy_loss=+0.00256 value_loss=+0.00116 kl=0.0295 gate_reason='no-op' | eval_reward=-0.0013 eval_length= 23.38
update= 321 stage=1 weights=(1.0, 0.0, 0.0) reward=-0.0131 len= 21.73 term=1.000 in_range=0.047 r1=-0.013 r2=-23.009 r3=+0.000 policy_loss=+0.00607 value_loss=+0.00129 kl=0.0181 gate_reason='no-op'
update= 322 stage=1 weights=(1.0, 0.0, 0.0) reward=-0.0131 len= 21.67 term=1.000 in_range=0.047 r1=-0.013 r2=-22.827 r3=+0.000 policy_loss=+0.00769 value_loss=+0.00085 kl=0.0263 gate_reason='no-op'
update= 323 stage=1 weights=(1.0, 0.0, 0.0) reward=-0.0125 len= 21.80 term=1.000 in_range=0.047 r1=-0.013 r2=-22.842 r3=+0.000 policy_loss=+0.00883 value_loss=+0.00120 kl=0.0302 gate_reason='no-op'
update= 324 stage=1 weights=(1.0, 0.0, 0.0) reward=-0.0103 len= 21.41 term=1.000 in_range=0.047 r1=-0.010 r2=-22.585 r3=+0.000 policy_loss=+0.01087 value_loss=+0.00139 kl=0.0442 gate_reason='no-op'
update= 325 stage=1 weights=(1.0, 0.0, 0.0) reward=-0.0103 len= 20.95 term=1.000 in_range=0.049 r1=-0.010 r2=-22.094 r3=+0.000 policy_loss=+0.00767 value_loss=+0.00391 kl=0.0230 gate_reason='no-op' | eval_reward=-0.0026 eval_length= 21.00
update= 326 stage=1 weights=(1.0, 0.0, 0.0) reward=-0.0095 len= 21.32 term=1.000 in_range=0.047 r1=-0.010 r2=-22.525 r3=+0.000 policy_loss=+0.00962 value_loss=+0.00173 kl=0.0268 gate_reason='no-op'
update= 327 stage=1 weights=(1.0, 0.0, 0.0) reward=-0.0111 len= 20.91 term=1.000 in_range=0.047 r1=-0.011 r2=-22.080 r3=+0.000 policy_loss=+0.00082 value_loss=+0.00239 kl=0.0162 gate_reason='no-op'
update= 328 stage=1 weights=(1.0, 0.0, 0.0) reward=-0.0091 len= 20.68 term=1.000 in_range=0.047 r1=-0.009 r2=-21.981 r3=+0.000 policy_loss=+0.00287 value_loss=+0.00066 kl=0.0251 gate_reason='no-op'
update= 329 stage=1 weights=(1.0, 0.0, 0.0) reward=-0.0106 len= 20.78 term=1.000 in_range=0.046 r1=-0.011 r2=-22.135 r3=+0.000 policy_loss=+0.00054 value_loss=+0.00048 kl=0.0245 gate_reason='no-op'
update= 330 stage=1 weights=(1.0, 0.0, 0.0) reward=-0.0097 len= 20.65 term=1.000 in_range=0.045 r1=-0.010 r2=-22.226 r3=+0.000 policy_loss=+0.00226 value_loss=+0.00049 kl=0.0260 gate_reason='no-op' | eval_reward=-0.0035 eval_length= 20.19
update= 331 stage=1 weights=(1.0, 0.0, 0.0) reward=-0.0088 len= 20.83 term=1.000 in_range=0.046 r1=-0.009 r2=-22.335 r3=+0.000 policy_loss=+0.00284 value_loss=+0.00039 kl=0.0322 gate_reason='no-op'
update= 332 stage=1 weights=(1.0, 0.0, 0.0) reward=-0.0107 len= 21.33 term=1.000 in_range=0.045 r1=-0.011 r2=-22.804 r3=+0.000 policy_loss=+0.00300 value_loss=+0.00052 kl=0.0288 gate_reason='no-op'
update= 333 stage=1 weights=(1.0, 0.0, 0.0) reward=-0.0103 len= 21.00 term=1.000 in_range=0.045 r1=-0.010 r2=-22.499 r3=+0.000 policy_loss=-0.00044 value_loss=+0.00047 kl=0.0218 gate_reason='no-op'
update= 334 stage=1 weights=(1.0, 0.0, 0.0) reward=-0.0103 len= 20.89 term=1.000 in_range=0.045 r1=-0.010 r2=-22.471 r3=+0.000 policy_loss=+0.00912 value_loss=+0.00047 kl=0.0303 gate_reason='no-op'
update= 335 stage=1 weights=(1.0, 0.0, 0.0) reward=-0.0115 len= 20.94 term=1.000 in_range=0.045 r1=-0.012 r2=-22.813 r3=+0.000 policy_loss=-0.00079 value_loss=+0.00053 kl=0.0193 gate_reason='no-op' | eval_reward=-0.0039 eval_length= 21.38
update= 336 stage=1 weights=(1.0, 0.0, 0.0) reward=-0.0082 len= 21.03 term=1.000 in_range=0.044 r1=-0.008 r2=-22.939 r3=+0.000 policy_loss=-0.00134 value_loss=+0.00036 kl=0.0141 gate_reason='no-op'
update= 337 stage=1 weights=(1.0, 0.0, 0.0) reward=-0.0104 len= 21.19 term=1.000 in_range=0.044 r1=-0.010 r2=-23.126 r3=+0.000 policy_loss=-0.00025 value_loss=+0.00048 kl=0.0238 gate_reason='no-op'
update= 338 stage=1 weights=(1.0, 0.0, 0.0) reward=-0.0090 len= 21.19 term=1.000 in_range=0.044 r1=-0.009 r2=-23.024 r3=+0.000 policy_loss=+0.00503 value_loss=+0.00038 kl=0.0306 gate_reason='no-op'
update= 339 stage=1 weights=(1.0, 0.0, 0.0) reward=-0.0104 len= 21.06 term=1.000 in_range=0.043 r1=-0.010 r2=-22.699 r3=+0.000 policy_loss=-0.00232 value_loss=+0.00046 kl=0.0176 gate_reason='no-op'
update= 340 stage=1 weights=(1.0, 0.0, 0.0) reward=-0.0091 len= 21.20 term=1.000 in_range=0.044 r1=-0.009 r2=-22.800 r3=+0.000 policy_loss=-0.00079 value_loss=+0.00043 kl=0.0214 gate_reason='no-op' | eval_reward=+0.0000 eval_length= 20.50
update= 341 stage=1 weights=(1.0, 0.0, 0.0) reward=-0.0095 len= 21.11 term=1.000 in_range=0.043 r1=-0.010 r2=-23.057 r3=+0.000 policy_loss=+0.00083 value_loss=+0.00043 kl=0.0186 gate_reason='no-op'
update= 342 stage=1 weights=(1.0, 0.0, 0.0) reward=-0.0094 len= 21.16 term=1.000 in_range=0.043 r1=-0.009 r2=-22.926 r3=+0.000 policy_loss=-0.00158 value_loss=+0.00043 kl=0.0180 gate_reason='no-op'
update= 343 stage=1 weights=(1.0, 0.0, 0.0) reward=-0.0098 len= 20.85 term=1.000 in_range=0.044 r1=-0.010 r2=-22.779 r3=+0.000 policy_loss=-0.00134 value_loss=+0.00050 kl=0.0207 gate_reason='no-op'
update= 344 stage=1 weights=(1.0, 0.0, 0.0) reward=-0.0083 len= 21.06 term=1.000 in_range=0.045 r1=-0.008 r2=-22.925 r3=+0.000 policy_loss=-0.00080 value_loss=+0.00037 kl=0.0179 gate_reason='no-op'
update= 345 stage=1 weights=(1.0, 0.0, 0.0) reward=-0.0077 len= 21.15 term=1.000 in_range=0.045 r1=-0.008 r2=-22.842 r3=+0.000 policy_loss=-0.00015 value_loss=+0.00033 kl=0.0198 gate_reason='no-op' | eval_reward=-0.0035 eval_length= 21.81
update= 346 stage=1 weights=(1.0, 0.0, 0.0) reward=-0.0088 len= 20.92 term=1.000 in_range=0.043 r1=-0.009 r2=-22.829 r3=+0.000 policy_loss=+0.00532 value_loss=+0.00039 kl=0.0345 gate_reason='no-op'
update= 347 stage=1 weights=(1.0, 0.0, 0.0) reward=-0.0090 len= 21.03 term=1.000 in_range=0.044 r1=-0.009 r2=-22.929 r3=+0.000 policy_loss=-0.00025 value_loss=+0.00041 kl=0.0220 gate_reason='no-op'
update= 348 stage=1 weights=(1.0, 0.0, 0.0) reward=-0.0094 len= 21.07 term=1.000 in_range=0.045 r1=-0.009 r2=-23.075 r3=+0.000 policy_loss=+0.00188 value_loss=+0.00041 kl=0.0256 gate_reason='no-op'
update= 349 stage=1 weights=(1.0, 0.0, 0.0) reward=-0.0091 len= 21.13 term=1.000 in_range=0.042 r1=-0.009 r2=-23.113 r3=+0.000 policy_loss=-0.00163 value_loss=+0.00038 kl=0.0194 gate_reason='no-op'
update= 350 stage=1 weights=(1.0, 0.0, 0.0) reward=-0.0089 len= 21.23 term=1.000 in_range=0.044 r1=-0.009 r2=-22.911 r3=+0.000 policy_loss=-0.00039 value_loss=+0.00041 kl=0.0197 gate_reason='no-op' | eval_reward=+0.0000 eval_length= 20.88
update= 351 stage=1 weights=(1.0, 0.0, 0.0) reward=-0.0065 len= 21.05 term=1.000 in_range=0.043 r1=-0.006 r2=-22.929 r3=+0.000 policy_loss=+0.00020 value_loss=+0.00028 kl=0.0219 gate_reason='no-op'
update= 352 stage=1 weights=(1.0, 0.0, 0.0) reward=-0.0080 len= 21.22 term=1.000 in_range=0.044 r1=-0.008 r2=-23.108 r3=+0.000 policy_loss=-0.00025 value_loss=+0.00035 kl=0.0216 gate_reason='no-op'
update= 353 stage=1 weights=(1.0, 0.0, 0.0) reward=-0.0090 len= 21.15 term=1.000 in_range=0.043 r1=-0.009 r2=-23.017 r3=+0.000 policy_loss=-0.00025 value_loss=+0.00044 kl=0.0199 gate_reason='no-op'
update= 354 stage=1 weights=(1.0, 0.0, 0.0) reward=-0.0080 len= 21.42 term=1.000 in_range=0.045 r1=-0.008 r2=-23.108 r3=+0.000 policy_loss=-0.00191 value_loss=+0.00036 kl=0.0175 gate_reason='no-op'
update= 355 stage=1 weights=(1.0, 0.0, 0.0) reward=-0.0087 len= 21.31 term=1.000 in_range=0.044 r1=-0.009 r2=-23.235 r3=+0.000 policy_loss=-0.00132 value_loss=+0.00040 kl=0.0171 gate_reason='no-op' | eval_reward=-0.0017 eval_length= 23.69
update= 356 stage=1 weights=(1.0, 0.0, 0.0) reward=-0.0082 len= 21.56 term=1.000 in_range=0.044 r1=-0.008 r2=-23.318 r3=+0.000 policy_loss=-0.00104 value_loss=+0.00038 kl=0.0210 gate_reason='no-op'
update= 357 stage=1 weights=(1.0, 0.0, 0.0) reward=-0.0079 len= 21.34 term=1.000 in_range=0.044 r1=-0.008 r2=-23.237 r3=+0.000 policy_loss=+0.00351 value_loss=+0.00033 kl=0.0290 gate_reason='no-op'
update= 358 stage=1 weights=(1.0, 0.0, 0.0) reward=-0.0100 len= 21.34 term=1.000 in_range=0.043 r1=-0.010 r2=-23.237 r3=+0.000 policy_loss=+0.00911 value_loss=+0.00045 kl=0.0324 gate_reason='no-op'
update= 359 stage=1 weights=(1.0, 0.0, 0.0) reward=-0.0075 len= 21.41 term=1.000 in_range=0.042 r1=-0.008 r2=-23.473 r3=+0.000 policy_loss=+0.00738 value_loss=+0.00037 kl=0.0368 gate_reason='no-op'
update= 360 stage=1 weights=(1.0, 0.0, 0.0) reward=-0.0107 len= 21.86 term=1.000 in_range=0.042 r1=-0.011 r2=-23.524 r3=+0.000 policy_loss=-0.00213 value_loss=+0.00060 kl=0.0138 gate_reason='no-op' | eval_reward=-0.0057 eval_length= 23.69
update= 361 stage=1 weights=(1.0, 0.0, 0.0) reward=-0.0097 len= 21.76 term=1.000 in_range=0.042 r1=-0.010 r2=-23.557 r3=+0.000 policy_loss=+0.00082 value_loss=+0.00058 kl=0.0208 gate_reason='no-op'
update= 362 stage=1 weights=(1.0, 0.0, 0.0) reward=-0.0095 len= 21.73 term=1.000 in_range=0.042 r1=-0.009 r2=-23.634 r3=+0.000 policy_loss=+0.00366 value_loss=+0.00068 kl=0.0192 gate_reason='no-op'
update= 363 stage=1 weights=(1.0, 0.0, 0.0) reward=-0.0091 len= 21.62 term=1.000 in_range=0.042 r1=-0.009 r2=-23.718 r3=+0.000 policy_loss=+0.00215 value_loss=+0.00048 kl=0.0222 gate_reason='no-op'
update= 364 stage=1 weights=(1.0, 0.0, 0.0) reward=-0.0085 len= 21.52 term=1.000 in_range=0.041 r1=-0.009 r2=-23.482 r3=+0.000 policy_loss=+0.00707 value_loss=+0.00044 kl=0.0293 gate_reason='no-op'
update= 365 stage=1 weights=(1.0, 0.0, 0.0) reward=-0.0098 len= 21.37 term=1.000 in_range=0.041 r1=-0.010 r2=-23.461 r3=+0.000 policy_loss=-0.00086 value_loss=+0.00058 kl=0.0149 gate_reason='no-op' | eval_reward=-0.0110 eval_length= 22.50
update= 366 stage=1 weights=(1.0, 0.0, 0.0) reward=-0.0090 len= 21.26 term=1.000 in_range=0.041 r1=-0.009 r2=-23.189 r3=+0.000 policy_loss=+0.00229 value_loss=+0.00044 kl=0.0266 gate_reason='no-op'
update= 367 stage=1 weights=(1.0, 0.0, 0.0) reward=-0.0078 len= 21.57 term=1.000 in_range=0.041 r1=-0.008 r2=-23.444 r3=+0.000 policy_loss=+0.00422 value_loss=+0.00075 kl=0.0234 gate_reason='no-op'
update= 368 stage=1 weights=(1.0, 0.0, 0.0) reward=-0.0091 len= 21.60 term=1.000 in_range=0.042 r1=-0.009 r2=-23.491 r3=+0.000 policy_loss=-0.00166 value_loss=+0.00148 kl=0.0122 gate_reason='no-op'
update= 369 stage=1 weights=(1.0, 0.0, 0.0) reward=-0.0095 len= 21.62 term=1.000 in_range=0.042 r1=-0.009 r2=-23.404 r3=+0.000 policy_loss=+0.00287 value_loss=+0.00220 kl=0.0186 gate_reason='no-op'
update= 370 stage=1 weights=(1.0, 0.0, 0.0) reward=-0.0085 len= 21.56 term=1.000 in_range=0.041 r1=-0.008 r2=-23.477 r3=+0.000 policy_loss=-0.00147 value_loss=+0.00064 kl=0.0186 gate_reason='no-op' | eval_reward=-0.0004 eval_length= 22.62
update= 371 stage=1 weights=(1.0, 0.0, 0.0) reward=-0.0084 len= 21.45 term=1.000 in_range=0.042 r1=-0.008 r2=-23.354 r3=+0.000 policy_loss=+0.00145 value_loss=+0.00042 kl=0.0197 gate_reason='no-op'
update= 372 stage=1 weights=(1.0, 0.0, 0.0) reward=-0.0078 len= 21.35 term=1.000 in_range=0.042 r1=-0.008 r2=-23.193 r3=+0.000 policy_loss=-0.00132 value_loss=+0.00044 kl=0.0175 gate_reason='no-op'
update= 373 stage=1 weights=(1.0, 0.0, 0.0) reward=-0.0083 len= 21.52 term=1.000 in_range=0.042 r1=-0.008 r2=-23.413 r3=+0.000 policy_loss=+0.00026 value_loss=+0.00036 kl=0.0232 gate_reason='no-op'
update= 374 stage=1 weights=(1.0, 0.0, 0.0) reward=-0.0091 len= 21.11 term=1.000 in_range=0.042 r1=-0.009 r2=-23.089 r3=+0.000 policy_loss=-0.00108 value_loss=+0.00044 kl=0.0185 gate_reason='no-op'
update= 375 stage=1 weights=(1.0, 0.0, 0.0) reward=-0.0081 len= 21.39 term=1.000 in_range=0.041 r1=-0.008 r2=-23.455 r3=+0.000 policy_loss=+0.00731 value_loss=+0.00039 kl=0.0456 gate_reason='no-op' | eval_reward=-0.0035 eval_length= 22.88
update= 376 stage=1 weights=(1.0, 0.0, 0.0) reward=-0.0081 len= 21.73 term=1.000 in_range=0.042 r1=-0.008 r2=-23.676 r3=+0.000 policy_loss=-0.00090 value_loss=+0.00040 kl=0.0208 gate_reason='no-op'
update= 377 stage=1 weights=(1.0, 0.0, 0.0) reward=-0.0100 len= 21.73 term=1.000 in_range=0.041 r1=-0.010 r2=-23.623 r3=+0.000 policy_loss=-0.00031 value_loss=+0.00050 kl=0.0208 gate_reason='no-op'
update= 378 stage=1 weights=(1.0, 0.0, 0.0) reward=-0.0088 len= 21.65 term=1.000 in_range=0.042 r1=-0.009 r2=-23.312 r3=+0.000 policy_loss=-0.00241 value_loss=+0.00042 kl=0.0174 gate_reason='no-op'
update= 379 stage=1 weights=(1.0, 0.0, 0.0) reward=-0.0079 len= 21.59 term=1.000 in_range=0.041 r1=-0.008 r2=-23.477 r3=+0.000 policy_loss=+0.00526 value_loss=+0.00041 kl=0.0369 gate_reason='no-op'
update= 380 stage=1 weights=(1.0, 0.0, 0.0) reward=-0.0077 len= 21.31 term=1.000 in_range=0.041 r1=-0.008 r2=-23.286 r3=+0.000 policy_loss=-0.00137 value_loss=+0.00033 kl=0.0168 gate_reason='no-op' | eval_reward=+0.0000 eval_length= 20.81
update= 381 stage=1 weights=(1.0, 0.0, 0.0) reward=-0.0071 len= 21.38 term=1.000 in_range=0.041 r1=-0.007 r2=-23.348 r3=+0.000 policy_loss=-0.00323 value_loss=+0.00033 kl=0.0173 gate_reason='no-op'
update= 382 stage=1 weights=(1.0, 0.0, 0.0) reward=-0.0090 len= 21.24 term=1.000 in_range=0.042 r1=-0.009 r2=-23.344 r3=+0.000 policy_loss=-0.00109 value_loss=+0.00041 kl=0.0211 gate_reason='no-op'
update= 383 stage=1 weights=(1.0, 0.0, 0.0) reward=-0.0079 len= 21.27 term=1.000 in_range=0.042 r1=-0.008 r2=-23.256 r3=+0.000 policy_loss=+0.00325 value_loss=+0.00033 kl=0.0262 gate_reason='no-op'
update= 384 stage=1 weights=(1.0, 0.0, 0.0) reward=-0.0092 len= 21.28 term=1.000 in_range=0.041 r1=-0.009 r2=-23.366 r3=+0.000 policy_loss=-0.00176 value_loss=+0.00044 kl=0.0199 gate_reason='no-op'
update= 385 stage=1 weights=(1.0, 0.0, 0.0) reward=-0.0082 len= 21.70 term=1.000 in_range=0.041 r1=-0.008 r2=-23.607 r3=+0.000 policy_loss=-0.00261 value_loss=+0.00036 kl=0.0175 gate_reason='no-op' | eval_reward=-0.0022 eval_length= 24.06
update= 386 stage=1 weights=(1.0, 0.0, 0.0) reward=-0.0075 len= 21.65 term=1.000 in_range=0.041 r1=-0.007 r2=-23.500 r3=+0.000 policy_loss=+0.00107 value_loss=+0.00036 kl=0.0182 gate_reason='no-op'
update= 387 stage=1 weights=(1.0, 0.0, 0.0) reward=-0.0080 len= 21.61 term=1.000 in_range=0.041 r1=-0.008 r2=-23.380 r3=+0.000 policy_loss=-0.00069 value_loss=+0.00039 kl=0.0193 gate_reason='no-op'
update= 388 stage=1 weights=(1.0, 0.0, 0.0) reward=-0.0075 len= 21.51 term=1.000 in_range=0.041 r1=-0.007 r2=-23.269 r3=+0.000 policy_loss=+0.00249 value_loss=+0.00032 kl=0.0298 gate_reason='no-op'
update= 389 stage=1 weights=(1.0, 0.0, 0.0) reward=-0.0077 len= 21.44 term=1.000 in_range=0.041 r1=-0.008 r2=-23.405 r3=+0.000 policy_loss=+0.00300 value_loss=+0.00036 kl=0.0386 gate_reason='no-op'
update= 390 stage=1 weights=(1.0, 0.0, 0.0) reward=-0.0074 len= 21.04 term=1.000 in_range=0.040 r1=-0.007 r2=-23.148 r3=+0.000 policy_loss=+0.00060 value_loss=+0.00033 kl=0.0245 gate_reason='no-op' | eval_reward=+0.0000 eval_length= 21.81
update= 391 stage=1 weights=(1.0, 0.0, 0.0) reward=-0.0074 len= 21.39 term=1.000 in_range=0.042 r1=-0.007 r2=-23.548 r3=+0.000 policy_loss=-0.00163 value_loss=+0.00033 kl=0.0222 gate_reason='no-op'
update= 392 stage=1 weights=(1.0, 0.0, 0.0) reward=-0.0067 len= 21.52 term=1.000 in_range=0.040 r1=-0.007 r2=-23.449 r3=+0.000 policy_loss=+0.00702 value_loss=+0.00035 kl=0.0351 gate_reason='no-op'
update= 393 stage=1 weights=(1.0, 0.0, 0.0) reward=-0.0068 len= 21.68 term=1.000 in_range=0.040 r1=-0.007 r2=-23.745 r3=+0.000 policy_loss=-0.00021 value_loss=+0.00036 kl=0.0199 gate_reason='no-op'
update= 394 stage=1 weights=(1.0, 0.0, 0.0) reward=-0.0065 len= 21.46 term=1.000 in_range=0.041 r1=-0.006 r2=-23.408 r3=+0.000 policy_loss=-0.00196 value_loss=+0.00027 kl=0.0174 gate_reason='no-op'
update= 395 stage=1 weights=(1.0, 0.0, 0.0) reward=-0.0079 len= 21.53 term=1.000 in_range=0.041 r1=-0.008 r2=-23.390 r3=+0.000 policy_loss=+0.00241 value_loss=+0.00038 kl=0.0319 gate_reason='no-op' | eval_reward=+0.0000 eval_length= 22.56
update= 396 stage=1 weights=(1.0, 0.0, 0.0) reward=-0.0073 len= 21.31 term=1.000 in_range=0.041 r1=-0.007 r2=-23.391 r3=+0.000 policy_loss=-0.00160 value_loss=+0.00038 kl=0.0186 gate_reason='no-op'
update= 397 stage=1 weights=(1.0, 0.0, 0.0) reward=-0.0075 len= 21.28 term=1.000 in_range=0.042 r1=-0.007 r2=-23.139 r3=+0.000 policy_loss=-0.00241 value_loss=+0.00032 kl=0.0201 gate_reason='no-op'
update= 398 stage=1 weights=(1.0, 0.0, 0.0) reward=-0.0067 len= 21.33 term=1.000 in_range=0.041 r1=-0.007 r2=-23.369 r3=+0.000 policy_loss=-0.00156 value_loss=+0.00035 kl=0.0199 gate_reason='no-op'
update= 399 stage=1 weights=(1.0, 0.0, 0.0) reward=-0.0055 len= 21.26 term=1.000 in_range=0.041 r1=-0.005 r2=-23.485 r3=+0.000 policy_loss=-0.00171 value_loss=+0.00025 kl=0.0159 gate_reason='no-op'
update= 400 stage=1 weights=(1.0, 0.0, 0.0) reward=-0.0078 len= 21.40 term=1.000 in_range=0.042 r1=-0.008 r2=-23.493 r3=+0.000 policy_loss=+0.00010 value_loss=+0.00034 kl=0.0227 gate_reason='no-op' | eval_reward=-0.0013 eval_length= 21.81
update= 401 stage=1 weights=(1.0, 0.0, 0.0) reward=-0.0062 len= 21.56 term=1.000 in_range=0.040 r1=-0.006 r2=-23.798 r3=+0.000 policy_loss=-0.00093 value_loss=+0.00026 kl=0.0198 gate_reason='no-op'
update= 402 stage=1 weights=(1.0, 0.0, 0.0) reward=-0.0061 len= 21.43 term=1.000 in_range=0.040 r1=-0.006 r2=-23.333 r3=+0.000 policy_loss=+0.00369 value_loss=+0.00028 kl=0.0285 gate_reason='no-op'
update= 403 stage=1 weights=(1.0, 0.0, 0.0) reward=-0.0072 len= 21.33 term=1.000 in_range=0.042 r1=-0.007 r2=-23.468 r3=+0.000 policy_loss=-0.00073 value_loss=+0.00036 kl=0.0183 gate_reason='no-op'
update= 404 stage=1 weights=(1.0, 0.0, 0.0) reward=-0.0059 len= 21.27 term=1.000 in_range=0.041 r1=-0.006 r2=-23.529 r3=+0.000 policy_loss=+0.00334 value_loss=+0.00023 kl=0.0264 gate_reason='no-op'
update= 405 stage=1 weights=(1.0, 0.0, 0.0) reward=-0.0068 len= 21.32 term=1.000 in_range=0.042 r1=-0.007 r2=-23.339 r3=+0.000 policy_loss=-0.00213 value_loss=+0.00030 kl=0.0158 gate_reason='no-op' | eval_reward=+0.0000 eval_length= 20.50
update= 406 stage=1 weights=(1.0, 0.0, 0.0) reward=-0.0055 len= 21.18 term=1.000 in_range=0.040 r1=-0.006 r2=-23.604 r3=+0.000 policy_loss=-0.00049 value_loss=+0.00025 kl=0.0193 gate_reason='no-op'
update= 407 stage=1 weights=(1.0, 0.0, 0.0) reward=-0.0057 len= 21.13 term=1.000 in_range=0.041 r1=-0.006 r2=-23.438 r3=+0.000 policy_loss=+0.00078 value_loss=+0.00026 kl=0.0249 gate_reason='no-op'
update= 408 stage=1 weights=(1.0, 0.0, 0.0) reward=-0.0061 len= 21.10 term=1.000 in_range=0.041 r1=-0.006 r2=-23.372 r3=+0.000 policy_loss=-0.00085 value_loss=+0.00029 kl=0.0174 gate_reason='no-op'
update= 409 stage=1 weights=(1.0, 0.0, 0.0) reward=-0.0058 len= 21.10 term=1.000 in_range=0.040 r1=-0.006 r2=-23.491 r3=+0.000 policy_loss=-0.00227 value_loss=+0.00025 kl=0.0201 gate_reason='no-op'
update= 410 stage=1 weights=(1.0, 0.0, 0.0) reward=-0.0069 len= 20.97 term=1.000 in_range=0.042 r1=-0.007 r2=-23.303 r3=+0.000 policy_loss=-0.00137 value_loss=+0.00034 kl=0.0190 gate_reason='no-op' | eval_reward=+0.0000 eval_length= 21.75
update= 411 stage=1 weights=(1.0, 0.0, 0.0) reward=-0.0053 len= 20.89 term=1.000 in_range=0.042 r1=-0.005 r2=-23.240 r3=+0.000 policy_loss=+0.00105 value_loss=+0.00023 kl=0.0316 gate_reason='no-op'
update= 412 stage=1 weights=(1.0, 0.0, 0.0) reward=-0.0057 len= 21.49 term=1.000 in_range=0.040 r1=-0.006 r2=-24.002 r3=+0.000 policy_loss=-0.00229 value_loss=+0.00026 kl=0.0315 gate_reason='no-op'
update= 413 stage=1 weights=(1.0, 0.0, 0.0) reward=-0.0067 len= 21.46 term=1.000 in_range=0.040 r1=-0.007 r2=-23.706 r3=+0.000 policy_loss=+0.00334 value_loss=+0.00032 kl=0.0368 gate_reason='no-op'
update= 414 stage=1 weights=(1.0, 0.0, 0.0) reward=-0.0084 len= 21.72 term=1.000 in_range=0.042 r1=-0.008 r2=-23.643 r3=+0.000 policy_loss=+0.00002 value_loss=+0.00047 kl=0.0281 gate_reason='no-op'
update= 415 stage=1 weights=(1.0, 0.0, 0.0) reward=-0.0080 len= 21.73 term=1.000 in_range=0.041 r1=-0.008 r2=-23.617 r3=+0.000 policy_loss=+0.00505 value_loss=+0.00040 kl=0.0391 gate_reason='no-op' | eval_reward=-0.0009 eval_length= 23.06
update= 416 stage=1 weights=(1.0, 0.0, 0.0) reward=-0.0068 len= 21.48 term=1.000 in_range=0.043 r1=-0.007 r2=-23.675 r3=+0.000 policy_loss=+0.00037 value_loss=+0.00036 kl=0.0252 gate_reason='no-op'
update= 417 stage=1 weights=(1.0, 0.0, 0.0) reward=-0.0069 len= 21.49 term=1.000 in_range=0.041 r1=-0.007 r2=-23.803 r3=+0.000 policy_loss=+0.00011 value_loss=+0.00034 kl=0.0181 gate_reason='no-op'
update= 418 stage=1 weights=(1.0, 0.0, 0.0) reward=-0.0048 len= 21.46 term=1.000 in_range=0.040 r1=-0.005 r2=-23.849 r3=+0.000 policy_loss=+0.00213 value_loss=+0.00021 kl=0.0271 gate_reason='no-op'
update= 419 stage=1 weights=(1.0, 0.0, 0.0) reward=-0.0067 len= 21.26 term=1.000 in_range=0.042 r1=-0.007 r2=-23.408 r3=+0.000 policy_loss=+0.00086 value_loss=+0.00036 kl=0.0238 gate_reason='no-op'
update= 420 stage=1 weights=(1.0, 0.0, 0.0) reward=-0.0062 len= 21.36 term=1.000 in_range=0.040 r1=-0.006 r2=-23.425 r3=+0.000 policy_loss=+0.00754 value_loss=+0.00031 kl=0.0369 gate_reason='no-op' | eval_reward=+0.0000 eval_length= 22.50
update= 421 stage=1 weights=(1.0, 0.0, 0.0) reward=-0.0065 len= 21.79 term=1.000 in_range=0.042 r1=-0.007 r2=-23.750 r3=+0.000 policy_loss=+0.00035 value_loss=+0.00031 kl=0.0235 gate_reason='no-op'
update= 422 stage=1 weights=(1.0, 0.0, 0.0) reward=-0.0067 len= 21.80 term=1.000 in_range=0.042 r1=-0.007 r2=-23.530 r3=+0.000 policy_loss=+0.01086 value_loss=+0.00038 kl=0.0308 gate_reason='no-op'
update= 423 stage=1 weights=(1.0, 0.0, 0.0) reward=-0.0087 len= 21.78 term=1.000 in_range=0.042 r1=-0.009 r2=-23.289 r3=+0.000 policy_loss=+0.00046 value_loss=+0.00043 kl=0.0241 gate_reason='no-op'
update= 424 stage=1 weights=(1.0, 0.0, 0.0) reward=-0.0065 len= 21.79 term=1.000 in_range=0.041 r1=-0.007 r2=-23.559 r3=+0.000 policy_loss=+0.00114 value_loss=+0.00028 kl=0.0352 gate_reason='no-op'
update= 425 stage=1 weights=(1.0, 0.0, 0.0) reward=-0.0072 len= 21.37 term=1.000 in_range=0.042 r1=-0.007 r2=-23.494 r3=+0.000 policy_loss=+0.00038 value_loss=+0.00034 kl=0.0189 gate_reason='no-op' | eval_reward=+0.0000 eval_length= 22.19
update= 426 stage=1 weights=(1.0, 0.0, 0.0) reward=-0.0065 len= 21.59 term=1.000 in_range=0.042 r1=-0.006 r2=-23.755 r3=+0.000 policy_loss=+0.00291 value_loss=+0.00028 kl=0.0289 gate_reason='no-op'
update= 427 stage=1 weights=(1.0, 0.0, 0.0) reward=-0.0076 len= 21.65 term=1.000 in_range=0.042 r1=-0.008 r2=-23.706 r3=+0.000 policy_loss=-0.00038 value_loss=+0.00039 kl=0.0209 gate_reason='no-op'
update= 428 stage=1 weights=(1.0, 0.0, 0.0) reward=-0.0059 len= 21.84 term=1.000 in_range=0.043 r1=-0.006 r2=-23.799 r3=+0.000 policy_loss=+0.00021 value_loss=+0.00031 kl=0.0237 gate_reason='no-op'
update= 429 stage=1 weights=(1.0, 0.0, 0.0) reward=-0.0060 len= 21.71 term=1.000 in_range=0.042 r1=-0.006 r2=-23.704 r3=+0.000 policy_loss=-0.00084 value_loss=+0.00035 kl=0.0225 gate_reason='no-op'
update= 430 stage=1 weights=(1.0, 0.0, 0.0) reward=-0.0072 len= 21.50 term=1.000 in_range=0.043 r1=-0.007 r2=-23.736 r3=+0.000 policy_loss=+0.00520 value_loss=+0.00035 kl=0.0389 gate_reason='no-op' | eval_reward=+0.0000 eval_length= 22.31
update= 431 stage=1 weights=(1.0, 0.0, 0.0) reward=-0.0056 len= 21.13 term=1.000 in_range=0.042 r1=-0.006 r2=-23.495 r3=+0.000 policy_loss=+0.00052 value_loss=+0.00023 kl=0.0238 gate_reason='no-op'
update= 432 stage=1 weights=(1.0, 0.0, 0.0) reward=-0.0056 len= 21.08 term=1.000 in_range=0.043 r1=-0.006 r2=-23.308 r3=+0.000 policy_loss=-0.00006 value_loss=+0.00031 kl=0.0229 gate_reason='no-op'
update= 433 stage=1 weights=(1.0, 0.0, 0.0) reward=-0.0055 len= 21.07 term=1.000 in_range=0.043 r1=-0.006 r2=-23.347 r3=+0.000 policy_loss=-0.00068 value_loss=+0.00024 kl=0.0202 gate_reason='no-op'
update= 434 stage=1 weights=(1.0, 0.0, 0.0) reward=-0.0050 len= 20.96 term=1.000 in_range=0.043 r1=-0.005 r2=-23.364 r3=+0.000 policy_loss=+0.00436 value_loss=+0.00026 kl=0.0304 gate_reason='no-op'
update= 435 stage=1 weights=(1.0, 0.0, 0.0) reward=-0.0048 len= 21.08 term=1.000 in_range=0.041 r1=-0.005 r2=-23.358 r3=+0.000 policy_loss=-0.00042 value_loss=+0.00033 kl=0.0189 gate_reason='no-op' | eval_reward=-0.0026 eval_length= 23.06
update= 436 stage=1 weights=(1.0, 0.0, 0.0) reward=-0.0069 len= 21.06 term=1.000 in_range=0.041 r1=-0.007 r2=-23.322 r3=+0.000 policy_loss=+0.00232 value_loss=+0.00054 kl=0.0201 gate_reason='no-op'
update= 437 stage=1 weights=(1.0, 0.0, 0.0) reward=-0.0055 len= 21.08 term=1.000 in_range=0.042 r1=-0.005 r2=-23.526 r3=+0.000 policy_loss=+0.00435 value_loss=+0.00045 kl=0.0255 gate_reason='no-op'
update= 438 stage=1 weights=(1.0, 0.0, 0.0) reward=-0.0068 len= 21.15 term=1.000 in_range=0.042 r1=-0.007 r2=-23.406 r3=+0.000 policy_loss=+0.00165 value_loss=+0.00041 kl=0.0186 gate_reason='no-op'
update= 439 stage=1 weights=(1.0, 0.0, 0.0) reward=-0.0040 len= 20.95 term=1.000 in_range=0.043 r1=-0.004 r2=-23.346 r3=+0.000 policy_loss=-0.00093 value_loss=+0.00017 kl=0.0196 gate_reason='no-op'
update= 440 stage=1 weights=(1.0, 0.0, 0.0) reward=-0.0063 len= 20.94 term=1.000 in_range=0.041 r1=-0.006 r2=-23.495 r3=+0.000 policy_loss=-0.00275 value_loss=+0.00026 kl=0.0179 gate_reason='no-op' | eval_reward=+0.0000 eval_length= 20.88
update= 441 stage=1 weights=(1.0, 0.0, 0.0) reward=-0.0046 len= 21.01 term=1.000 in_range=0.041 r1=-0.005 r2=-23.564 r3=+0.000 policy_loss=+0.00359 value_loss=+0.00020 kl=0.0299 gate_reason='no-op'
update= 442 stage=1 weights=(1.0, 0.0, 0.0) reward=-0.0051 len= 21.13 term=1.000 in_range=0.041 r1=-0.005 r2=-23.633 r3=+0.000 policy_loss=-0.00197 value_loss=+0.00022 kl=0.0207 gate_reason='no-op'
update= 443 stage=1 weights=(1.0, 0.0, 0.0) reward=-0.0055 len= 21.33 term=1.000 in_range=0.042 r1=-0.006 r2=-23.582 r3=+0.000 policy_loss=+0.00129 value_loss=+0.00025 kl=0.0306 gate_reason='no-op'
update= 444 stage=1 weights=(1.0, 0.0, 0.0) reward=-0.0060 len= 21.58 term=1.000 in_range=0.043 r1=-0.006 r2=-23.615 r3=+0.000 policy_loss=+0.00259 value_loss=+0.00025 kl=0.0348 gate_reason='no-op'
update= 445 stage=1 weights=(1.0, 0.0, 0.0) reward=-0.0075 len= 21.46 term=1.000 in_range=0.043 r1=-0.008 r2=-23.602 r3=+0.000 policy_loss=-0.00267 value_loss=+0.00037 kl=0.0155 gate_reason='no-op' | eval_reward=+0.0000 eval_length= 22.06
update= 446 stage=1 weights=(1.0, 0.0, 0.0) reward=-0.0061 len= 21.54 term=1.000 in_range=0.044 r1=-0.006 r2=-23.617 r3=+0.000 policy_loss=-0.00125 value_loss=+0.00026 kl=0.0220 gate_reason='no-op'
update= 447 stage=1 weights=(1.0, 0.0, 0.0) reward=-0.0059 len= 21.42 term=1.000 in_range=0.044 r1=-0.006 r2=-23.566 r3=+0.000 policy_loss=-0.00124 value_loss=+0.00028 kl=0.0211 gate_reason='no-op'
update= 448 stage=1 weights=(1.0, 0.0, 0.0) reward=-0.0065 len= 21.88 term=1.000 in_range=0.043 r1=-0.006 r2=-23.833 r3=+0.000 policy_loss=+0.00251 value_loss=+0.00033 kl=0.0287 gate_reason='no-op'
update= 449 stage=1 weights=(1.0, 0.0, 0.0) reward=-0.0083 len= 21.52 term=1.000 in_range=0.042 r1=-0.008 r2=-23.670 r3=+0.000 policy_loss=+0.00075 value_loss=+0.00040 kl=0.0239 gate_reason='no-op'
update= 450 stage=1 weights=(1.0, 0.0, 0.0) reward=-0.0072 len= 21.69 term=1.000 in_range=0.043 r1=-0.007 r2=-23.554 r3=+0.000 policy_loss=-0.00017 value_loss=+0.00035 kl=0.0177 gate_reason='no-op' | eval_reward=-0.0105 eval_length= 22.69
update= 451 stage=1 weights=(1.0, 0.0, 0.0) reward=-0.0077 len= 21.81 term=1.000 in_range=0.043 r1=-0.008 r2=-23.403 r3=+0.000 policy_loss=-0.00212 value_loss=+0.00043 kl=0.0189 gate_reason='no-op'
update= 452 stage=1 weights=(1.0, 0.0, 0.0) reward=-0.0076 len= 21.71 term=1.000 in_range=0.044 r1=-0.008 r2=-23.481 r3=+0.000 policy_loss=-0.00019 value_loss=+0.00039 kl=0.0188 gate_reason='no-op'
update= 453 stage=1 weights=(1.0, 0.0, 0.0) reward=-0.0060 len= 21.48 term=1.000 in_range=0.044 r1=-0.006 r2=-23.451 r3=+0.000 policy_loss=+0.00768 value_loss=+0.00030 kl=0.0297 gate_reason='no-op'
update= 454 stage=1 weights=(1.0, 0.0, 0.0) reward=-0.0072 len= 21.64 term=1.000 in_range=0.045 r1=-0.007 r2=-23.267 r3=+0.000 policy_loss=+0.00077 value_loss=+0.00033 kl=0.0206 gate_reason='no-op'
update= 455 stage=1 weights=(1.0, 0.0, 0.0) reward=-0.0072 len= 21.63 term=1.000 in_range=0.043 r1=-0.007 r2=-23.458 r3=+0.000 policy_loss=+0.00542 value_loss=+0.00037 kl=0.0409 gate_reason='no-op' | eval_reward=-0.0088 eval_length= 22.62
update= 456 stage=1 weights=(1.0, 0.0, 0.0) reward=-0.0056 len= 21.27 term=1.000 in_range=0.042 r1=-0.006 r2=-23.613 r3=+0.000 policy_loss=+0.00034 value_loss=+0.00026 kl=0.0216 gate_reason='no-op'
update= 457 stage=1 weights=(1.0, 0.0, 0.0) reward=-0.0050 len= 21.02 term=1.000 in_range=0.044 r1=-0.005 r2=-23.179 r3=+0.000 policy_loss=-0.00141 value_loss=+0.00025 kl=0.0170 gate_reason='no-op'
update= 458 stage=1 weights=(1.0, 0.0, 0.0) reward=-0.0057 len= 21.11 term=1.000 in_range=0.044 r1=-0.006 r2=-23.424 r3=+0.000 policy_loss=-0.00107 value_loss=+0.00034 kl=0.0193 gate_reason='no-op'
update= 459 stage=1 weights=(1.0, 0.0, 0.0) reward=-0.0053 len= 21.09 term=1.000 in_range=0.043 r1=-0.005 r2=-23.141 r3=+0.000 policy_loss=+0.00821 value_loss=+0.00031 kl=0.0237 gate_reason='no-op'
update= 460 stage=1 weights=(1.0, 0.0, 0.0) reward=-0.0060 len= 21.22 term=1.000 in_range=0.044 r1=-0.006 r2=-23.185 r3=+0.000 policy_loss=-0.00190 value_loss=+0.00030 kl=0.0195 gate_reason='no-op' | eval_reward=+0.0000 eval_length= 21.94
update= 461 stage=1 weights=(1.0, 0.0, 0.0) reward=-0.0047 len= 21.18 term=1.000 in_range=0.043 r1=-0.005 r2=-23.130 r3=+0.000 policy_loss=-0.00063 value_loss=+0.00023 kl=0.0188 gate_reason='no-op'
update= 462 stage=1 weights=(1.0, 0.0, 0.0) reward=-0.0059 len= 21.25 term=1.000 in_range=0.043 r1=-0.006 r2=-23.198 r3=+0.000 policy_loss=+0.00197 value_loss=+0.00031 kl=0.0338 gate_reason='no-op'
update= 463 stage=1 weights=(1.0, 0.0, 0.0) reward=-0.0053 len= 20.96 term=1.000 in_range=0.042 r1=-0.005 r2=-22.982 r3=+0.000 policy_loss=+0.00570 value_loss=+0.00027 kl=0.0296 gate_reason='no-op'
update= 464 stage=1 weights=(1.0, 0.0, 0.0) reward=-0.0063 len= 20.84 term=1.000 in_range=0.043 r1=-0.006 r2=-22.888 r3=+0.000 policy_loss=+0.00341 value_loss=+0.00038 kl=0.0187 gate_reason='no-op'
update= 465 stage=1 weights=(1.0, 0.0, 0.0) reward=-0.0057 len= 20.79 term=1.000 in_range=0.044 r1=-0.006 r2=-22.717 r3=+0.000 policy_loss=+0.00266 value_loss=+0.00037 kl=0.0230 gate_reason='no-op' | eval_reward=-0.0004 eval_length= 21.25
update= 466 stage=1 weights=(1.0, 0.0, 0.0) reward=-0.0057 len= 21.04 term=1.000 in_range=0.044 r1=-0.006 r2=-22.879 r3=+0.000 policy_loss=+0.00090 value_loss=+0.00031 kl=0.0263 gate_reason='no-op'
update= 467 stage=1 weights=(1.0, 0.0, 0.0) reward=-0.0050 len= 21.28 term=1.000 in_range=0.044 r1=-0.005 r2=-23.188 r3=+0.000 policy_loss=+0.00123 value_loss=+0.00027 kl=0.0178 gate_reason='no-op'
update= 468 stage=1 weights=(1.0, 0.0, 0.0) reward=-0.0041 len= 21.20 term=1.000 in_range=0.045 r1=-0.004 r2=-22.786 r3=+0.000 policy_loss=-0.00083 value_loss=+0.00021 kl=0.0150 gate_reason='no-op'
update= 469 stage=1 weights=(1.0, 0.0, 0.0) reward=-0.0048 len= 21.15 term=1.000 in_range=0.044 r1=-0.005 r2=-22.854 r3=+0.000 policy_loss=+0.00268 value_loss=+0.00036 kl=0.0275 gate_reason='no-op'
update= 470 stage=1 weights=(1.0, 0.0, 0.0) reward=-0.0048 len= 20.92 term=1.000 in_range=0.045 r1=-0.005 r2=-22.712 r3=+0.000 policy_loss=+0.00715 value_loss=+0.00041 kl=0.0282 gate_reason='no-op' | eval_reward=-0.0004 eval_length= 20.00
update= 471 stage=1 weights=(1.0, 0.0, 0.0) reward=-0.0046 len= 20.73 term=1.000 in_range=0.044 r1=-0.005 r2=-22.566 r3=+0.000 policy_loss=+0.01082 value_loss=+0.00072 kl=0.0237 gate_reason='no-op'
update= 472 stage=1 weights=(1.0, 0.0, 0.0) reward=-0.0041 len= 20.85 term=1.000 in_range=0.045 r1=-0.004 r2=-22.602 r3=+0.000 policy_loss=+0.01025 value_loss=+0.00042 kl=0.0290 gate_reason='no-op'
update= 473 stage=1 weights=(1.0, 0.0, 0.0) reward=-0.0048 len= 21.31 term=1.000 in_range=0.043 r1=-0.005 r2=-22.882 r3=+0.000 policy_loss=-0.00122 value_loss=+0.00046 kl=0.0110 gate_reason='no-op'
update= 474 stage=1 weights=(1.0, 0.0, 0.0) reward=-0.0043 len= 21.24 term=1.000 in_range=0.044 r1=-0.004 r2=-22.846 r3=+0.000 policy_loss=+0.00043 value_loss=+0.00026 kl=0.0246 gate_reason='no-op'
update= 475 stage=1 weights=(1.0, 0.0, 0.0) reward=-0.0070 len= 21.56 term=1.000 in_range=0.046 r1=-0.007 r2=-22.791 r3=+0.000 policy_loss=+0.00368 value_loss=+0.00045 kl=0.0185 gate_reason='no-op' | eval_reward=+0.0000 eval_length= 22.12
update= 476 stage=1 weights=(1.0, 0.0, 0.0) reward=-0.0057 len= 21.47 term=1.000 in_range=0.046 r1=-0.006 r2=-22.815 r3=+0.000 policy_loss=-0.00059 value_loss=+0.00038 kl=0.0153 gate_reason='no-op'
update= 477 stage=1 weights=(1.0, 0.0, 0.0) reward=-0.0063 len= 21.62 term=1.000 in_range=0.047 r1=-0.006 r2=-22.612 r3=+0.000 policy_loss=-0.00247 value_loss=+0.00041 kl=0.0161 gate_reason='no-op'
update= 478 stage=1 weights=(1.0, 0.0, 0.0) reward=-0.0049 len= 21.60 term=1.000 in_range=0.045 r1=-0.005 r2=-22.706 r3=+0.000 policy_loss=-0.00091 value_loss=+0.00023 kl=0.0253 gate_reason='no-op'
update= 479 stage=1 weights=(1.0, 0.0, 0.0) reward=-0.0058 len= 21.29 term=1.000 in_range=0.047 r1=-0.006 r2=-22.652 r3=+0.000 policy_loss=+0.00883 value_loss=+0.00028 kl=0.0304 gate_reason='no-op'
update= 480 stage=1 weights=(1.0, 0.0, 0.0) reward=-0.0035 len= 20.98 term=1.000 in_range=0.046 r1=-0.004 r2=-22.457 r3=+0.000 policy_loss=+0.00056 value_loss=+0.00015 kl=0.0188 gate_reason='no-op' | eval_reward=-0.0004 eval_length= 21.62
update= 481 stage=1 weights=(1.0, 0.0, 0.0) reward=-0.0055 len= 21.09 term=1.000 in_range=0.048 r1=-0.006 r2=-22.575 r3=+0.000 policy_loss=+0.00183 value_loss=+0.00026 kl=0.0270 gate_reason='no-op'
update= 482 stage=1 weights=(1.0, 0.0, 0.0) reward=-0.0036 len= 20.96 term=1.000 in_range=0.046 r1=-0.004 r2=-22.508 r3=+0.000 policy_loss=-0.00231 value_loss=+0.00016 kl=0.0195 gate_reason='no-op'
update= 483 stage=1 weights=(1.0, 0.0, 0.0) reward=-0.0045 len= 20.96 term=1.000 in_range=0.049 r1=-0.004 r2=-22.231 r3=+0.000 policy_loss=-0.00097 value_loss=+0.00018 kl=0.0228 gate_reason='no-op'
update= 484 stage=1 weights=(1.0, 0.0, 0.0) reward=-0.0044 len= 20.99 term=1.000 in_range=0.045 r1=-0.004 r2=-22.709 r3=+0.000 policy_loss=+0.00590 value_loss=+0.00024 kl=0.0280 gate_reason='no-op'
update= 485 stage=1 weights=(1.0, 0.0, 0.0) reward=-0.0048 len= 21.07 term=1.000 in_range=0.045 r1=-0.005 r2=-22.843 r3=+0.000 policy_loss=+0.00317 value_loss=+0.00022 kl=0.0305 gate_reason='no-op' | eval_reward=+0.0000 eval_length= 20.81
update= 486 stage=1 weights=(1.0, 0.0, 0.0) reward=-0.0056 len= 20.97 term=1.000 in_range=0.046 r1=-0.006 r2=-22.730 r3=+0.000 policy_loss=-0.00132 value_loss=+0.00031 kl=0.0145 gate_reason='no-op'
update= 487 stage=1 weights=(1.0, 0.0, 0.0) reward=-0.0054 len= 20.99 term=1.000 in_range=0.047 r1=-0.005 r2=-22.845 r3=+0.000 policy_loss=+0.00539 value_loss=+0.00023 kl=0.0394 gate_reason='no-op'
update= 488 stage=1 weights=(1.0, 0.0, 0.0) reward=-0.0047 len= 20.63 term=1.000 in_range=0.045 r1=-0.005 r2=-22.528 r3=+0.000 policy_loss=+0.00147 value_loss=+0.00021 kl=0.0274 gate_reason='no-op'
update= 489 stage=1 weights=(1.0, 0.0, 0.0) reward=-0.0041 len= 20.98 term=1.000 in_range=0.044 r1=-0.004 r2=-22.934 r3=+0.000 policy_loss=+0.00737 value_loss=+0.00024 kl=0.0353 gate_reason='no-op'
update= 490 stage=1 weights=(1.0, 0.0, 0.0) reward=-0.0052 len= 21.33 term=1.000 in_range=0.044 r1=-0.005 r2=-23.093 r3=+0.000 policy_loss=-0.00025 value_loss=+0.00024 kl=0.0252 gate_reason='no-op' | eval_reward=+0.0000 eval_length= 21.44
update= 491 stage=1 weights=(1.0, 0.0, 0.0) reward=-0.0057 len= 21.64 term=1.000 in_range=0.046 r1=-0.006 r2=-23.054 r3=+0.000 policy_loss=+0.00614 value_loss=+0.00024 kl=0.0295 gate_reason='no-op'
update= 492 stage=1 weights=(1.0, 0.0, 0.0) reward=-0.0053 len= 21.56 term=1.000 in_range=0.047 r1=-0.005 r2=-22.807 r3=+0.000 policy_loss=+0.00080 value_loss=+0.00025 kl=0.0271 gate_reason='no-op'
update= 493 stage=1 weights=(1.0, 0.0, 0.0) reward=-0.0052 len= 21.56 term=1.000 in_range=0.048 r1=-0.005 r2=-22.804 r3=+0.000 policy_loss=+0.00122 value_loss=+0.00026 kl=0.0260 gate_reason='no-op'
update= 494 stage=1 weights=(1.0, 0.0, 0.0) reward=-0.0050 len= 21.45 term=1.000 in_range=0.047 r1=-0.005 r2=-22.710 r3=+0.000 policy_loss=+0.00561 value_loss=+0.00024 kl=0.0334 gate_reason='no-op'
update= 495 stage=1 weights=(1.0, 0.0, 0.0) reward=-0.0053 len= 21.07 term=1.000 in_range=0.048 r1=-0.005 r2=-22.418 r3=+0.000 policy_loss=-0.00006 value_loss=+0.00026 kl=0.0243 gate_reason='no-op' | eval_reward=+0.0000 eval_length= 21.44
update= 496 stage=1 weights=(1.0, 0.0, 0.0) reward=-0.0044 len= 20.86 term=1.000 in_range=0.048 r1=-0.004 r2=-21.986 r3=+0.000 policy_loss=+0.00068 value_loss=+0.00022 kl=0.0244 gate_reason='no-op'
update= 497 stage=1 weights=(1.0, 0.0, 0.0) reward=-0.0038 len= 20.95 term=1.000 in_range=0.047 r1=-0.004 r2=-22.133 r3=+0.000 policy_loss=+0.00062 value_loss=+0.00018 kl=0.0281 gate_reason='no-op'
update= 498 stage=1 weights=(1.0, 0.0, 0.0) reward=-0.0042 len= 20.90 term=1.000 in_range=0.047 r1=-0.004 r2=-21.915 r3=+0.000 policy_loss=-0.00144 value_loss=+0.00024 kl=0.0214 gate_reason='no-op'
update= 499 stage=1 weights=(1.0, 0.0, 0.0) reward=-0.0041 len= 21.09 term=1.000 in_range=0.047 r1=-0.004 r2=-22.050 r3=+0.000 policy_loss=+0.00132 value_loss=+0.00022 kl=0.0206 gate_reason='no-op'
update= 500 stage=1 weights=(1.0, 0.0, 0.0) reward=-0.0033 len= 21.13 term=1.000 in_range=0.048 r1=-0.003 r2=-22.170 r3=+0.000 policy_loss=+0.00972 value_loss=+0.00051 kl=0.0226 gate_reason='no-op' | eval_reward=-0.0022 eval_length= 22.69
update= 501 stage=1 weights=(1.0, 0.0, 0.0) reward=-0.0044 len= 21.23 term=1.000 in_range=0.048 r1=-0.004 r2=-22.098 r3=+0.000 policy_loss=+0.00109 value_loss=+0.00028 kl=0.0167 gate_reason='no-op'
update= 502 stage=1 weights=(1.0, 0.0, 0.0) reward=-0.0047 len= 21.21 term=1.000 in_range=0.049 r1=-0.005 r2=-22.127 r3=+0.000 policy_loss=+0.00648 value_loss=+0.00060 kl=0.0259 gate_reason='no-op'
update= 503 stage=1 weights=(1.0, 0.0, 0.0) reward=-0.0050 len= 21.23 term=1.000 in_range=0.048 r1=-0.005 r2=-22.237 r3=+0.000 policy_loss=+0.01186 value_loss=+0.00028 kl=0.0256 gate_reason='no-op'
update= 504 stage=1 weights=(1.0, 0.0, 0.0) reward=-0.0053 len= 21.47 term=1.000 in_range=0.049 r1=-0.005 r2=-22.296 r3=+0.000 policy_loss=-0.00189 value_loss=+0.00036 kl=0.0145 gate_reason='no-op'
update= 505 stage=1 weights=(1.0, 0.0, 0.0) reward=-0.0046 len= 21.36 term=1.000 in_range=0.046 r1=-0.005 r2=-22.424 r3=+0.000 policy_loss=+0.00760 value_loss=+0.00060 kl=0.0326 gate_reason='no-op' | eval_reward=-0.0009 eval_length= 21.94
update= 506 stage=1 weights=(1.0, 0.0, 0.0) reward=-0.0043 len= 21.14 term=1.000 in_range=0.049 r1=-0.004 r2=-21.862 r3=+0.000 policy_loss=+0.00425 value_loss=+0.00058 kl=0.0119 gate_reason='no-op'
update= 507 stage=1 weights=(1.0, 0.0, 0.0) reward=-0.0051 len= 21.11 term=1.000 in_range=0.048 r1=-0.005 r2=-22.181 r3=+0.000 policy_loss=+0.00314 value_loss=+0.00054 kl=0.0144 gate_reason='no-op'
update= 508 stage=1 weights=(1.0, 0.0, 0.0) reward=-0.0039 len= 21.25 term=1.000 in_range=0.050 r1=-0.004 r2=-22.085 r3=+0.000 policy_loss=+0.00637 value_loss=+0.00032 kl=0.0174 gate_reason='no-op'
update= 509 stage=1 weights=(1.0, 0.0, 0.0) reward=-0.0041 len= 20.98 term=1.000 in_range=0.048 r1=-0.004 r2=-22.100 r3=+0.000 policy_loss=+0.01111 value_loss=+0.00067 kl=0.0331 gate_reason='no-op'
update= 510 stage=1 weights=(1.0, 0.0, 0.0) reward=-0.0042 len= 20.71 term=1.000 in_range=0.049 r1=-0.004 r2=-21.912 r3=+0.000 policy_loss=-0.00318 value_loss=+0.00056 kl=0.0184 gate_reason='no-op' | eval_reward=+0.0000 eval_length= 20.19
update= 511 stage=1 weights=(1.0, 0.0, 0.0) reward=-0.0047 len= 20.84 term=1.000 in_range=0.048 r1=-0.005 r2=-21.990 r3=+0.000 policy_loss=-0.00083 value_loss=+0.00045 kl=0.0245 gate_reason='no-op'
update= 512 stage=1 weights=(1.0, 0.0, 0.0) reward=-0.0039 len= 21.01 term=1.000 in_range=0.048 r1=-0.004 r2=-22.028 r3=+0.000 policy_loss=-0.00094 value_loss=+0.00020 kl=0.0234 gate_reason='no-op'
update= 513 stage=1 weights=(1.0, 0.0, 0.0) reward=-0.0043 len= 20.84 term=1.000 in_range=0.049 r1=-0.004 r2=-21.862 r3=+0.000 policy_loss=+0.00423 value_loss=+0.00021 kl=0.0328 gate_reason='no-op'
update= 514 stage=1 weights=(1.0, 0.0, 0.0) reward=-0.0042 len= 20.96 term=1.000 in_range=0.048 r1=-0.004 r2=-21.840 r3=+0.000 policy_loss=-0.00094 value_loss=+0.00018 kl=0.0181 gate_reason='no-op'
update= 515 stage=1 weights=(1.0, 0.0, 0.0) reward=-0.0035 len= 20.96 term=1.000 in_range=0.048 r1=-0.003 r2=-21.899 r3=+0.000 policy_loss=+0.00184 value_loss=+0.00017 kl=0.0339 gate_reason='no-op' | eval_reward=+0.0000 eval_length= 21.81
update= 516 stage=1 weights=(1.0, 0.0, 0.0) reward=-0.0035 len= 20.99 term=1.000 in_range=0.050 r1=-0.003 r2=-21.808 r3=+0.000 policy_loss=-0.00037 value_loss=+0.00021 kl=0.0258 gate_reason='no-op'
update= 517 stage=1 weights=(1.0, 0.0, 0.0) reward=-0.0042 len= 21.35 term=1.000 in_range=0.047 r1=-0.004 r2=-22.311 r3=+0.000 policy_loss=-0.00053 value_loss=+0.00040 kl=0.0232 gate_reason='no-op'
update= 518 stage=1 weights=(1.0, 0.0, 0.0) reward=-0.0037 len= 21.57 term=1.000 in_range=0.049 r1=-0.004 r2=-22.143 r3=+0.000 policy_loss=-0.00016 value_loss=+0.00027 kl=0.0210 gate_reason='no-op'
update= 519 stage=1 weights=(1.0, 0.0, 0.0) reward=-0.0055 len= 21.92 term=1.000 in_range=0.048 r1=-0.006 r2=-22.031 r3=+0.000 policy_loss=-0.00333 value_loss=+0.00030 kl=0.0143 gate_reason='no-op'
update= 520 stage=1 weights=(1.0, 0.0, 0.0) reward=-0.0057 len= 21.87 term=1.000 in_range=0.050 r1=-0.006 r2=-21.945 r3=+0.000 policy_loss=-0.00242 value_loss=+0.00028 kl=0.0166 gate_reason='no-op' | eval_reward=+0.0000 eval_length= 22.00
update= 521 stage=1 weights=(1.0, 0.0, 0.0) reward=-0.0055 len= 21.95 term=1.000 in_range=0.048 r1=-0.006 r2=-22.303 r3=+0.000 policy_loss=+0.00382 value_loss=+0.00030 kl=0.0251 gate_reason='no-op'
update= 522 stage=1 weights=(1.0, 0.0, 0.0) reward=-0.0050 len= 21.72 term=1.000 in_range=0.048 r1=-0.005 r2=-22.258 r3=+0.000 policy_loss=-0.00133 value_loss=+0.00028 kl=0.0218 gate_reason='no-op'
update= 523 stage=1 weights=(1.0, 0.0, 0.0) reward=-0.0062 len= 21.80 term=1.000 in_range=0.048 r1=-0.006 r2=-22.342 r3=+0.000 policy_loss=+0.00032 value_loss=+0.00041 kl=0.0266 gate_reason='no-op'
update= 524 stage=1 weights=(1.0, 0.0, 0.0) reward=-0.0055 len= 21.71 term=1.000 in_range=0.047 r1=-0.005 r2=-22.443 r3=+0.000 policy_loss=+0.00211 value_loss=+0.00047 kl=0.0278 gate_reason='no-op'
update= 525 stage=1 weights=(1.0, 0.0, 0.0) reward=-0.0045 len= 21.50 term=1.000 in_range=0.048 r1=-0.004 r2=-22.269 r3=+0.000 policy_loss=+0.00711 value_loss=+0.00047 kl=0.0274 gate_reason='no-op' | eval_reward=+0.0000 eval_length= 22.62
update= 526 stage=1 weights=(1.0, 0.0, 0.0) reward=-0.0044 len= 21.19 term=1.000 in_range=0.047 r1=-0.004 r2=-22.046 r3=+0.000 policy_loss=+0.00545 value_loss=+0.00040 kl=0.0206 gate_reason='no-op'
update= 527 stage=1 weights=(1.0, 0.0, 0.0) reward=-0.0034 len= 21.32 term=1.000 in_range=0.048 r1=-0.003 r2=-22.082 r3=+0.000 policy_loss=+0.00226 value_loss=+0.00028 kl=0.0212 gate_reason='no-op'
update= 528 stage=1 weights=(1.0, 0.0, 0.0) reward=-0.0031 len= 21.25 term=1.000 in_range=0.049 r1=-0.003 r2=-22.009 r3=+0.000 policy_loss=-0.00019 value_loss=+0.00022 kl=0.0224 gate_reason='no-op'
update= 529 stage=1 weights=(1.0, 0.0, 0.0) reward=-0.0040 len= 21.27 term=1.000 in_range=0.049 r1=-0.004 r2=-22.042 r3=+0.000 policy_loss=+0.00118 value_loss=+0.00047 kl=0.0287 gate_reason='no-op'
update= 530 stage=1 weights=(1.0, 0.0, 0.0) reward=-0.0033 len= 21.14 term=1.000 in_range=0.051 r1=-0.003 r2=-21.833 r3=+0.000 policy_loss=-0.00004 value_loss=+0.00052 kl=0.0122 gate_reason='no-op' | eval_reward=+0.0000 eval_length= 22.25
update= 531 stage=1 weights=(1.0, 0.0, 0.0) reward=-0.0041 len= 21.01 term=1.000 in_range=0.051 r1=-0.004 r2=-21.543 r3=+0.000 policy_loss=+0.00350 value_loss=+0.00045 kl=0.0273 gate_reason='no-op'
update= 532 stage=1 weights=(1.0, 0.0, 0.0) reward=-0.0043 len= 21.04 term=1.000 in_range=0.049 r1=-0.004 r2=-21.722 r3=+0.000 policy_loss=+0.00147 value_loss=+0.00025 kl=0.0276 gate_reason='no-op'
update= 533 stage=1 weights=(1.0, 0.0, 0.0) reward=-0.0041 len= 20.91 term=1.000 in_range=0.051 r1=-0.004 r2=-21.404 r3=+0.000 policy_loss=-0.00297 value_loss=+0.00019 kl=0.0170 gate_reason='no-op'
update= 534 stage=1 weights=(1.0, 0.0, 0.0) reward=-0.0044 len= 20.60 term=1.000 in_range=0.052 r1=-0.004 r2=-21.060 r3=+0.000 policy_loss=-0.00193 value_loss=+0.00021 kl=0.0228 gate_reason='no-op'
update= 535 stage=1 weights=(1.0, 0.0, 0.0) reward=-0.0030 len= 20.78 term=1.000 in_range=0.050 r1=-0.003 r2=-21.535 r3=+0.000 policy_loss=+0.00139 value_loss=+0.00014 kl=0.0287 gate_reason='no-op' | eval_reward=+0.0000 eval_length= 21.62
update= 536 stage=1 weights=(1.0, 0.0, 0.0) reward=-0.0029 len= 20.61 term=1.000 in_range=0.052 r1=-0.003 r2=-21.230 r3=+0.000 policy_loss=+0.00356 value_loss=+0.00012 kl=0.0245 gate_reason='no-op'
update= 537 stage=1 weights=(1.0, 0.0, 0.0) reward=-0.0031 len= 20.75 term=1.000 in_range=0.052 r1=-0.003 r2=-21.287 r3=+0.000 policy_loss=+0.00140 value_loss=+0.00014 kl=0.0272 gate_reason='no-op'
update= 538 stage=1 weights=(1.0, 0.0, 0.0) reward=-0.0034 len= 20.72 term=1.000 in_range=0.053 r1=-0.003 r2=-21.177 r3=+0.000 policy_loss=+0.00264 value_loss=+0.00018 kl=0.0222 gate_reason='no-op'
update= 539 stage=1 weights=(1.0, 0.0, 0.0) reward=-0.0032 len= 21.04 term=1.000 in_range=0.052 r1=-0.003 r2=-21.417 r3=+0.000 policy_loss=-0.00122 value_loss=+0.00014 kl=0.0187 gate_reason='no-op'
update= 540 stage=1 weights=(1.0, 0.0, 0.0) reward=-0.0031 len= 21.01 term=1.000 in_range=0.054 r1=-0.003 r2=-21.165 r3=+0.000 policy_loss=+0.00239 value_loss=+0.00019 kl=0.0233 gate_reason='no-op' | eval_reward=+0.0000 eval_length= 20.75
update= 541 stage=1 weights=(1.0, 0.0, 0.0) reward=-0.0031 len= 21.02 term=1.000 in_range=0.052 r1=-0.003 r2=-21.425 r3=+0.000 policy_loss=+0.00221 value_loss=+0.00022 kl=0.0287 gate_reason='no-op'
update= 542 stage=1 weights=(1.0, 0.0, 0.0) reward=-0.0028 len= 21.08 term=1.000 in_range=0.051 r1=-0.003 r2=-21.336 r3=+0.000 policy_loss=+0.00576 value_loss=+0.00041 kl=0.0161 gate_reason='no-op'
update= 543 stage=1 weights=(1.0, 0.0, 0.0) reward=-0.0039 len= 21.17 term=1.000 in_range=0.052 r1=-0.004 r2=-21.387 r3=+0.000 policy_loss=+0.00034 value_loss=+0.00038 kl=0.0131 gate_reason='no-op'
update= 544 stage=1 weights=(1.0, 0.0, 0.0) reward=-0.0032 len= 21.21 term=1.000 in_range=0.050 r1=-0.003 r2=-21.423 r3=+0.000 policy_loss=+0.00006 value_loss=+0.00020 kl=0.0137 gate_reason='no-op'
update= 545 stage=1 weights=(1.0, 0.0, 0.0) reward=-0.0024 len= 20.89 term=1.000 in_range=0.051 r1=-0.002 r2=-21.366 r3=+0.000 policy_loss=+0.00525 value_loss=+0.00014 kl=0.0310 gate_reason='no-op' | eval_reward=-0.0022 eval_length= 22.00
update= 546 stage=1 weights=(1.0, 0.0, 0.0) reward=-0.0038 len= 20.51 term=1.000 in_range=0.052 r1=-0.004 r2=-20.883 r3=+0.000 policy_loss=+0.00687 value_loss=+0.00023 kl=0.0245 gate_reason='no-op'
update= 547 stage=1 weights=(1.0, 0.0, 0.0) reward=-0.0028 len= 20.73 term=1.000 in_range=0.052 r1=-0.003 r2=-21.040 r3=+0.000 policy_loss=+0.00937 value_loss=+0.00013 kl=0.0392 gate_reason='no-op'
update= 548 stage=1 weights=(1.0, 0.0, 0.0) reward=-0.0030 len= 21.17 term=1.000 in_range=0.052 r1=-0.003 r2=-21.199 r3=+0.000 policy_loss=+0.00399 value_loss=+0.00019 kl=0.0196 gate_reason='no-op'
update= 549 stage=1 weights=(1.0, 0.0, 0.0) reward=-0.0030 len= 21.34 term=1.000 in_range=0.053 r1=-0.003 r2=-21.535 r3=+0.000 policy_loss=+0.01062 value_loss=+0.00015 kl=0.0307 gate_reason='no-op'
update= 550 stage=1 weights=(1.0, 0.0, 0.0) reward=-0.0024 len= 21.04 term=1.000 in_range=0.051 r1=-0.002 r2=-21.476 r3=+0.000 policy_loss=+0.00777 value_loss=+0.00021 kl=0.0289 gate_reason='no-op' | eval_reward=+0.0000 eval_length= 21.75
update= 551 stage=1 weights=(1.0, 0.0, 0.0) reward=-0.0034 len= 20.71 term=1.000 in_range=0.053 r1=-0.003 r2=-21.208 r3=+0.000 policy_loss=+0.00308 value_loss=+0.00034 kl=0.0233 gate_reason='no-op'
update= 552 stage=1 weights=(1.0, 0.0, 0.0) reward=-0.0043 len= 20.28 term=1.000 in_range=0.052 r1=-0.004 r2=-21.028 r3=+0.000 policy_loss=-0.00051 value_loss=+0.00022 kl=0.0207 gate_reason='no-op'
update= 553 stage=1 weights=(1.0, 0.0, 0.0) reward=-0.0032 len= 20.48 term=1.000 in_range=0.052 r1=-0.003 r2=-21.050 r3=+0.000 policy_loss=+0.00295 value_loss=+0.00015 kl=0.0319 gate_reason='no-op'
update= 554 stage=1 weights=(1.0, 0.0, 0.0) reward=-0.0056 len= 20.02 term=1.000 in_range=0.055 r1=-0.006 r2=-20.668 r3=+0.000 policy_loss=-0.00148 value_loss=+0.00037 kl=0.0285 gate_reason='no-op'
update= 555 stage=1 weights=(1.0, 0.0, 0.0) reward=-0.0038 len= 19.89 term=1.000 in_range=0.056 r1=-0.004 r2=-20.423 r3=+0.000 policy_loss=+0.01024 value_loss=+0.00038 kl=0.0320 gate_reason='no-op' | eval_reward=-0.0004 eval_length= 21.06
update= 556 stage=1 weights=(1.0, 0.0, 0.0) reward=-0.0050 len= 19.67 term=1.000 in_range=0.056 r1=-0.005 r2=-20.181 r3=+0.000 policy_loss=+0.00005 value_loss=+0.00027 kl=0.0261 gate_reason='no-op'
update= 557 stage=1 weights=(1.0, 0.0, 0.0) reward=-0.0042 len= 19.77 term=1.000 in_range=0.056 r1=-0.004 r2=-20.167 r3=+0.000 policy_loss=+0.00487 value_loss=+0.00032 kl=0.0269 gate_reason='no-op'
update= 558 stage=1 weights=(1.0, 0.0, 0.0) reward=-0.0041 len= 20.18 term=1.000 in_range=0.054 r1=-0.004 r2=-20.887 r3=+0.000 policy_loss=+0.00069 value_loss=+0.00022 kl=0.0292 gate_reason='no-op'
update= 559 stage=1 weights=(1.0, 0.0, 0.0) reward=-0.0041 len= 20.27 term=1.000 in_range=0.052 r1=-0.004 r2=-21.110 r3=+0.000 policy_loss=+0.00287 value_loss=+0.00023 kl=0.0325 gate_reason='no-op'
update= 560 stage=1 weights=(1.0, 0.0, 0.0) reward=-0.0026 len= 20.34 term=1.000 in_range=0.050 r1=-0.003 r2=-21.303 r3=+0.000 policy_loss=+0.00174 value_loss=+0.00012 kl=0.0237 gate_reason='no-op' | eval_reward=-0.0004 eval_length= 19.62
update= 561 stage=1 weights=(1.0, 0.0, 0.0) reward=-0.0044 len= 20.25 term=1.000 in_range=0.050 r1=-0.004 r2=-21.304 r3=+0.000 policy_loss=-0.00176 value_loss=+0.00021 kl=0.0239 gate_reason='no-op'
update= 562 stage=1 weights=(1.0, 0.0, 0.0) reward=-0.0023 len= 20.41 term=1.000 in_range=0.049 r1=-0.002 r2=-21.440 r3=+0.000 policy_loss=+0.00641 value_loss=+0.00008 kl=0.0298 gate_reason='no-op'
update= 563 stage=1 weights=(1.0, 0.0, 0.0) reward=-0.0036 len= 20.75 term=1.000 in_range=0.048 r1=-0.004 r2=-21.508 r3=+0.000 policy_loss=+0.00118 value_loss=+0.00015 kl=0.0238 gate_reason='no-op'
update= 564 stage=1 weights=(1.0, 0.0, 0.0) reward=-0.0027 len= 20.37 term=1.000 in_range=0.050 r1=-0.003 r2=-21.094 r3=+0.000 policy_loss=-0.00016 value_loss=+0.00010 kl=0.0252 gate_reason='no-op'
update= 565 stage=1 weights=(1.0, 0.0, 0.0) reward=-0.0036 len= 20.30 term=1.000 in_range=0.051 r1=-0.004 r2=-21.089 r3=+0.000 policy_loss=+0.00037 value_loss=+0.00017 kl=0.0284 gate_reason='no-op' | eval_reward=+0.0000 eval_length= 20.88
update= 566 stage=1 weights=(1.0, 0.0, 0.0) reward=-0.0030 len= 20.42 term=1.000 in_range=0.051 r1=-0.003 r2=-20.977 r3=+0.000 policy_loss=-0.00189 value_loss=+0.00013 kl=0.0237 gate_reason='no-op'
update= 567 stage=1 weights=(1.0, 0.0, 0.0) reward=-0.0034 len= 20.11 term=1.000 in_range=0.049 r1=-0.003 r2=-20.904 r3=+0.000 policy_loss=-0.00065 value_loss=+0.00015 kl=0.0248 gate_reason='no-op'
update= 568 stage=1 weights=(1.0, 0.0, 0.0) reward=-0.0035 len= 20.34 term=1.000 in_range=0.051 r1=-0.003 r2=-20.933 r3=+0.000 policy_loss=-0.00084 value_loss=+0.00014 kl=0.0254 gate_reason='no-op'
update= 569 stage=1 weights=(1.0, 0.0, 0.0) reward=-0.0029 len= 20.37 term=1.000 in_range=0.052 r1=-0.003 r2=-20.815 r3=+0.000 policy_loss=+0.00418 value_loss=+0.00011 kl=0.0311 gate_reason='no-op'
update= 570 stage=1 weights=(1.0, 0.0, 0.0) reward=-0.0031 len= 20.41 term=1.000 in_range=0.049 r1=-0.003 r2=-21.277 r3=+0.000 policy_loss=-0.00106 value_loss=+0.00016 kl=0.0256 gate_reason='no-op' | eval_reward=+0.0000 eval_length= 19.19
update= 571 stage=1 weights=(1.0, 0.0, 0.0) reward=-0.0033 len= 20.51 term=1.000 in_range=0.048 r1=-0.003 r2=-21.394 r3=+0.000 policy_loss=+0.00053 value_loss=+0.00016 kl=0.0292 gate_reason='no-op'
update= 572 stage=1 weights=(1.0, 0.0, 0.0) reward=-0.0029 len= 20.34 term=1.000 in_range=0.050 r1=-0.003 r2=-21.117 r3=+0.000 policy_loss=+0.00371 value_loss=+0.00014 kl=0.0295 gate_reason='no-op'
update= 573 stage=1 weights=(1.0, 0.0, 0.0) reward=-0.0034 len= 20.54 term=1.000 in_range=0.050 r1=-0.003 r2=-21.446 r3=+0.000 policy_loss=+0.00349 value_loss=+0.00016 kl=0.0256 gate_reason='no-op'
update= 574 stage=1 weights=(1.0, 0.0, 0.0) reward=-0.0033 len= 20.56 term=1.000 in_range=0.051 r1=-0.003 r2=-21.225 r3=+0.000 policy_loss=+0.00312 value_loss=+0.00019 kl=0.0258 gate_reason='no-op'
update= 575 stage=1 weights=(1.0, 0.0, 0.0) reward=-0.0029 len= 20.41 term=1.000 in_range=0.052 r1=-0.003 r2=-21.067 r3=+0.000 policy_loss=-0.00075 value_loss=+0.00012 kl=0.0224 gate_reason='no-op' | eval_reward=-0.0004 eval_length= 19.75
update= 576 stage=1 weights=(1.0, 0.0, 0.0) reward=-0.0032 len= 20.05 term=1.000 in_range=0.051 r1=-0.003 r2=-20.776 r3=+0.000 policy_loss=+0.00407 value_loss=+0.00018 kl=0.0204 gate_reason='no-op'
update= 577 stage=1 weights=(1.0, 0.0, 0.0) reward=-0.0025 len= 19.88 term=1.000 in_range=0.052 r1=-0.003 r2=-20.693 r3=+0.000 policy_loss=-0.00114 value_loss=+0.00012 kl=0.0261 gate_reason='no-op'
update= 578 stage=1 weights=(1.0, 0.0, 0.0) reward=-0.0035 len= 19.96 term=1.000 in_range=0.051 r1=-0.003 r2=-20.671 r3=+0.000 policy_loss=+0.00742 value_loss=+0.00017 kl=0.0301 gate_reason='no-op'
update= 579 stage=1 weights=(1.0, 0.0, 0.0) reward=-0.0032 len= 19.95 term=1.000 in_range=0.051 r1=-0.003 r2=-20.816 r3=+0.000 policy_loss=+0.00789 value_loss=+0.00024 kl=0.0222 gate_reason='no-op'
update= 580 stage=1 weights=(1.0, 0.0, 0.0) reward=-0.0037 len= 19.87 term=1.000 in_range=0.050 r1=-0.004 r2=-20.690 r3=+0.000 policy_loss=+0.00311 value_loss=+0.00020 kl=0.0239 gate_reason='no-op' | eval_reward=+0.0000 eval_length= 19.62
update= 581 stage=1 weights=(1.0, 0.0, 0.0) reward=-0.0049 len= 19.89 term=1.000 in_range=0.052 r1=-0.005 r2=-20.876 r3=+0.000 policy_loss=-0.00216 value_loss=+0.00027 kl=0.0159 gate_reason='no-op'
update= 582 stage=1 weights=(1.0, 0.0, 0.0) reward=-0.0032 len= 20.04 term=1.000 in_range=0.049 r1=-0.003 r2=-21.015 r3=+0.000 policy_loss=+0.00130 value_loss=+0.00017 kl=0.0332 gate_reason='no-op'
update= 583 stage=1 weights=(1.0, 0.0, 0.0) reward=-0.0038 len= 20.47 term=1.000 in_range=0.049 r1=-0.004 r2=-21.387 r3=+0.000 policy_loss=+0.00108 value_loss=+0.00022 kl=0.0268 gate_reason='no-op'
update= 584 stage=1 weights=(1.0, 0.0, 0.0) reward=-0.0047 len= 20.29 term=1.000 in_range=0.050 r1=-0.005 r2=-21.422 r3=+0.000 policy_loss=+0.00285 value_loss=+0.00025 kl=0.0272 gate_reason='no-op'
update= 585 stage=1 weights=(1.0, 0.0, 0.0) reward=-0.0028 len= 20.06 term=1.000 in_range=0.052 r1=-0.003 r2=-20.783 r3=+0.000 policy_loss=+0.00128 value_loss=+0.00011 kl=0.0273 gate_reason='no-op' | eval_reward=+0.0000 eval_length= 20.44
update= 586 stage=1 weights=(1.0, 0.0, 0.0) reward=-0.0034 len= 20.17 term=1.000 in_range=0.051 r1=-0.003 r2=-20.651 r3=+0.000 policy_loss=+0.00283 value_loss=+0.00023 kl=0.0276 gate_reason='no-op'
update= 587 stage=1 weights=(1.0, 0.0, 0.0) reward=-0.0029 len= 20.38 term=1.000 in_range=0.053 r1=-0.003 r2=-21.000 r3=+0.000 policy_loss=+0.00401 value_loss=+0.00013 kl=0.0491 gate_reason='no-op'
update= 588 stage=1 weights=(1.0, 0.0, 0.0) reward=-0.0028 len= 20.88 term=1.000 in_range=0.055 r1=-0.003 r2=-21.085 r3=+0.000 policy_loss=+0.00134 value_loss=+0.00015 kl=0.0301 gate_reason='no-op'
update= 589 stage=1 weights=(1.0, 0.0, 0.0) reward=-0.0027 len= 20.69 term=1.000 in_range=0.052 r1=-0.003 r2=-21.014 r3=+0.000 policy_loss=-0.00067 value_loss=+0.00013 kl=0.0256 gate_reason='no-op'
update= 590 stage=1 weights=(1.0, 0.0, 0.0) reward=-0.0033 len= 20.45 term=1.000 in_range=0.053 r1=-0.003 r2=-20.926 r3=+0.000 policy_loss=+0.00337 value_loss=+0.00013 kl=0.0313 gate_reason='no-op' | eval_reward=-0.0004 eval_length= 20.56
update= 591 stage=1 weights=(1.0, 0.0, 0.0) reward=-0.0031 len= 20.57 term=1.000 in_range=0.052 r1=-0.003 r2=-20.828 r3=+0.000 policy_loss=-0.00049 value_loss=+0.00014 kl=0.0285 gate_reason='no-op'
update= 592 stage=1 weights=(1.0, 0.0, 0.0) reward=-0.0025 len= 20.59 term=1.000 in_range=0.051 r1=-0.003 r2=-20.847 r3=+0.000 policy_loss=-0.00024 value_loss=+0.00011 kl=0.0255 gate_reason='no-op'
update= 593 stage=1 weights=(1.0, 0.0, 0.0) reward=-0.0031 len= 20.12 term=1.000 in_range=0.052 r1=-0.003 r2=-20.631 r3=+0.000 policy_loss=+0.00057 value_loss=+0.00013 kl=0.0274 gate_reason='no-op'
update= 594 stage=1 weights=(1.0, 0.0, 0.0) reward=-0.0025 len= 20.08 term=1.000 in_range=0.055 r1=-0.002 r2=-20.480 r3=+0.000 policy_loss=+0.00045 value_loss=+0.00012 kl=0.0227 gate_reason='no-op'
update= 595 stage=1 weights=(1.0, 0.0, 0.0) reward=-0.0026 len= 20.13 term=1.000 in_range=0.053 r1=-0.003 r2=-20.599 r3=+0.000 policy_loss=-0.00019 value_loss=+0.00011 kl=0.0245 gate_reason='no-op' | eval_reward=+0.0000 eval_length= 20.31
update= 596 stage=1 weights=(1.0, 0.0, 0.0) reward=-0.0023 len= 20.24 term=1.000 in_range=0.052 r1=-0.002 r2=-20.775 r3=+0.000 policy_loss=+0.00530 value_loss=+0.00010 kl=0.0302 gate_reason='no-op'
update= 597 stage=1 weights=(1.0, 0.0, 0.0) reward=-0.0029 len= 19.89 term=1.000 in_range=0.052 r1=-0.003 r2=-20.412 r3=+0.000 policy_loss=-0.00021 value_loss=+0.00012 kl=0.0225 gate_reason='no-op'
update= 598 stage=1 weights=(1.0, 0.0, 0.0) reward=-0.0022 len= 20.09 term=1.000 in_range=0.054 r1=-0.002 r2=-20.337 r3=+0.000 policy_loss=+0.00240 value_loss=+0.00007 kl=0.0335 gate_reason='no-op'
update= 599 stage=1 weights=(1.0, 0.0, 0.0) reward=-0.0023 len= 20.15 term=1.000 in_range=0.056 r1=-0.002 r2=-20.362 r3=+0.000 policy_loss=+0.00127 value_loss=+0.00010 kl=0.0304 gate_reason='no-op'
update= 600 stage=1 weights=(1.0, 0.0, 0.0) reward=-0.0033 len= 20.14 term=1.000 in_range=0.058 r1=-0.003 r2=-19.980 r3=+0.000 policy_loss=+0.00137 value_loss=+0.00015 kl=0.0308 gate_reason='no-op' | eval_reward=-0.0039 eval_length= 20.50
update= 601 stage=1 weights=(1.0, 0.0, 0.0) reward=-0.0026 len= 20.30 term=1.000 in_range=0.057 r1=-0.003 r2=-20.196 r3=+0.000 policy_loss=+0.00154 value_loss=+0.00012 kl=0.0289 gate_reason='no-op'
update= 602 stage=1 weights=(1.0, 0.0, 0.0) reward=-0.0032 len= 20.63 term=1.000 in_range=0.058 r1=-0.003 r2=-20.239 r3=+0.000 policy_loss=+0.00231 value_loss=+0.00015 kl=0.0325 gate_reason='no-op'
update= 603 stage=1 weights=(1.0, 0.0, 0.0) reward=-0.0025 len= 20.66 term=1.000 in_range=0.058 r1=-0.002 r2=-20.240 r3=+0.000 policy_loss=-0.00098 value_loss=+0.00012 kl=0.0229 gate_reason='no-op'
update= 604 stage=1 weights=(1.0, 0.0, 0.0) reward=-0.0035 len= 20.61 term=1.000 in_range=0.060 r1=-0.003 r2=-20.135 r3=+0.000 policy_loss=-0.00029 value_loss=+0.00019 kl=0.0314 gate_reason='no-op'
update= 605 stage=1 weights=(1.0, 0.0, 0.0) reward=-0.0028 len= 20.45 term=1.000 in_range=0.059 r1=-0.003 r2=-20.031 r3=+0.000 policy_loss=-0.00102 value_loss=+0.00017 kl=0.0317 gate_reason='no-op' | eval_reward=+0.0000 eval_length= 21.19
update= 606 stage=1 weights=(1.0, 0.0, 0.0) reward=-0.0027 len= 20.29 term=1.000 in_range=0.058 r1=-0.003 r2=-20.122 r3=+0.000 policy_loss=+0.00104 value_loss=+0.00015 kl=0.0259 gate_reason='no-op'
update= 607 stage=1 weights=(1.0, 0.0, 0.0) reward=-0.0032 len= 20.16 term=1.000 in_range=0.058 r1=-0.003 r2=-19.630 r3=+0.000 policy_loss=+0.00124 value_loss=+0.00019 kl=0.0310 gate_reason='no-op'
update= 608 stage=1 weights=(1.0, 0.0, 0.0) reward=-0.0024 len= 19.99 term=1.000 in_range=0.059 r1=-0.002 r2=-19.746 r3=+0.000 policy_loss=+0.00038 value_loss=+0.00011 kl=0.0263 gate_reason='no-op'
update= 609 stage=1 weights=(1.0, 0.0, 0.0) reward=-0.0028 len= 20.00 term=1.000 in_range=0.059 r1=-0.003 r2=-19.779 r3=+0.000 policy_loss=+0.00271 value_loss=+0.00017 kl=0.0376 gate_reason='no-op'
update= 610 stage=1 weights=(1.0, 0.0, 0.0) reward=-0.0031 len= 20.48 term=1.000 in_range=0.060 r1=-0.003 r2=-20.082 r3=+0.000 policy_loss=+0.00119 value_loss=+0.00018 kl=0.0282 gate_reason='no-op' | eval_reward=+0.0000 eval_length= 20.88
update= 611 stage=1 weights=(1.0, 0.0, 0.0) reward=-0.0035 len= 20.27 term=1.000 in_range=0.060 r1=-0.004 r2=-19.768 r3=+0.000 policy_loss=+0.00168 value_loss=+0.00020 kl=0.0190 gate_reason='no-op'
update= 612 stage=1 weights=(1.0, 0.0, 0.0) reward=-0.0024 len= 20.53 term=1.000 in_range=0.059 r1=-0.002 r2=-20.105 r3=+0.000 policy_loss=+0.00337 value_loss=+0.00025 kl=0.0234 gate_reason='no-op'
update= 613 stage=1 weights=(1.0, 0.0, 0.0) reward=-0.0035 len= 20.49 term=1.000 in_range=0.059 r1=-0.003 r2=-19.777 r3=+0.000 policy_loss=+0.00154 value_loss=+0.00021 kl=0.0182 gate_reason='no-op'
update= 614 stage=1 weights=(1.0, 0.0, 0.0) reward=-0.0036 len= 20.61 term=1.000 in_range=0.060 r1=-0.004 r2=-19.767 r3=+0.000 policy_loss=+0.00265 value_loss=+0.00027 kl=0.0326 gate_reason='no-op'
update= 615 stage=1 weights=(1.0, 0.0, 0.0) reward=-0.0032 len= 20.67 term=1.000 in_range=0.061 r1=-0.003 r2=-19.828 r3=+0.000 policy_loss=-0.00075 value_loss=+0.00028 kl=0.0229 gate_reason='no-op' | eval_reward=+0.0000 eval_length= 21.56
update= 616 stage=1 weights=(1.0, 0.0, 0.0) reward=-0.0029 len= 20.46 term=1.000 in_range=0.059 r1=-0.003 r2=-19.919 r3=+0.000 policy_loss=+0.00271 value_loss=+0.00041 kl=0.0300 gate_reason='no-op'
update= 617 stage=1 weights=(1.0, 0.0, 0.0) reward=-0.0027 len= 20.64 term=1.000 in_range=0.059 r1=-0.003 r2=-20.125 r3=+0.000 policy_loss=+0.00545 value_loss=+0.00039 kl=0.0127 gate_reason='no-op'
update= 618 stage=1 weights=(1.0, 0.0, 0.0) reward=-0.0040 len= 20.56 term=1.000 in_range=0.058 r1=-0.004 r2=-19.995 r3=+0.000 policy_loss=+0.00029 value_loss=+0.00047 kl=0.0273 gate_reason='no-op'
update= 619 stage=1 weights=(1.0, 0.0, 0.0) reward=-0.0032 len= 20.46 term=1.000 in_range=0.059 r1=-0.003 r2=-19.909 r3=+0.000 policy_loss=-0.00176 value_loss=+0.00022 kl=0.0311 gate_reason='no-op'
update= 620 stage=1 weights=(1.0, 0.0, 0.0) reward=-0.0023 len= 19.89 term=1.000 in_range=0.060 r1=-0.002 r2=-19.666 r3=+0.000 policy_loss=-0.00029 value_loss=+0.00037 kl=0.0477 gate_reason='no-op' | eval_reward=+0.0000 eval_length= 20.44
update= 621 stage=1 weights=(1.0, 0.0, 0.0) reward=-0.0034 len= 19.24 term=1.000 in_range=0.059 r1=-0.003 r2=-19.395 r3=+0.000 policy_loss=-0.00114 value_loss=+0.00024 kl=0.0363 gate_reason='no-op'
update= 622 stage=1 weights=(1.0, 0.0, 0.0) reward=-0.0058 len= 18.91 term=1.000 in_range=0.061 r1=-0.006 r2=-19.042 r3=+0.000 policy_loss=+0.00507 value_loss=+0.00045 kl=0.0392 gate_reason='no-op'
update= 623 stage=1 weights=(1.0, 0.0, 0.0) reward=-0.0048 len= 19.00 term=1.000 in_range=0.057 r1=-0.005 r2=-19.450 r3=+0.000 policy_loss=+0.01776 value_loss=+0.00076 kl=0.0359 gate_reason='no-op'
update= 624 stage=1 weights=(1.0, 0.0, 0.0) reward=-0.0038 len= 19.25 term=1.000 in_range=0.059 r1=-0.004 r2=-19.599 r3=+0.000 policy_loss=+0.00577 value_loss=+0.00052 kl=0.0227 gate_reason='no-op'
update= 625 stage=1 weights=(1.0, 0.0, 0.0) reward=-0.0044 len= 19.15 term=1.000 in_range=0.059 r1=-0.004 r2=-19.203 r3=+0.000 policy_loss=+0.00470 value_loss=+0.00032 kl=0.0173 gate_reason='no-op' | eval_reward=+0.0000 eval_length= 17.94
update= 626 stage=1 weights=(1.0, 0.0, 0.0) reward=-0.0036 len= 19.22 term=1.000 in_range=0.059 r1=-0.004 r2=-19.457 r3=+0.000 policy_loss=+0.00630 value_loss=+0.00020 kl=0.0244 gate_reason='no-op'
update= 627 stage=1 weights=(1.0, 0.0, 0.0) reward=-0.0037 len= 19.79 term=1.000 in_range=0.058 r1=-0.004 r2=-20.142 r3=+0.000 policy_loss=+0.00394 value_loss=+0.00019 kl=0.0218 gate_reason='no-op'
update= 628 stage=1 weights=(1.0, 0.0, 0.0) reward=-0.0033 len= 19.38 term=1.000 in_range=0.058 r1=-0.003 r2=-19.414 r3=+0.000 policy_loss=+0.00543 value_loss=+0.00021 kl=0.0277 gate_reason='no-op'
update= 629 stage=1 weights=(1.0, 0.0, 0.0) reward=-0.0026 len= 19.71 term=1.000 in_range=0.055 r1=-0.003 r2=-19.924 r3=+0.000 policy_loss=+0.00288 value_loss=+0.00015 kl=0.0263 gate_reason='no-op'
update= 630 stage=1 weights=(1.0, 0.0, 0.0) reward=-0.0028 len= 19.98 term=1.000 in_range=0.056 r1=-0.003 r2=-20.314 r3=+0.000 policy_loss=+0.00341 value_loss=+0.00013 kl=0.0320 gate_reason='no-op' | eval_reward=+0.0000 eval_length= 21.56
update= 631 stage=1 weights=(1.0, 0.0, 0.0) reward=-0.0030 len= 19.41 term=1.000 in_range=0.057 r1=-0.003 r2=-19.706 r3=+0.000 policy_loss=+0.00628 value_loss=+0.00016 kl=0.0365 gate_reason='no-op'
update= 632 stage=1 weights=(1.0, 0.0, 0.0) reward=-0.0037 len= 19.62 term=1.000 in_range=0.056 r1=-0.004 r2=-19.855 r3=+0.000 policy_loss=+0.00241 value_loss=+0.00019 kl=0.0294 gate_reason='no-op'
update= 633 stage=1 weights=(1.0, 0.0, 0.0) reward=-0.0032 len= 19.48 term=1.000 in_range=0.058 r1=-0.003 r2=-19.630 r3=+0.000 policy_loss=+0.00016 value_loss=+0.00015 kl=0.0300 gate_reason='no-op'
update= 634 stage=1 weights=(1.0, 0.0, 0.0) reward=-0.0027 len= 19.85 term=1.000 in_range=0.058 r1=-0.003 r2=-19.915 r3=+0.000 policy_loss=+0.00249 value_loss=+0.00013 kl=0.0318 gate_reason='no-op'
update= 635 stage=1 weights=(1.0, 0.0, 0.0) reward=-0.0033 len= 20.07 term=1.000 in_range=0.056 r1=-0.003 r2=-20.020 r3=+0.000 policy_loss=-0.00042 value_loss=+0.00015 kl=0.0267 gate_reason='no-op' | eval_reward=-0.0184 eval_length= 21.19
update= 636 stage=1 weights=(1.0, 0.0, 0.0) reward=-0.0031 len= 19.96 term=1.000 in_range=0.060 r1=-0.003 r2=-19.817 r3=+0.000 policy_loss=+0.00166 value_loss=+0.00014 kl=0.0316 gate_reason='no-op'
update= 637 stage=1 weights=(1.0, 0.0, 0.0) reward=-0.0035 len= 20.43 term=1.000 in_range=0.059 r1=-0.003 r2=-20.396 r3=+0.000 policy_loss=-0.00572 value_loss=+0.00018 kl=0.0314 gate_reason='no-op'
update= 638 stage=1 weights=(1.0, 0.0, 0.0) reward=-0.0035 len= 21.00 term=1.000 in_range=0.055 r1=-0.004 r2=-20.901 r3=+0.000 policy_loss=+0.00400 value_loss=+0.00018 kl=0.0353 gate_reason='no-op'
update= 639 stage=1 weights=(1.0, 0.0, 0.0) reward=-0.0056 len= 21.31 term=1.000 in_range=0.058 r1=-0.006 r2=-20.938 r3=+0.000 policy_loss=+0.00658 value_loss=+0.00030 kl=0.0395 gate_reason='no-op'
update= 640 stage=1 weights=(1.0, 0.0, 0.0) reward=-0.0088 len= 21.46 term=1.000 in_range=0.058 r1=-0.009 r2=-21.016 r3=+0.000 policy_loss=-0.00098 value_loss=+0.00055 kl=0.0222 gate_reason='no-op' | eval_reward=+0.0000 eval_length= 21.56
update= 641 stage=1 weights=(1.0, 0.0, 0.0) reward=-0.0074 len= 21.57 term=1.000 in_range=0.056 r1=-0.007 r2=-21.265 r3=+0.000 policy_loss=+0.00055 value_loss=+0.00041 kl=0.0279 gate_reason='no-op'
update= 642 stage=1 weights=(1.0, 0.0, 0.0) reward=-0.0086 len= 21.51 term=1.000 in_range=0.060 r1=-0.009 r2=-20.841 r3=+0.000 policy_loss=-0.00024 value_loss=+0.00048 kl=0.0229 gate_reason='no-op'
update= 643 stage=1 weights=(1.0, 0.0, 0.0) reward=-0.0083 len= 21.77 term=1.000 in_range=0.058 r1=-0.008 r2=-21.117 r3=+0.000 policy_loss=+0.00272 value_loss=+0.00051 kl=0.0271 gate_reason='no-op'
update= 644 stage=1 weights=(1.0, 0.0, 0.0) reward=-0.0082 len= 21.66 term=1.000 in_range=0.061 r1=-0.008 r2=-20.778 r3=+0.000 policy_loss=-0.00140 value_loss=+0.00049 kl=0.0208 gate_reason='no-op'
update= 645 stage=1 weights=(1.0, 0.0, 0.0) reward=-0.0072 len= 21.47 term=1.000 in_range=0.060 r1=-0.007 r2=-20.735 r3=+0.000 policy_loss=+0.00135 value_loss=+0.00045 kl=0.0242 gate_reason='no-op' | eval_reward=+0.0000 eval_length= 19.25
update= 646 stage=1 weights=(1.0, 0.0, 0.0) reward=-0.0048 len= 21.37 term=1.000 in_range=0.058 r1=-0.005 r2=-20.915 r3=+0.000 policy_loss=+0.00104 value_loss=+0.00028 kl=0.0288 gate_reason='no-op'
update= 647 stage=1 weights=(1.0, 0.0, 0.0) reward=-0.0033 len= 20.83 term=1.000 in_range=0.058 r1=-0.003 r2=-20.563 r3=+0.000 policy_loss=+0.00405 value_loss=+0.00028 kl=0.0194 gate_reason='no-op'
update= 648 stage=1 weights=(1.0, 0.0, 0.0) reward=-0.0034 len= 20.78 term=1.000 in_range=0.056 r1=-0.003 r2=-20.687 r3=+0.000 policy_loss=+0.00347 value_loss=+0.00029 kl=0.0215 gate_reason='no-op'
update= 649 stage=1 weights=(1.0, 0.0, 0.0) reward=-0.0034 len= 20.35 term=1.000 in_range=0.058 r1=-0.003 r2=-20.272 r3=+0.000 policy_loss=+0.00691 value_loss=+0.00031 kl=0.0422 gate_reason='no-op'
update= 650 stage=1 weights=(1.0, 0.0, 0.0) reward=-0.0038 len= 20.25 term=1.000 in_range=0.057 r1=-0.004 r2=-20.617 r3=+0.000 policy_loss=+0.01427 value_loss=+0.00097 kl=0.0251 gate_reason='no-op' | eval_reward=+0.0000 eval_length= 19.88
update= 651 stage=1 weights=(1.0, 0.0, 0.0) reward=-0.0021 len= 20.06 term=1.000 in_range=0.057 r1=-0.002 r2=-20.396 r3=+0.000 policy_loss=+0.01659 value_loss=+0.00072 kl=0.0250 gate_reason='no-op'
update= 652 stage=1 weights=(1.0, 0.0, 0.0) reward=-0.0037 len= 20.65 term=1.000 in_range=0.058 r1=-0.004 r2=-20.625 r3=+0.000 policy_loss=+0.00522 value_loss=+0.00043 kl=0.0233 gate_reason='no-op'
update= 653 stage=1 weights=(1.0, 0.0, 0.0) reward=-0.0037 len= 20.67 term=1.000 in_range=0.057 r1=-0.004 r2=-20.411 r3=+0.000 policy_loss=-0.00288 value_loss=+0.00041 kl=0.0189 gate_reason='no-op'
update= 654 stage=1 weights=(1.0, 0.0, 0.0) reward=-0.0030 len= 20.67 term=1.000 in_range=0.056 r1=-0.003 r2=-20.689 r3=+0.000 policy_loss=+0.00296 value_loss=+0.00037 kl=0.0147 gate_reason='no-op'
update= 655 stage=1 weights=(1.0, 0.0, 0.0) reward=-0.0028 len= 20.71 term=1.000 in_range=0.057 r1=-0.003 r2=-20.795 r3=+0.000 policy_loss=-0.00123 value_loss=+0.00021 kl=0.0122 gate_reason='no-op' | eval_reward=+0.0000 eval_length= 20.94
update= 656 stage=1 weights=(1.0, 0.0, 0.0) reward=-0.0039 len= 20.62 term=1.000 in_range=0.058 r1=-0.004 r2=-20.469 r3=+0.000 policy_loss=+0.00427 value_loss=+0.00027 kl=0.0342 gate_reason='no-op'
update= 657 stage=1 weights=(1.0, 0.0, 0.0) reward=-0.0035 len= 20.83 term=1.000 in_range=0.057 r1=-0.003 r2=-20.511 r3=+0.000 policy_loss=-0.00013 value_loss=+0.00023 kl=0.0179 gate_reason='no-op'
update= 658 stage=1 weights=(1.0, 0.0, 0.0) reward=-0.0033 len= 21.06 term=1.000 in_range=0.058 r1=-0.003 r2=-20.738 r3=+0.000 policy_loss=+0.00020 value_loss=+0.00032 kl=0.0152 gate_reason='no-op'
update= 659 stage=1 weights=(1.0, 0.0, 0.0) reward=-0.0027 len= 21.08 term=1.000 in_range=0.060 r1=-0.003 r2=-20.470 r3=+0.000 policy_loss=+0.00805 value_loss=+0.00030 kl=0.0302 gate_reason='no-op'
update= 660 stage=1 weights=(1.0, 0.0, 0.0) reward=-0.0039 len= 21.19 term=1.000 in_range=0.063 r1=-0.004 r2=-20.087 r3=+0.000 policy_loss=-0.00259 value_loss=+0.00027 kl=0.0165 gate_reason='no-op' | eval_reward=+0.0000 eval_length= 19.94
update= 661 stage=1 weights=(1.0, 0.0, 0.0) reward=-0.0046 len= 21.22 term=1.000 in_range=0.061 r1=-0.005 r2=-20.026 r3=+0.000 policy_loss=-0.00283 value_loss=+0.00028 kl=0.0185 gate_reason='no-op'
update= 662 stage=1 weights=(1.0, 0.0, 0.0) reward=-0.0048 len= 21.20 term=1.000 in_range=0.063 r1=-0.005 r2=-19.883 r3=+0.000 policy_loss=-0.00122 value_loss=+0.00027 kl=0.0258 gate_reason='no-op'
update= 663 stage=1 weights=(1.0, 0.0, 0.0) reward=-0.0043 len= 20.96 term=1.000 in_range=0.066 r1=-0.004 r2=-19.695 r3=+0.000 policy_loss=+0.00234 value_loss=+0.00023 kl=0.0275 gate_reason='no-op'
update= 664 stage=1 weights=(1.0, 0.0, 0.0) reward=-0.0035 len= 20.81 term=1.000 in_range=0.064 r1=-0.003 r2=-19.917 r3=+0.000 policy_loss=-0.00050 value_loss=+0.00018 kl=0.0264 gate_reason='no-op'
update= 665 stage=1 weights=(1.0, 0.0, 0.0) reward=-0.0029 len= 20.25 term=1.000 in_range=0.064 r1=-0.003 r2=-19.517 r3=+0.000 policy_loss=-0.00259 value_loss=+0.00017 kl=0.0189 gate_reason='no-op' | eval_reward=-0.0070 eval_length= 20.50
update= 666 stage=1 weights=(1.0, 0.0, 0.0) reward=-0.0022 len= 20.33 term=1.000 in_range=0.065 r1=-0.002 r2=-19.600 r3=+0.000 policy_loss=-0.00108 value_loss=+0.00012 kl=0.0167 gate_reason='no-op'
update= 667 stage=1 weights=(1.0, 0.0, 0.0) reward=-0.0028 len= 20.51 term=1.000 in_range=0.063 r1=-0.003 r2=-19.802 r3=+0.000 policy_loss=-0.00236 value_loss=+0.00013 kl=0.0222 gate_reason='no-op'
update= 668 stage=1 weights=(1.0, 0.0, 0.0) reward=-0.0025 len= 20.52 term=1.000 in_range=0.062 r1=-0.002 r2=-20.179 r3=+0.000 policy_loss=-0.00105 value_loss=+0.00011 kl=0.0273 gate_reason='no-op'
update= 669 stage=1 weights=(1.0, 0.0, 0.0) reward=-0.0025 len= 20.29 term=1.000 in_range=0.062 r1=-0.002 r2=-19.983 r3=+0.000 policy_loss=+0.00353 value_loss=+0.00011 kl=0.0360 gate_reason='no-op'
update= 670 stage=1 weights=(1.0, 0.0, 0.0) reward=-0.0021 len= 20.47 term=1.000 in_range=0.063 r1=-0.002 r2=-20.005 r3=+0.000 policy_loss=+0.00022 value_loss=+0.00010 kl=0.0307 gate_reason='no-op' | eval_reward=+0.0000 eval_length= 20.06
update= 671 stage=1 weights=(1.0, 0.0, 0.0) reward=-0.0027 len= 20.58 term=1.000 in_range=0.063 r1=-0.003 r2=-19.874 r3=+0.000 policy_loss=+0.00037 value_loss=+0.00013 kl=0.0295 gate_reason='no-op'
update= 672 stage=1 weights=(1.0, 0.0, 0.0) reward=-0.0026 len= 20.48 term=1.000 in_range=0.064 r1=-0.003 r2=-19.698 r3=+0.000 policy_loss=+0.00291 value_loss=+0.00013 kl=0.0275 gate_reason='no-op'
update= 673 stage=1 weights=(1.0, 0.0, 0.0) reward=-0.0025 len= 20.69 term=1.000 in_range=0.065 r1=-0.002 r2=-20.033 r3=+0.000 policy_loss=+0.00443 value_loss=+0.00011 kl=0.0286 gate_reason='no-op'
update= 674 stage=1 weights=(1.0, 0.0, 0.0) reward=-0.0035 len= 20.91 term=1.000 in_range=0.061 r1=-0.003 r2=-20.064 r3=+0.000 policy_loss=+0.00318 value_loss=+0.00018 kl=0.0298 gate_reason='no-op'
update= 675 stage=1 weights=(1.0, 0.0, 0.0) reward=-0.0022 len= 20.50 term=1.000 in_range=0.062 r1=-0.002 r2=-20.000 r3=+0.000 policy_loss=+0.00997 value_loss=+0.00012 kl=0.0444 gate_reason='no-op' | eval_reward=+0.0000 eval_length= 22.62
update= 676 stage=1 weights=(1.0, 0.0, 0.0) reward=-0.0021 len= 19.93 term=1.000 in_range=0.066 r1=-0.002 r2=-19.449 r3=+0.000 policy_loss=+0.00073 value_loss=+0.00011 kl=0.0291 gate_reason='no-op'
update= 677 stage=1 weights=(1.0, 0.0, 0.0) reward=-0.0026 len= 19.90 term=1.000 in_range=0.065 r1=-0.003 r2=-19.538 r3=+0.000 policy_loss=+0.00050 value_loss=+0.00017 kl=0.0333 gate_reason='no-op'
Process SpawnPoolWorker-27:
Traceback (most recent call last):
  File "/usr/lib/python3.10/multiprocessing/pool.py", line 131, in worker
    put((job, i, result))
  File "/usr/lib/python3.10/multiprocessing/queues.py", line 377, in put
    self._writer.send_bytes(obj)
  File "/usr/lib/python3.10/multiprocessing/connection.py", line 200, in send_bytes
    self._send_bytes(m[offset:offset + size])
  File "/usr/lib/python3.10/multiprocessing/connection.py", line 404, in _send_bytes
    self._send(header)
  File "/usr/lib/python3.10/multiprocessing/connection.py", line 368, in _send
    n = write(self._handle, buf)
BrokenPipeError: [Errno 32] Broken pipe

During handling of the above exception, another exception occurred:

Traceback (most recent call last):
  File "/usr/lib/python3.10/multiprocessing/process.py", line 314, in _bootstrap
    self.run()
  File "/usr/lib/python3.10/multiprocessing/process.py", line 108, in run
    self._target(*self._args, **self._kwargs)
  File "/usr/lib/python3.10/multiprocessing/pool.py", line 136, in worker
    put((job, i, (False, wrapped)))
  File "/usr/lib/python3.10/multiprocessing/queues.py", line 377, in put
    self._writer.send_bytes(obj)
  File "/usr/lib/python3.10/multiprocessing/connection.py", line 200, in send_bytes
    self._send_bytes(m[offset:offset + size])
  File "/usr/lib/python3.10/multiprocessing/connection.py", line 404, in _send_bytes
    self._send(header)
  File "/usr/lib/python3.10/multiprocessing/connection.py", line 368, in _send
    n = write(self._handle, buf)
BrokenPipeError: [Errno 32] Broken pipe
Process SpawnPoolWorker-12:
Traceback (most recent call last):
  File "/usr/lib/python3.10/multiprocessing/pool.py", line 131, in worker
    put((job, i, result))
  File "/usr/lib/python3.10/multiprocessing/queues.py", line 377, in put
    self._writer.send_bytes(obj)
  File "/usr/lib/python3.10/multiprocessing/connection.py", line 200, in send_bytes
    self._send_bytes(m[offset:offset + size])
  File "/usr/lib/python3.10/multiprocessing/connection.py", line 404, in _send_bytes
    self._send(header)
  File "/usr/lib/python3.10/multiprocessing/connection.py", line 368, in _send
    n = write(self._handle, buf)
BrokenPipeError: [Errno 32] Broken pipe

During handling of the above exception, another exception occurred:

Traceback (most recent call last):
  File "/usr/lib/python3.10/multiprocessing/process.py", line 314, in _bootstrap
    self.run()
  File "/usr/lib/python3.10/multiprocessing/process.py", line 108, in run
    self._target(*self._args, **self._kwargs)
  File "/usr/lib/python3.10/multiprocessing/pool.py", line 136, in worker
    put((job, i, (False, wrapped)))
  File "/usr/lib/python3.10/multiprocessing/queues.py", line 377, in put
    self._writer.send_bytes(obj)
  File "/usr/lib/python3.10/multiprocessing/connection.py", line 200, in send_bytes
    self._send_bytes(m[offset:offset + size])
  File "/usr/lib/python3.10/multiprocessing/connection.py", line 404, in _send_bytes
    self._send(header)
  File "/usr/lib/python3.10/multiprocessing/connection.py", line 368, in _send
    n = write(self._handle, buf)
BrokenPipeError: [Errno 32] Broken pipe
Process SpawnPoolWorker-55:
Traceback (most recent call last):
  File "/usr/lib/python3.10/multiprocessing/pool.py", line 131, in worker
    put((job, i, result))
  File "/usr/lib/python3.10/multiprocessing/queues.py", line 377, in put
    self._writer.send_bytes(obj)
  File "/usr/lib/python3.10/multiprocessing/connection.py", line 200, in send_bytes
    self._send_bytes(m[offset:offset + size])
  File "/usr/lib/python3.10/multiprocessing/connection.py", line 404, in _send_bytes
    self._send(header)
  File "/usr/lib/python3.10/multiprocessing/connection.py", line 368, in _send
    n = write(self._handle, buf)
BrokenPipeError: [Errno 32] Broken pipe

During handling of the above exception, another exception occurred:

Traceback (most recent call last):
  File "/usr/lib/python3.10/multiprocessing/process.py", line 314, in _bootstrap
    self.run()
  File "/usr/lib/python3.10/multiprocessing/process.py", line 108, in run
    self._target(*self._args, **self._kwargs)
  File "/usr/lib/python3.10/multiprocessing/pool.py", line 136, in worker
    put((job, i, (False, wrapped)))
  File "/usr/lib/python3.10/multiprocessing/queues.py", line 377, in put
    self._writer.send_bytes(obj)
  File "/usr/lib/python3.10/multiprocessing/connection.py", line 200, in send_bytes
    self._send_bytes(m[offset:offset + size])
  File "/usr/lib/python3.10/multiprocessing/connection.py", line 404, in _send_bytes
    self._send(header)
  File "/usr/lib/python3.10/multiprocessing/connection.py", line 368, in _send
    n = write(self._handle, buf)
BrokenPipeError: [Errno 32] Broken pipe
Process SpawnPoolWorker-1:
Traceback (most recent call last):
  File "/usr/lib/python3.10/multiprocessing/pool.py", line 131, in worker
    put((job, i, result))
  File "/usr/lib/python3.10/multiprocessing/queues.py", line 377, in put
    self._writer.send_bytes(obj)
  File "/usr/lib/python3.10/multiprocessing/connection.py", line 200, in send_bytes
    self._send_bytes(m[offset:offset + size])
  File "/usr/lib/python3.10/multiprocessing/connection.py", line 404, in _send_bytes
    self._send(header)
  File "/usr/lib/python3.10/multiprocessing/connection.py", line 368, in _send
    n = write(self._handle, buf)
BrokenPipeError: [Errno 32] Broken pipe

During handling of the above exception, another exception occurred:

Traceback (most recent call last):
  File "/usr/lib/python3.10/multiprocessing/process.py", line 314, in _bootstrap
    self.run()
  File "/usr/lib/python3.10/multiprocessing/process.py", line 108, in run
    self._target(*self._args, **self._kwargs)
  File "/usr/lib/python3.10/multiprocessing/pool.py", line 136, in worker
    put((job, i, (False, wrapped)))
  File "/usr/lib/python3.10/multiprocessing/queues.py", line 377, in put
    self._writer.send_bytes(obj)
  File "/usr/lib/python3.10/multiprocessing/connection.py", line 200, in send_bytes
    self._send_bytes(m[offset:offset + size])
  File "/usr/lib/python3.10/multiprocessing/connection.py", line 404, in _send_bytes
    self._send(header)
  File "/usr/lib/python3.10/multiprocessing/connection.py", line 368, in _send
    n = write(self._handle, buf)
BrokenPipeError: [Errno 32] Broken pipe
Process SpawnPoolWorker-14:
Traceback (most recent call last):
  File "/usr/lib/python3.10/multiprocessing/pool.py", line 131, in worker
    put((job, i, result))
  File "/usr/lib/python3.10/multiprocessing/queues.py", line 377, in put
    self._writer.send_bytes(obj)
  File "/usr/lib/python3.10/multiprocessing/connection.py", line 200, in send_bytes
    self._send_bytes(m[offset:offset + size])
  File "/usr/lib/python3.10/multiprocessing/connection.py", line 404, in _send_bytes
    self._send(header)
  File "/usr/lib/python3.10/multiprocessing/connection.py", line 368, in _send
    n = write(self._handle, buf)
BrokenPipeError: [Errno 32] Broken pipe

During handling of the above exception, another exception occurred:

Traceback (most recent call last):
  File "/usr/lib/python3.10/multiprocessing/process.py", line 314, in _bootstrap
    self.run()
  File "/usr/lib/python3.10/multiprocessing/process.py", line 108, in run
    self._target(*self._args, **self._kwargs)
  File "/usr/lib/python3.10/multiprocessing/pool.py", line 136, in worker
    put((job, i, (False, wrapped)))
  File "/usr/lib/python3.10/multiprocessing/queues.py", line 377, in put
    self._writer.send_bytes(obj)
  File "/usr/lib/python3.10/multiprocessing/connection.py", line 200, in send_bytes
    self._send_bytes(m[offset:offset + size])
  File "/usr/lib/python3.10/multiprocessing/connection.py", line 404, in _send_bytes
    self._send(header)
  File "/usr/lib/python3.10/multiprocessing/connection.py", line 368, in _send
    n = write(self._handle, buf)
BrokenPipeError: [Errno 32] Broken pipe
Process SpawnPoolWorker-40:
Traceback (most recent call last):
  File "/usr/lib/python3.10/multiprocessing/pool.py", line 131, in worker
    put((job, i, result))
  File "/usr/lib/python3.10/multiprocessing/queues.py", line 377, in put
    self._writer.send_bytes(obj)
  File "/usr/lib/python3.10/multiprocessing/connection.py", line 200, in send_bytes
    self._send_bytes(m[offset:offset + size])
  File "/usr/lib/python3.10/multiprocessing/connection.py", line 404, in _send_bytes
    self._send(header)
  File "/usr/lib/python3.10/multiprocessing/connection.py", line 368, in _send
    n = write(self._handle, buf)
BrokenPipeError: [Errno 32] Broken pipe

During handling of the above exception, another exception occurred:

Traceback (most recent call last):
  File "/usr/lib/python3.10/multiprocessing/process.py", line 314, in _bootstrap
    self.run()
  File "/usr/lib/python3.10/multiprocessing/process.py", line 108, in run
    self._target(*self._args, **self._kwargs)
  File "/usr/lib/python3.10/multiprocessing/pool.py", line 136, in worker
    put((job, i, (False, wrapped)))
  File "/usr/lib/python3.10/multiprocessing/queues.py", line 377, in put
    self._writer.send_bytes(obj)
  File "/usr/lib/python3.10/multiprocessing/connection.py", line 200, in send_bytes
    self._send_bytes(m[offset:offset + size])
  File "/usr/lib/python3.10/multiprocessing/connection.py", line 404, in _send_bytes
    self._send(header)
  File "/usr/lib/python3.10/multiprocessing/connection.py", line 368, in _send
    n = write(self._handle, buf)
BrokenPipeError: [Errno 32] Broken pipe
Process SpawnPoolWorker-9:
Traceback (most recent call last):
  File "/usr/lib/python3.10/multiprocessing/pool.py", line 131, in worker
    put((job, i, result))
  File "/usr/lib/python3.10/multiprocessing/queues.py", line 377, in put
    self._writer.send_bytes(obj)
  File "/usr/lib/python3.10/multiprocessing/connection.py", line 200, in send_bytes
    self._send_bytes(m[offset:offset + size])
  File "/usr/lib/python3.10/multiprocessing/connection.py", line 404, in _send_bytes
    self._send(header)
  File "/usr/lib/python3.10/multiprocessing/connection.py", line 368, in _send
    n = write(self._handle, buf)
BrokenPipeError: [Errno 32] Broken pipe

During handling of the above exception, another exception occurred:

Traceback (most recent call last):
  File "/usr/lib/python3.10/multiprocessing/process.py", line 314, in _bootstrap
    self.run()
  File "/usr/lib/python3.10/multiprocessing/process.py", line 108, in run
    self._target(*self._args, **self._kwargs)
  File "/usr/lib/python3.10/multiprocessing/pool.py", line 136, in worker
    put((job, i, (False, wrapped)))
  File "/usr/lib/python3.10/multiprocessing/queues.py", line 377, in put
    self._writer.send_bytes(obj)
  File "/usr/lib/python3.10/multiprocessing/connection.py", line 200, in send_bytes
    self._send_bytes(m[offset:offset + size])
  File "/usr/lib/python3.10/multiprocessing/connection.py", line 404, in _send_bytes
    self._send(header)
  File "/usr/lib/python3.10/multiprocessing/connection.py", line 368, in _send
    n = write(self._handle, buf)
BrokenPipeError: [Errno 32] Broken pipe
Process SpawnPoolWorker-58:
Traceback (most recent call last):
  File "/usr/lib/python3.10/multiprocessing/pool.py", line 131, in worker
    put((job, i, result))
  File "/usr/lib/python3.10/multiprocessing/queues.py", line 377, in put
    self._writer.send_bytes(obj)
  File "/usr/lib/python3.10/multiprocessing/connection.py", line 200, in send_bytes
    self._send_bytes(m[offset:offset + size])
  File "/usr/lib/python3.10/multiprocessing/connection.py", line 404, in _send_bytes
    self._send(header)
  File "/usr/lib/python3.10/multiprocessing/connection.py", line 368, in _send
    n = write(self._handle, buf)
BrokenPipeError: [Errno 32] Broken pipe

During handling of the above exception, another exception occurred:

Traceback (most recent call last):
  File "/usr/lib/python3.10/multiprocessing/process.py", line 314, in _bootstrap
    self.run()
  File "/usr/lib/python3.10/multiprocessing/process.py", line 108, in run
    self._target(*self._args, **self._kwargs)
  File "/usr/lib/python3.10/multiprocessing/pool.py", line 136, in worker
    put((job, i, (False, wrapped)))
  File "/usr/lib/python3.10/multiprocessing/queues.py", line 377, in put
    self._writer.send_bytes(obj)
  File "/usr/lib/python3.10/multiprocessing/connection.py", line 200, in send_bytes
    self._send_bytes(m[offset:offset + size])
  File "/usr/lib/python3.10/multiprocessing/connection.py", line 404, in _send_bytes
    self._send(header)
  File "/usr/lib/python3.10/multiprocessing/connection.py", line 368, in _send
    n = write(self._handle, buf)
BrokenPipeError: [Errno 32] Broken pipe
Process SpawnPoolWorker-8:
Traceback (most recent call last):
  File "/usr/lib/python3.10/multiprocessing/pool.py", line 131, in worker
    put((job, i, result))
  File "/usr/lib/python3.10/multiprocessing/queues.py", line 377, in put
    self._writer.send_bytes(obj)
  File "/usr/lib/python3.10/multiprocessing/connection.py", line 200, in send_bytes
    self._send_bytes(m[offset:offset + size])
  File "/usr/lib/python3.10/multiprocessing/connection.py", line 404, in _send_bytes
    self._send(header)
  File "/usr/lib/python3.10/multiprocessing/connection.py", line 368, in _send
    n = write(self._handle, buf)
BrokenPipeError: [Errno 32] Broken pipe

During handling of the above exception, another exception occurred:

Traceback (most recent call last):
  File "/usr/lib/python3.10/multiprocessing/process.py", line 314, in _bootstrap
    self.run()
  File "/usr/lib/python3.10/multiprocessing/process.py", line 108, in run
    self._target(*self._args, **self._kwargs)
  File "/usr/lib/python3.10/multiprocessing/pool.py", line 136, in worker
    put((job, i, (False, wrapped)))
  File "/usr/lib/python3.10/multiprocessing/queues.py", line 377, in put
    self._writer.send_bytes(obj)
  File "/usr/lib/python3.10/multiprocessing/connection.py", line 200, in send_bytes
    self._send_bytes(m[offset:offset + size])
  File "/usr/lib/python3.10/multiprocessing/connection.py", line 404, in _send_bytes
    self._send(header)
  File "/usr/lib/python3.10/multiprocessing/connection.py", line 368, in _send
    n = write(self._handle, buf)
BrokenPipeError: [Errno 32] Broken pipe
Process SpawnPoolWorker-11:
Traceback (most recent call last):
  File "/usr/lib/python3.10/multiprocessing/pool.py", line 131, in worker
    put((job, i, result))
  File "/usr/lib/python3.10/multiprocessing/queues.py", line 377, in put
    self._writer.send_bytes(obj)
  File "/usr/lib/python3.10/multiprocessing/connection.py", line 200, in send_bytes
    self._send_bytes(m[offset:offset + size])
  File "/usr/lib/python3.10/multiprocessing/connection.py", line 404, in _send_bytes
    self._send(header)
  File "/usr/lib/python3.10/multiprocessing/connection.py", line 368, in _send
    n = write(self._handle, buf)
BrokenPipeError: [Errno 32] Broken pipe

During handling of the above exception, another exception occurred:

Traceback (most recent call last):
  File "/usr/lib/python3.10/multiprocessing/process.py", line 314, in _bootstrap
    self.run()
  File "/usr/lib/python3.10/multiprocessing/process.py", line 108, in run
    self._target(*self._args, **self._kwargs)
  File "/usr/lib/python3.10/multiprocessing/pool.py", line 136, in worker
    put((job, i, (False, wrapped)))
  File "/usr/lib/python3.10/multiprocessing/queues.py", line 377, in put
    self._writer.send_bytes(obj)
  File "/usr/lib/python3.10/multiprocessing/connection.py", line 200, in send_bytes
    self._send_bytes(m[offset:offset + size])
  File "/usr/lib/python3.10/multiprocessing/connection.py", line 404, in _send_bytes
    self._send(header)
  File "/usr/lib/python3.10/multiprocessing/connection.py", line 368, in _send
    n = write(self._handle, buf)
BrokenPipeError: [Errno 32] Broken pipe
Process SpawnPoolWorker-46:
Process SpawnPoolWorker-18:
Traceback (most recent call last):
  File "/usr/lib/python3.10/multiprocessing/pool.py", line 131, in worker
    put((job, i, result))
  File "/usr/lib/python3.10/multiprocessing/queues.py", line 377, in put
    self._writer.send_bytes(obj)
  File "/usr/lib/python3.10/multiprocessing/connection.py", line 200, in send_bytes
    self._send_bytes(m[offset:offset + size])
  File "/usr/lib/python3.10/multiprocessing/connection.py", line 404, in _send_bytes
    self._send(header)
  File "/usr/lib/python3.10/multiprocessing/connection.py", line 368, in _send
    n = write(self._handle, buf)
BrokenPipeError: [Errno 32] Broken pipe

During handling of the above exception, another exception occurred:

Traceback (most recent call last):
  File "/usr/lib/python3.10/multiprocessing/pool.py", line 131, in worker
    put((job, i, result))
  File "/usr/lib/python3.10/multiprocessing/queues.py", line 377, in put
    self._writer.send_bytes(obj)
  File "/usr/lib/python3.10/multiprocessing/connection.py", line 200, in send_bytes
    self._send_bytes(m[offset:offset + size])
  File "/usr/lib/python3.10/multiprocessing/connection.py", line 404, in _send_bytes
    self._send(header)
  File "/usr/lib/python3.10/multiprocessing/connection.py", line 368, in _send
    n = write(self._handle, buf)
BrokenPipeError: [Errno 32] Broken pipe

During handling of the above exception, another exception occurred:

Traceback (most recent call last):
  File "/usr/lib/python3.10/multiprocessing/process.py", line 314, in _bootstrap
    self.run()
  File "/usr/lib/python3.10/multiprocessing/process.py", line 108, in run
    self._target(*self._args, **self._kwargs)
  File "/usr/lib/python3.10/multiprocessing/pool.py", line 136, in worker
    put((job, i, (False, wrapped)))
  File "/usr/lib/python3.10/multiprocessing/queues.py", line 377, in put
    self._writer.send_bytes(obj)
  File "/usr/lib/python3.10/multiprocessing/connection.py", line 200, in send_bytes
    self._send_bytes(m[offset:offset + size])
  File "/usr/lib/python3.10/multiprocessing/connection.py", line 404, in _send_bytes
    self._send(header)
  File "/usr/lib/python3.10/multiprocessing/connection.py", line 368, in _send
    n = write(self._handle, buf)
BrokenPipeError: [Errno 32] Broken pipe
Traceback (most recent call last):
  File "/usr/lib/python3.10/multiprocessing/process.py", line 314, in _bootstrap
    self.run()
  File "/usr/lib/python3.10/multiprocessing/process.py", line 108, in run
    self._target(*self._args, **self._kwargs)
  File "/usr/lib/python3.10/multiprocessing/pool.py", line 136, in worker
    put((job, i, (False, wrapped)))
  File "/usr/lib/python3.10/multiprocessing/queues.py", line 377, in put
    self._writer.send_bytes(obj)
  File "/usr/lib/python3.10/multiprocessing/connection.py", line 200, in send_bytes
    self._send_bytes(m[offset:offset + size])
  File "/usr/lib/python3.10/multiprocessing/connection.py", line 404, in _send_bytes
    self._send(header)
  File "/usr/lib/python3.10/multiprocessing/connection.py", line 368, in _send
    n = write(self._handle, buf)
BrokenPipeError: [Errno 32] Broken pipe
Process SpawnPoolWorker-41:
Traceback (most recent call last):
  File "/usr/lib/python3.10/multiprocessing/pool.py", line 131, in worker
    put((job, i, result))
  File "/usr/lib/python3.10/multiprocessing/queues.py", line 377, in put
    self._writer.send_bytes(obj)
  File "/usr/lib/python3.10/multiprocessing/connection.py", line 200, in send_bytes
    self._send_bytes(m[offset:offset + size])
  File "/usr/lib/python3.10/multiprocessing/connection.py", line 404, in _send_bytes
    self._send(header)
  File "/usr/lib/python3.10/multiprocessing/connection.py", line 368, in _send
    n = write(self._handle, buf)
BrokenPipeError: [Errno 32] Broken pipe

During handling of the above exception, another exception occurred:

Traceback (most recent call last):
  File "/usr/lib/python3.10/multiprocessing/process.py", line 314, in _bootstrap
    self.run()
  File "/usr/lib/python3.10/multiprocessing/process.py", line 108, in run
    self._target(*self._args, **self._kwargs)
  File "/usr/lib/python3.10/multiprocessing/pool.py", line 136, in worker
    put((job, i, (False, wrapped)))
  File "/usr/lib/python3.10/multiprocessing/queues.py", line 377, in put
    self._writer.send_bytes(obj)
  File "/usr/lib/python3.10/multiprocessing/connection.py", line 200, in send_bytes
    self._send_bytes(m[offset:offset + size])
  File "/usr/lib/python3.10/multiprocessing/connection.py", line 404, in _send_bytes
    self._send(header)
  File "/usr/lib/python3.10/multiprocessing/connection.py", line 368, in _send
    n = write(self._handle, buf)
BrokenPipeError: [Errno 32] Broken pipe
Process SpawnPoolWorker-35:
Traceback (most recent call last):
  File "/usr/lib/python3.10/multiprocessing/pool.py", line 131, in worker
    put((job, i, result))
  File "/usr/lib/python3.10/multiprocessing/queues.py", line 377, in put
    self._writer.send_bytes(obj)
  File "/usr/lib/python3.10/multiprocessing/connection.py", line 200, in send_bytes
    self._send_bytes(m[offset:offset + size])
  File "/usr/lib/python3.10/multiprocessing/connection.py", line 404, in _send_bytes
    self._send(header)
  File "/usr/lib/python3.10/multiprocessing/connection.py", line 368, in _send
    n = write(self._handle, buf)
BrokenPipeError: [Errno 32] Broken pipe

During handling of the above exception, another exception occurred:

Traceback (most recent call last):
  File "/usr/lib/python3.10/multiprocessing/process.py", line 314, in _bootstrap
    self.run()
  File "/usr/lib/python3.10/multiprocessing/process.py", line 108, in run
    self._target(*self._args, **self._kwargs)
  File "/usr/lib/python3.10/multiprocessing/pool.py", line 136, in worker
    put((job, i, (False, wrapped)))
  File "/usr/lib/python3.10/multiprocessing/queues.py", line 377, in put
    self._writer.send_bytes(obj)
  File "/usr/lib/python3.10/multiprocessing/connection.py", line 200, in send_bytes
    self._send_bytes(m[offset:offset + size])
  File "/usr/lib/python3.10/multiprocessing/connection.py", line 404, in _send_bytes
    self._send(header)
  File "/usr/lib/python3.10/multiprocessing/connection.py", line 368, in _send
    n = write(self._handle, buf)
BrokenPipeError: [Errno 32] Broken pipe
Process SpawnPoolWorker-42:
Traceback (most recent call last):
  File "/usr/lib/python3.10/multiprocessing/pool.py", line 131, in worker
    put((job, i, result))
  File "/usr/lib/python3.10/multiprocessing/queues.py", line 377, in put
    self._writer.send_bytes(obj)
  File "/usr/lib/python3.10/multiprocessing/connection.py", line 200, in send_bytes
    self._send_bytes(m[offset:offset + size])
  File "/usr/lib/python3.10/multiprocessing/connection.py", line 404, in _send_bytes
    self._send(header)
  File "/usr/lib/python3.10/multiprocessing/connection.py", line 368, in _send
    n = write(self._handle, buf)
BrokenPipeError: [Errno 32] Broken pipe

During handling of the above exception, another exception occurred:

Traceback (most recent call last):
  File "/usr/lib/python3.10/multiprocessing/process.py", line 314, in _bootstrap
    self.run()
  File "/usr/lib/python3.10/multiprocessing/process.py", line 108, in run
    self._target(*self._args, **self._kwargs)
  File "/usr/lib/python3.10/multiprocessing/pool.py", line 136, in worker
    put((job, i, (False, wrapped)))
  File "/usr/lib/python3.10/multiprocessing/queues.py", line 377, in put
    self._writer.send_bytes(obj)
  File "/usr/lib/python3.10/multiprocessing/connection.py", line 200, in send_bytes
    self._send_bytes(m[offset:offset + size])
  File "/usr/lib/python3.10/multiprocessing/connection.py", line 404, in _send_bytes
    self._send(header)
  File "/usr/lib/python3.10/multiprocessing/connection.py", line 368, in _send
    n = write(self._handle, buf)
BrokenPipeError: [Errno 32] Broken pipe
Process SpawnPoolWorker-23:
Traceback (most recent call last):
  File "/usr/lib/python3.10/multiprocessing/pool.py", line 131, in worker
    put((job, i, result))
  File "/usr/lib/python3.10/multiprocessing/queues.py", line 377, in put
    self._writer.send_bytes(obj)
  File "/usr/lib/python3.10/multiprocessing/connection.py", line 200, in send_bytes
    self._send_bytes(m[offset:offset + size])
  File "/usr/lib/python3.10/multiprocessing/connection.py", line 404, in _send_bytes
    self._send(header)
  File "/usr/lib/python3.10/multiprocessing/connection.py", line 368, in _send
    n = write(self._handle, buf)
BrokenPipeError: [Errno 32] Broken pipe

During handling of the above exception, another exception occurred:

Traceback (most recent call last):
  File "/usr/lib/python3.10/multiprocessing/process.py", line 314, in _bootstrap
    self.run()
  File "/usr/lib/python3.10/multiprocessing/process.py", line 108, in run
    self._target(*self._args, **self._kwargs)
  File "/usr/lib/python3.10/multiprocessing/pool.py", line 136, in worker
    put((job, i, (False, wrapped)))
  File "/usr/lib/python3.10/multiprocessing/queues.py", line 377, in put
    self._writer.send_bytes(obj)
  File "/usr/lib/python3.10/multiprocessing/connection.py", line 200, in send_bytes
    self._send_bytes(m[offset:offset + size])
  File "/usr/lib/python3.10/multiprocessing/connection.py", line 404, in _send_bytes
    self._send(header)
  File "/usr/lib/python3.10/multiprocessing/connection.py", line 368, in _send
    n = write(self._handle, buf)
BrokenPipeError: [Errno 32] Broken pipe
Process SpawnPoolWorker-56:
Traceback (most recent call last):
  File "/usr/lib/python3.10/multiprocessing/pool.py", line 131, in worker
    put((job, i, result))
  File "/usr/lib/python3.10/multiprocessing/queues.py", line 377, in put
    self._writer.send_bytes(obj)
  File "/usr/lib/python3.10/multiprocessing/connection.py", line 200, in send_bytes
    self._send_bytes(m[offset:offset + size])
  File "/usr/lib/python3.10/multiprocessing/connection.py", line 404, in _send_bytes
    self._send(header)
  File "/usr/lib/python3.10/multiprocessing/connection.py", line 368, in _send
    n = write(self._handle, buf)
BrokenPipeError: [Errno 32] Broken pipe

During handling of the above exception, another exception occurred:

Traceback (most recent call last):
  File "/usr/lib/python3.10/multiprocessing/process.py", line 314, in _bootstrap
    self.run()
  File "/usr/lib/python3.10/multiprocessing/process.py", line 108, in run
    self._target(*self._args, **self._kwargs)
  File "/usr/lib/python3.10/multiprocessing/pool.py", line 136, in worker
    put((job, i, (False, wrapped)))
  File "/usr/lib/python3.10/multiprocessing/queues.py", line 377, in put
    self._writer.send_bytes(obj)
  File "/usr/lib/python3.10/multiprocessing/connection.py", line 200, in send_bytes
    self._send_bytes(m[offset:offset + size])
  File "/usr/lib/python3.10/multiprocessing/connection.py", line 404, in _send_bytes
    self._send(header)
  File "/usr/lib/python3.10/multiprocessing/connection.py", line 368, in _send
    n = write(self._handle, buf)
BrokenPipeError: [Errno 32] Broken pipe
Process SpawnPoolWorker-15:
Traceback (most recent call last):
  File "/usr/lib/python3.10/multiprocessing/pool.py", line 131, in worker
    put((job, i, result))
  File "/usr/lib/python3.10/multiprocessing/queues.py", line 377, in put
    self._writer.send_bytes(obj)
  File "/usr/lib/python3.10/multiprocessing/connection.py", line 200, in send_bytes
    self._send_bytes(m[offset:offset + size])
  File "/usr/lib/python3.10/multiprocessing/connection.py", line 404, in _send_bytes
    self._send(header)
  File "/usr/lib/python3.10/multiprocessing/connection.py", line 368, in _send
    n = write(self._handle, buf)
BrokenPipeError: [Errno 32] Broken pipe

During handling of the above exception, another exception occurred:

Traceback (most recent call last):
  File "/usr/lib/python3.10/multiprocessing/process.py", line 314, in _bootstrap
    self.run()
  File "/usr/lib/python3.10/multiprocessing/process.py", line 108, in run
    self._target(*self._args, **self._kwargs)
  File "/usr/lib/python3.10/multiprocessing/pool.py", line 136, in worker
    put((job, i, (False, wrapped)))
  File "/usr/lib/python3.10/multiprocessing/queues.py", line 377, in put
    self._writer.send_bytes(obj)
  File "/usr/lib/python3.10/multiprocessing/connection.py", line 200, in send_bytes
    self._send_bytes(m[offset:offset + size])
  File "/usr/lib/python3.10/multiprocessing/connection.py", line 404, in _send_bytes
    self._send(header)
  File "/usr/lib/python3.10/multiprocessing/connection.py", line 368, in _send
    n = write(self._handle, buf)
BrokenPipeError: [Errno 32] Broken pipe
Process SpawnPoolWorker-63:
Traceback (most recent call last):
  File "/usr/lib/python3.10/multiprocessing/pool.py", line 131, in worker
    put((job, i, result))
  File "/usr/lib/python3.10/multiprocessing/queues.py", line 377, in put
    self._writer.send_bytes(obj)
  File "/usr/lib/python3.10/multiprocessing/connection.py", line 200, in send_bytes
    self._send_bytes(m[offset:offset + size])
  File "/usr/lib/python3.10/multiprocessing/connection.py", line 404, in _send_bytes
    self._send(header)
  File "/usr/lib/python3.10/multiprocessing/connection.py", line 368, in _send
    n = write(self._handle, buf)
BrokenPipeError: [Errno 32] Broken pipe

During handling of the above exception, another exception occurred:

Traceback (most recent call last):
  File "/usr/lib/python3.10/multiprocessing/process.py", line 314, in _bootstrap
    self.run()
  File "/usr/lib/python3.10/multiprocessing/process.py", line 108, in run
    self._target(*self._args, **self._kwargs)
  File "/usr/lib/python3.10/multiprocessing/pool.py", line 136, in worker
    put((job, i, (False, wrapped)))
  File "/usr/lib/python3.10/multiprocessing/queues.py", line 377, in put
    self._writer.send_bytes(obj)
  File "/usr/lib/python3.10/multiprocessing/connection.py", line 200, in send_bytes
    self._send_bytes(m[offset:offset + size])
  File "/usr/lib/python3.10/multiprocessing/connection.py", line 404, in _send_bytes
    self._send(header)
  File "/usr/lib/python3.10/multiprocessing/connection.py", line 368, in _send
    n = write(self._handle, buf)
BrokenPipeError: [Errno 32] Broken pipe
Process SpawnPoolWorker-19:
Traceback (most recent call last):
  File "/usr/lib/python3.10/multiprocessing/pool.py", line 131, in worker
    put((job, i, result))
  File "/usr/lib/python3.10/multiprocessing/queues.py", line 377, in put
    self._writer.send_bytes(obj)
  File "/usr/lib/python3.10/multiprocessing/connection.py", line 200, in send_bytes
    self._send_bytes(m[offset:offset + size])
  File "/usr/lib/python3.10/multiprocessing/connection.py", line 404, in _send_bytes
    self._send(header)
  File "/usr/lib/python3.10/multiprocessing/connection.py", line 368, in _send
    n = write(self._handle, buf)
BrokenPipeError: [Errno 32] Broken pipe

During handling of the above exception, another exception occurred:

Traceback (most recent call last):
  File "/usr/lib/python3.10/multiprocessing/process.py", line 314, in _bootstrap
    self.run()
  File "/usr/lib/python3.10/multiprocessing/process.py", line 108, in run
    self._target(*self._args, **self._kwargs)
  File "/usr/lib/python3.10/multiprocessing/pool.py", line 136, in worker
    put((job, i, (False, wrapped)))
  File "/usr/lib/python3.10/multiprocessing/queues.py", line 377, in put
    self._writer.send_bytes(obj)
  File "/usr/lib/python3.10/multiprocessing/connection.py", line 200, in send_bytes
    self._send_bytes(m[offset:offset + size])
  File "/usr/lib/python3.10/multiprocessing/connection.py", line 404, in _send_bytes
    self._send(header)
  File "/usr/lib/python3.10/multiprocessing/connection.py", line 368, in _send
    n = write(self._handle, buf)
BrokenPipeError: [Errno 32] Broken pipe
Process SpawnPoolWorker-62:
Traceback (most recent call last):
  File "/usr/lib/python3.10/multiprocessing/pool.py", line 131, in worker
    put((job, i, result))
  File "/usr/lib/python3.10/multiprocessing/queues.py", line 377, in put
    self._writer.send_bytes(obj)
  File "/usr/lib/python3.10/multiprocessing/connection.py", line 200, in send_bytes
    self._send_bytes(m[offset:offset + size])
  File "/usr/lib/python3.10/multiprocessing/connection.py", line 404, in _send_bytes
    self._send(header)
  File "/usr/lib/python3.10/multiprocessing/connection.py", line 368, in _send
    n = write(self._handle, buf)
BrokenPipeError: [Errno 32] Broken pipe

During handling of the above exception, another exception occurred:

Traceback (most recent call last):
  File "/usr/lib/python3.10/multiprocessing/process.py", line 314, in _bootstrap
    self.run()
  File "/usr/lib/python3.10/multiprocessing/process.py", line 108, in run
    self._target(*self._args, **self._kwargs)
  File "/usr/lib/python3.10/multiprocessing/pool.py", line 136, in worker
    put((job, i, (False, wrapped)))
  File "/usr/lib/python3.10/multiprocessing/queues.py", line 377, in put
    self._writer.send_bytes(obj)
  File "/usr/lib/python3.10/multiprocessing/connection.py", line 200, in send_bytes
    self._send_bytes(m[offset:offset + size])
  File "/usr/lib/python3.10/multiprocessing/connection.py", line 404, in _send_bytes
    self._send(header)
  File "/usr/lib/python3.10/multiprocessing/connection.py", line 368, in _send
    n = write(self._handle, buf)
BrokenPipeError: [Errno 32] Broken pipe
Process SpawnPoolWorker-38:
Traceback (most recent call last):
  File "/usr/lib/python3.10/multiprocessing/pool.py", line 131, in worker
    put((job, i, result))
  File "/usr/lib/python3.10/multiprocessing/queues.py", line 377, in put
    self._writer.send_bytes(obj)
  File "/usr/lib/python3.10/multiprocessing/connection.py", line 200, in send_bytes
    self._send_bytes(m[offset:offset + size])
  File "/usr/lib/python3.10/multiprocessing/connection.py", line 404, in _send_bytes
    self._send(header)
  File "/usr/lib/python3.10/multiprocessing/connection.py", line 368, in _send
    n = write(self._handle, buf)
BrokenPipeError: [Errno 32] Broken pipe

During handling of the above exception, another exception occurred:

Traceback (most recent call last):
  File "/usr/lib/python3.10/multiprocessing/process.py", line 314, in _bootstrap
    self.run()
  File "/usr/lib/python3.10/multiprocessing/process.py", line 108, in run
    self._target(*self._args, **self._kwargs)
  File "/usr/lib/python3.10/multiprocessing/pool.py", line 136, in worker
    put((job, i, (False, wrapped)))
  File "/usr/lib/python3.10/multiprocessing/queues.py", line 377, in put
    self._writer.send_bytes(obj)
  File "/usr/lib/python3.10/multiprocessing/connection.py", line 200, in send_bytes
    self._send_bytes(m[offset:offset + size])
  File "/usr/lib/python3.10/multiprocessing/connection.py", line 404, in _send_bytes
    self._send(header)
  File "/usr/lib/python3.10/multiprocessing/connection.py", line 368, in _send
    n = write(self._handle, buf)
BrokenPipeError: [Errno 32] Broken pipe
Process SpawnPoolWorker-25:
Traceback (most recent call last):
  File "/usr/lib/python3.10/multiprocessing/pool.py", line 131, in worker
    put((job, i, result))
  File "/usr/lib/python3.10/multiprocessing/queues.py", line 377, in put
    self._writer.send_bytes(obj)
  File "/usr/lib/python3.10/multiprocessing/connection.py", line 200, in send_bytes
    self._send_bytes(m[offset:offset + size])
  File "/usr/lib/python3.10/multiprocessing/connection.py", line 404, in _send_bytes
    self._send(header)
  File "/usr/lib/python3.10/multiprocessing/connection.py", line 368, in _send
    n = write(self._handle, buf)
BrokenPipeError: [Errno 32] Broken pipe

During handling of the above exception, another exception occurred:

Traceback (most recent call last):
  File "/usr/lib/python3.10/multiprocessing/process.py", line 314, in _bootstrap
    self.run()
  File "/usr/lib/python3.10/multiprocessing/process.py", line 108, in run
    self._target(*self._args, **self._kwargs)
  File "/usr/lib/python3.10/multiprocessing/pool.py", line 136, in worker
    put((job, i, (False, wrapped)))
  File "/usr/lib/python3.10/multiprocessing/queues.py", line 377, in put
    self._writer.send_bytes(obj)
  File "/usr/lib/python3.10/multiprocessing/connection.py", line 200, in send_bytes
    self._send_bytes(m[offset:offset + size])
  File "/usr/lib/python3.10/multiprocessing/connection.py", line 404, in _send_bytes
    self._send(header)
  File "/usr/lib/python3.10/multiprocessing/connection.py", line 368, in _send
    n = write(self._handle, buf)
BrokenPipeError: [Errno 32] Broken pipe
Process SpawnPoolWorker-39:
Traceback (most recent call last):
  File "/usr/lib/python3.10/multiprocessing/pool.py", line 131, in worker
    put((job, i, result))
  File "/usr/lib/python3.10/multiprocessing/queues.py", line 377, in put
    self._writer.send_bytes(obj)
  File "/usr/lib/python3.10/multiprocessing/connection.py", line 200, in send_bytes
    self._send_bytes(m[offset:offset + size])
  File "/usr/lib/python3.10/multiprocessing/connection.py", line 404, in _send_bytes
    self._send(header)
  File "/usr/lib/python3.10/multiprocessing/connection.py", line 368, in _send
    n = write(self._handle, buf)
BrokenPipeError: [Errno 32] Broken pipe

During handling of the above exception, another exception occurred:

Traceback (most recent call last):
  File "/usr/lib/python3.10/multiprocessing/process.py", line 314, in _bootstrap
    self.run()
  File "/usr/lib/python3.10/multiprocessing/process.py", line 108, in run
    self._target(*self._args, **self._kwargs)
  File "/usr/lib/python3.10/multiprocessing/pool.py", line 136, in worker
    put((job, i, (False, wrapped)))
  File "/usr/lib/python3.10/multiprocessing/queues.py", line 377, in put
    self._writer.send_bytes(obj)
  File "/usr/lib/python3.10/multiprocessing/connection.py", line 200, in send_bytes
    self._send_bytes(m[offset:offset + size])
  File "/usr/lib/python3.10/multiprocessing/connection.py", line 404, in _send_bytes
    self._send(header)
  File "/usr/lib/python3.10/multiprocessing/connection.py", line 368, in _send
    n = write(self._handle, buf)
BrokenPipeError: [Errno 32] Broken pipe
Process SpawnPoolWorker-2:
Traceback (most recent call last):
  File "/usr/lib/python3.10/multiprocessing/pool.py", line 131, in worker
    put((job, i, result))
  File "/usr/lib/python3.10/multiprocessing/queues.py", line 377, in put
    self._writer.send_bytes(obj)
  File "/usr/lib/python3.10/multiprocessing/connection.py", line 200, in send_bytes
    self._send_bytes(m[offset:offset + size])
  File "/usr/lib/python3.10/multiprocessing/connection.py", line 404, in _send_bytes
    self._send(header)
  File "/usr/lib/python3.10/multiprocessing/connection.py", line 368, in _send
    n = write(self._handle, buf)
BrokenPipeError: [Errno 32] Broken pipe

During handling of the above exception, another exception occurred:

Traceback (most recent call last):
  File "/usr/lib/python3.10/multiprocessing/process.py", line 314, in _bootstrap
    self.run()
  File "/usr/lib/python3.10/multiprocessing/process.py", line 108, in run
    self._target(*self._args, **self._kwargs)
  File "/usr/lib/python3.10/multiprocessing/pool.py", line 136, in worker
    put((job, i, (False, wrapped)))
  File "/usr/lib/python3.10/multiprocessing/queues.py", line 377, in put
    self._writer.send_bytes(obj)
  File "/usr/lib/python3.10/multiprocessing/connection.py", line 200, in send_bytes
    self._send_bytes(m[offset:offset + size])
  File "/usr/lib/python3.10/multiprocessing/connection.py", line 404, in _send_bytes
    self._send(header)
  File "/usr/lib/python3.10/multiprocessing/connection.py", line 368, in _send
    n = write(self._handle, buf)
BrokenPipeError: [Errno 32] Broken pipe
Process SpawnPoolWorker-5:
Traceback (most recent call last):
  File "/usr/lib/python3.10/multiprocessing/pool.py", line 131, in worker
    put((job, i, result))
  File "/usr/lib/python3.10/multiprocessing/queues.py", line 377, in put
    self._writer.send_bytes(obj)
  File "/usr/lib/python3.10/multiprocessing/connection.py", line 200, in send_bytes
    self._send_bytes(m[offset:offset + size])
  File "/usr/lib/python3.10/multiprocessing/connection.py", line 404, in _send_bytes
    self._send(header)
  File "/usr/lib/python3.10/multiprocessing/connection.py", line 368, in _send
    n = write(self._handle, buf)
BrokenPipeError: [Errno 32] Broken pipe

During handling of the above exception, another exception occurred:

Traceback (most recent call last):
  File "/usr/lib/python3.10/multiprocessing/process.py", line 314, in _bootstrap
    self.run()
  File "/usr/lib/python3.10/multiprocessing/process.py", line 108, in run
    self._target(*self._args, **self._kwargs)
  File "/usr/lib/python3.10/multiprocessing/pool.py", line 136, in worker
    put((job, i, (False, wrapped)))
  File "/usr/lib/python3.10/multiprocessing/queues.py", line 377, in put
    self._writer.send_bytes(obj)
  File "/usr/lib/python3.10/multiprocessing/connection.py", line 200, in send_bytes
    self._send_bytes(m[offset:offset + size])
  File "/usr/lib/python3.10/multiprocessing/connection.py", line 404, in _send_bytes
    self._send(header)
  File "/usr/lib/python3.10/multiprocessing/connection.py", line 368, in _send
    n = write(self._handle, buf)
BrokenPipeError: [Errno 32] Broken pipe
Process SpawnPoolWorker-61:
Traceback (most recent call last):
  File "/usr/lib/python3.10/multiprocessing/pool.py", line 131, in worker
    put((job, i, result))
  File "/usr/lib/python3.10/multiprocessing/queues.py", line 377, in put
    self._writer.send_bytes(obj)
  File "/usr/lib/python3.10/multiprocessing/connection.py", line 200, in send_bytes
    self._send_bytes(m[offset:offset + size])
  File "/usr/lib/python3.10/multiprocessing/connection.py", line 404, in _send_bytes
    self._send(header)
  File "/usr/lib/python3.10/multiprocessing/connection.py", line 368, in _send
    n = write(self._handle, buf)
BrokenPipeError: [Errno 32] Broken pipe

During handling of the above exception, another exception occurred:

Traceback (most recent call last):
  File "/usr/lib/python3.10/multiprocessing/process.py", line 314, in _bootstrap
    self.run()
  File "/usr/lib/python3.10/multiprocessing/process.py", line 108, in run
    self._target(*self._args, **self._kwargs)
  File "/usr/lib/python3.10/multiprocessing/pool.py", line 136, in worker
    put((job, i, (False, wrapped)))
  File "/usr/lib/python3.10/multiprocessing/queues.py", line 377, in put
    self._writer.send_bytes(obj)
  File "/usr/lib/python3.10/multiprocessing/connection.py", line 200, in send_bytes
    self._send_bytes(m[offset:offset + size])
  File "/usr/lib/python3.10/multiprocessing/connection.py", line 404, in _send_bytes
    self._send(header)
  File "/usr/lib/python3.10/multiprocessing/connection.py", line 368, in _send
    n = write(self._handle, buf)
BrokenPipeError: [Errno 32] Broken pipe
Process SpawnPoolWorker-29:
Traceback (most recent call last):
  File "/usr/lib/python3.10/multiprocessing/pool.py", line 131, in worker
    put((job, i, result))
  File "/usr/lib/python3.10/multiprocessing/queues.py", line 377, in put
    self._writer.send_bytes(obj)
  File "/usr/lib/python3.10/multiprocessing/connection.py", line 200, in send_bytes
    self._send_bytes(m[offset:offset + size])
  File "/usr/lib/python3.10/multiprocessing/connection.py", line 404, in _send_bytes
    self._send(header)
  File "/usr/lib/python3.10/multiprocessing/connection.py", line 368, in _send
    n = write(self._handle, buf)
BrokenPipeError: [Errno 32] Broken pipe

During handling of the above exception, another exception occurred:

Traceback (most recent call last):
  File "/usr/lib/python3.10/multiprocessing/process.py", line 314, in _bootstrap
    self.run()
  File "/usr/lib/python3.10/multiprocessing/process.py", line 108, in run
    self._target(*self._args, **self._kwargs)
  File "/usr/lib/python3.10/multiprocessing/pool.py", line 136, in worker
    put((job, i, (False, wrapped)))
  File "/usr/lib/python3.10/multiprocessing/queues.py", line 377, in put
    self._writer.send_bytes(obj)
  File "/usr/lib/python3.10/multiprocessing/connection.py", line 200, in send_bytes
    self._send_bytes(m[offset:offset + size])
  File "/usr/lib/python3.10/multiprocessing/connection.py", line 404, in _send_bytes
    self._send(header)
  File "/usr/lib/python3.10/multiprocessing/connection.py", line 368, in _send
    n = write(self._handle, buf)
BrokenPipeError: [Errno 32] Broken pipe
Process SpawnPoolWorker-6:
Traceback (most recent call last):
  File "/usr/lib/python3.10/multiprocessing/pool.py", line 131, in worker
    put((job, i, result))
  File "/usr/lib/python3.10/multiprocessing/queues.py", line 377, in put
    self._writer.send_bytes(obj)
  File "/usr/lib/python3.10/multiprocessing/connection.py", line 200, in send_bytes
    self._send_bytes(m[offset:offset + size])
  File "/usr/lib/python3.10/multiprocessing/connection.py", line 404, in _send_bytes
    self._send(header)
  File "/usr/lib/python3.10/multiprocessing/connection.py", line 368, in _send
    n = write(self._handle, buf)
BrokenPipeError: [Errno 32] Broken pipe

During handling of the above exception, another exception occurred:

Traceback (most recent call last):
  File "/usr/lib/python3.10/multiprocessing/process.py", line 314, in _bootstrap
    self.run()
  File "/usr/lib/python3.10/multiprocessing/process.py", line 108, in run
    self._target(*self._args, **self._kwargs)
  File "/usr/lib/python3.10/multiprocessing/pool.py", line 136, in worker
    put((job, i, (False, wrapped)))
  File "/usr/lib/python3.10/multiprocessing/queues.py", line 377, in put
    self._writer.send_bytes(obj)
  File "/usr/lib/python3.10/multiprocessing/connection.py", line 200, in send_bytes
    self._send_bytes(m[offset:offset + size])
  File "/usr/lib/python3.10/multiprocessing/connection.py", line 404, in _send_bytes
    self._send(header)
  File "/usr/lib/python3.10/multiprocessing/connection.py", line 368, in _send
    n = write(self._handle, buf)
BrokenPipeError: [Errno 32] Broken pipe
Process SpawnPoolWorker-43:
Traceback (most recent call last):
  File "/usr/lib/python3.10/multiprocessing/pool.py", line 131, in worker
    put((job, i, result))
  File "/usr/lib/python3.10/multiprocessing/queues.py", line 377, in put
    self._writer.send_bytes(obj)
  File "/usr/lib/python3.10/multiprocessing/connection.py", line 200, in send_bytes
    self._send_bytes(m[offset:offset + size])
  File "/usr/lib/python3.10/multiprocessing/connection.py", line 404, in _send_bytes
    self._send(header)
  File "/usr/lib/python3.10/multiprocessing/connection.py", line 368, in _send
    n = write(self._handle, buf)
BrokenPipeError: [Errno 32] Broken pipe

During handling of the above exception, another exception occurred:

Traceback (most recent call last):
  File "/usr/lib/python3.10/multiprocessing/process.py", line 314, in _bootstrap
    self.run()
  File "/usr/lib/python3.10/multiprocessing/process.py", line 108, in run
    self._target(*self._args, **self._kwargs)
  File "/usr/lib/python3.10/multiprocessing/pool.py", line 136, in worker
    put((job, i, (False, wrapped)))
  File "/usr/lib/python3.10/multiprocessing/queues.py", line 377, in put
    self._writer.send_bytes(obj)
  File "/usr/lib/python3.10/multiprocessing/connection.py", line 200, in send_bytes
    self._send_bytes(m[offset:offset + size])
  File "/usr/lib/python3.10/multiprocessing/connection.py", line 404, in _send_bytes
    self._send(header)
  File "/usr/lib/python3.10/multiprocessing/connection.py", line 368, in _send
    n = write(self._handle, buf)
BrokenPipeError: [Errno 32] Broken pipe
Process SpawnPoolWorker-4:
Traceback (most recent call last):
  File "/usr/lib/python3.10/multiprocessing/pool.py", line 131, in worker
    put((job, i, result))
  File "/usr/lib/python3.10/multiprocessing/queues.py", line 377, in put
    self._writer.send_bytes(obj)
  File "/usr/lib/python3.10/multiprocessing/connection.py", line 200, in send_bytes
    self._send_bytes(m[offset:offset + size])
  File "/usr/lib/python3.10/multiprocessing/connection.py", line 404, in _send_bytes
    self._send(header)
  File "/usr/lib/python3.10/multiprocessing/connection.py", line 368, in _send
    n = write(self._handle, buf)
BrokenPipeError: [Errno 32] Broken pipe

During handling of the above exception, another exception occurred:

Traceback (most recent call last):
  File "/usr/lib/python3.10/multiprocessing/process.py", line 314, in _bootstrap
    self.run()
  File "/usr/lib/python3.10/multiprocessing/process.py", line 108, in run
    self._target(*self._args, **self._kwargs)
  File "/usr/lib/python3.10/multiprocessing/pool.py", line 136, in worker
    put((job, i, (False, wrapped)))
  File "/usr/lib/python3.10/multiprocessing/queues.py", line 377, in put
    self._writer.send_bytes(obj)
  File "/usr/lib/python3.10/multiprocessing/connection.py", line 200, in send_bytes
    self._send_bytes(m[offset:offset + size])
  File "/usr/lib/python3.10/multiprocessing/connection.py", line 404, in _send_bytes
    self._send(header)
  File "/usr/lib/python3.10/multiprocessing/connection.py", line 368, in _send
    n = write(self._handle, buf)
BrokenPipeError: [Errno 32] Broken pipe
Process SpawnPoolWorker-59:
Traceback (most recent call last):
  File "/usr/lib/python3.10/multiprocessing/pool.py", line 131, in worker
    put((job, i, result))
  File "/usr/lib/python3.10/multiprocessing/queues.py", line 377, in put
    self._writer.send_bytes(obj)
  File "/usr/lib/python3.10/multiprocessing/connection.py", line 200, in send_bytes
    self._send_bytes(m[offset:offset + size])
  File "/usr/lib/python3.10/multiprocessing/connection.py", line 404, in _send_bytes
    self._send(header)
  File "/usr/lib/python3.10/multiprocessing/connection.py", line 368, in _send
    n = write(self._handle, buf)
BrokenPipeError: [Errno 32] Broken pipe

During handling of the above exception, another exception occurred:

Traceback (most recent call last):
  File "/usr/lib/python3.10/multiprocessing/process.py", line 314, in _bootstrap
    self.run()
  File "/usr/lib/python3.10/multiprocessing/process.py", line 108, in run
    self._target(*self._args, **self._kwargs)
  File "/usr/lib/python3.10/multiprocessing/pool.py", line 136, in worker
    put((job, i, (False, wrapped)))
  File "/usr/lib/python3.10/multiprocessing/queues.py", line 377, in put
    self._writer.send_bytes(obj)
  File "/usr/lib/python3.10/multiprocessing/connection.py", line 200, in send_bytes
    self._send_bytes(m[offset:offset + size])
  File "/usr/lib/python3.10/multiprocessing/connection.py", line 404, in _send_bytes
    self._send(header)
  File "/usr/lib/python3.10/multiprocessing/connection.py", line 368, in _send
    n = write(self._handle, buf)
BrokenPipeError: [Errno 32] Broken pipe
Process SpawnPoolWorker-44:
Traceback (most recent call last):
  File "/usr/lib/python3.10/multiprocessing/pool.py", line 131, in worker
    put((job, i, result))
  File "/usr/lib/python3.10/multiprocessing/queues.py", line 377, in put
    self._writer.send_bytes(obj)
  File "/usr/lib/python3.10/multiprocessing/connection.py", line 200, in send_bytes
    self._send_bytes(m[offset:offset + size])
  File "/usr/lib/python3.10/multiprocessing/connection.py", line 404, in _send_bytes
    self._send(header)
  File "/usr/lib/python3.10/multiprocessing/connection.py", line 368, in _send
    n = write(self._handle, buf)
BrokenPipeError: [Errno 32] Broken pipe

During handling of the above exception, another exception occurred:

Traceback (most recent call last):
  File "/usr/lib/python3.10/multiprocessing/process.py", line 314, in _bootstrap
    self.run()
  File "/usr/lib/python3.10/multiprocessing/process.py", line 108, in run
    self._target(*self._args, **self._kwargs)
  File "/usr/lib/python3.10/multiprocessing/pool.py", line 136, in worker
    put((job, i, (False, wrapped)))
  File "/usr/lib/python3.10/multiprocessing/queues.py", line 377, in put
    self._writer.send_bytes(obj)
  File "/usr/lib/python3.10/multiprocessing/connection.py", line 200, in send_bytes
    self._send_bytes(m[offset:offset + size])
  File "/usr/lib/python3.10/multiprocessing/connection.py", line 404, in _send_bytes
    self._send(header)
  File "/usr/lib/python3.10/multiprocessing/connection.py", line 368, in _send
    n = write(self._handle, buf)
BrokenPipeError: [Errno 32] Broken pipe
Process SpawnPoolWorker-47:
Traceback (most recent call last):
  File "/usr/lib/python3.10/multiprocessing/pool.py", line 131, in worker
    put((job, i, result))
  File "/usr/lib/python3.10/multiprocessing/queues.py", line 377, in put
    self._writer.send_bytes(obj)
  File "/usr/lib/python3.10/multiprocessing/connection.py", line 200, in send_bytes
    self._send_bytes(m[offset:offset + size])
  File "/usr/lib/python3.10/multiprocessing/connection.py", line 404, in _send_bytes
    self._send(header)
  File "/usr/lib/python3.10/multiprocessing/connection.py", line 368, in _send
    n = write(self._handle, buf)
BrokenPipeError: [Errno 32] Broken pipe

During handling of the above exception, another exception occurred:

Traceback (most recent call last):
  File "/usr/lib/python3.10/multiprocessing/process.py", line 314, in _bootstrap
    self.run()
  File "/usr/lib/python3.10/multiprocessing/process.py", line 108, in run
    self._target(*self._args, **self._kwargs)
  File "/usr/lib/python3.10/multiprocessing/pool.py", line 136, in worker
    put((job, i, (False, wrapped)))
  File "/usr/lib/python3.10/multiprocessing/queues.py", line 377, in put
    self._writer.send_bytes(obj)
  File "/usr/lib/python3.10/multiprocessing/connection.py", line 200, in send_bytes
    self._send_bytes(m[offset:offset + size])
  File "/usr/lib/python3.10/multiprocessing/connection.py", line 404, in _send_bytes
    self._send(header)
  File "/usr/lib/python3.10/multiprocessing/connection.py", line 368, in _send
    n = write(self._handle, buf)
BrokenPipeError: [Errno 32] Broken pipe
Process SpawnPoolWorker-7:
Traceback (most recent call last):
  File "/usr/lib/python3.10/multiprocessing/pool.py", line 131, in worker
    put((job, i, result))
  File "/usr/lib/python3.10/multiprocessing/queues.py", line 377, in put
    self._writer.send_bytes(obj)
  File "/usr/lib/python3.10/multiprocessing/connection.py", line 200, in send_bytes
    self._send_bytes(m[offset:offset + size])
  File "/usr/lib/python3.10/multiprocessing/connection.py", line 404, in _send_bytes
    self._send(header)
  File "/usr/lib/python3.10/multiprocessing/connection.py", line 368, in _send
    n = write(self._handle, buf)
BrokenPipeError: [Errno 32] Broken pipe

During handling of the above exception, another exception occurred:

Traceback (most recent call last):
  File "/usr/lib/python3.10/multiprocessing/process.py", line 314, in _bootstrap
    self.run()
  File "/usr/lib/python3.10/multiprocessing/process.py", line 108, in run
    self._target(*self._args, **self._kwargs)
  File "/usr/lib/python3.10/multiprocessing/pool.py", line 136, in worker
    put((job, i, (False, wrapped)))
  File "/usr/lib/python3.10/multiprocessing/queues.py", line 377, in put
    self._writer.send_bytes(obj)
  File "/usr/lib/python3.10/multiprocessing/connection.py", line 200, in send_bytes
    self._send_bytes(m[offset:offset + size])
  File "/usr/lib/python3.10/multiprocessing/connection.py", line 404, in _send_bytes
    self._send(header)
  File "/usr/lib/python3.10/multiprocessing/connection.py", line 368, in _send
    n = write(self._handle, buf)
BrokenPipeError: [Errno 32] Broken pipe
Process SpawnPoolWorker-51:
Traceback (most recent call last):
  File "/usr/lib/python3.10/multiprocessing/pool.py", line 131, in worker
    put((job, i, result))
  File "/usr/lib/python3.10/multiprocessing/queues.py", line 377, in put
    self._writer.send_bytes(obj)
  File "/usr/lib/python3.10/multiprocessing/connection.py", line 200, in send_bytes
    self._send_bytes(m[offset:offset + size])
  File "/usr/lib/python3.10/multiprocessing/connection.py", line 404, in _send_bytes
    self._send(header)
  File "/usr/lib/python3.10/multiprocessing/connection.py", line 368, in _send
    n = write(self._handle, buf)
BrokenPipeError: [Errno 32] Broken pipe

During handling of the above exception, another exception occurred:

Traceback (most recent call last):
  File "/usr/lib/python3.10/multiprocessing/process.py", line 314, in _bootstrap
    self.run()
  File "/usr/lib/python3.10/multiprocessing/process.py", line 108, in run
    self._target(*self._args, **self._kwargs)
  File "/usr/lib/python3.10/multiprocessing/pool.py", line 136, in worker
    put((job, i, (False, wrapped)))
  File "/usr/lib/python3.10/multiprocessing/queues.py", line 377, in put
    self._writer.send_bytes(obj)
  File "/usr/lib/python3.10/multiprocessing/connection.py", line 200, in send_bytes
    self._send_bytes(m[offset:offset + size])
  File "/usr/lib/python3.10/multiprocessing/connection.py", line 404, in _send_bytes
    self._send(header)
  File "/usr/lib/python3.10/multiprocessing/connection.py", line 368, in _send
    n = write(self._handle, buf)
BrokenPipeError: [Errno 32] Broken pipe
Process SpawnPoolWorker-36:
Traceback (most recent call last):
  File "/usr/lib/python3.10/multiprocessing/pool.py", line 131, in worker
    put((job, i, result))
  File "/usr/lib/python3.10/multiprocessing/queues.py", line 377, in put
    self._writer.send_bytes(obj)
  File "/usr/lib/python3.10/multiprocessing/connection.py", line 200, in send_bytes
    self._send_bytes(m[offset:offset + size])
  File "/usr/lib/python3.10/multiprocessing/connection.py", line 404, in _send_bytes
    self._send(header)
  File "/usr/lib/python3.10/multiprocessing/connection.py", line 368, in _send
    n = write(self._handle, buf)
BrokenPipeError: [Errno 32] Broken pipe

During handling of the above exception, another exception occurred:

Traceback (most recent call last):
  File "/usr/lib/python3.10/multiprocessing/process.py", line 314, in _bootstrap
    self.run()
  File "/usr/lib/python3.10/multiprocessing/process.py", line 108, in run
    self._target(*self._args, **self._kwargs)
  File "/usr/lib/python3.10/multiprocessing/pool.py", line 136, in worker
    put((job, i, (False, wrapped)))
  File "/usr/lib/python3.10/multiprocessing/queues.py", line 377, in put
    self._writer.send_bytes(obj)
  File "/usr/lib/python3.10/multiprocessing/connection.py", line 200, in send_bytes
    self._send_bytes(m[offset:offset + size])
  File "/usr/lib/python3.10/multiprocessing/connection.py", line 404, in _send_bytes
    self._send(header)
  File "/usr/lib/python3.10/multiprocessing/connection.py", line 368, in _send
    n = write(self._handle, buf)
BrokenPipeError: [Errno 32] Broken pipe
Process SpawnPoolWorker-24:
Traceback (most recent call last):
  File "/usr/lib/python3.10/multiprocessing/pool.py", line 131, in worker
    put((job, i, result))
  File "/usr/lib/python3.10/multiprocessing/queues.py", line 377, in put
    self._writer.send_bytes(obj)
  File "/usr/lib/python3.10/multiprocessing/connection.py", line 200, in send_bytes
    self._send_bytes(m[offset:offset + size])
  File "/usr/lib/python3.10/multiprocessing/connection.py", line 404, in _send_bytes
    self._send(header)
  File "/usr/lib/python3.10/multiprocessing/connection.py", line 368, in _send
    n = write(self._handle, buf)
BrokenPipeError: [Errno 32] Broken pipe

During handling of the above exception, another exception occurred:

Traceback (most recent call last):
  File "/usr/lib/python3.10/multiprocessing/process.py", line 314, in _bootstrap
    self.run()
  File "/usr/lib/python3.10/multiprocessing/process.py", line 108, in run
    self._target(*self._args, **self._kwargs)
  File "/usr/lib/python3.10/multiprocessing/pool.py", line 136, in worker
    put((job, i, (False, wrapped)))
  File "/usr/lib/python3.10/multiprocessing/queues.py", line 377, in put
    self._writer.send_bytes(obj)
  File "/usr/lib/python3.10/multiprocessing/connection.py", line 200, in send_bytes
    self._send_bytes(m[offset:offset + size])
  File "/usr/lib/python3.10/multiprocessing/connection.py", line 404, in _send_bytes
    self._send(header)
  File "/usr/lib/python3.10/multiprocessing/connection.py", line 368, in _send
    n = write(self._handle, buf)
BrokenPipeError: [Errno 32] Broken pipe
Process SpawnPoolWorker-50:
Traceback (most recent call last):
  File "/usr/lib/python3.10/multiprocessing/pool.py", line 131, in worker
    put((job, i, result))
  File "/usr/lib/python3.10/multiprocessing/queues.py", line 377, in put
    self._writer.send_bytes(obj)
  File "/usr/lib/python3.10/multiprocessing/connection.py", line 200, in send_bytes
    self._send_bytes(m[offset:offset + size])
  File "/usr/lib/python3.10/multiprocessing/connection.py", line 404, in _send_bytes
    self._send(header)
  File "/usr/lib/python3.10/multiprocessing/connection.py", line 368, in _send
    n = write(self._handle, buf)
BrokenPipeError: [Errno 32] Broken pipe

During handling of the above exception, another exception occurred:

Traceback (most recent call last):
  File "/usr/lib/python3.10/multiprocessing/process.py", line 314, in _bootstrap
    self.run()
  File "/usr/lib/python3.10/multiprocessing/process.py", line 108, in run
    self._target(*self._args, **self._kwargs)
  File "/usr/lib/python3.10/multiprocessing/pool.py", line 136, in worker
    put((job, i, (False, wrapped)))
  File "/usr/lib/python3.10/multiprocessing/queues.py", line 377, in put
    self._writer.send_bytes(obj)
  File "/usr/lib/python3.10/multiprocessing/connection.py", line 200, in send_bytes
    self._send_bytes(m[offset:offset + size])
  File "/usr/lib/python3.10/multiprocessing/connection.py", line 404, in _send_bytes
    self._send(header)
  File "/usr/lib/python3.10/multiprocessing/connection.py", line 368, in _send
    n = write(self._handle, buf)
BrokenPipeError: [Errno 32] Broken pipe
Process SpawnPoolWorker-21:
Traceback (most recent call last):
  File "/usr/lib/python3.10/multiprocessing/pool.py", line 131, in worker
    put((job, i, result))
  File "/usr/lib/python3.10/multiprocessing/queues.py", line 377, in put
    self._writer.send_bytes(obj)
  File "/usr/lib/python3.10/multiprocessing/connection.py", line 200, in send_bytes
    self._send_bytes(m[offset:offset + size])
  File "/usr/lib/python3.10/multiprocessing/connection.py", line 404, in _send_bytes
    self._send(header)
  File "/usr/lib/python3.10/multiprocessing/connection.py", line 368, in _send
    n = write(self._handle, buf)
BrokenPipeError: [Errno 32] Broken pipe

During handling of the above exception, another exception occurred:

Traceback (most recent call last):
  File "/usr/lib/python3.10/multiprocessing/process.py", line 314, in _bootstrap
    self.run()
  File "/usr/lib/python3.10/multiprocessing/process.py", line 108, in run
    self._target(*self._args, **self._kwargs)
  File "/usr/lib/python3.10/multiprocessing/pool.py", line 136, in worker
    put((job, i, (False, wrapped)))
  File "/usr/lib/python3.10/multiprocessing/queues.py", line 377, in put
    self._writer.send_bytes(obj)
  File "/usr/lib/python3.10/multiprocessing/connection.py", line 200, in send_bytes
    self._send_bytes(m[offset:offset + size])
  File "/usr/lib/python3.10/multiprocessing/connection.py", line 404, in _send_bytes
    self._send(header)
  File "/usr/lib/python3.10/multiprocessing/connection.py", line 368, in _send
    n = write(self._handle, buf)
BrokenPipeError: [Errno 32] Broken pipe
Process SpawnPoolWorker-22:
Traceback (most recent call last):
  File "/usr/lib/python3.10/multiprocessing/pool.py", line 131, in worker
    put((job, i, result))
  File "/usr/lib/python3.10/multiprocessing/queues.py", line 377, in put
    self._writer.send_bytes(obj)
  File "/usr/lib/python3.10/multiprocessing/connection.py", line 200, in send_bytes
    self._send_bytes(m[offset:offset + size])
  File "/usr/lib/python3.10/multiprocessing/connection.py", line 404, in _send_bytes
    self._send(header)
  File "/usr/lib/python3.10/multiprocessing/connection.py", line 368, in _send
    n = write(self._handle, buf)
BrokenPipeError: [Errno 32] Broken pipe

During handling of the above exception, another exception occurred:

Traceback (most recent call last):
  File "/usr/lib/python3.10/multiprocessing/process.py", line 314, in _bootstrap
    self.run()
  File "/usr/lib/python3.10/multiprocessing/process.py", line 108, in run
    self._target(*self._args, **self._kwargs)
  File "/usr/lib/python3.10/multiprocessing/pool.py", line 136, in worker
    put((job, i, (False, wrapped)))
  File "/usr/lib/python3.10/multiprocessing/queues.py", line 377, in put
    self._writer.send_bytes(obj)
  File "/usr/lib/python3.10/multiprocessing/connection.py", line 200, in send_bytes
    self._send_bytes(m[offset:offset + size])
  File "/usr/lib/python3.10/multiprocessing/connection.py", line 404, in _send_bytes
    self._send(header)
  File "/usr/lib/python3.10/multiprocessing/connection.py", line 368, in _send
    n = write(self._handle, buf)
BrokenPipeError: [Errno 32] Broken pipe
Process SpawnPoolWorker-31:
Traceback (most recent call last):
  File "/usr/lib/python3.10/multiprocessing/pool.py", line 131, in worker
    put((job, i, result))
  File "/usr/lib/python3.10/multiprocessing/queues.py", line 377, in put
    self._writer.send_bytes(obj)
  File "/usr/lib/python3.10/multiprocessing/connection.py", line 200, in send_bytes
    self._send_bytes(m[offset:offset + size])
  File "/usr/lib/python3.10/multiprocessing/connection.py", line 404, in _send_bytes
    self._send(header)
  File "/usr/lib/python3.10/multiprocessing/connection.py", line 368, in _send
    n = write(self._handle, buf)
BrokenPipeError: [Errno 32] Broken pipe

During handling of the above exception, another exception occurred:

Traceback (most recent call last):
  File "/usr/lib/python3.10/multiprocessing/process.py", line 314, in _bootstrap
    self.run()
  File "/usr/lib/python3.10/multiprocessing/process.py", line 108, in run
    self._target(*self._args, **self._kwargs)
  File "/usr/lib/python3.10/multiprocessing/pool.py", line 136, in worker
    put((job, i, (False, wrapped)))
  File "/usr/lib/python3.10/multiprocessing/queues.py", line 377, in put
    self._writer.send_bytes(obj)
  File "/usr/lib/python3.10/multiprocessing/connection.py", line 200, in send_bytes
    self._send_bytes(m[offset:offset + size])
  File "/usr/lib/python3.10/multiprocessing/connection.py", line 404, in _send_bytes
    self._send(header)
  File "/usr/lib/python3.10/multiprocessing/connection.py", line 368, in _send
    n = write(self._handle, buf)
BrokenPipeError: [Errno 32] Broken pipe
Process SpawnPoolWorker-37:
Process SpawnPoolWorker-49:
Traceback (most recent call last):
  File "/usr/lib/python3.10/multiprocessing/pool.py", line 131, in worker
    put((job, i, result))
  File "/usr/lib/python3.10/multiprocessing/queues.py", line 377, in put
    self._writer.send_bytes(obj)
  File "/usr/lib/python3.10/multiprocessing/connection.py", line 200, in send_bytes
    self._send_bytes(m[offset:offset + size])
  File "/usr/lib/python3.10/multiprocessing/connection.py", line 404, in _send_bytes
    self._send(header)
  File "/usr/lib/python3.10/multiprocessing/connection.py", line 368, in _send
    n = write(self._handle, buf)
BrokenPipeError: [Errno 32] Broken pipe

During handling of the above exception, another exception occurred:

Traceback (most recent call last):
  File "/usr/lib/python3.10/multiprocessing/process.py", line 314, in _bootstrap
    self.run()
  File "/usr/lib/python3.10/multiprocessing/process.py", line 108, in run
    self._target(*self._args, **self._kwargs)
  File "/usr/lib/python3.10/multiprocessing/pool.py", line 136, in worker
    put((job, i, (False, wrapped)))
  File "/usr/lib/python3.10/multiprocessing/queues.py", line 377, in put
    self._writer.send_bytes(obj)
  File "/usr/lib/python3.10/multiprocessing/connection.py", line 200, in send_bytes
    self._send_bytes(m[offset:offset + size])
  File "/usr/lib/python3.10/multiprocessing/connection.py", line 404, in _send_bytes
    self._send(header)
  File "/usr/lib/python3.10/multiprocessing/connection.py", line 368, in _send
    n = write(self._handle, buf)
BrokenPipeError: [Errno 32] Broken pipe
Traceback (most recent call last):
  File "/usr/lib/python3.10/multiprocessing/pool.py", line 131, in worker
    put((job, i, result))
  File "/usr/lib/python3.10/multiprocessing/queues.py", line 377, in put
    self._writer.send_bytes(obj)
  File "/usr/lib/python3.10/multiprocessing/connection.py", line 200, in send_bytes
    self._send_bytes(m[offset:offset + size])
  File "/usr/lib/python3.10/multiprocessing/connection.py", line 404, in _send_bytes
    self._send(header)
  File "/usr/lib/python3.10/multiprocessing/connection.py", line 368, in _send
    n = write(self._handle, buf)
BrokenPipeError: [Errno 32] Broken pipe

During handling of the above exception, another exception occurred:

Traceback (most recent call last):
  File "/usr/lib/python3.10/multiprocessing/process.py", line 314, in _bootstrap
    self.run()
  File "/usr/lib/python3.10/multiprocessing/process.py", line 108, in run
    self._target(*self._args, **self._kwargs)
  File "/usr/lib/python3.10/multiprocessing/pool.py", line 136, in worker
    put((job, i, (False, wrapped)))
  File "/usr/lib/python3.10/multiprocessing/queues.py", line 377, in put
    self._writer.send_bytes(obj)
  File "/usr/lib/python3.10/multiprocessing/connection.py", line 200, in send_bytes
    self._send_bytes(m[offset:offset + size])
  File "/usr/lib/python3.10/multiprocessing/connection.py", line 404, in _send_bytes
    self._send(header)
  File "/usr/lib/python3.10/multiprocessing/connection.py", line 368, in _send
    n = write(self._handle, buf)
BrokenPipeError: [Errno 32] Broken pipe
Process SpawnPoolWorker-30:
Traceback (most recent call last):
  File "/usr/lib/python3.10/multiprocessing/pool.py", line 131, in worker
    put((job, i, result))
  File "/usr/lib/python3.10/multiprocessing/queues.py", line 377, in put
    self._writer.send_bytes(obj)
  File "/usr/lib/python3.10/multiprocessing/connection.py", line 200, in send_bytes
    self._send_bytes(m[offset:offset + size])
  File "/usr/lib/python3.10/multiprocessing/connection.py", line 404, in _send_bytes
    self._send(header)
  File "/usr/lib/python3.10/multiprocessing/connection.py", line 368, in _send
    n = write(self._handle, buf)
BrokenPipeError: [Errno 32] Broken pipe

During handling of the above exception, another exception occurred:

Traceback (most recent call last):
  File "/usr/lib/python3.10/multiprocessing/process.py", line 314, in _bootstrap
    self.run()
  File "/usr/lib/python3.10/multiprocessing/process.py", line 108, in run
    self._target(*self._args, **self._kwargs)
  File "/usr/lib/python3.10/multiprocessing/pool.py", line 136, in worker
    put((job, i, (False, wrapped)))
  File "/usr/lib/python3.10/multiprocessing/queues.py", line 377, in put
    self._writer.send_bytes(obj)
  File "/usr/lib/python3.10/multiprocessing/connection.py", line 200, in send_bytes
    self._send_bytes(m[offset:offset + size])
  File "/usr/lib/python3.10/multiprocessing/connection.py", line 404, in _send_bytes
    self._send(header)
  File "/usr/lib/python3.10/multiprocessing/connection.py", line 368, in _send
    n = write(self._handle, buf)
BrokenPipeError: [Errno 32] Broken pipe
Process SpawnPoolWorker-52:
Traceback (most recent call last):
  File "/usr/lib/python3.10/multiprocessing/pool.py", line 131, in worker
    put((job, i, result))
  File "/usr/lib/python3.10/multiprocessing/queues.py", line 377, in put
    self._writer.send_bytes(obj)
  File "/usr/lib/python3.10/multiprocessing/connection.py", line 200, in send_bytes
    self._send_bytes(m[offset:offset + size])
  File "/usr/lib/python3.10/multiprocessing/connection.py", line 404, in _send_bytes
    self._send(header)
  File "/usr/lib/python3.10/multiprocessing/connection.py", line 368, in _send
    n = write(self._handle, buf)
BrokenPipeError: [Errno 32] Broken pipe

During handling of the above exception, another exception occurred:

Traceback (most recent call last):
  File "/usr/lib/python3.10/multiprocessing/process.py", line 314, in _bootstrap
    self.run()
  File "/usr/lib/python3.10/multiprocessing/process.py", line 108, in run
    self._target(*self._args, **self._kwargs)
  File "/usr/lib/python3.10/multiprocessing/pool.py", line 136, in worker
    put((job, i, (False, wrapped)))
  File "/usr/lib/python3.10/multiprocessing/queues.py", line 377, in put
    self._writer.send_bytes(obj)
  File "/usr/lib/python3.10/multiprocessing/connection.py", line 200, in send_bytes
    self._send_bytes(m[offset:offset + size])
  File "/usr/lib/python3.10/multiprocessing/connection.py", line 404, in _send_bytes
    self._send(header)
  File "/usr/lib/python3.10/multiprocessing/connection.py", line 368, in _send
    n = write(self._handle, buf)
BrokenPipeError: [Errno 32] Broken pipe
Process SpawnPoolWorker-53:
Traceback (most recent call last):
  File "/usr/lib/python3.10/multiprocessing/pool.py", line 131, in worker
    put((job, i, result))
  File "/usr/lib/python3.10/multiprocessing/queues.py", line 377, in put
    self._writer.send_bytes(obj)
  File "/usr/lib/python3.10/multiprocessing/connection.py", line 200, in send_bytes
    self._send_bytes(m[offset:offset + size])
  File "/usr/lib/python3.10/multiprocessing/connection.py", line 404, in _send_bytes
    self._send(header)
  File "/usr/lib/python3.10/multiprocessing/connection.py", line 368, in _send
    n = write(self._handle, buf)
BrokenPipeError: [Errno 32] Broken pipe

During handling of the above exception, another exception occurred:

Traceback (most recent call last):
  File "/usr/lib/python3.10/multiprocessing/process.py", line 314, in _bootstrap
    self.run()
  File "/usr/lib/python3.10/multiprocessing/process.py", line 108, in run
    self._target(*self._args, **self._kwargs)
  File "/usr/lib/python3.10/multiprocessing/pool.py", line 136, in worker
    put((job, i, (False, wrapped)))
  File "/usr/lib/python3.10/multiprocessing/queues.py", line 377, in put
    self._writer.send_bytes(obj)
  File "/usr/lib/python3.10/multiprocessing/connection.py", line 200, in send_bytes
    self._send_bytes(m[offset:offset + size])
  File "/usr/lib/python3.10/multiprocessing/connection.py", line 404, in _send_bytes
    self._send(header)
  File "/usr/lib/python3.10/multiprocessing/connection.py", line 368, in _send
    n = write(self._handle, buf)
BrokenPipeError: [Errno 32] Broken pipe
Process SpawnPoolWorker-32:
Traceback (most recent call last):
  File "/usr/lib/python3.10/multiprocessing/pool.py", line 131, in worker
    put((job, i, result))
  File "/usr/lib/python3.10/multiprocessing/queues.py", line 377, in put
    self._writer.send_bytes(obj)
  File "/usr/lib/python3.10/multiprocessing/connection.py", line 200, in send_bytes
    self._send_bytes(m[offset:offset + size])
  File "/usr/lib/python3.10/multiprocessing/connection.py", line 404, in _send_bytes
    self._send(header)
  File "/usr/lib/python3.10/multiprocessing/connection.py", line 368, in _send
    n = write(self._handle, buf)
BrokenPipeError: [Errno 32] Broken pipe

During handling of the above exception, another exception occurred:

Traceback (most recent call last):
  File "/usr/lib/python3.10/multiprocessing/process.py", line 314, in _bootstrap
    self.run()
  File "/usr/lib/python3.10/multiprocessing/process.py", line 108, in run
    self._target(*self._args, **self._kwargs)
  File "/usr/lib/python3.10/multiprocessing/pool.py", line 136, in worker
    put((job, i, (False, wrapped)))
  File "/usr/lib/python3.10/multiprocessing/queues.py", line 377, in put
    self._writer.send_bytes(obj)
  File "/usr/lib/python3.10/multiprocessing/connection.py", line 200, in send_bytes
    self._send_bytes(m[offset:offset + size])
  File "/usr/lib/python3.10/multiprocessing/connection.py", line 404, in _send_bytes
    self._send(header)
  File "/usr/lib/python3.10/multiprocessing/connection.py", line 368, in _send
    n = write(self._handle, buf)
BrokenPipeError: [Errno 32] Broken pipe
Process SpawnPoolWorker-45:
Traceback (most recent call last):
  File "/usr/lib/python3.10/multiprocessing/pool.py", line 131, in worker
    put((job, i, result))
  File "/usr/lib/python3.10/multiprocessing/queues.py", line 377, in put
    self._writer.send_bytes(obj)
  File "/usr/lib/python3.10/multiprocessing/connection.py", line 200, in send_bytes
    self._send_bytes(m[offset:offset + size])
  File "/usr/lib/python3.10/multiprocessing/connection.py", line 404, in _send_bytes
    self._send(header)
  File "/usr/lib/python3.10/multiprocessing/connection.py", line 368, in _send
    n = write(self._handle, buf)
BrokenPipeError: [Errno 32] Broken pipe

During handling of the above exception, another exception occurred:

Traceback (most recent call last):
  File "/usr/lib/python3.10/multiprocessing/process.py", line 314, in _bootstrap
    self.run()
  File "/usr/lib/python3.10/multiprocessing/process.py", line 108, in run
    self._target(*self._args, **self._kwargs)
  File "/usr/lib/python3.10/multiprocessing/pool.py", line 136, in worker
    put((job, i, (False, wrapped)))
  File "/usr/lib/python3.10/multiprocessing/queues.py", line 377, in put
    self._writer.send_bytes(obj)
  File "/usr/lib/python3.10/multiprocessing/connection.py", line 200, in send_bytes
    self._send_bytes(m[offset:offset + size])
  File "/usr/lib/python3.10/multiprocessing/connection.py", line 404, in _send_bytes
    self._send(header)
  File "/usr/lib/python3.10/multiprocessing/connection.py", line 368, in _send
    n = write(self._handle, buf)
BrokenPipeError: [Errno 32] Broken pipe
Process SpawnPoolWorker-48:
Traceback (most recent call last):
  File "/usr/lib/python3.10/multiprocessing/pool.py", line 131, in worker
    put((job, i, result))
  File "/usr/lib/python3.10/multiprocessing/queues.py", line 377, in put
    self._writer.send_bytes(obj)
  File "/usr/lib/python3.10/multiprocessing/connection.py", line 200, in send_bytes
    self._send_bytes(m[offset:offset + size])
  File "/usr/lib/python3.10/multiprocessing/connection.py", line 404, in _send_bytes
    self._send(header)
  File "/usr/lib/python3.10/multiprocessing/connection.py", line 368, in _send
    n = write(self._handle, buf)
BrokenPipeError: [Errno 32] Broken pipe

During handling of the above exception, another exception occurred:

Traceback (most recent call last):
  File "/usr/lib/python3.10/multiprocessing/process.py", line 314, in _bootstrap
    self.run()
  File "/usr/lib/python3.10/multiprocessing/process.py", line 108, in run
    self._target(*self._args, **self._kwargs)
  File "/usr/lib/python3.10/multiprocessing/pool.py", line 136, in worker
    put((job, i, (False, wrapped)))
  File "/usr/lib/python3.10/multiprocessing/queues.py", line 377, in put
    self._writer.send_bytes(obj)
  File "/usr/lib/python3.10/multiprocessing/connection.py", line 200, in send_bytes
    self._send_bytes(m[offset:offset + size])
  File "/usr/lib/python3.10/multiprocessing/connection.py", line 404, in _send_bytes
    self._send(header)
  File "/usr/lib/python3.10/multiprocessing/connection.py", line 368, in _send
    n = write(self._handle, buf)
BrokenPipeError: [Errno 32] Broken pipe
Process SpawnPoolWorker-26:
Traceback (most recent call last):
  File "/usr/lib/python3.10/multiprocessing/pool.py", line 131, in worker
    put((job, i, result))
  File "/usr/lib/python3.10/multiprocessing/queues.py", line 377, in put
    self._writer.send_bytes(obj)
  File "/usr/lib/python3.10/multiprocessing/connection.py", line 200, in send_bytes
    self._send_bytes(m[offset:offset + size])
  File "/usr/lib/python3.10/multiprocessing/connection.py", line 404, in _send_bytes
    self._send(header)
  File "/usr/lib/python3.10/multiprocessing/connection.py", line 368, in _send
    n = write(self._handle, buf)
BrokenPipeError: [Errno 32] Broken pipe

During handling of the above exception, another exception occurred:

Traceback (most recent call last):
  File "/usr/lib/python3.10/multiprocessing/process.py", line 314, in _bootstrap
    self.run()
  File "/usr/lib/python3.10/multiprocessing/process.py", line 108, in run
    self._target(*self._args, **self._kwargs)
  File "/usr/lib/python3.10/multiprocessing/pool.py", line 136, in worker
    put((job, i, (False, wrapped)))
  File "/usr/lib/python3.10/multiprocessing/queues.py", line 377, in put
    self._writer.send_bytes(obj)
  File "/usr/lib/python3.10/multiprocessing/connection.py", line 200, in send_bytes
    self._send_bytes(m[offset:offset + size])
  File "/usr/lib/python3.10/multiprocessing/connection.py", line 404, in _send_bytes
    self._send(header)
  File "/usr/lib/python3.10/multiprocessing/connection.py", line 368, in _send
    n = write(self._handle, buf)
BrokenPipeError: [Errno 32] Broken pipe
Process SpawnPoolWorker-16:
Traceback (most recent call last):
  File "/usr/lib/python3.10/multiprocessing/pool.py", line 131, in worker
    put((job, i, result))
  File "/usr/lib/python3.10/multiprocessing/queues.py", line 377, in put
    self._writer.send_bytes(obj)
  File "/usr/lib/python3.10/multiprocessing/connection.py", line 200, in send_bytes
    self._send_bytes(m[offset:offset + size])
  File "/usr/lib/python3.10/multiprocessing/connection.py", line 404, in _send_bytes
    self._send(header)
  File "/usr/lib/python3.10/multiprocessing/connection.py", line 368, in _send
    n = write(self._handle, buf)
BrokenPipeError: [Errno 32] Broken pipe

During handling of the above exception, another exception occurred:

Traceback (most recent call last):
  File "/usr/lib/python3.10/multiprocessing/process.py", line 314, in _bootstrap
    self.run()
  File "/usr/lib/python3.10/multiprocessing/process.py", line 108, in run
    self._target(*self._args, **self._kwargs)
  File "/usr/lib/python3.10/multiprocessing/pool.py", line 136, in worker
    put((job, i, (False, wrapped)))
  File "/usr/lib/python3.10/multiprocessing/queues.py", line 377, in put
    self._writer.send_bytes(obj)
  File "/usr/lib/python3.10/multiprocessing/connection.py", line 200, in send_bytes
    self._send_bytes(m[offset:offset + size])
  File "/usr/lib/python3.10/multiprocessing/connection.py", line 404, in _send_bytes
    self._send(header)
  File "/usr/lib/python3.10/multiprocessing/connection.py", line 368, in _send
    n = write(self._handle, buf)
BrokenPipeError: [Errno 32] Broken pipe
Process SpawnPoolWorker-64:
Traceback (most recent call last):
  File "/usr/lib/python3.10/multiprocessing/pool.py", line 131, in worker
    put((job, i, result))
  File "/usr/lib/python3.10/multiprocessing/queues.py", line 377, in put
    self._writer.send_bytes(obj)
  File "/usr/lib/python3.10/multiprocessing/connection.py", line 200, in send_bytes
    self._send_bytes(m[offset:offset + size])
  File "/usr/lib/python3.10/multiprocessing/connection.py", line 404, in _send_bytes
    self._send(header)
  File "/usr/lib/python3.10/multiprocessing/connection.py", line 368, in _send
    n = write(self._handle, buf)
BrokenPipeError: [Errno 32] Broken pipe

During handling of the above exception, another exception occurred:

Traceback (most recent call last):
  File "/usr/lib/python3.10/multiprocessing/process.py", line 314, in _bootstrap
    self.run()
  File "/usr/lib/python3.10/multiprocessing/process.py", line 108, in run
    self._target(*self._args, **self._kwargs)
  File "/usr/lib/python3.10/multiprocessing/pool.py", line 136, in worker
    put((job, i, (False, wrapped)))
  File "/usr/lib/python3.10/multiprocessing/queues.py", line 377, in put
    self._writer.send_bytes(obj)
  File "/usr/lib/python3.10/multiprocessing/connection.py", line 200, in send_bytes
    self._send_bytes(m[offset:offset + size])
  File "/usr/lib/python3.10/multiprocessing/connection.py", line 404, in _send_bytes
    self._send(header)
  File "/usr/lib/python3.10/multiprocessing/connection.py", line 368, in _send
    n = write(self._handle, buf)
BrokenPipeError: [Errno 32] Broken pipe
Process SpawnPoolWorker-13:
Traceback (most recent call last):
  File "/usr/lib/python3.10/multiprocessing/pool.py", line 131, in worker
    put((job, i, result))
  File "/usr/lib/python3.10/multiprocessing/queues.py", line 377, in put
    self._writer.send_bytes(obj)
  File "/usr/lib/python3.10/multiprocessing/connection.py", line 200, in send_bytes
    self._send_bytes(m[offset:offset + size])
  File "/usr/lib/python3.10/multiprocessing/connection.py", line 404, in _send_bytes
    self._send(header)
  File "/usr/lib/python3.10/multiprocessing/connection.py", line 368, in _send
    n = write(self._handle, buf)
BrokenPipeError: [Errno 32] Broken pipe

During handling of the above exception, another exception occurred:

Traceback (most recent call last):
  File "/usr/lib/python3.10/multiprocessing/process.py", line 314, in _bootstrap
    self.run()
  File "/usr/lib/python3.10/multiprocessing/process.py", line 108, in run
    self._target(*self._args, **self._kwargs)
  File "/usr/lib/python3.10/multiprocessing/pool.py", line 136, in worker
    put((job, i, (False, wrapped)))
  File "/usr/lib/python3.10/multiprocessing/queues.py", line 377, in put
    self._writer.send_bytes(obj)
  File "/usr/lib/python3.10/multiprocessing/connection.py", line 200, in send_bytes
    self._send_bytes(m[offset:offset + size])
  File "/usr/lib/python3.10/multiprocessing/connection.py", line 404, in _send_bytes
    self._send(header)
  File "/usr/lib/python3.10/multiprocessing/connection.py", line 368, in _send
    n = write(self._handle, buf)
BrokenPipeError: [Errno 32] Broken pipe
Process SpawnPoolWorker-34:
Traceback (most recent call last):
  File "/usr/lib/python3.10/multiprocessing/pool.py", line 131, in worker
    put((job, i, result))
  File "/usr/lib/python3.10/multiprocessing/queues.py", line 377, in put
    self._writer.send_bytes(obj)
  File "/usr/lib/python3.10/multiprocessing/connection.py", line 200, in send_bytes
    self._send_bytes(m[offset:offset + size])
  File "/usr/lib/python3.10/multiprocessing/connection.py", line 404, in _send_bytes
    self._send(header)
  File "/usr/lib/python3.10/multiprocessing/connection.py", line 368, in _send
    n = write(self._handle, buf)
BrokenPipeError: [Errno 32] Broken pipe

During handling of the above exception, another exception occurred:

Traceback (most recent call last):
  File "/usr/lib/python3.10/multiprocessing/process.py", line 314, in _bootstrap
    self.run()
  File "/usr/lib/python3.10/multiprocessing/process.py", line 108, in run
    self._target(*self._args, **self._kwargs)
  File "/usr/lib/python3.10/multiprocessing/pool.py", line 136, in worker
    put((job, i, (False, wrapped)))
  File "/usr/lib/python3.10/multiprocessing/queues.py", line 377, in put
    self._writer.send_bytes(obj)
  File "/usr/lib/python3.10/multiprocessing/connection.py", line 200, in send_bytes
    self._send_bytes(m[offset:offset + size])
  File "/usr/lib/python3.10/multiprocessing/connection.py", line 404, in _send_bytes
    self._send(header)
  File "/usr/lib/python3.10/multiprocessing/connection.py", line 368, in _send
    n = write(self._handle, buf)
BrokenPipeError: [Errno 32] Broken pipe
Process SpawnPoolWorker-10:
Traceback (most recent call last):
  File "/usr/lib/python3.10/multiprocessing/pool.py", line 131, in worker
    put((job, i, result))
  File "/usr/lib/python3.10/multiprocessing/queues.py", line 377, in put
    self._writer.send_bytes(obj)
  File "/usr/lib/python3.10/multiprocessing/connection.py", line 200, in send_bytes
    self._send_bytes(m[offset:offset + size])
  File "/usr/lib/python3.10/multiprocessing/connection.py", line 404, in _send_bytes
    self._send(header)
  File "/usr/lib/python3.10/multiprocessing/connection.py", line 368, in _send
    n = write(self._handle, buf)
BrokenPipeError: [Errno 32] Broken pipe

During handling of the above exception, another exception occurred:

Traceback (most recent call last):
  File "/usr/lib/python3.10/multiprocessing/process.py", line 314, in _bootstrap
    self.run()
  File "/usr/lib/python3.10/multiprocessing/process.py", line 108, in run
    self._target(*self._args, **self._kwargs)
  File "/usr/lib/python3.10/multiprocessing/pool.py", line 136, in worker
    put((job, i, (False, wrapped)))
  File "/usr/lib/python3.10/multiprocessing/queues.py", line 377, in put
    self._writer.send_bytes(obj)
  File "/usr/lib/python3.10/multiprocessing/connection.py", line 200, in send_bytes
    self._send_bytes(m[offset:offset + size])
  File "/usr/lib/python3.10/multiprocessing/connection.py", line 404, in _send_bytes
    self._send(header)
  File "/usr/lib/python3.10/multiprocessing/connection.py", line 368, in _send
    n = write(self._handle, buf)
BrokenPipeError: [Errno 32] Broken pipe
Process SpawnPoolWorker-60:
Traceback (most recent call last):
  File "/usr/lib/python3.10/multiprocessing/pool.py", line 131, in worker
    put((job, i, result))
  File "/usr/lib/python3.10/multiprocessing/queues.py", line 377, in put
    self._writer.send_bytes(obj)
  File "/usr/lib/python3.10/multiprocessing/connection.py", line 200, in send_bytes
    self._send_bytes(m[offset:offset + size])
  File "/usr/lib/python3.10/multiprocessing/connection.py", line 404, in _send_bytes
    self._send(header)
  File "/usr/lib/python3.10/multiprocessing/connection.py", line 368, in _send
    n = write(self._handle, buf)
BrokenPipeError: [Errno 32] Broken pipe

During handling of the above exception, another exception occurred:

Traceback (most recent call last):
  File "/usr/lib/python3.10/multiprocessing/process.py", line 314, in _bootstrap
    self.run()
  File "/usr/lib/python3.10/multiprocessing/process.py", line 108, in run
    self._target(*self._args, **self._kwargs)
  File "/usr/lib/python3.10/multiprocessing/pool.py", line 136, in worker
    put((job, i, (False, wrapped)))
  File "/usr/lib/python3.10/multiprocessing/queues.py", line 377, in put
    self._writer.send_bytes(obj)
  File "/usr/lib/python3.10/multiprocessing/connection.py", line 200, in send_bytes
    self._send_bytes(m[offset:offset + size])
  File "/usr/lib/python3.10/multiprocessing/connection.py", line 404, in _send_bytes
    self._send(header)
  File "/usr/lib/python3.10/multiprocessing/connection.py", line 368, in _send
    n = write(self._handle, buf)
BrokenPipeError: [Errno 32] Broken pipe
Process SpawnPoolWorker-54:
Traceback (most recent call last):
  File "/usr/lib/python3.10/multiprocessing/pool.py", line 131, in worker
    put((job, i, result))
  File "/usr/lib/python3.10/multiprocessing/queues.py", line 377, in put
    self._writer.send_bytes(obj)
  File "/usr/lib/python3.10/multiprocessing/connection.py", line 200, in send_bytes
    self._send_bytes(m[offset:offset + size])
  File "/usr/lib/python3.10/multiprocessing/connection.py", line 404, in _send_bytes
    self._send(header)
  File "/usr/lib/python3.10/multiprocessing/connection.py", line 368, in _send
    n = write(self._handle, buf)
BrokenPipeError: [Errno 32] Broken pipe

During handling of the above exception, another exception occurred:

Traceback (most recent call last):
  File "/usr/lib/python3.10/multiprocessing/process.py", line 314, in _bootstrap
    self.run()
  File "/usr/lib/python3.10/multiprocessing/process.py", line 108, in run
    self._target(*self._args, **self._kwargs)
  File "/usr/lib/python3.10/multiprocessing/pool.py", line 136, in worker
    put((job, i, (False, wrapped)))
  File "/usr/lib/python3.10/multiprocessing/queues.py", line 377, in put
    self._writer.send_bytes(obj)
  File "/usr/lib/python3.10/multiprocessing/connection.py", line 200, in send_bytes
    self._send_bytes(m[offset:offset + size])
  File "/usr/lib/python3.10/multiprocessing/connection.py", line 404, in _send_bytes
    self._send(header)
  File "/usr/lib/python3.10/multiprocessing/connection.py", line 368, in _send
    n = write(self._handle, buf)
BrokenPipeError: [Errno 32] Broken pipe
Process SpawnPoolWorker-3:
Traceback (most recent call last):
  File "/usr/lib/python3.10/multiprocessing/pool.py", line 131, in worker
    put((job, i, result))
  File "/usr/lib/python3.10/multiprocessing/queues.py", line 377, in put
    self._writer.send_bytes(obj)
  File "/usr/lib/python3.10/multiprocessing/connection.py", line 200, in send_bytes
    self._send_bytes(m[offset:offset + size])
  File "/usr/lib/python3.10/multiprocessing/connection.py", line 404, in _send_bytes
    self._send(header)
  File "/usr/lib/python3.10/multiprocessing/connection.py", line 368, in _send
    n = write(self._handle, buf)
BrokenPipeError: [Errno 32] Broken pipe

During handling of the above exception, another exception occurred:

Traceback (most recent call last):
  File "/usr/lib/python3.10/multiprocessing/process.py", line 314, in _bootstrap
    self.run()
  File "/usr/lib/python3.10/multiprocessing/process.py", line 108, in run
    self._target(*self._args, **self._kwargs)
  File "/usr/lib/python3.10/multiprocessing/pool.py", line 136, in worker
    put((job, i, (False, wrapped)))
  File "/usr/lib/python3.10/multiprocessing/queues.py", line 377, in put
    self._writer.send_bytes(obj)
  File "/usr/lib/python3.10/multiprocessing/connection.py", line 200, in send_bytes
    self._send_bytes(m[offset:offset + size])
  File "/usr/lib/python3.10/multiprocessing/connection.py", line 404, in _send_bytes
    self._send(header)
  File "/usr/lib/python3.10/multiprocessing/connection.py", line 368, in _send
    n = write(self._handle, buf)
BrokenPipeError: [Errno 32] Broken pipe
Process SpawnPoolWorker-20:
Traceback (most recent call last):
  File "/usr/lib/python3.10/multiprocessing/pool.py", line 131, in worker
    put((job, i, result))
  File "/usr/lib/python3.10/multiprocessing/queues.py", line 377, in put
    self._writer.send_bytes(obj)
  File "/usr/lib/python3.10/multiprocessing/connection.py", line 200, in send_bytes
    self._send_bytes(m[offset:offset + size])
  File "/usr/lib/python3.10/multiprocessing/connection.py", line 404, in _send_bytes
    self._send(header)
  File "/usr/lib/python3.10/multiprocessing/connection.py", line 368, in _send
    n = write(self._handle, buf)
BrokenPipeError: [Errno 32] Broken pipe

During handling of the above exception, another exception occurred:

Traceback (most recent call last):
  File "/usr/lib/python3.10/multiprocessing/process.py", line 314, in _bootstrap
    self.run()
  File "/usr/lib/python3.10/multiprocessing/process.py", line 108, in run
    self._target(*self._args, **self._kwargs)
  File "/usr/lib/python3.10/multiprocessing/pool.py", line 136, in worker
    put((job, i, (False, wrapped)))
  File "/usr/lib/python3.10/multiprocessing/queues.py", line 377, in put
    self._writer.send_bytes(obj)
  File "/usr/lib/python3.10/multiprocessing/connection.py", line 200, in send_bytes
    self._send_bytes(m[offset:offset + size])
  File "/usr/lib/python3.10/multiprocessing/connection.py", line 404, in _send_bytes
    self._send(header)
  File "/usr/lib/python3.10/multiprocessing/connection.py", line 368, in _send
    n = write(self._handle, buf)
BrokenPipeError: [Errno 32] Broken pipe
Process SpawnPoolWorker-28:
Traceback (most recent call last):
  File "/usr/lib/python3.10/multiprocessing/pool.py", line 131, in worker
    put((job, i, result))
  File "/usr/lib/python3.10/multiprocessing/queues.py", line 377, in put
    self._writer.send_bytes(obj)
  File "/usr/lib/python3.10/multiprocessing/connection.py", line 200, in send_bytes
    self._send_bytes(m[offset:offset + size])
  File "/usr/lib/python3.10/multiprocessing/connection.py", line 404, in _send_bytes
    self._send(header)
  File "/usr/lib/python3.10/multiprocessing/connection.py", line 368, in _send
    n = write(self._handle, buf)
BrokenPipeError: [Errno 32] Broken pipe

During handling of the above exception, another exception occurred:

Traceback (most recent call last):
  File "/usr/lib/python3.10/multiprocessing/process.py", line 314, in _bootstrap
    self.run()
  File "/usr/lib/python3.10/multiprocessing/process.py", line 108, in run
    self._target(*self._args, **self._kwargs)
  File "/usr/lib/python3.10/multiprocessing/pool.py", line 136, in worker
    put((job, i, (False, wrapped)))
  File "/usr/lib/python3.10/multiprocessing/queues.py", line 377, in put
    self._writer.send_bytes(obj)
  File "/usr/lib/python3.10/multiprocessing/connection.py", line 200, in send_bytes
    self._send_bytes(m[offset:offset + size])
  File "/usr/lib/python3.10/multiprocessing/connection.py", line 404, in _send_bytes
    self._send(header)
  File "/usr/lib/python3.10/multiprocessing/connection.py", line 368, in _send
    n = write(self._handle, buf)
BrokenPipeError: [Errno 32] Broken pipe
Process SpawnPoolWorker-33:
Traceback (most recent call last):
  File "/usr/lib/python3.10/multiprocessing/pool.py", line 131, in worker
    put((job, i, result))
  File "/usr/lib/python3.10/multiprocessing/queues.py", line 377, in put
    self._writer.send_bytes(obj)
  File "/usr/lib/python3.10/multiprocessing/connection.py", line 200, in send_bytes
    self._send_bytes(m[offset:offset + size])
  File "/usr/lib/python3.10/multiprocessing/connection.py", line 404, in _send_bytes
    self._send(header)
  File "/usr/lib/python3.10/multiprocessing/connection.py", line 368, in _send
    n = write(self._handle, buf)
BrokenPipeError: [Errno 32] Broken pipe

During handling of the above exception, another exception occurred:

Traceback (most recent call last):
  File "/usr/lib/python3.10/multiprocessing/process.py", line 314, in _bootstrap
    self.run()
  File "/usr/lib/python3.10/multiprocessing/process.py", line 108, in run
    self._target(*self._args, **self._kwargs)
  File "/usr/lib/python3.10/multiprocessing/pool.py", line 136, in worker
    put((job, i, (False, wrapped)))
  File "/usr/lib/python3.10/multiprocessing/queues.py", line 377, in put
    self._writer.send_bytes(obj)
  File "/usr/lib/python3.10/multiprocessing/connection.py", line 200, in send_bytes
    self._send_bytes(m[offset:offset + size])
  File "/usr/lib/python3.10/multiprocessing/connection.py", line 404, in _send_bytes
    self._send(header)
  File "/usr/lib/python3.10/multiprocessing/connection.py", line 368, in _send
    n = write(self._handle, buf)
BrokenPipeError: [Errno 32] Broken pipe
Process SpawnPoolWorker-17:
Traceback (most recent call last):
  File "/usr/lib/python3.10/multiprocessing/pool.py", line 131, in worker
    put((job, i, result))
  File "/usr/lib/python3.10/multiprocessing/queues.py", line 377, in put
    self._writer.send_bytes(obj)
  File "/usr/lib/python3.10/multiprocessing/connection.py", line 200, in send_bytes
    self._send_bytes(m[offset:offset + size])
  File "/usr/lib/python3.10/multiprocessing/connection.py", line 404, in _send_bytes
    self._send(header)
  File "/usr/lib/python3.10/multiprocessing/connection.py", line 368, in _send
    n = write(self._handle, buf)
BrokenPipeError: [Errno 32] Broken pipe

During handling of the above exception, another exception occurred:

Traceback (most recent call last):
  File "/usr/lib/python3.10/multiprocessing/process.py", line 314, in _bootstrap
    self.run()
  File "/usr/lib/python3.10/multiprocessing/process.py", line 108, in run
    self._target(*self._args, **self._kwargs)
  File "/usr/lib/python3.10/multiprocessing/pool.py", line 136, in worker
    put((job, i, (False, wrapped)))
  File "/usr/lib/python3.10/multiprocessing/queues.py", line 377, in put
    self._writer.send_bytes(obj)
  File "/usr/lib/python3.10/multiprocessing/connection.py", line 200, in send_bytes
    self._send_bytes(m[offset:offset + size])
  File "/usr/lib/python3.10/multiprocessing/connection.py", line 404, in _send_bytes
    self._send(header)
  File "/usr/lib/python3.10/multiprocessing/connection.py", line 368, in _send
    n = write(self._handle, buf)
BrokenPipeError: [Errno 32] Broken pipe
Process SpawnPoolWorker-57:
Traceback (most recent call last):
  File "/usr/lib/python3.10/multiprocessing/pool.py", line 131, in worker
    put((job, i, result))
  File "/usr/lib/python3.10/multiprocessing/queues.py", line 377, in put
    self._writer.send_bytes(obj)
  File "/usr/lib/python3.10/multiprocessing/connection.py", line 200, in send_bytes
    self._send_bytes(m[offset:offset + size])
  File "/usr/lib/python3.10/multiprocessing/connection.py", line 404, in _send_bytes
    self._send(header)
  File "/usr/lib/python3.10/multiprocessing/connection.py", line 368, in _send
    n = write(self._handle, buf)
BrokenPipeError: [Errno 32] Broken pipe

During handling of the above exception, another exception occurred:

Traceback (most recent call last):
  File "/usr/lib/python3.10/multiprocessing/process.py", line 314, in _bootstrap
    self.run()
  File "/usr/lib/python3.10/multiprocessing/process.py", line 108, in run
    self._target(*self._args, **self._kwargs)
  File "/usr/lib/python3.10/multiprocessing/pool.py", line 136, in worker
    put((job, i, (False, wrapped)))
  File "/usr/lib/python3.10/multiprocessing/queues.py", line 377, in put
    self._writer.send_bytes(obj)
  File "/usr/lib/python3.10/multiprocessing/connection.py", line 200, in send_bytes
    self._send_bytes(m[offset:offset + size])
  File "/usr/lib/python3.10/multiprocessing/connection.py", line 404, in _send_bytes
    self._send(header)
  File "/usr/lib/python3.10/multiprocessing/connection.py", line 368, in _send
    n = write(self._handle, buf)
BrokenPipeError: [Errno 32] Broken pipe
/usr/lib/python3.10/multiprocessing/resource_tracker.py:224: UserWarning: resource_tracker: There appear to be 7 leaked semaphore objects to clean up at shutdown
  warnings.warn('resource_tracker: There appear to be %d '
