/usr/local/lib/python3.10/dist-packages/torch/cuda/__init__.py:61: FutureWarning: The pynvml package is deprecated. Please install nvidia-ml-py instead. If you did not install pynvml directly, please report this to the maintainers of the package that installed pynvml for you.
  import pynvml  # type: ignore[import]
[resume] partial load: missing=['log_std'] unexpected=[]
[resume] loaded actor from baseline/humanoid21/runs/stage1_20260430_093352/policy/model.pt (algorithm='ppo_stage1_terminal_fall_penalty' update=960 best_eval_length=200.0)
run_dir=/data1/mono/things/combatbench/baseline/humanoid21/runs/curriculum_resumed_20260508_223824
curriculum: max_steps=200 r1_scale=0.02 r2_scale=0.05 r3_scale=10.0 terminal_fall_penalty=1.0 window=3 dwell=5
/usr/local/lib/python3.10/dist-packages/torch/cuda/__init__.py:61: FutureWarning: The pynvml package is deprecated. Please install nvidia-ml-py instead. If you did not install pynvml directly, please report this to the maintainers of the package that installed pynvml for you.
  import pynvml  # type: ignore[import]
/usr/local/lib/python3.10/dist-packages/torch/cuda/__init__.py:61: FutureWarning: The pynvml package is deprecated. Please install nvidia-ml-py instead. If you did not install pynvml directly, please report this to the maintainers of the package that installed pynvml for you.
  import pynvml  # type: ignore[import]
/usr/local/lib/python3.10/dist-packages/torch/cuda/__init__.py:61: FutureWarning: The pynvml package is deprecated. Please install nvidia-ml-py instead. If you did not install pynvml directly, please report this to the maintainers of the package that installed pynvml for you.
  import pynvml  # type: ignore[import]
/usr/local/lib/python3.10/dist-packages/torch/cuda/__init__.py:61: FutureWarning: The pynvml package is deprecated. Please install nvidia-ml-py instead. If you did not install pynvml directly, please report this to the maintainers of the package that installed pynvml for you.
  import pynvml  # type: ignore[import]
/usr/local/lib/python3.10/dist-packages/torch/cuda/__init__.py:61: FutureWarning: The pynvml package is deprecated. Please install nvidia-ml-py instead. If you did not install pynvml directly, please report this to the maintainers of the package that installed pynvml for you.
  import pynvml  # type: ignore[import]
/usr/local/lib/python3.10/dist-packages/torch/cuda/__init__.py:61: FutureWarning: The pynvml package is deprecated. Please install nvidia-ml-py instead. If you did not install pynvml directly, please report this to the maintainers of the package that installed pynvml for you.
  import pynvml  # type: ignore[import]
/usr/local/lib/python3.10/dist-packages/torch/cuda/__init__.py:61: FutureWarning: The pynvml package is deprecated. Please install nvidia-ml-py instead. If you did not install pynvml directly, please report this to the maintainers of the package that installed pynvml for you.
  import pynvml  # type: ignore[import]
/usr/local/lib/python3.10/dist-packages/torch/cuda/__init__.py:61: FutureWarning: The pynvml package is deprecated. Please install nvidia-ml-py instead. If you did not install pynvml directly, please report this to the maintainers of the package that installed pynvml for you.
  import pynvml  # type: ignore[import]
/usr/local/lib/python3.10/dist-packages/torch/cuda/__init__.py:61: FutureWarning: The pynvml package is deprecated. Please install nvidia-ml-py instead. If you did not install pynvml directly, please report this to the maintainers of the package that installed pynvml for you.
  import pynvml  # type: ignore[import]
/usr/local/lib/python3.10/dist-packages/torch/cuda/__init__.py:61: FutureWarning: The pynvml package is deprecated. Please install nvidia-ml-py instead. If you did not install pynvml directly, please report this to the maintainers of the package that installed pynvml for you.
  import pynvml  # type: ignore[import]
/usr/local/lib/python3.10/dist-packages/torch/cuda/__init__.py:61: FutureWarning: The pynvml package is deprecated. Please install nvidia-ml-py instead. If you did not install pynvml directly, please report this to the maintainers of the package that installed pynvml for you.
  import pynvml  # type: ignore[import]
/usr/local/lib/python3.10/dist-packages/torch/cuda/__init__.py:61: FutureWarning: The pynvml package is deprecated. Please install nvidia-ml-py instead. If you did not install pynvml directly, please report this to the maintainers of the package that installed pynvml for you.
  import pynvml  # type: ignore[import]
/usr/local/lib/python3.10/dist-packages/torch/cuda/__init__.py:61: FutureWarning: The pynvml package is deprecated. Please install nvidia-ml-py instead. If you did not install pynvml directly, please report this to the maintainers of the package that installed pynvml for you.
  import pynvml  # type: ignore[import]
/usr/local/lib/python3.10/dist-packages/torch/cuda/__init__.py:61: FutureWarning: The pynvml package is deprecated. Please install nvidia-ml-py instead. If you did not install pynvml directly, please report this to the maintainers of the package that installed pynvml for you.
  import pynvml  # type: ignore[import]
/usr/local/lib/python3.10/dist-packages/torch/cuda/__init__.py:61: FutureWarning: The pynvml package is deprecated. Please install nvidia-ml-py instead. If you did not install pynvml directly, please report this to the maintainers of the package that installed pynvml for you.
  import pynvml  # type: ignore[import]
/usr/local/lib/python3.10/dist-packages/torch/cuda/__init__.py:61: FutureWarning: The pynvml package is deprecated. Please install nvidia-ml-py instead. If you did not install pynvml directly, please report this to the maintainers of the package that installed pynvml for you.
  import pynvml  # type: ignore[import]
/usr/local/lib/python3.10/dist-packages/torch/cuda/__init__.py:61: FutureWarning: The pynvml package is deprecated. Please install nvidia-ml-py instead. If you did not install pynvml directly, please report this to the maintainers of the package that installed pynvml for you.
  import pynvml  # type: ignore[import]
/usr/local/lib/python3.10/dist-packages/torch/cuda/__init__.py:61: FutureWarning: The pynvml package is deprecated. Please install nvidia-ml-py instead. If you did not install pynvml directly, please report this to the maintainers of the package that installed pynvml for you.
  import pynvml  # type: ignore[import]
/usr/local/lib/python3.10/dist-packages/torch/cuda/__init__.py:61: FutureWarning: The pynvml package is deprecated. Please install nvidia-ml-py instead. If you did not install pynvml directly, please report this to the maintainers of the package that installed pynvml for you.
  import pynvml  # type: ignore[import]
/usr/local/lib/python3.10/dist-packages/torch/cuda/__init__.py:61: FutureWarning: The pynvml package is deprecated. Please install nvidia-ml-py instead. If you did not install pynvml directly, please report this to the maintainers of the package that installed pynvml for you.
  import pynvml  # type: ignore[import]
/usr/local/lib/python3.10/dist-packages/torch/cuda/__init__.py:61: FutureWarning: The pynvml package is deprecated. Please install nvidia-ml-py instead. If you did not install pynvml directly, please report this to the maintainers of the package that installed pynvml for you.
  import pynvml  # type: ignore[import]
/usr/local/lib/python3.10/dist-packages/torch/cuda/__init__.py:61: FutureWarning: The pynvml package is deprecated. Please install nvidia-ml-py instead. If you did not install pynvml directly, please report this to the maintainers of the package that installed pynvml for you.
  import pynvml  # type: ignore[import]
/usr/local/lib/python3.10/dist-packages/torch/cuda/__init__.py:61: FutureWarning: The pynvml package is deprecated. Please install nvidia-ml-py instead. If you did not install pynvml directly, please report this to the maintainers of the package that installed pynvml for you.
  import pynvml  # type: ignore[import]
/usr/local/lib/python3.10/dist-packages/torch/cuda/__init__.py:61: FutureWarning: The pynvml package is deprecated. Please install nvidia-ml-py instead. If you did not install pynvml directly, please report this to the maintainers of the package that installed pynvml for you.
  import pynvml  # type: ignore[import]
/usr/local/lib/python3.10/dist-packages/torch/cuda/__init__.py:61: FutureWarning: The pynvml package is deprecated. Please install nvidia-ml-py instead. If you did not install pynvml directly, please report this to the maintainers of the package that installed pynvml for you.
  import pynvml  # type: ignore[import]
/usr/local/lib/python3.10/dist-packages/torch/cuda/__init__.py:61: FutureWarning: The pynvml package is deprecated. Please install nvidia-ml-py instead. If you did not install pynvml directly, please report this to the maintainers of the package that installed pynvml for you.
  import pynvml  # type: ignore[import]
/usr/local/lib/python3.10/dist-packages/torch/cuda/__init__.py:61: FutureWarning: The pynvml package is deprecated. Please install nvidia-ml-py instead. If you did not install pynvml directly, please report this to the maintainers of the package that installed pynvml for you.
  import pynvml  # type: ignore[import]
/usr/local/lib/python3.10/dist-packages/torch/cuda/__init__.py:61: FutureWarning: The pynvml package is deprecated. Please install nvidia-ml-py instead. If you did not install pynvml directly, please report this to the maintainers of the package that installed pynvml for you.
  import pynvml  # type: ignore[import]
/usr/local/lib/python3.10/dist-packages/torch/cuda/__init__.py:61: FutureWarning: The pynvml package is deprecated. Please install nvidia-ml-py instead. If you did not install pynvml directly, please report this to the maintainers of the package that installed pynvml for you.
  import pynvml  # type: ignore[import]
/usr/local/lib/python3.10/dist-packages/torch/cuda/__init__.py:61: FutureWarning: The pynvml package is deprecated. Please install nvidia-ml-py instead. If you did not install pynvml directly, please report this to the maintainers of the package that installed pynvml for you.
  import pynvml  # type: ignore[import]
/usr/local/lib/python3.10/dist-packages/torch/cuda/__init__.py:61: FutureWarning: The pynvml package is deprecated. Please install nvidia-ml-py instead. If you did not install pynvml directly, please report this to the maintainers of the package that installed pynvml for you.
  import pynvml  # type: ignore[import]
/usr/local/lib/python3.10/dist-packages/torch/cuda/__init__.py:61: FutureWarning: The pynvml package is deprecated. Please install nvidia-ml-py instead. If you did not install pynvml directly, please report this to the maintainers of the package that installed pynvml for you.
  import pynvml  # type: ignore[import]
/usr/local/lib/python3.10/dist-packages/torch/cuda/__init__.py:61: FutureWarning: The pynvml package is deprecated. Please install nvidia-ml-py instead. If you did not install pynvml directly, please report this to the maintainers of the package that installed pynvml for you.
  import pynvml  # type: ignore[import]
/usr/local/lib/python3.10/dist-packages/torch/cuda/__init__.py:61: FutureWarning: The pynvml package is deprecated. Please install nvidia-ml-py instead. If you did not install pynvml directly, please report this to the maintainers of the package that installed pynvml for you.
  import pynvml  # type: ignore[import]
/usr/local/lib/python3.10/dist-packages/torch/cuda/__init__.py:61: FutureWarning: The pynvml package is deprecated. Please install nvidia-ml-py instead. If you did not install pynvml directly, please report this to the maintainers of the package that installed pynvml for you.
  import pynvml  # type: ignore[import]
/usr/local/lib/python3.10/dist-packages/torch/cuda/__init__.py:61: FutureWarning: The pynvml package is deprecated. Please install nvidia-ml-py instead. If you did not install pynvml directly, please report this to the maintainers of the package that installed pynvml for you.
  import pynvml  # type: ignore[import]
/usr/local/lib/python3.10/dist-packages/torch/cuda/__init__.py:61: FutureWarning: The pynvml package is deprecated. Please install nvidia-ml-py instead. If you did not install pynvml directly, please report this to the maintainers of the package that installed pynvml for you.
  import pynvml  # type: ignore[import]
/usr/local/lib/python3.10/dist-packages/torch/cuda/__init__.py:61: FutureWarning: The pynvml package is deprecated. Please install nvidia-ml-py instead. If you did not install pynvml directly, please report this to the maintainers of the package that installed pynvml for you.
  import pynvml  # type: ignore[import]
/usr/local/lib/python3.10/dist-packages/torch/cuda/__init__.py:61: FutureWarning: The pynvml package is deprecated. Please install nvidia-ml-py instead. If you did not install pynvml directly, please report this to the maintainers of the package that installed pynvml for you.
  import pynvml  # type: ignore[import]
/usr/local/lib/python3.10/dist-packages/torch/cuda/__init__.py:61: FutureWarning: The pynvml package is deprecated. Please install nvidia-ml-py instead. If you did not install pynvml directly, please report this to the maintainers of the package that installed pynvml for you.
  import pynvml  # type: ignore[import]
/usr/local/lib/python3.10/dist-packages/torch/cuda/__init__.py:61: FutureWarning: The pynvml package is deprecated. Please install nvidia-ml-py instead. If you did not install pynvml directly, please report this to the maintainers of the package that installed pynvml for you.
  import pynvml  # type: ignore[import]
/usr/local/lib/python3.10/dist-packages/torch/cuda/__init__.py:61: FutureWarning: The pynvml package is deprecated. Please install nvidia-ml-py instead. If you did not install pynvml directly, please report this to the maintainers of the package that installed pynvml for you.
  import pynvml  # type: ignore[import]
/usr/local/lib/python3.10/dist-packages/torch/cuda/__init__.py:61: FutureWarning: The pynvml package is deprecated. Please install nvidia-ml-py instead. If you did not install pynvml directly, please report this to the maintainers of the package that installed pynvml for you.
  import pynvml  # type: ignore[import]
/usr/local/lib/python3.10/dist-packages/torch/cuda/__init__.py:61: FutureWarning: The pynvml package is deprecated. Please install nvidia-ml-py instead. If you did not install pynvml directly, please report this to the maintainers of the package that installed pynvml for you.
  import pynvml  # type: ignore[import]
/usr/local/lib/python3.10/dist-packages/torch/cuda/__init__.py:61: FutureWarning: The pynvml package is deprecated. Please install nvidia-ml-py instead. If you did not install pynvml directly, please report this to the maintainers of the package that installed pynvml for you.
  import pynvml  # type: ignore[import]
/usr/local/lib/python3.10/dist-packages/torch/cuda/__init__.py:61: FutureWarning: The pynvml package is deprecated. Please install nvidia-ml-py instead. If you did not install pynvml directly, please report this to the maintainers of the package that installed pynvml for you.
  import pynvml  # type: ignore[import]
/usr/local/lib/python3.10/dist-packages/torch/cuda/__init__.py:61: FutureWarning: The pynvml package is deprecated. Please install nvidia-ml-py instead. If you did not install pynvml directly, please report this to the maintainers of the package that installed pynvml for you.
  import pynvml  # type: ignore[import]
/usr/local/lib/python3.10/dist-packages/torch/cuda/__init__.py:61: FutureWarning: The pynvml package is deprecated. Please install nvidia-ml-py instead. If you did not install pynvml directly, please report this to the maintainers of the package that installed pynvml for you.
  import pynvml  # type: ignore[import]
/usr/local/lib/python3.10/dist-packages/torch/cuda/__init__.py:61: FutureWarning: The pynvml package is deprecated. Please install nvidia-ml-py instead. If you did not install pynvml directly, please report this to the maintainers of the package that installed pynvml for you.
  import pynvml  # type: ignore[import]
/usr/local/lib/python3.10/dist-packages/torch/cuda/__init__.py:61: FutureWarning: The pynvml package is deprecated. Please install nvidia-ml-py instead. If you did not install pynvml directly, please report this to the maintainers of the package that installed pynvml for you.
  import pynvml  # type: ignore[import]
/usr/local/lib/python3.10/dist-packages/torch/cuda/__init__.py:61: FutureWarning: The pynvml package is deprecated. Please install nvidia-ml-py instead. If you did not install pynvml directly, please report this to the maintainers of the package that installed pynvml for you.
  import pynvml  # type: ignore[import]
/usr/local/lib/python3.10/dist-packages/torch/cuda/__init__.py:61: FutureWarning: The pynvml package is deprecated. Please install nvidia-ml-py instead. If you did not install pynvml directly, please report this to the maintainers of the package that installed pynvml for you.
  import pynvml  # type: ignore[import]
/usr/local/lib/python3.10/dist-packages/torch/cuda/__init__.py:61: FutureWarning: The pynvml package is deprecated. Please install nvidia-ml-py instead. If you did not install pynvml directly, please report this to the maintainers of the package that installed pynvml for you.
  import pynvml  # type: ignore[import]
/usr/local/lib/python3.10/dist-packages/torch/cuda/__init__.py:61: FutureWarning: The pynvml package is deprecated. Please install nvidia-ml-py instead. If you did not install pynvml directly, please report this to the maintainers of the package that installed pynvml for you.
  import pynvml  # type: ignore[import]
/usr/local/lib/python3.10/dist-packages/torch/cuda/__init__.py:61: FutureWarning: The pynvml package is deprecated. Please install nvidia-ml-py instead. If you did not install pynvml directly, please report this to the maintainers of the package that installed pynvml for you.
  import pynvml  # type: ignore[import]
/usr/local/lib/python3.10/dist-packages/torch/cuda/__init__.py:61: FutureWarning: The pynvml package is deprecated. Please install nvidia-ml-py instead. If you did not install pynvml directly, please report this to the maintainers of the package that installed pynvml for you.
  import pynvml  # type: ignore[import]
/usr/local/lib/python3.10/dist-packages/torch/cuda/__init__.py:61: FutureWarning: The pynvml package is deprecated. Please install nvidia-ml-py instead. If you did not install pynvml directly, please report this to the maintainers of the package that installed pynvml for you.
  import pynvml  # type: ignore[import]
/usr/local/lib/python3.10/dist-packages/torch/cuda/__init__.py:61: FutureWarning: The pynvml package is deprecated. Please install nvidia-ml-py instead. If you did not install pynvml directly, please report this to the maintainers of the package that installed pynvml for you.
  import pynvml  # type: ignore[import]
/usr/local/lib/python3.10/dist-packages/torch/cuda/__init__.py:61: FutureWarning: The pynvml package is deprecated. Please install nvidia-ml-py instead. If you did not install pynvml directly, please report this to the maintainers of the package that installed pynvml for you.
  import pynvml  # type: ignore[import]
/usr/local/lib/python3.10/dist-packages/torch/cuda/__init__.py:61: FutureWarning: The pynvml package is deprecated. Please install nvidia-ml-py instead. If you did not install pynvml directly, please report this to the maintainers of the package that installed pynvml for you.
  import pynvml  # type: ignore[import]
/usr/local/lib/python3.10/dist-packages/torch/cuda/__init__.py:61: FutureWarning: The pynvml package is deprecated. Please install nvidia-ml-py instead. If you did not install pynvml directly, please report this to the maintainers of the package that installed pynvml for you.
  import pynvml  # type: ignore[import]
/usr/local/lib/python3.10/dist-packages/torch/cuda/__init__.py:61: FutureWarning: The pynvml package is deprecated. Please install nvidia-ml-py instead. If you did not install pynvml directly, please report this to the maintainers of the package that installed pynvml for you.
  import pynvml  # type: ignore[import]
/usr/local/lib/python3.10/dist-packages/torch/cuda/__init__.py:61: FutureWarning: The pynvml package is deprecated. Please install nvidia-ml-py instead. If you did not install pynvml directly, please report this to the maintainers of the package that installed pynvml for you.
  import pynvml  # type: ignore[import]
/usr/local/lib/python3.10/dist-packages/torch/cuda/__init__.py:61: FutureWarning: The pynvml package is deprecated. Please install nvidia-ml-py instead. If you did not install pynvml directly, please report this to the maintainers of the package that installed pynvml for you.
  import pynvml  # type: ignore[import]
update=   1 stage=1 weights=(1.0, 0.0, 0.0) reward=-1.0061 len= 24.00 term=1.000 in_range=0.099 r1=-0.304 r2=-18.984 r3=+0.000 term_pen=+1.000 policy_loss=+0.00551 value_loss=+0.18427 kl=0.3049 gate_reason='dwell<5'
update=   2 stage=1 weights=(1.0, 0.0, 0.0) reward=-1.0053 len= 23.59 term=1.000 in_range=0.122 r1=-0.264 r2=-17.322 r3=+0.000 term_pen=+1.000 policy_loss=-0.00100 value_loss=+0.08534 kl=0.2364 gate_reason='dwell<5'
update=   3 stage=1 weights=(1.0, 0.0, 0.0) reward=-1.0050 len= 22.03 term=1.000 in_range=0.139 r1=-0.249 r2=-15.933 r3=+0.000 term_pen=+1.000 policy_loss=+0.00718 value_loss=+0.07141 kl=0.1562 gate_reason='dwell<5'
update=   4 stage=1 weights=(1.0, 0.0, 0.0) reward=-1.0050 len= 21.23 term=1.000 in_range=0.160 r1=-0.251 r2=-14.917 r3=+0.000 term_pen=+1.000 policy_loss=-0.00380 value_loss=+0.08240 kl=0.1283 gate_reason='dwell<5'
update=   5 stage=1 weights=(1.0, 0.0, 0.0) reward=-1.0051 len= 20.55 term=1.000 in_range=0.172 r1=-0.255 r2=-14.137 r3=+0.000 term_pen=+1.000 policy_loss=-0.00538 value_loss=+0.08120 kl=0.0472 gate_reason='no-op' | eval_reward=-0.0037 eval_length= 19.19  [new_best]
update=   6 stage=1 weights=(1.0, 0.0, 0.0) reward=-1.0052 len= 20.22 term=1.000 in_range=0.184 r1=-0.261 r2=-13.592 r3=+0.000 term_pen=+1.000 policy_loss=+0.00443 value_loss=+0.06751 kl=0.0802 gate_reason='no-op'
update=   7 stage=1 weights=(1.0, 0.0, 0.0) reward=-1.0051 len= 19.58 term=1.000 in_range=0.197 r1=-0.253 r2=-12.724 r3=+0.000 term_pen=+1.000 policy_loss=-0.00257 value_loss=+0.05283 kl=0.0463 gate_reason='no-op'
update=   8 stage=1 weights=(1.0, 0.0, 0.0) reward=-1.0051 len= 19.18 term=1.000 in_range=0.211 r1=-0.255 r2=-12.063 r3=+0.000 term_pen=+1.000 policy_loss=+0.00412 value_loss=+0.04696 kl=0.0368 gate_reason='no-op'
update=   9 stage=1 weights=(1.0, 0.0, 0.0) reward=-1.0052 len= 18.95 term=1.000 in_range=0.224 r1=-0.261 r2=-11.684 r3=+0.000 term_pen=+1.000 policy_loss=-0.00131 value_loss=+0.04876 kl=0.0280 gate_reason='no-op'
update=  10 stage=1 weights=(1.0, 0.0, 0.0) reward=-1.0051 len= 18.53 term=1.000 in_range=0.221 r1=-0.253 r2=-11.222 r3=+0.000 term_pen=+1.000 policy_loss=+0.00715 value_loss=+0.04424 kl=0.0296 gate_reason='no-op' | eval_reward=-0.0049 eval_length= 16.88
update=  11 stage=1 weights=(1.0, 0.0, 0.0) reward=-1.0049 len= 18.33 term=1.000 in_range=0.225 r1=-0.244 r2=-11.065 r3=+0.000 term_pen=+1.000 policy_loss=+0.00852 value_loss=+0.02324 kl=0.0247 gate_reason='no-op'
update=  12 stage=1 weights=(1.0, 0.0, 0.0) reward=-1.0049 len= 18.33 term=1.000 in_range=0.230 r1=-0.245 r2=-10.887 r3=+0.000 term_pen=+1.000 policy_loss=-0.00306 value_loss=+0.01448 kl=0.0161 gate_reason='no-op'
update=  13 stage=1 weights=(1.0, 0.0, 0.0) reward=-1.0049 len= 18.32 term=1.000 in_range=0.230 r1=-0.245 r2=-10.918 r3=+0.000 term_pen=+1.000 policy_loss=+0.00003 value_loss=+0.00986 kl=0.0210 gate_reason='no-op'
update=  14 stage=1 weights=(1.0, 0.0, 0.0) reward=-1.0051 len= 18.46 term=1.000 in_range=0.227 r1=-0.254 r2=-11.179 r3=+0.000 term_pen=+1.000 policy_loss=+0.00293 value_loss=+0.00868 kl=0.0250 gate_reason='no-op'
update=  15 stage=1 weights=(1.0, 0.0, 0.0) reward=-1.0050 len= 18.46 term=1.000 in_range=0.233 r1=-0.248 r2=-10.944 r3=+0.000 term_pen=+1.000 policy_loss=-0.00137 value_loss=+0.00760 kl=0.0221 gate_reason='no-op' | eval_reward=-0.0036 eval_length= 16.50
update=  16 stage=1 weights=(1.0, 0.0, 0.0) reward=-1.0052 len= 18.49 term=1.000 in_range=0.230 r1=-0.259 r2=-11.109 r3=+0.000 term_pen=+1.000 policy_loss=-0.00811 value_loss=+0.00664 kl=0.0148 gate_reason='no-op'
update=  17 stage=1 weights=(1.0, 0.0, 0.0) reward=-1.0048 len= 18.44 term=1.000 in_range=0.229 r1=-0.242 r2=-10.904 r3=+0.000 term_pen=+1.000 policy_loss=+0.00358 value_loss=+0.00594 kl=0.0255 gate_reason='no-op'
update=  18 stage=1 weights=(1.0, 0.0, 0.0) reward=-1.0051 len= 18.63 term=1.000 in_range=0.228 r1=-0.256 r2=-11.190 r3=+0.000 term_pen=+1.000 policy_loss=-0.00184 value_loss=+0.00575 kl=0.0183 gate_reason='no-op'
update=  19 stage=1 weights=(1.0, 0.0, 0.0) reward=-1.0050 len= 18.57 term=1.000 in_range=0.222 r1=-0.250 r2=-11.226 r3=+0.000 term_pen=+1.000 policy_loss=-0.00226 value_loss=+0.00510 kl=0.0175 gate_reason='no-op'
update=  20 stage=1 weights=(1.0, 0.0, 0.0) reward=-1.0049 len= 18.59 term=1.000 in_range=0.232 r1=-0.244 r2=-11.140 r3=+0.000 term_pen=+1.000 policy_loss=-0.00383 value_loss=+0.00502 kl=0.0175 gate_reason='no-op' | eval_reward=-0.0049 eval_length= 17.88
update=  21 stage=1 weights=(1.0, 0.0, 0.0) reward=-1.0049 len= 18.60 term=1.000 in_range=0.225 r1=-0.245 r2=-11.084 r3=+0.000 term_pen=+1.000 policy_loss=-0.00332 value_loss=+0.00455 kl=0.0181 gate_reason='no-op'
update=  22 stage=1 weights=(1.0, 0.0, 0.0) reward=-1.0049 len= 18.69 term=1.000 in_range=0.233 r1=-0.247 r2=-11.074 r3=+0.000 term_pen=+1.000 policy_loss=-0.00335 value_loss=+0.00434 kl=0.0177 gate_reason='no-op'
update=  23 stage=1 weights=(1.0, 0.0, 0.0) reward=-1.0049 len= 18.53 term=1.000 in_range=0.229 r1=-0.243 r2=-11.119 r3=+0.000 term_pen=+1.000 policy_loss=-0.00115 value_loss=+0.00422 kl=0.0179 gate_reason='no-op'
update=  24 stage=1 weights=(1.0, 0.0, 0.0) reward=-1.0049 len= 18.56 term=1.000 in_range=0.226 r1=-0.243 r2=-11.077 r3=+0.000 term_pen=+1.000 policy_loss=-0.00107 value_loss=+0.00384 kl=0.0155 gate_reason='no-op'
update=  25 stage=1 weights=(1.0, 0.0, 0.0) reward=-1.0048 len= 18.63 term=1.000 in_range=0.229 r1=-0.241 r2=-11.125 r3=+0.000 term_pen=+1.000 policy_loss=+0.00242 value_loss=+0.00354 kl=0.0236 gate_reason='no-op' | eval_reward=-0.0037 eval_length= 19.38  [new_best]
update=  26 stage=1 weights=(1.0, 0.0, 0.0) reward=-1.0049 len= 18.66 term=1.000 in_range=0.234 r1=-0.247 r2=-11.161 r3=+0.000 term_pen=+1.000 policy_loss=+0.00158 value_loss=+0.00360 kl=0.0214 gate_reason='no-op'
update=  27 stage=1 weights=(1.0, 0.0, 0.0) reward=-1.0048 len= 18.90 term=1.000 in_range=0.224 r1=-0.240 r2=-11.604 r3=+0.000 term_pen=+1.000 policy_loss=-0.00162 value_loss=+0.00350 kl=0.0170 gate_reason='no-op'
update=  28 stage=1 weights=(1.0, 0.0, 0.0) reward=-1.0049 len= 19.05 term=1.000 in_range=0.225 r1=-0.244 r2=-11.589 r3=+0.000 term_pen=+1.000 policy_loss=-0.00028 value_loss=+0.00347 kl=0.0205 gate_reason='no-op'
update=  29 stage=1 weights=(1.0, 0.0, 0.0) reward=-1.0048 len= 19.05 term=1.000 in_range=0.224 r1=-0.242 r2=-11.580 r3=+0.000 term_pen=+1.000 policy_loss=-0.00266 value_loss=+0.00310 kl=0.0166 gate_reason='no-op'
update=  30 stage=1 weights=(1.0, 0.0, 0.0) reward=-1.0047 len= 18.92 term=1.000 in_range=0.228 r1=-0.236 r2=-11.439 r3=+0.000 term_pen=+1.000 policy_loss=-0.00397 value_loss=+0.00307 kl=0.0120 gate_reason='no-op' | eval_reward=-0.0031 eval_length= 17.12
update=  31 stage=1 weights=(1.0, 0.0, 0.0) reward=-1.0044 len= 19.18 term=1.000 in_range=0.226 r1=-0.220 r2=-11.669 r3=+0.000 term_pen=+1.000 policy_loss=-0.00516 value_loss=+0.00292 kl=0.0155 gate_reason='no-op'
update=  32 stage=1 weights=(1.0, 0.0, 0.0) reward=-1.0046 len= 19.22 term=1.000 in_range=0.230 r1=-0.229 r2=-11.447 r3=+0.000 term_pen=+1.000 policy_loss=-0.00421 value_loss=+0.00275 kl=0.0151 gate_reason='no-op'
update=  33 stage=1 weights=(1.0, 0.0, 0.0) reward=-1.0047 len= 19.17 term=1.000 in_range=0.232 r1=-0.236 r2=-11.427 r3=+0.000 term_pen=+1.000 policy_loss=-0.00588 value_loss=+0.00264 kl=0.0131 gate_reason='no-op'
update=  34 stage=1 weights=(1.0, 0.0, 0.0) reward=-1.0047 len= 19.19 term=1.000 in_range=0.234 r1=-0.233 r2=-11.389 r3=+0.000 term_pen=+1.000 policy_loss=-0.00272 value_loss=+0.00234 kl=0.0159 gate_reason='no-op'
update=  35 stage=1 weights=(1.0, 0.0, 0.0) reward=-1.0046 len= 19.24 term=1.000 in_range=0.238 r1=-0.232 r2=-11.390 r3=+0.000 term_pen=+1.000 policy_loss=-0.00333 value_loss=+0.00228 kl=0.0152 gate_reason='no-op' | eval_reward=-0.0033 eval_length= 18.25
update=  36 stage=1 weights=(1.0, 0.0, 0.0) reward=-1.0046 len= 19.34 term=1.000 in_range=0.235 r1=-0.228 r2=-11.314 r3=+0.000 term_pen=+1.000 policy_loss=+0.00545 value_loss=+0.00240 kl=0.0300 gate_reason='no-op'
update=  37 stage=1 weights=(1.0, 0.0, 0.0) reward=-1.0045 len= 19.23 term=1.000 in_range=0.237 r1=-0.224 r2=-11.288 r3=+0.000 term_pen=+1.000 policy_loss=-0.00589 value_loss=+0.00212 kl=0.0141 gate_reason='no-op'
update=  38 stage=1 weights=(1.0, 0.0, 0.0) reward=-1.0046 len= 19.33 term=1.000 in_range=0.233 r1=-0.229 r2=-11.498 r3=+0.000 term_pen=+1.000 policy_loss=-0.00439 value_loss=+0.00207 kl=0.0157 gate_reason='no-op'
update=  39 stage=1 weights=(1.0, 0.0, 0.0) reward=-1.0044 len= 19.40 term=1.000 in_range=0.232 r1=-0.219 r2=-11.523 r3=+0.000 term_pen=+1.000 policy_loss=+0.00506 value_loss=+0.00204 kl=0.0260 gate_reason='no-op'
update=  40 stage=1 weights=(1.0, 0.0, 0.0) reward=-1.0044 len= 19.71 term=1.000 in_range=0.229 r1=-0.221 r2=-11.760 r3=+0.000 term_pen=+1.000 policy_loss=-0.00052 value_loss=+0.00217 kl=0.0156 gate_reason='no-op' | eval_reward=-0.0024 eval_length= 18.75
update=  41 stage=1 weights=(1.0, 0.0, 0.0) reward=-1.0043 len= 19.74 term=1.000 in_range=0.224 r1=-0.216 r2=-11.799 r3=+0.000 term_pen=+1.000 policy_loss=-0.00172 value_loss=+0.00200 kl=0.0167 gate_reason='no-op'
update=  42 stage=1 weights=(1.0, 0.0, 0.0) reward=-1.0044 len= 19.65 term=1.000 in_range=0.227 r1=-0.218 r2=-11.766 r3=+0.000 term_pen=+1.000 policy_loss=-0.00171 value_loss=+0.00199 kl=0.0178 gate_reason='no-op'
update=  43 stage=1 weights=(1.0, 0.0, 0.0) reward=-1.0045 len= 19.80 term=1.000 in_range=0.220 r1=-0.224 r2=-11.861 r3=+0.000 term_pen=+1.000 policy_loss=-0.00009 value_loss=+0.00186 kl=0.0200 gate_reason='no-op'
update=  44 stage=1 weights=(1.0, 0.0, 0.0) reward=-1.0042 len= 19.73 term=1.000 in_range=0.229 r1=-0.211 r2=-11.761 r3=+0.000 term_pen=+1.000 policy_loss=-0.00329 value_loss=+0.00187 kl=0.0182 gate_reason='no-op'
Process SpawnPoolWorker-63:
Traceback (most recent call last):
  File "/usr/lib/python3.10/multiprocessing/pool.py", line 131, in worker
    put((job, i, result))
  File "/usr/lib/python3.10/multiprocessing/queues.py", line 377, in put
    self._writer.send_bytes(obj)
  File "/usr/lib/python3.10/multiprocessing/connection.py", line 200, in send_bytes
    self._send_bytes(m[offset:offset + size])
  File "/usr/lib/python3.10/multiprocessing/connection.py", line 404, in _send_bytes
    self._send(header)
  File "/usr/lib/python3.10/multiprocessing/connection.py", line 368, in _send
    n = write(self._handle, buf)
BrokenPipeError: [Errno 32] Broken pipe

During handling of the above exception, another exception occurred:

Traceback (most recent call last):
  File "/usr/lib/python3.10/multiprocessing/process.py", line 314, in _bootstrap
    self.run()
  File "/usr/lib/python3.10/multiprocessing/process.py", line 108, in run
    self._target(*self._args, **self._kwargs)
  File "/usr/lib/python3.10/multiprocessing/pool.py", line 136, in worker
    put((job, i, (False, wrapped)))
  File "/usr/lib/python3.10/multiprocessing/queues.py", line 377, in put
    self._writer.send_bytes(obj)
  File "/usr/lib/python3.10/multiprocessing/connection.py", line 200, in send_bytes
    self._send_bytes(m[offset:offset + size])
  File "/usr/lib/python3.10/multiprocessing/connection.py", line 404, in _send_bytes
    self._send(header)
  File "/usr/lib/python3.10/multiprocessing/connection.py", line 368, in _send
    n = write(self._handle, buf)
BrokenPipeError: [Errno 32] Broken pipe
Process SpawnPoolWorker-32:
Traceback (most recent call last):
  File "/usr/lib/python3.10/multiprocessing/pool.py", line 131, in worker
    put((job, i, result))
  File "/usr/lib/python3.10/multiprocessing/queues.py", line 377, in put
    self._writer.send_bytes(obj)
  File "/usr/lib/python3.10/multiprocessing/connection.py", line 200, in send_bytes
    self._send_bytes(m[offset:offset + size])
  File "/usr/lib/python3.10/multiprocessing/connection.py", line 404, in _send_bytes
    self._send(header)
  File "/usr/lib/python3.10/multiprocessing/connection.py", line 368, in _send
    n = write(self._handle, buf)
BrokenPipeError: [Errno 32] Broken pipe

During handling of the above exception, another exception occurred:

Traceback (most recent call last):
  File "/usr/lib/python3.10/multiprocessing/process.py", line 314, in _bootstrap
    self.run()
  File "/usr/lib/python3.10/multiprocessing/process.py", line 108, in run
    self._target(*self._args, **self._kwargs)
  File "/usr/lib/python3.10/multiprocessing/pool.py", line 136, in worker
    put((job, i, (False, wrapped)))
  File "/usr/lib/python3.10/multiprocessing/queues.py", line 377, in put
    self._writer.send_bytes(obj)
  File "/usr/lib/python3.10/multiprocessing/connection.py", line 200, in send_bytes
    self._send_bytes(m[offset:offset + size])
  File "/usr/lib/python3.10/multiprocessing/connection.py", line 404, in _send_bytes
    self._send(header)
  File "/usr/lib/python3.10/multiprocessing/connection.py", line 368, in _send
    n = write(self._handle, buf)
BrokenPipeError: [Errno 32] Broken pipe
Process SpawnPoolWorker-31:
Traceback (most recent call last):
  File "/usr/lib/python3.10/multiprocessing/pool.py", line 131, in worker
    put((job, i, result))
  File "/usr/lib/python3.10/multiprocessing/queues.py", line 377, in put
    self._writer.send_bytes(obj)
  File "/usr/lib/python3.10/multiprocessing/connection.py", line 200, in send_bytes
    self._send_bytes(m[offset:offset + size])
  File "/usr/lib/python3.10/multiprocessing/connection.py", line 404, in _send_bytes
    self._send(header)
  File "/usr/lib/python3.10/multiprocessing/connection.py", line 368, in _send
    n = write(self._handle, buf)
BrokenPipeError: [Errno 32] Broken pipe

During handling of the above exception, another exception occurred:

Traceback (most recent call last):
  File "/usr/lib/python3.10/multiprocessing/process.py", line 314, in _bootstrap
    self.run()
  File "/usr/lib/python3.10/multiprocessing/process.py", line 108, in run
    self._target(*self._args, **self._kwargs)
  File "/usr/lib/python3.10/multiprocessing/pool.py", line 136, in worker
    put((job, i, (False, wrapped)))
  File "/usr/lib/python3.10/multiprocessing/queues.py", line 377, in put
    self._writer.send_bytes(obj)
  File "/usr/lib/python3.10/multiprocessing/connection.py", line 200, in send_bytes
    self._send_bytes(m[offset:offset + size])
  File "/usr/lib/python3.10/multiprocessing/connection.py", line 404, in _send_bytes
    self._send(header)
  File "/usr/lib/python3.10/multiprocessing/connection.py", line 368, in _send
    n = write(self._handle, buf)
BrokenPipeError: [Errno 32] Broken pipe
Process SpawnPoolWorker-15:
Traceback (most recent call last):
  File "/usr/lib/python3.10/multiprocessing/pool.py", line 131, in worker
    put((job, i, result))
  File "/usr/lib/python3.10/multiprocessing/queues.py", line 377, in put
    self._writer.send_bytes(obj)
  File "/usr/lib/python3.10/multiprocessing/connection.py", line 200, in send_bytes
    self._send_bytes(m[offset:offset + size])
  File "/usr/lib/python3.10/multiprocessing/connection.py", line 404, in _send_bytes
    self._send(header)
  File "/usr/lib/python3.10/multiprocessing/connection.py", line 368, in _send
    n = write(self._handle, buf)
BrokenPipeError: [Errno 32] Broken pipe

During handling of the above exception, another exception occurred:

Traceback (most recent call last):
  File "/usr/lib/python3.10/multiprocessing/process.py", line 314, in _bootstrap
    self.run()
  File "/usr/lib/python3.10/multiprocessing/process.py", line 108, in run
    self._target(*self._args, **self._kwargs)
  File "/usr/lib/python3.10/multiprocessing/pool.py", line 136, in worker
    put((job, i, (False, wrapped)))
  File "/usr/lib/python3.10/multiprocessing/queues.py", line 377, in put
    self._writer.send_bytes(obj)
  File "/usr/lib/python3.10/multiprocessing/connection.py", line 200, in send_bytes
    self._send_bytes(m[offset:offset + size])
  File "/usr/lib/python3.10/multiprocessing/connection.py", line 404, in _send_bytes
    self._send(header)
  File "/usr/lib/python3.10/multiprocessing/connection.py", line 368, in _send
    n = write(self._handle, buf)
BrokenPipeError: [Errno 32] Broken pipe
Process SpawnPoolWorker-2:
Traceback (most recent call last):
  File "/usr/lib/python3.10/multiprocessing/pool.py", line 131, in worker
    put((job, i, result))
  File "/usr/lib/python3.10/multiprocessing/queues.py", line 377, in put
    self._writer.send_bytes(obj)
  File "/usr/lib/python3.10/multiprocessing/connection.py", line 200, in send_bytes
    self._send_bytes(m[offset:offset + size])
  File "/usr/lib/python3.10/multiprocessing/connection.py", line 404, in _send_bytes
    self._send(header)
  File "/usr/lib/python3.10/multiprocessing/connection.py", line 368, in _send
    n = write(self._handle, buf)
BrokenPipeError: [Errno 32] Broken pipe

During handling of the above exception, another exception occurred:

Traceback (most recent call last):
  File "/usr/lib/python3.10/multiprocessing/process.py", line 314, in _bootstrap
    self.run()
  File "/usr/lib/python3.10/multiprocessing/process.py", line 108, in run
    self._target(*self._args, **self._kwargs)
  File "/usr/lib/python3.10/multiprocessing/pool.py", line 136, in worker
    put((job, i, (False, wrapped)))
  File "/usr/lib/python3.10/multiprocessing/queues.py", line 377, in put
    self._writer.send_bytes(obj)
  File "/usr/lib/python3.10/multiprocessing/connection.py", line 200, in send_bytes
    self._send_bytes(m[offset:offset + size])
  File "/usr/lib/python3.10/multiprocessing/connection.py", line 404, in _send_bytes
    self._send(header)
  File "/usr/lib/python3.10/multiprocessing/connection.py", line 368, in _send
    n = write(self._handle, buf)
BrokenPipeError: [Errno 32] Broken pipe
Process SpawnPoolWorker-10:
Traceback (most recent call last):
  File "/usr/lib/python3.10/multiprocessing/pool.py", line 131, in worker
    put((job, i, result))
  File "/usr/lib/python3.10/multiprocessing/queues.py", line 377, in put
    self._writer.send_bytes(obj)
  File "/usr/lib/python3.10/multiprocessing/connection.py", line 200, in send_bytes
    self._send_bytes(m[offset:offset + size])
  File "/usr/lib/python3.10/multiprocessing/connection.py", line 404, in _send_bytes
    self._send(header)
  File "/usr/lib/python3.10/multiprocessing/connection.py", line 368, in _send
    n = write(self._handle, buf)
BrokenPipeError: [Errno 32] Broken pipe

During handling of the above exception, another exception occurred:

Traceback (most recent call last):
  File "/usr/lib/python3.10/multiprocessing/process.py", line 314, in _bootstrap
    self.run()
  File "/usr/lib/python3.10/multiprocessing/process.py", line 108, in run
    self._target(*self._args, **self._kwargs)
  File "/usr/lib/python3.10/multiprocessing/pool.py", line 136, in worker
    put((job, i, (False, wrapped)))
  File "/usr/lib/python3.10/multiprocessing/queues.py", line 377, in put
    self._writer.send_bytes(obj)
  File "/usr/lib/python3.10/multiprocessing/connection.py", line 200, in send_bytes
    self._send_bytes(m[offset:offset + size])
  File "/usr/lib/python3.10/multiprocessing/connection.py", line 404, in _send_bytes
    self._send(header)
  File "/usr/lib/python3.10/multiprocessing/connection.py", line 368, in _send
    n = write(self._handle, buf)
BrokenPipeError: [Errno 32] Broken pipe
Process SpawnPoolWorker-18:
Traceback (most recent call last):
  File "/usr/lib/python3.10/multiprocessing/pool.py", line 131, in worker
    put((job, i, result))
  File "/usr/lib/python3.10/multiprocessing/queues.py", line 377, in put
    self._writer.send_bytes(obj)
  File "/usr/lib/python3.10/multiprocessing/connection.py", line 200, in send_bytes
    self._send_bytes(m[offset:offset + size])
  File "/usr/lib/python3.10/multiprocessing/connection.py", line 404, in _send_bytes
    self._send(header)
  File "/usr/lib/python3.10/multiprocessing/connection.py", line 368, in _send
    n = write(self._handle, buf)
BrokenPipeError: [Errno 32] Broken pipe

During handling of the above exception, another exception occurred:

Traceback (most recent call last):
  File "/usr/lib/python3.10/multiprocessing/process.py", line 314, in _bootstrap
    self.run()
  File "/usr/lib/python3.10/multiprocessing/process.py", line 108, in run
    self._target(*self._args, **self._kwargs)
  File "/usr/lib/python3.10/multiprocessing/pool.py", line 136, in worker
    put((job, i, (False, wrapped)))
  File "/usr/lib/python3.10/multiprocessing/queues.py", line 377, in put
    self._writer.send_bytes(obj)
  File "/usr/lib/python3.10/multiprocessing/connection.py", line 200, in send_bytes
    self._send_bytes(m[offset:offset + size])
  File "/usr/lib/python3.10/multiprocessing/connection.py", line 404, in _send_bytes
    self._send(header)
  File "/usr/lib/python3.10/multiprocessing/connection.py", line 368, in _send
    n = write(self._handle, buf)
BrokenPipeError: [Errno 32] Broken pipe
Process SpawnPoolWorker-33:
Traceback (most recent call last):
  File "/usr/lib/python3.10/multiprocessing/pool.py", line 131, in worker
    put((job, i, result))
  File "/usr/lib/python3.10/multiprocessing/queues.py", line 377, in put
    self._writer.send_bytes(obj)
  File "/usr/lib/python3.10/multiprocessing/connection.py", line 200, in send_bytes
    self._send_bytes(m[offset:offset + size])
  File "/usr/lib/python3.10/multiprocessing/connection.py", line 404, in _send_bytes
    self._send(header)
  File "/usr/lib/python3.10/multiprocessing/connection.py", line 368, in _send
    n = write(self._handle, buf)
BrokenPipeError: [Errno 32] Broken pipe

During handling of the above exception, another exception occurred:

Traceback (most recent call last):
  File "/usr/lib/python3.10/multiprocessing/process.py", line 314, in _bootstrap
    self.run()
  File "/usr/lib/python3.10/multiprocessing/process.py", line 108, in run
    self._target(*self._args, **self._kwargs)
  File "/usr/lib/python3.10/multiprocessing/pool.py", line 136, in worker
    put((job, i, (False, wrapped)))
  File "/usr/lib/python3.10/multiprocessing/queues.py", line 377, in put
    self._writer.send_bytes(obj)
  File "/usr/lib/python3.10/multiprocessing/connection.py", line 200, in send_bytes
    self._send_bytes(m[offset:offset + size])
  File "/usr/lib/python3.10/multiprocessing/connection.py", line 404, in _send_bytes
    self._send(header)
  File "/usr/lib/python3.10/multiprocessing/connection.py", line 368, in _send
    n = write(self._handle, buf)
BrokenPipeError: [Errno 32] Broken pipe
Process SpawnPoolWorker-53:
Traceback (most recent call last):
  File "/usr/lib/python3.10/multiprocessing/pool.py", line 131, in worker
    put((job, i, result))
  File "/usr/lib/python3.10/multiprocessing/queues.py", line 377, in put
    self._writer.send_bytes(obj)
  File "/usr/lib/python3.10/multiprocessing/connection.py", line 200, in send_bytes
    self._send_bytes(m[offset:offset + size])
  File "/usr/lib/python3.10/multiprocessing/connection.py", line 404, in _send_bytes
    self._send(header)
  File "/usr/lib/python3.10/multiprocessing/connection.py", line 368, in _send
    n = write(self._handle, buf)
BrokenPipeError: [Errno 32] Broken pipe

During handling of the above exception, another exception occurred:

Traceback (most recent call last):
  File "/usr/lib/python3.10/multiprocessing/process.py", line 314, in _bootstrap
    self.run()
  File "/usr/lib/python3.10/multiprocessing/process.py", line 108, in run
    self._target(*self._args, **self._kwargs)
  File "/usr/lib/python3.10/multiprocessing/pool.py", line 136, in worker
    put((job, i, (False, wrapped)))
  File "/usr/lib/python3.10/multiprocessing/queues.py", line 377, in put
    self._writer.send_bytes(obj)
  File "/usr/lib/python3.10/multiprocessing/connection.py", line 200, in send_bytes
    self._send_bytes(m[offset:offset + size])
  File "/usr/lib/python3.10/multiprocessing/connection.py", line 404, in _send_bytes
    self._send(header)
  File "/usr/lib/python3.10/multiprocessing/connection.py", line 368, in _send
    n = write(self._handle, buf)
BrokenPipeError: [Errno 32] Broken pipe
Process SpawnPoolWorker-12:
Traceback (most recent call last):
  File "/usr/lib/python3.10/multiprocessing/pool.py", line 131, in worker
    put((job, i, result))
  File "/usr/lib/python3.10/multiprocessing/queues.py", line 377, in put
    self._writer.send_bytes(obj)
  File "/usr/lib/python3.10/multiprocessing/connection.py", line 200, in send_bytes
    self._send_bytes(m[offset:offset + size])
  File "/usr/lib/python3.10/multiprocessing/connection.py", line 404, in _send_bytes
    self._send(header)
  File "/usr/lib/python3.10/multiprocessing/connection.py", line 368, in _send
    n = write(self._handle, buf)
BrokenPipeError: [Errno 32] Broken pipe

During handling of the above exception, another exception occurred:

Traceback (most recent call last):
  File "/usr/lib/python3.10/multiprocessing/process.py", line 314, in _bootstrap
    self.run()
  File "/usr/lib/python3.10/multiprocessing/process.py", line 108, in run
    self._target(*self._args, **self._kwargs)
  File "/usr/lib/python3.10/multiprocessing/pool.py", line 136, in worker
    put((job, i, (False, wrapped)))
  File "/usr/lib/python3.10/multiprocessing/queues.py", line 377, in put
    self._writer.send_bytes(obj)
  File "/usr/lib/python3.10/multiprocessing/connection.py", line 200, in send_bytes
    self._send_bytes(m[offset:offset + size])
  File "/usr/lib/python3.10/multiprocessing/connection.py", line 404, in _send_bytes
    self._send(header)
  File "/usr/lib/python3.10/multiprocessing/connection.py", line 368, in _send
    n = write(self._handle, buf)
BrokenPipeError: [Errno 32] Broken pipe
Process SpawnPoolWorker-29:
Traceback (most recent call last):
  File "/usr/lib/python3.10/multiprocessing/pool.py", line 131, in worker
    put((job, i, result))
  File "/usr/lib/python3.10/multiprocessing/queues.py", line 377, in put
    self._writer.send_bytes(obj)
  File "/usr/lib/python3.10/multiprocessing/connection.py", line 200, in send_bytes
    self._send_bytes(m[offset:offset + size])
  File "/usr/lib/python3.10/multiprocessing/connection.py", line 404, in _send_bytes
    self._send(header)
  File "/usr/lib/python3.10/multiprocessing/connection.py", line 368, in _send
    n = write(self._handle, buf)
BrokenPipeError: [Errno 32] Broken pipe

During handling of the above exception, another exception occurred:

Traceback (most recent call last):
  File "/usr/lib/python3.10/multiprocessing/process.py", line 314, in _bootstrap
    self.run()
  File "/usr/lib/python3.10/multiprocessing/process.py", line 108, in run
    self._target(*self._args, **self._kwargs)
  File "/usr/lib/python3.10/multiprocessing/pool.py", line 136, in worker
    put((job, i, (False, wrapped)))
  File "/usr/lib/python3.10/multiprocessing/queues.py", line 377, in put
    self._writer.send_bytes(obj)
  File "/usr/lib/python3.10/multiprocessing/connection.py", line 200, in send_bytes
    self._send_bytes(m[offset:offset + size])
  File "/usr/lib/python3.10/multiprocessing/connection.py", line 404, in _send_bytes
    self._send(header)
  File "/usr/lib/python3.10/multiprocessing/connection.py", line 368, in _send
    n = write(self._handle, buf)
BrokenPipeError: [Errno 32] Broken pipe
Process SpawnPoolWorker-64:
Traceback (most recent call last):
  File "/usr/lib/python3.10/multiprocessing/pool.py", line 131, in worker
    put((job, i, result))
  File "/usr/lib/python3.10/multiprocessing/queues.py", line 377, in put
    self._writer.send_bytes(obj)
  File "/usr/lib/python3.10/multiprocessing/connection.py", line 200, in send_bytes
    self._send_bytes(m[offset:offset + size])
  File "/usr/lib/python3.10/multiprocessing/connection.py", line 404, in _send_bytes
    self._send(header)
  File "/usr/lib/python3.10/multiprocessing/connection.py", line 368, in _send
    n = write(self._handle, buf)
BrokenPipeError: [Errno 32] Broken pipe

During handling of the above exception, another exception occurred:

Traceback (most recent call last):
  File "/usr/lib/python3.10/multiprocessing/process.py", line 314, in _bootstrap
    self.run()
  File "/usr/lib/python3.10/multiprocessing/process.py", line 108, in run
    self._target(*self._args, **self._kwargs)
  File "/usr/lib/python3.10/multiprocessing/pool.py", line 136, in worker
    put((job, i, (False, wrapped)))
  File "/usr/lib/python3.10/multiprocessing/queues.py", line 377, in put
    self._writer.send_bytes(obj)
  File "/usr/lib/python3.10/multiprocessing/connection.py", line 200, in send_bytes
    self._send_bytes(m[offset:offset + size])
  File "/usr/lib/python3.10/multiprocessing/connection.py", line 404, in _send_bytes
    self._send(header)
  File "/usr/lib/python3.10/multiprocessing/connection.py", line 368, in _send
    n = write(self._handle, buf)
BrokenPipeError: [Errno 32] Broken pipe
Process SpawnPoolWorker-3:
Traceback (most recent call last):
  File "/usr/lib/python3.10/multiprocessing/pool.py", line 131, in worker
    put((job, i, result))
  File "/usr/lib/python3.10/multiprocessing/queues.py", line 377, in put
    self._writer.send_bytes(obj)
  File "/usr/lib/python3.10/multiprocessing/connection.py", line 200, in send_bytes
    self._send_bytes(m[offset:offset + size])
  File "/usr/lib/python3.10/multiprocessing/connection.py", line 404, in _send_bytes
    self._send(header)
  File "/usr/lib/python3.10/multiprocessing/connection.py", line 368, in _send
    n = write(self._handle, buf)
BrokenPipeError: [Errno 32] Broken pipe

During handling of the above exception, another exception occurred:

Traceback (most recent call last):
  File "/usr/lib/python3.10/multiprocessing/process.py", line 314, in _bootstrap
    self.run()
  File "/usr/lib/python3.10/multiprocessing/process.py", line 108, in run
    self._target(*self._args, **self._kwargs)
  File "/usr/lib/python3.10/multiprocessing/pool.py", line 136, in worker
    put((job, i, (False, wrapped)))
  File "/usr/lib/python3.10/multiprocessing/queues.py", line 377, in put
    self._writer.send_bytes(obj)
  File "/usr/lib/python3.10/multiprocessing/connection.py", line 200, in send_bytes
    self._send_bytes(m[offset:offset + size])
  File "/usr/lib/python3.10/multiprocessing/connection.py", line 404, in _send_bytes
    self._send(header)
  File "/usr/lib/python3.10/multiprocessing/connection.py", line 368, in _send
    n = write(self._handle, buf)
BrokenPipeError: [Errno 32] Broken pipe
Process SpawnPoolWorker-51:
Traceback (most recent call last):
  File "/usr/lib/python3.10/multiprocessing/pool.py", line 131, in worker
    put((job, i, result))
  File "/usr/lib/python3.10/multiprocessing/queues.py", line 377, in put
    self._writer.send_bytes(obj)
  File "/usr/lib/python3.10/multiprocessing/connection.py", line 200, in send_bytes
    self._send_bytes(m[offset:offset + size])
  File "/usr/lib/python3.10/multiprocessing/connection.py", line 404, in _send_bytes
    self._send(header)
  File "/usr/lib/python3.10/multiprocessing/connection.py", line 368, in _send
    n = write(self._handle, buf)
BrokenPipeError: [Errno 32] Broken pipe

During handling of the above exception, another exception occurred:

Traceback (most recent call last):
  File "/usr/lib/python3.10/multiprocessing/process.py", line 314, in _bootstrap
    self.run()
  File "/usr/lib/python3.10/multiprocessing/process.py", line 108, in run
    self._target(*self._args, **self._kwargs)
  File "/usr/lib/python3.10/multiprocessing/pool.py", line 136, in worker
    put((job, i, (False, wrapped)))
  File "/usr/lib/python3.10/multiprocessing/queues.py", line 377, in put
    self._writer.send_bytes(obj)
  File "/usr/lib/python3.10/multiprocessing/connection.py", line 200, in send_bytes
    self._send_bytes(m[offset:offset + size])
  File "/usr/lib/python3.10/multiprocessing/connection.py", line 404, in _send_bytes
    self._send(header)
  File "/usr/lib/python3.10/multiprocessing/connection.py", line 368, in _send
    n = write(self._handle, buf)
BrokenPipeError: [Errno 32] Broken pipe
Process SpawnPoolWorker-37:
Traceback (most recent call last):
  File "/usr/lib/python3.10/multiprocessing/pool.py", line 131, in worker
    put((job, i, result))
  File "/usr/lib/python3.10/multiprocessing/queues.py", line 377, in put
    self._writer.send_bytes(obj)
  File "/usr/lib/python3.10/multiprocessing/connection.py", line 200, in send_bytes
    self._send_bytes(m[offset:offset + size])
  File "/usr/lib/python3.10/multiprocessing/connection.py", line 404, in _send_bytes
    self._send(header)
  File "/usr/lib/python3.10/multiprocessing/connection.py", line 368, in _send
    n = write(self._handle, buf)
BrokenPipeError: [Errno 32] Broken pipe

During handling of the above exception, another exception occurred:

Traceback (most recent call last):
  File "/usr/lib/python3.10/multiprocessing/process.py", line 314, in _bootstrap
    self.run()
  File "/usr/lib/python3.10/multiprocessing/process.py", line 108, in run
    self._target(*self._args, **self._kwargs)
  File "/usr/lib/python3.10/multiprocessing/pool.py", line 136, in worker
    put((job, i, (False, wrapped)))
  File "/usr/lib/python3.10/multiprocessing/queues.py", line 377, in put
    self._writer.send_bytes(obj)
  File "/usr/lib/python3.10/multiprocessing/connection.py", line 200, in send_bytes
    self._send_bytes(m[offset:offset + size])
  File "/usr/lib/python3.10/multiprocessing/connection.py", line 404, in _send_bytes
    self._send(header)
  File "/usr/lib/python3.10/multiprocessing/connection.py", line 368, in _send
    n = write(self._handle, buf)
BrokenPipeError: [Errno 32] Broken pipe
Process SpawnPoolWorker-1:
Traceback (most recent call last):
  File "/usr/lib/python3.10/multiprocessing/pool.py", line 131, in worker
    put((job, i, result))
  File "/usr/lib/python3.10/multiprocessing/queues.py", line 377, in put
    self._writer.send_bytes(obj)
  File "/usr/lib/python3.10/multiprocessing/connection.py", line 200, in send_bytes
    self._send_bytes(m[offset:offset + size])
  File "/usr/lib/python3.10/multiprocessing/connection.py", line 404, in _send_bytes
    self._send(header)
  File "/usr/lib/python3.10/multiprocessing/connection.py", line 368, in _send
    n = write(self._handle, buf)
BrokenPipeError: [Errno 32] Broken pipe

During handling of the above exception, another exception occurred:

Traceback (most recent call last):
  File "/usr/lib/python3.10/multiprocessing/process.py", line 314, in _bootstrap
    self.run()
  File "/usr/lib/python3.10/multiprocessing/process.py", line 108, in run
    self._target(*self._args, **self._kwargs)
  File "/usr/lib/python3.10/multiprocessing/pool.py", line 136, in worker
    put((job, i, (False, wrapped)))
  File "/usr/lib/python3.10/multiprocessing/queues.py", line 377, in put
    self._writer.send_bytes(obj)
  File "/usr/lib/python3.10/multiprocessing/connection.py", line 200, in send_bytes
    self._send_bytes(m[offset:offset + size])
  File "/usr/lib/python3.10/multiprocessing/connection.py", line 404, in _send_bytes
    self._send(header)
  File "/usr/lib/python3.10/multiprocessing/connection.py", line 368, in _send
    n = write(self._handle, buf)
BrokenPipeError: [Errno 32] Broken pipe
Process SpawnPoolWorker-44:
Traceback (most recent call last):
  File "/usr/lib/python3.10/multiprocessing/pool.py", line 131, in worker
    put((job, i, result))
  File "/usr/lib/python3.10/multiprocessing/queues.py", line 377, in put
    self._writer.send_bytes(obj)
  File "/usr/lib/python3.10/multiprocessing/connection.py", line 200, in send_bytes
    self._send_bytes(m[offset:offset + size])
  File "/usr/lib/python3.10/multiprocessing/connection.py", line 404, in _send_bytes
    self._send(header)
  File "/usr/lib/python3.10/multiprocessing/connection.py", line 368, in _send
    n = write(self._handle, buf)
BrokenPipeError: [Errno 32] Broken pipe

During handling of the above exception, another exception occurred:

Traceback (most recent call last):
  File "/usr/lib/python3.10/multiprocessing/process.py", line 314, in _bootstrap
    self.run()
  File "/usr/lib/python3.10/multiprocessing/process.py", line 108, in run
    self._target(*self._args, **self._kwargs)
  File "/usr/lib/python3.10/multiprocessing/pool.py", line 136, in worker
    put((job, i, (False, wrapped)))
  File "/usr/lib/python3.10/multiprocessing/queues.py", line 377, in put
    self._writer.send_bytes(obj)
  File "/usr/lib/python3.10/multiprocessing/connection.py", line 200, in send_bytes
    self._send_bytes(m[offset:offset + size])
  File "/usr/lib/python3.10/multiprocessing/connection.py", line 404, in _send_bytes
    self._send(header)
  File "/usr/lib/python3.10/multiprocessing/connection.py", line 368, in _send
    n = write(self._handle, buf)
BrokenPipeError: [Errno 32] Broken pipe
Process SpawnPoolWorker-13:
Traceback (most recent call last):
  File "/usr/lib/python3.10/multiprocessing/pool.py", line 131, in worker
    put((job, i, result))
  File "/usr/lib/python3.10/multiprocessing/queues.py", line 377, in put
    self._writer.send_bytes(obj)
  File "/usr/lib/python3.10/multiprocessing/connection.py", line 200, in send_bytes
    self._send_bytes(m[offset:offset + size])
  File "/usr/lib/python3.10/multiprocessing/connection.py", line 404, in _send_bytes
    self._send(header)
  File "/usr/lib/python3.10/multiprocessing/connection.py", line 368, in _send
    n = write(self._handle, buf)
BrokenPipeError: [Errno 32] Broken pipe

During handling of the above exception, another exception occurred:

Traceback (most recent call last):
  File "/usr/lib/python3.10/multiprocessing/process.py", line 314, in _bootstrap
    self.run()
  File "/usr/lib/python3.10/multiprocessing/process.py", line 108, in run
    self._target(*self._args, **self._kwargs)
  File "/usr/lib/python3.10/multiprocessing/pool.py", line 136, in worker
    put((job, i, (False, wrapped)))
  File "/usr/lib/python3.10/multiprocessing/queues.py", line 377, in put
    self._writer.send_bytes(obj)
  File "/usr/lib/python3.10/multiprocessing/connection.py", line 200, in send_bytes
    self._send_bytes(m[offset:offset + size])
  File "/usr/lib/python3.10/multiprocessing/connection.py", line 404, in _send_bytes
    self._send(header)
  File "/usr/lib/python3.10/multiprocessing/connection.py", line 368, in _send
    n = write(self._handle, buf)
BrokenPipeError: [Errno 32] Broken pipe
Process SpawnPoolWorker-60:
Traceback (most recent call last):
  File "/usr/lib/python3.10/multiprocessing/pool.py", line 131, in worker
    put((job, i, result))
  File "/usr/lib/python3.10/multiprocessing/queues.py", line 377, in put
    self._writer.send_bytes(obj)
  File "/usr/lib/python3.10/multiprocessing/connection.py", line 200, in send_bytes
    self._send_bytes(m[offset:offset + size])
  File "/usr/lib/python3.10/multiprocessing/connection.py", line 404, in _send_bytes
    self._send(header)
  File "/usr/lib/python3.10/multiprocessing/connection.py", line 368, in _send
    n = write(self._handle, buf)
BrokenPipeError: [Errno 32] Broken pipe

During handling of the above exception, another exception occurred:

Traceback (most recent call last):
  File "/usr/lib/python3.10/multiprocessing/process.py", line 314, in _bootstrap
    self.run()
  File "/usr/lib/python3.10/multiprocessing/process.py", line 108, in run
    self._target(*self._args, **self._kwargs)
  File "/usr/lib/python3.10/multiprocessing/pool.py", line 136, in worker
    put((job, i, (False, wrapped)))
  File "/usr/lib/python3.10/multiprocessing/queues.py", line 377, in put
    self._writer.send_bytes(obj)
  File "/usr/lib/python3.10/multiprocessing/connection.py", line 200, in send_bytes
    self._send_bytes(m[offset:offset + size])
  File "/usr/lib/python3.10/multiprocessing/connection.py", line 404, in _send_bytes
    self._send(header)
  File "/usr/lib/python3.10/multiprocessing/connection.py", line 368, in _send
    n = write(self._handle, buf)
BrokenPipeError: [Errno 32] Broken pipe
Process SpawnPoolWorker-35:
Traceback (most recent call last):
  File "/usr/lib/python3.10/multiprocessing/pool.py", line 131, in worker
    put((job, i, result))
  File "/usr/lib/python3.10/multiprocessing/queues.py", line 377, in put
    self._writer.send_bytes(obj)
  File "/usr/lib/python3.10/multiprocessing/connection.py", line 200, in send_bytes
    self._send_bytes(m[offset:offset + size])
  File "/usr/lib/python3.10/multiprocessing/connection.py", line 404, in _send_bytes
    self._send(header)
  File "/usr/lib/python3.10/multiprocessing/connection.py", line 368, in _send
    n = write(self._handle, buf)
BrokenPipeError: [Errno 32] Broken pipe

During handling of the above exception, another exception occurred:

Traceback (most recent call last):
  File "/usr/lib/python3.10/multiprocessing/process.py", line 314, in _bootstrap
    self.run()
  File "/usr/lib/python3.10/multiprocessing/process.py", line 108, in run
    self._target(*self._args, **self._kwargs)
  File "/usr/lib/python3.10/multiprocessing/pool.py", line 136, in worker
    put((job, i, (False, wrapped)))
  File "/usr/lib/python3.10/multiprocessing/queues.py", line 377, in put
    self._writer.send_bytes(obj)
  File "/usr/lib/python3.10/multiprocessing/connection.py", line 200, in send_bytes
    self._send_bytes(m[offset:offset + size])
  File "/usr/lib/python3.10/multiprocessing/connection.py", line 404, in _send_bytes
    self._send(header)
  File "/usr/lib/python3.10/multiprocessing/connection.py", line 368, in _send
    n = write(self._handle, buf)
BrokenPipeError: [Errno 32] Broken pipe
Process SpawnPoolWorker-9:
Traceback (most recent call last):
  File "/usr/lib/python3.10/multiprocessing/pool.py", line 131, in worker
    put((job, i, result))
  File "/usr/lib/python3.10/multiprocessing/queues.py", line 377, in put
    self._writer.send_bytes(obj)
  File "/usr/lib/python3.10/multiprocessing/connection.py", line 200, in send_bytes
    self._send_bytes(m[offset:offset + size])
  File "/usr/lib/python3.10/multiprocessing/connection.py", line 404, in _send_bytes
    self._send(header)
  File "/usr/lib/python3.10/multiprocessing/connection.py", line 368, in _send
    n = write(self._handle, buf)
BrokenPipeError: [Errno 32] Broken pipe

During handling of the above exception, another exception occurred:

Traceback (most recent call last):
  File "/usr/lib/python3.10/multiprocessing/process.py", line 314, in _bootstrap
    self.run()
  File "/usr/lib/python3.10/multiprocessing/process.py", line 108, in run
    self._target(*self._args, **self._kwargs)
  File "/usr/lib/python3.10/multiprocessing/pool.py", line 136, in worker
    put((job, i, (False, wrapped)))
  File "/usr/lib/python3.10/multiprocessing/queues.py", line 377, in put
    self._writer.send_bytes(obj)
  File "/usr/lib/python3.10/multiprocessing/connection.py", line 200, in send_bytes
    self._send_bytes(m[offset:offset + size])
  File "/usr/lib/python3.10/multiprocessing/connection.py", line 404, in _send_bytes
    self._send(header)
  File "/usr/lib/python3.10/multiprocessing/connection.py", line 368, in _send
    n = write(self._handle, buf)
BrokenPipeError: [Errno 32] Broken pipe
Process SpawnPoolWorker-62:
Traceback (most recent call last):
  File "/usr/lib/python3.10/multiprocessing/pool.py", line 131, in worker
    put((job, i, result))
  File "/usr/lib/python3.10/multiprocessing/queues.py", line 377, in put
    self._writer.send_bytes(obj)
  File "/usr/lib/python3.10/multiprocessing/connection.py", line 200, in send_bytes
    self._send_bytes(m[offset:offset + size])
  File "/usr/lib/python3.10/multiprocessing/connection.py", line 404, in _send_bytes
    self._send(header)
  File "/usr/lib/python3.10/multiprocessing/connection.py", line 368, in _send
    n = write(self._handle, buf)
BrokenPipeError: [Errno 32] Broken pipe

During handling of the above exception, another exception occurred:

Traceback (most recent call last):
  File "/usr/lib/python3.10/multiprocessing/process.py", line 314, in _bootstrap
    self.run()
  File "/usr/lib/python3.10/multiprocessing/process.py", line 108, in run
    self._target(*self._args, **self._kwargs)
  File "/usr/lib/python3.10/multiprocessing/pool.py", line 136, in worker
    put((job, i, (False, wrapped)))
  File "/usr/lib/python3.10/multiprocessing/queues.py", line 377, in put
    self._writer.send_bytes(obj)
  File "/usr/lib/python3.10/multiprocessing/connection.py", line 200, in send_bytes
    self._send_bytes(m[offset:offset + size])
  File "/usr/lib/python3.10/multiprocessing/connection.py", line 404, in _send_bytes
    self._send(header)
  File "/usr/lib/python3.10/multiprocessing/connection.py", line 368, in _send
    n = write(self._handle, buf)
BrokenPipeError: [Errno 32] Broken pipe
Process SpawnPoolWorker-21:
Traceback (most recent call last):
  File "/usr/lib/python3.10/multiprocessing/pool.py", line 131, in worker
    put((job, i, result))
  File "/usr/lib/python3.10/multiprocessing/queues.py", line 377, in put
    self._writer.send_bytes(obj)
  File "/usr/lib/python3.10/multiprocessing/connection.py", line 200, in send_bytes
    self._send_bytes(m[offset:offset + size])
  File "/usr/lib/python3.10/multiprocessing/connection.py", line 404, in _send_bytes
    self._send(header)
  File "/usr/lib/python3.10/multiprocessing/connection.py", line 368, in _send
    n = write(self._handle, buf)
BrokenPipeError: [Errno 32] Broken pipe

During handling of the above exception, another exception occurred:

Traceback (most recent call last):
  File "/usr/lib/python3.10/multiprocessing/process.py", line 314, in _bootstrap
    self.run()
  File "/usr/lib/python3.10/multiprocessing/process.py", line 108, in run
    self._target(*self._args, **self._kwargs)
  File "/usr/lib/python3.10/multiprocessing/pool.py", line 136, in worker
    put((job, i, (False, wrapped)))
  File "/usr/lib/python3.10/multiprocessing/queues.py", line 377, in put
    self._writer.send_bytes(obj)
  File "/usr/lib/python3.10/multiprocessing/connection.py", line 200, in send_bytes
    self._send_bytes(m[offset:offset + size])
  File "/usr/lib/python3.10/multiprocessing/connection.py", line 404, in _send_bytes
    self._send(header)
  File "/usr/lib/python3.10/multiprocessing/connection.py", line 368, in _send
    n = write(self._handle, buf)
BrokenPipeError: [Errno 32] Broken pipe
Process SpawnPoolWorker-46:
Traceback (most recent call last):
  File "/usr/lib/python3.10/multiprocessing/pool.py", line 131, in worker
    put((job, i, result))
  File "/usr/lib/python3.10/multiprocessing/queues.py", line 377, in put
    self._writer.send_bytes(obj)
  File "/usr/lib/python3.10/multiprocessing/connection.py", line 200, in send_bytes
    self._send_bytes(m[offset:offset + size])
  File "/usr/lib/python3.10/multiprocessing/connection.py", line 404, in _send_bytes
    self._send(header)
  File "/usr/lib/python3.10/multiprocessing/connection.py", line 368, in _send
    n = write(self._handle, buf)
BrokenPipeError: [Errno 32] Broken pipe

During handling of the above exception, another exception occurred:

Traceback (most recent call last):
  File "/usr/lib/python3.10/multiprocessing/process.py", line 314, in _bootstrap
    self.run()
  File "/usr/lib/python3.10/multiprocessing/process.py", line 108, in run
    self._target(*self._args, **self._kwargs)
  File "/usr/lib/python3.10/multiprocessing/pool.py", line 136, in worker
    put((job, i, (False, wrapped)))
  File "/usr/lib/python3.10/multiprocessing/queues.py", line 377, in put
    self._writer.send_bytes(obj)
  File "/usr/lib/python3.10/multiprocessing/connection.py", line 200, in send_bytes
    self._send_bytes(m[offset:offset + size])
  File "/usr/lib/python3.10/multiprocessing/connection.py", line 404, in _send_bytes
    self._send(header)
  File "/usr/lib/python3.10/multiprocessing/connection.py", line 368, in _send
    n = write(self._handle, buf)
BrokenPipeError: [Errno 32] Broken pipe
Process SpawnPoolWorker-8:
Traceback (most recent call last):
  File "/usr/lib/python3.10/multiprocessing/pool.py", line 131, in worker
    put((job, i, result))
  File "/usr/lib/python3.10/multiprocessing/queues.py", line 377, in put
    self._writer.send_bytes(obj)
  File "/usr/lib/python3.10/multiprocessing/connection.py", line 200, in send_bytes
    self._send_bytes(m[offset:offset + size])
  File "/usr/lib/python3.10/multiprocessing/connection.py", line 404, in _send_bytes
    self._send(header)
  File "/usr/lib/python3.10/multiprocessing/connection.py", line 368, in _send
    n = write(self._handle, buf)
BrokenPipeError: [Errno 32] Broken pipe

During handling of the above exception, another exception occurred:

Traceback (most recent call last):
  File "/usr/lib/python3.10/multiprocessing/process.py", line 314, in _bootstrap
    self.run()
  File "/usr/lib/python3.10/multiprocessing/process.py", line 108, in run
    self._target(*self._args, **self._kwargs)
  File "/usr/lib/python3.10/multiprocessing/pool.py", line 136, in worker
    put((job, i, (False, wrapped)))
  File "/usr/lib/python3.10/multiprocessing/queues.py", line 377, in put
    self._writer.send_bytes(obj)
  File "/usr/lib/python3.10/multiprocessing/connection.py", line 200, in send_bytes
    self._send_bytes(m[offset:offset + size])
  File "/usr/lib/python3.10/multiprocessing/connection.py", line 404, in _send_bytes
    self._send(header)
  File "/usr/lib/python3.10/multiprocessing/connection.py", line 368, in _send
    n = write(self._handle, buf)
BrokenPipeError: [Errno 32] Broken pipe
Process SpawnPoolWorker-6:
Traceback (most recent call last):
  File "/usr/lib/python3.10/multiprocessing/pool.py", line 131, in worker
    put((job, i, result))
  File "/usr/lib/python3.10/multiprocessing/queues.py", line 377, in put
    self._writer.send_bytes(obj)
  File "/usr/lib/python3.10/multiprocessing/connection.py", line 200, in send_bytes
    self._send_bytes(m[offset:offset + size])
  File "/usr/lib/python3.10/multiprocessing/connection.py", line 404, in _send_bytes
    self._send(header)
  File "/usr/lib/python3.10/multiprocessing/connection.py", line 368, in _send
    n = write(self._handle, buf)
BrokenPipeError: [Errno 32] Broken pipe

During handling of the above exception, another exception occurred:

Traceback (most recent call last):
  File "/usr/lib/python3.10/multiprocessing/process.py", line 314, in _bootstrap
    self.run()
  File "/usr/lib/python3.10/multiprocessing/process.py", line 108, in run
    self._target(*self._args, **self._kwargs)
  File "/usr/lib/python3.10/multiprocessing/pool.py", line 136, in worker
    put((job, i, (False, wrapped)))
  File "/usr/lib/python3.10/multiprocessing/queues.py", line 377, in put
    self._writer.send_bytes(obj)
  File "/usr/lib/python3.10/multiprocessing/connection.py", line 200, in send_bytes
    self._send_bytes(m[offset:offset + size])
  File "/usr/lib/python3.10/multiprocessing/connection.py", line 404, in _send_bytes
    self._send(header)
  File "/usr/lib/python3.10/multiprocessing/connection.py", line 368, in _send
    n = write(self._handle, buf)
BrokenPipeError: [Errno 32] Broken pipe
Process SpawnPoolWorker-54:
Traceback (most recent call last):
  File "/usr/lib/python3.10/multiprocessing/pool.py", line 131, in worker
    put((job, i, result))
  File "/usr/lib/python3.10/multiprocessing/queues.py", line 377, in put
    self._writer.send_bytes(obj)
  File "/usr/lib/python3.10/multiprocessing/connection.py", line 200, in send_bytes
    self._send_bytes(m[offset:offset + size])
  File "/usr/lib/python3.10/multiprocessing/connection.py", line 404, in _send_bytes
    self._send(header)
  File "/usr/lib/python3.10/multiprocessing/connection.py", line 368, in _send
    n = write(self._handle, buf)
BrokenPipeError: [Errno 32] Broken pipe

During handling of the above exception, another exception occurred:

Traceback (most recent call last):
  File "/usr/lib/python3.10/multiprocessing/process.py", line 314, in _bootstrap
    self.run()
  File "/usr/lib/python3.10/multiprocessing/process.py", line 108, in run
    self._target(*self._args, **self._kwargs)
  File "/usr/lib/python3.10/multiprocessing/pool.py", line 136, in worker
    put((job, i, (False, wrapped)))
  File "/usr/lib/python3.10/multiprocessing/queues.py", line 377, in put
    self._writer.send_bytes(obj)
  File "/usr/lib/python3.10/multiprocessing/connection.py", line 200, in send_bytes
    self._send_bytes(m[offset:offset + size])
  File "/usr/lib/python3.10/multiprocessing/connection.py", line 404, in _send_bytes
    self._send(header)
  File "/usr/lib/python3.10/multiprocessing/connection.py", line 368, in _send
    n = write(self._handle, buf)
BrokenPipeError: [Errno 32] Broken pipe
Process SpawnPoolWorker-39:
Traceback (most recent call last):
  File "/usr/lib/python3.10/multiprocessing/pool.py", line 131, in worker
    put((job, i, result))
  File "/usr/lib/python3.10/multiprocessing/queues.py", line 377, in put
    self._writer.send_bytes(obj)
  File "/usr/lib/python3.10/multiprocessing/connection.py", line 200, in send_bytes
    self._send_bytes(m[offset:offset + size])
  File "/usr/lib/python3.10/multiprocessing/connection.py", line 404, in _send_bytes
    self._send(header)
  File "/usr/lib/python3.10/multiprocessing/connection.py", line 368, in _send
    n = write(self._handle, buf)
BrokenPipeError: [Errno 32] Broken pipe

During handling of the above exception, another exception occurred:

Traceback (most recent call last):
  File "/usr/lib/python3.10/multiprocessing/process.py", line 314, in _bootstrap
    self.run()
  File "/usr/lib/python3.10/multiprocessing/process.py", line 108, in run
    self._target(*self._args, **self._kwargs)
  File "/usr/lib/python3.10/multiprocessing/pool.py", line 136, in worker
    put((job, i, (False, wrapped)))
  File "/usr/lib/python3.10/multiprocessing/queues.py", line 377, in put
    self._writer.send_bytes(obj)
  File "/usr/lib/python3.10/multiprocessing/connection.py", line 200, in send_bytes
    self._send_bytes(m[offset:offset + size])
  File "/usr/lib/python3.10/multiprocessing/connection.py", line 404, in _send_bytes
    self._send(header)
  File "/usr/lib/python3.10/multiprocessing/connection.py", line 368, in _send
    n = write(self._handle, buf)
BrokenPipeError: [Errno 32] Broken pipe
Process SpawnPoolWorker-43:
Traceback (most recent call last):
  File "/usr/lib/python3.10/multiprocessing/pool.py", line 131, in worker
    put((job, i, result))
  File "/usr/lib/python3.10/multiprocessing/queues.py", line 377, in put
    self._writer.send_bytes(obj)
  File "/usr/lib/python3.10/multiprocessing/connection.py", line 200, in send_bytes
    self._send_bytes(m[offset:offset + size])
  File "/usr/lib/python3.10/multiprocessing/connection.py", line 404, in _send_bytes
    self._send(header)
  File "/usr/lib/python3.10/multiprocessing/connection.py", line 368, in _send
    n = write(self._handle, buf)
BrokenPipeError: [Errno 32] Broken pipe

During handling of the above exception, another exception occurred:

Traceback (most recent call last):
  File "/usr/lib/python3.10/multiprocessing/process.py", line 314, in _bootstrap
    self.run()
  File "/usr/lib/python3.10/multiprocessing/process.py", line 108, in run
    self._target(*self._args, **self._kwargs)
  File "/usr/lib/python3.10/multiprocessing/pool.py", line 136, in worker
    put((job, i, (False, wrapped)))
  File "/usr/lib/python3.10/multiprocessing/queues.py", line 377, in put
    self._writer.send_bytes(obj)
  File "/usr/lib/python3.10/multiprocessing/connection.py", line 200, in send_bytes
    self._send_bytes(m[offset:offset + size])
  File "/usr/lib/python3.10/multiprocessing/connection.py", line 404, in _send_bytes
    self._send(header)
  File "/usr/lib/python3.10/multiprocessing/connection.py", line 368, in _send
    n = write(self._handle, buf)
BrokenPipeError: [Errno 32] Broken pipe
Process SpawnPoolWorker-47:
Traceback (most recent call last):
  File "/usr/lib/python3.10/multiprocessing/pool.py", line 131, in worker
    put((job, i, result))
  File "/usr/lib/python3.10/multiprocessing/queues.py", line 377, in put
    self._writer.send_bytes(obj)
  File "/usr/lib/python3.10/multiprocessing/connection.py", line 200, in send_bytes
    self._send_bytes(m[offset:offset + size])
  File "/usr/lib/python3.10/multiprocessing/connection.py", line 404, in _send_bytes
    self._send(header)
  File "/usr/lib/python3.10/multiprocessing/connection.py", line 368, in _send
    n = write(self._handle, buf)
BrokenPipeError: [Errno 32] Broken pipe

During handling of the above exception, another exception occurred:

Traceback (most recent call last):
  File "/usr/lib/python3.10/multiprocessing/process.py", line 314, in _bootstrap
    self.run()
  File "/usr/lib/python3.10/multiprocessing/process.py", line 108, in run
    self._target(*self._args, **self._kwargs)
  File "/usr/lib/python3.10/multiprocessing/pool.py", line 136, in worker
    put((job, i, (False, wrapped)))
  File "/usr/lib/python3.10/multiprocessing/queues.py", line 377, in put
    self._writer.send_bytes(obj)
  File "/usr/lib/python3.10/multiprocessing/connection.py", line 200, in send_bytes
    self._send_bytes(m[offset:offset + size])
  File "/usr/lib/python3.10/multiprocessing/connection.py", line 404, in _send_bytes
    self._send(header)
  File "/usr/lib/python3.10/multiprocessing/connection.py", line 368, in _send
    n = write(self._handle, buf)
BrokenPipeError: [Errno 32] Broken pipe
Process SpawnPoolWorker-58:
Traceback (most recent call last):
  File "/usr/lib/python3.10/multiprocessing/pool.py", line 131, in worker
    put((job, i, result))
  File "/usr/lib/python3.10/multiprocessing/queues.py", line 377, in put
    self._writer.send_bytes(obj)
  File "/usr/lib/python3.10/multiprocessing/connection.py", line 200, in send_bytes
    self._send_bytes(m[offset:offset + size])
  File "/usr/lib/python3.10/multiprocessing/connection.py", line 404, in _send_bytes
    self._send(header)
  File "/usr/lib/python3.10/multiprocessing/connection.py", line 368, in _send
    n = write(self._handle, buf)
BrokenPipeError: [Errno 32] Broken pipe

During handling of the above exception, another exception occurred:

Traceback (most recent call last):
  File "/usr/lib/python3.10/multiprocessing/process.py", line 314, in _bootstrap
    self.run()
  File "/usr/lib/python3.10/multiprocessing/process.py", line 108, in run
    self._target(*self._args, **self._kwargs)
  File "/usr/lib/python3.10/multiprocessing/pool.py", line 136, in worker
    put((job, i, (False, wrapped)))
  File "/usr/lib/python3.10/multiprocessing/queues.py", line 377, in put
    self._writer.send_bytes(obj)
  File "/usr/lib/python3.10/multiprocessing/connection.py", line 200, in send_bytes
    self._send_bytes(m[offset:offset + size])
  File "/usr/lib/python3.10/multiprocessing/connection.py", line 404, in _send_bytes
    self._send(header)
  File "/usr/lib/python3.10/multiprocessing/connection.py", line 368, in _send
    n = write(self._handle, buf)
BrokenPipeError: [Errno 32] Broken pipe
Process SpawnPoolWorker-40:
Traceback (most recent call last):
  File "/usr/lib/python3.10/multiprocessing/pool.py", line 131, in worker
    put((job, i, result))
  File "/usr/lib/python3.10/multiprocessing/queues.py", line 377, in put
    self._writer.send_bytes(obj)
  File "/usr/lib/python3.10/multiprocessing/connection.py", line 200, in send_bytes
    self._send_bytes(m[offset:offset + size])
  File "/usr/lib/python3.10/multiprocessing/connection.py", line 404, in _send_bytes
    self._send(header)
  File "/usr/lib/python3.10/multiprocessing/connection.py", line 368, in _send
    n = write(self._handle, buf)
BrokenPipeError: [Errno 32] Broken pipe

During handling of the above exception, another exception occurred:

Traceback (most recent call last):
  File "/usr/lib/python3.10/multiprocessing/process.py", line 314, in _bootstrap
    self.run()
  File "/usr/lib/python3.10/multiprocessing/process.py", line 108, in run
    self._target(*self._args, **self._kwargs)
  File "/usr/lib/python3.10/multiprocessing/pool.py", line 136, in worker
    put((job, i, (False, wrapped)))
  File "/usr/lib/python3.10/multiprocessing/queues.py", line 377, in put
    self._writer.send_bytes(obj)
  File "/usr/lib/python3.10/multiprocessing/connection.py", line 200, in send_bytes
    self._send_bytes(m[offset:offset + size])
  File "/usr/lib/python3.10/multiprocessing/connection.py", line 404, in _send_bytes
    self._send(header)
  File "/usr/lib/python3.10/multiprocessing/connection.py", line 368, in _send
    n = write(self._handle, buf)
BrokenPipeError: [Errno 32] Broken pipe
Process SpawnPoolWorker-25:
Traceback (most recent call last):
  File "/usr/lib/python3.10/multiprocessing/pool.py", line 131, in worker
    put((job, i, result))
  File "/usr/lib/python3.10/multiprocessing/queues.py", line 377, in put
    self._writer.send_bytes(obj)
  File "/usr/lib/python3.10/multiprocessing/connection.py", line 200, in send_bytes
    self._send_bytes(m[offset:offset + size])
  File "/usr/lib/python3.10/multiprocessing/connection.py", line 404, in _send_bytes
    self._send(header)
  File "/usr/lib/python3.10/multiprocessing/connection.py", line 368, in _send
    n = write(self._handle, buf)
BrokenPipeError: [Errno 32] Broken pipe

During handling of the above exception, another exception occurred:

Traceback (most recent call last):
  File "/usr/lib/python3.10/multiprocessing/process.py", line 314, in _bootstrap
    self.run()
  File "/usr/lib/python3.10/multiprocessing/process.py", line 108, in run
    self._target(*self._args, **self._kwargs)
  File "/usr/lib/python3.10/multiprocessing/pool.py", line 136, in worker
    put((job, i, (False, wrapped)))
  File "/usr/lib/python3.10/multiprocessing/queues.py", line 377, in put
    self._writer.send_bytes(obj)
  File "/usr/lib/python3.10/multiprocessing/connection.py", line 200, in send_bytes
    self._send_bytes(m[offset:offset + size])
  File "/usr/lib/python3.10/multiprocessing/connection.py", line 404, in _send_bytes
    self._send(header)
  File "/usr/lib/python3.10/multiprocessing/connection.py", line 368, in _send
    n = write(self._handle, buf)
BrokenPipeError: [Errno 32] Broken pipe
Process SpawnPoolWorker-50:
Traceback (most recent call last):
  File "/usr/lib/python3.10/multiprocessing/pool.py", line 131, in worker
    put((job, i, result))
  File "/usr/lib/python3.10/multiprocessing/queues.py", line 377, in put
    self._writer.send_bytes(obj)
  File "/usr/lib/python3.10/multiprocessing/connection.py", line 200, in send_bytes
    self._send_bytes(m[offset:offset + size])
  File "/usr/lib/python3.10/multiprocessing/connection.py", line 404, in _send_bytes
    self._send(header)
  File "/usr/lib/python3.10/multiprocessing/connection.py", line 368, in _send
    n = write(self._handle, buf)
BrokenPipeError: [Errno 32] Broken pipe

During handling of the above exception, another exception occurred:

Traceback (most recent call last):
  File "/usr/lib/python3.10/multiprocessing/process.py", line 314, in _bootstrap
    self.run()
  File "/usr/lib/python3.10/multiprocessing/process.py", line 108, in run
    self._target(*self._args, **self._kwargs)
  File "/usr/lib/python3.10/multiprocessing/pool.py", line 136, in worker
    put((job, i, (False, wrapped)))
  File "/usr/lib/python3.10/multiprocessing/queues.py", line 377, in put
    self._writer.send_bytes(obj)
  File "/usr/lib/python3.10/multiprocessing/connection.py", line 200, in send_bytes
    self._send_bytes(m[offset:offset + size])
  File "/usr/lib/python3.10/multiprocessing/connection.py", line 404, in _send_bytes
    self._send(header)
  File "/usr/lib/python3.10/multiprocessing/connection.py", line 368, in _send
    n = write(self._handle, buf)
BrokenPipeError: [Errno 32] Broken pipe
Process SpawnPoolWorker-7:
Traceback (most recent call last):
  File "/usr/lib/python3.10/multiprocessing/pool.py", line 131, in worker
    put((job, i, result))
  File "/usr/lib/python3.10/multiprocessing/queues.py", line 377, in put
    self._writer.send_bytes(obj)
  File "/usr/lib/python3.10/multiprocessing/connection.py", line 200, in send_bytes
    self._send_bytes(m[offset:offset + size])
  File "/usr/lib/python3.10/multiprocessing/connection.py", line 404, in _send_bytes
    self._send(header)
  File "/usr/lib/python3.10/multiprocessing/connection.py", line 368, in _send
    n = write(self._handle, buf)
BrokenPipeError: [Errno 32] Broken pipe

During handling of the above exception, another exception occurred:

Traceback (most recent call last):
  File "/usr/lib/python3.10/multiprocessing/process.py", line 314, in _bootstrap
    self.run()
  File "/usr/lib/python3.10/multiprocessing/process.py", line 108, in run
    self._target(*self._args, **self._kwargs)
  File "/usr/lib/python3.10/multiprocessing/pool.py", line 136, in worker
    put((job, i, (False, wrapped)))
  File "/usr/lib/python3.10/multiprocessing/queues.py", line 377, in put
    self._writer.send_bytes(obj)
  File "/usr/lib/python3.10/multiprocessing/connection.py", line 200, in send_bytes
    self._send_bytes(m[offset:offset + size])
  File "/usr/lib/python3.10/multiprocessing/connection.py", line 404, in _send_bytes
    self._send(header)
  File "/usr/lib/python3.10/multiprocessing/connection.py", line 368, in _send
    n = write(self._handle, buf)
BrokenPipeError: [Errno 32] Broken pipe
Process SpawnPoolWorker-48:
Traceback (most recent call last):
  File "/usr/lib/python3.10/multiprocessing/pool.py", line 131, in worker
    put((job, i, result))
  File "/usr/lib/python3.10/multiprocessing/queues.py", line 377, in put
    self._writer.send_bytes(obj)
  File "/usr/lib/python3.10/multiprocessing/connection.py", line 200, in send_bytes
    self._send_bytes(m[offset:offset + size])
  File "/usr/lib/python3.10/multiprocessing/connection.py", line 404, in _send_bytes
    self._send(header)
  File "/usr/lib/python3.10/multiprocessing/connection.py", line 368, in _send
    n = write(self._handle, buf)
BrokenPipeError: [Errno 32] Broken pipe

During handling of the above exception, another exception occurred:

Traceback (most recent call last):
  File "/usr/lib/python3.10/multiprocessing/process.py", line 314, in _bootstrap
    self.run()
  File "/usr/lib/python3.10/multiprocessing/process.py", line 108, in run
    self._target(*self._args, **self._kwargs)
  File "/usr/lib/python3.10/multiprocessing/pool.py", line 136, in worker
    put((job, i, (False, wrapped)))
  File "/usr/lib/python3.10/multiprocessing/queues.py", line 377, in put
    self._writer.send_bytes(obj)
  File "/usr/lib/python3.10/multiprocessing/connection.py", line 200, in send_bytes
    self._send_bytes(m[offset:offset + size])
  File "/usr/lib/python3.10/multiprocessing/connection.py", line 404, in _send_bytes
    self._send(header)
  File "/usr/lib/python3.10/multiprocessing/connection.py", line 368, in _send
    n = write(self._handle, buf)
BrokenPipeError: [Errno 32] Broken pipe
Process SpawnPoolWorker-36:
Traceback (most recent call last):
  File "/usr/lib/python3.10/multiprocessing/pool.py", line 131, in worker
    put((job, i, result))
  File "/usr/lib/python3.10/multiprocessing/queues.py", line 377, in put
    self._writer.send_bytes(obj)
  File "/usr/lib/python3.10/multiprocessing/connection.py", line 200, in send_bytes
    self._send_bytes(m[offset:offset + size])
  File "/usr/lib/python3.10/multiprocessing/connection.py", line 404, in _send_bytes
    self._send(header)
  File "/usr/lib/python3.10/multiprocessing/connection.py", line 368, in _send
    n = write(self._handle, buf)
BrokenPipeError: [Errno 32] Broken pipe

During handling of the above exception, another exception occurred:

Traceback (most recent call last):
  File "/usr/lib/python3.10/multiprocessing/process.py", line 314, in _bootstrap
    self.run()
  File "/usr/lib/python3.10/multiprocessing/process.py", line 108, in run
    self._target(*self._args, **self._kwargs)
  File "/usr/lib/python3.10/multiprocessing/pool.py", line 136, in worker
    put((job, i, (False, wrapped)))
  File "/usr/lib/python3.10/multiprocessing/queues.py", line 377, in put
    self._writer.send_bytes(obj)
  File "/usr/lib/python3.10/multiprocessing/connection.py", line 200, in send_bytes
    self._send_bytes(m[offset:offset + size])
  File "/usr/lib/python3.10/multiprocessing/connection.py", line 404, in _send_bytes
    self._send(header)
  File "/usr/lib/python3.10/multiprocessing/connection.py", line 368, in _send
    n = write(self._handle, buf)
BrokenPipeError: [Errno 32] Broken pipe
Process SpawnPoolWorker-17:
Traceback (most recent call last):
  File "/usr/lib/python3.10/multiprocessing/pool.py", line 131, in worker
    put((job, i, result))
  File "/usr/lib/python3.10/multiprocessing/queues.py", line 377, in put
    self._writer.send_bytes(obj)
  File "/usr/lib/python3.10/multiprocessing/connection.py", line 200, in send_bytes
    self._send_bytes(m[offset:offset + size])
  File "/usr/lib/python3.10/multiprocessing/connection.py", line 404, in _send_bytes
    self._send(header)
  File "/usr/lib/python3.10/multiprocessing/connection.py", line 368, in _send
    n = write(self._handle, buf)
BrokenPipeError: [Errno 32] Broken pipe

During handling of the above exception, another exception occurred:

Traceback (most recent call last):
  File "/usr/lib/python3.10/multiprocessing/process.py", line 314, in _bootstrap
    self.run()
  File "/usr/lib/python3.10/multiprocessing/process.py", line 108, in run
    self._target(*self._args, **self._kwargs)
  File "/usr/lib/python3.10/multiprocessing/pool.py", line 136, in worker
    put((job, i, (False, wrapped)))
  File "/usr/lib/python3.10/multiprocessing/queues.py", line 377, in put
    self._writer.send_bytes(obj)
  File "/usr/lib/python3.10/multiprocessing/connection.py", line 200, in send_bytes
    self._send_bytes(m[offset:offset + size])
  File "/usr/lib/python3.10/multiprocessing/connection.py", line 404, in _send_bytes
    self._send(header)
  File "/usr/lib/python3.10/multiprocessing/connection.py", line 368, in _send
    n = write(self._handle, buf)
BrokenPipeError: [Errno 32] Broken pipe
Process SpawnPoolWorker-5:
Traceback (most recent call last):
  File "/usr/lib/python3.10/multiprocessing/pool.py", line 131, in worker
    put((job, i, result))
  File "/usr/lib/python3.10/multiprocessing/queues.py", line 377, in put
    self._writer.send_bytes(obj)
  File "/usr/lib/python3.10/multiprocessing/connection.py", line 200, in send_bytes
    self._send_bytes(m[offset:offset + size])
  File "/usr/lib/python3.10/multiprocessing/connection.py", line 404, in _send_bytes
    self._send(header)
  File "/usr/lib/python3.10/multiprocessing/connection.py", line 368, in _send
    n = write(self._handle, buf)
BrokenPipeError: [Errno 32] Broken pipe

During handling of the above exception, another exception occurred:

Traceback (most recent call last):
  File "/usr/lib/python3.10/multiprocessing/process.py", line 314, in _bootstrap
    self.run()
  File "/usr/lib/python3.10/multiprocessing/process.py", line 108, in run
    self._target(*self._args, **self._kwargs)
  File "/usr/lib/python3.10/multiprocessing/pool.py", line 136, in worker
    put((job, i, (False, wrapped)))
  File "/usr/lib/python3.10/multiprocessing/queues.py", line 377, in put
    self._writer.send_bytes(obj)
  File "/usr/lib/python3.10/multiprocessing/connection.py", line 200, in send_bytes
    self._send_bytes(m[offset:offset + size])
  File "/usr/lib/python3.10/multiprocessing/connection.py", line 404, in _send_bytes
    self._send(header)
  File "/usr/lib/python3.10/multiprocessing/connection.py", line 368, in _send
    n = write(self._handle, buf)
BrokenPipeError: [Errno 32] Broken pipe
Process SpawnPoolWorker-52:
Traceback (most recent call last):
  File "/usr/lib/python3.10/multiprocessing/pool.py", line 131, in worker
    put((job, i, result))
  File "/usr/lib/python3.10/multiprocessing/queues.py", line 377, in put
    self._writer.send_bytes(obj)
  File "/usr/lib/python3.10/multiprocessing/connection.py", line 200, in send_bytes
    self._send_bytes(m[offset:offset + size])
  File "/usr/lib/python3.10/multiprocessing/connection.py", line 404, in _send_bytes
    self._send(header)
  File "/usr/lib/python3.10/multiprocessing/connection.py", line 368, in _send
    n = write(self._handle, buf)
BrokenPipeError: [Errno 32] Broken pipe

During handling of the above exception, another exception occurred:

Traceback (most recent call last):
  File "/usr/lib/python3.10/multiprocessing/process.py", line 314, in _bootstrap
    self.run()
  File "/usr/lib/python3.10/multiprocessing/process.py", line 108, in run
    self._target(*self._args, **self._kwargs)
  File "/usr/lib/python3.10/multiprocessing/pool.py", line 136, in worker
    put((job, i, (False, wrapped)))
  File "/usr/lib/python3.10/multiprocessing/queues.py", line 377, in put
    self._writer.send_bytes(obj)
  File "/usr/lib/python3.10/multiprocessing/connection.py", line 200, in send_bytes
    self._send_bytes(m[offset:offset + size])
  File "/usr/lib/python3.10/multiprocessing/connection.py", line 404, in _send_bytes
    self._send(header)
  File "/usr/lib/python3.10/multiprocessing/connection.py", line 368, in _send
    n = write(self._handle, buf)
BrokenPipeError: [Errno 32] Broken pipe
Process SpawnPoolWorker-16:
Traceback (most recent call last):
  File "/usr/lib/python3.10/multiprocessing/pool.py", line 131, in worker
    put((job, i, result))
  File "/usr/lib/python3.10/multiprocessing/queues.py", line 377, in put
    self._writer.send_bytes(obj)
  File "/usr/lib/python3.10/multiprocessing/connection.py", line 200, in send_bytes
    self._send_bytes(m[offset:offset + size])
  File "/usr/lib/python3.10/multiprocessing/connection.py", line 404, in _send_bytes
    self._send(header)
  File "/usr/lib/python3.10/multiprocessing/connection.py", line 368, in _send
    n = write(self._handle, buf)
BrokenPipeError: [Errno 32] Broken pipe

During handling of the above exception, another exception occurred:

Traceback (most recent call last):
  File "/usr/lib/python3.10/multiprocessing/process.py", line 314, in _bootstrap
    self.run()
  File "/usr/lib/python3.10/multiprocessing/process.py", line 108, in run
    self._target(*self._args, **self._kwargs)
  File "/usr/lib/python3.10/multiprocessing/pool.py", line 136, in worker
    put((job, i, (False, wrapped)))
  File "/usr/lib/python3.10/multiprocessing/queues.py", line 377, in put
    self._writer.send_bytes(obj)
  File "/usr/lib/python3.10/multiprocessing/connection.py", line 200, in send_bytes
    self._send_bytes(m[offset:offset + size])
  File "/usr/lib/python3.10/multiprocessing/connection.py", line 404, in _send_bytes
    self._send(header)
  File "/usr/lib/python3.10/multiprocessing/connection.py", line 368, in _send
    n = write(self._handle, buf)
BrokenPipeError: [Errno 32] Broken pipe
Process SpawnPoolWorker-49:
Process SpawnPoolWorker-42:
Traceback (most recent call last):
  File "/usr/lib/python3.10/multiprocessing/pool.py", line 131, in worker
    put((job, i, result))
  File "/usr/lib/python3.10/multiprocessing/queues.py", line 377, in put
    self._writer.send_bytes(obj)
  File "/usr/lib/python3.10/multiprocessing/connection.py", line 200, in send_bytes
    self._send_bytes(m[offset:offset + size])
  File "/usr/lib/python3.10/multiprocessing/connection.py", line 404, in _send_bytes
    self._send(header)
  File "/usr/lib/python3.10/multiprocessing/connection.py", line 368, in _send
    n = write(self._handle, buf)
BrokenPipeError: [Errno 32] Broken pipe

During handling of the above exception, another exception occurred:

Traceback (most recent call last):
  File "/usr/lib/python3.10/multiprocessing/process.py", line 314, in _bootstrap
    self.run()
  File "/usr/lib/python3.10/multiprocessing/process.py", line 108, in run
    self._target(*self._args, **self._kwargs)
  File "/usr/lib/python3.10/multiprocessing/pool.py", line 136, in worker
    put((job, i, (False, wrapped)))
  File "/usr/lib/python3.10/multiprocessing/queues.py", line 377, in put
    self._writer.send_bytes(obj)
  File "/usr/lib/python3.10/multiprocessing/connection.py", line 200, in send_bytes
    self._send_bytes(m[offset:offset + size])
  File "/usr/lib/python3.10/multiprocessing/connection.py", line 404, in _send_bytes
    self._send(header)
  File "/usr/lib/python3.10/multiprocessing/connection.py", line 368, in _send
    n = write(self._handle, buf)
BrokenPipeError: [Errno 32] Broken pipe
Traceback (most recent call last):
  File "/usr/lib/python3.10/multiprocessing/pool.py", line 131, in worker
    put((job, i, result))
  File "/usr/lib/python3.10/multiprocessing/queues.py", line 377, in put
    self._writer.send_bytes(obj)
  File "/usr/lib/python3.10/multiprocessing/connection.py", line 200, in send_bytes
    self._send_bytes(m[offset:offset + size])
  File "/usr/lib/python3.10/multiprocessing/connection.py", line 404, in _send_bytes
    self._send(header)
  File "/usr/lib/python3.10/multiprocessing/connection.py", line 368, in _send
    n = write(self._handle, buf)
BrokenPipeError: [Errno 32] Broken pipe

During handling of the above exception, another exception occurred:

Traceback (most recent call last):
  File "/usr/lib/python3.10/multiprocessing/process.py", line 314, in _bootstrap
    self.run()
  File "/usr/lib/python3.10/multiprocessing/process.py", line 108, in run
    self._target(*self._args, **self._kwargs)
  File "/usr/lib/python3.10/multiprocessing/pool.py", line 136, in worker
    put((job, i, (False, wrapped)))
  File "/usr/lib/python3.10/multiprocessing/queues.py", line 377, in put
    self._writer.send_bytes(obj)
  File "/usr/lib/python3.10/multiprocessing/connection.py", line 200, in send_bytes
    self._send_bytes(m[offset:offset + size])
  File "/usr/lib/python3.10/multiprocessing/connection.py", line 404, in _send_bytes
    self._send(header)
  File "/usr/lib/python3.10/multiprocessing/connection.py", line 368, in _send
    n = write(self._handle, buf)
BrokenPipeError: [Errno 32] Broken pipe
Process SpawnPoolWorker-4:
Traceback (most recent call last):
  File "/usr/lib/python3.10/multiprocessing/pool.py", line 131, in worker
    put((job, i, result))
  File "/usr/lib/python3.10/multiprocessing/queues.py", line 377, in put
    self._writer.send_bytes(obj)
  File "/usr/lib/python3.10/multiprocessing/connection.py", line 200, in send_bytes
    self._send_bytes(m[offset:offset + size])
  File "/usr/lib/python3.10/multiprocessing/connection.py", line 404, in _send_bytes
    self._send(header)
  File "/usr/lib/python3.10/multiprocessing/connection.py", line 368, in _send
    n = write(self._handle, buf)
BrokenPipeError: [Errno 32] Broken pipe

During handling of the above exception, another exception occurred:

Traceback (most recent call last):
  File "/usr/lib/python3.10/multiprocessing/process.py", line 314, in _bootstrap
    self.run()
  File "/usr/lib/python3.10/multiprocessing/process.py", line 108, in run
    self._target(*self._args, **self._kwargs)
  File "/usr/lib/python3.10/multiprocessing/pool.py", line 136, in worker
    put((job, i, (False, wrapped)))
  File "/usr/lib/python3.10/multiprocessing/queues.py", line 377, in put
    self._writer.send_bytes(obj)
  File "/usr/lib/python3.10/multiprocessing/connection.py", line 200, in send_bytes
    self._send_bytes(m[offset:offset + size])
  File "/usr/lib/python3.10/multiprocessing/connection.py", line 404, in _send_bytes
    self._send(header)
  File "/usr/lib/python3.10/multiprocessing/connection.py", line 368, in _send
    n = write(self._handle, buf)
BrokenPipeError: [Errno 32] Broken pipe
Process SpawnPoolWorker-34:
Traceback (most recent call last):
  File "/usr/lib/python3.10/multiprocessing/pool.py", line 131, in worker
    put((job, i, result))
  File "/usr/lib/python3.10/multiprocessing/queues.py", line 377, in put
    self._writer.send_bytes(obj)
  File "/usr/lib/python3.10/multiprocessing/connection.py", line 200, in send_bytes
    self._send_bytes(m[offset:offset + size])
  File "/usr/lib/python3.10/multiprocessing/connection.py", line 404, in _send_bytes
    self._send(header)
  File "/usr/lib/python3.10/multiprocessing/connection.py", line 368, in _send
    n = write(self._handle, buf)
BrokenPipeError: [Errno 32] Broken pipe

During handling of the above exception, another exception occurred:

Traceback (most recent call last):
  File "/usr/lib/python3.10/multiprocessing/process.py", line 314, in _bootstrap
    self.run()
  File "/usr/lib/python3.10/multiprocessing/process.py", line 108, in run
    self._target(*self._args, **self._kwargs)
  File "/usr/lib/python3.10/multiprocessing/pool.py", line 136, in worker
    put((job, i, (False, wrapped)))
  File "/usr/lib/python3.10/multiprocessing/queues.py", line 377, in put
    self._writer.send_bytes(obj)
  File "/usr/lib/python3.10/multiprocessing/connection.py", line 200, in send_bytes
    self._send_bytes(m[offset:offset + size])
  File "/usr/lib/python3.10/multiprocessing/connection.py", line 404, in _send_bytes
    self._send(header)
  File "/usr/lib/python3.10/multiprocessing/connection.py", line 368, in _send
    n = write(self._handle, buf)
BrokenPipeError: [Errno 32] Broken pipe
Process SpawnPoolWorker-57:
Traceback (most recent call last):
  File "/usr/lib/python3.10/multiprocessing/pool.py", line 131, in worker
    put((job, i, result))
  File "/usr/lib/python3.10/multiprocessing/queues.py", line 377, in put
    self._writer.send_bytes(obj)
  File "/usr/lib/python3.10/multiprocessing/connection.py", line 200, in send_bytes
    self._send_bytes(m[offset:offset + size])
  File "/usr/lib/python3.10/multiprocessing/connection.py", line 404, in _send_bytes
    self._send(header)
  File "/usr/lib/python3.10/multiprocessing/connection.py", line 368, in _send
    n = write(self._handle, buf)
BrokenPipeError: [Errno 32] Broken pipe

During handling of the above exception, another exception occurred:

Traceback (most recent call last):
  File "/usr/lib/python3.10/multiprocessing/process.py", line 314, in _bootstrap
    self.run()
  File "/usr/lib/python3.10/multiprocessing/process.py", line 108, in run
    self._target(*self._args, **self._kwargs)
  File "/usr/lib/python3.10/multiprocessing/pool.py", line 136, in worker
    put((job, i, (False, wrapped)))
  File "/usr/lib/python3.10/multiprocessing/queues.py", line 377, in put
    self._writer.send_bytes(obj)
  File "/usr/lib/python3.10/multiprocessing/connection.py", line 200, in send_bytes
    self._send_bytes(m[offset:offset + size])
  File "/usr/lib/python3.10/multiprocessing/connection.py", line 404, in _send_bytes
    self._send(header)
  File "/usr/lib/python3.10/multiprocessing/connection.py", line 368, in _send
    n = write(self._handle, buf)
BrokenPipeError: [Errno 32] Broken pipe
Process SpawnPoolWorker-61:
Traceback (most recent call last):
  File "/usr/lib/python3.10/multiprocessing/pool.py", line 131, in worker
    put((job, i, result))
  File "/usr/lib/python3.10/multiprocessing/queues.py", line 377, in put
    self._writer.send_bytes(obj)
  File "/usr/lib/python3.10/multiprocessing/connection.py", line 200, in send_bytes
    self._send_bytes(m[offset:offset + size])
  File "/usr/lib/python3.10/multiprocessing/connection.py", line 404, in _send_bytes
    self._send(header)
  File "/usr/lib/python3.10/multiprocessing/connection.py", line 368, in _send
    n = write(self._handle, buf)
BrokenPipeError: [Errno 32] Broken pipe

During handling of the above exception, another exception occurred:

Traceback (most recent call last):
  File "/usr/lib/python3.10/multiprocessing/process.py", line 314, in _bootstrap
    self.run()
  File "/usr/lib/python3.10/multiprocessing/process.py", line 108, in run
    self._target(*self._args, **self._kwargs)
  File "/usr/lib/python3.10/multiprocessing/pool.py", line 136, in worker
    put((job, i, (False, wrapped)))
  File "/usr/lib/python3.10/multiprocessing/queues.py", line 377, in put
    self._writer.send_bytes(obj)
  File "/usr/lib/python3.10/multiprocessing/connection.py", line 200, in send_bytes
    self._send_bytes(m[offset:offset + size])
  File "/usr/lib/python3.10/multiprocessing/connection.py", line 404, in _send_bytes
    self._send(header)
  File "/usr/lib/python3.10/multiprocessing/connection.py", line 368, in _send
    n = write(self._handle, buf)
BrokenPipeError: [Errno 32] Broken pipe
Process SpawnPoolWorker-26:
Traceback (most recent call last):
  File "/usr/lib/python3.10/multiprocessing/pool.py", line 131, in worker
    put((job, i, result))
  File "/usr/lib/python3.10/multiprocessing/queues.py", line 377, in put
    self._writer.send_bytes(obj)
  File "/usr/lib/python3.10/multiprocessing/connection.py", line 200, in send_bytes
    self._send_bytes(m[offset:offset + size])
  File "/usr/lib/python3.10/multiprocessing/connection.py", line 404, in _send_bytes
    self._send(header)
  File "/usr/lib/python3.10/multiprocessing/connection.py", line 368, in _send
    n = write(self._handle, buf)
BrokenPipeError: [Errno 32] Broken pipe

During handling of the above exception, another exception occurred:

Traceback (most recent call last):
  File "/usr/lib/python3.10/multiprocessing/process.py", line 314, in _bootstrap
    self.run()
  File "/usr/lib/python3.10/multiprocessing/process.py", line 108, in run
    self._target(*self._args, **self._kwargs)
  File "/usr/lib/python3.10/multiprocessing/pool.py", line 136, in worker
    put((job, i, (False, wrapped)))
  File "/usr/lib/python3.10/multiprocessing/queues.py", line 377, in put
    self._writer.send_bytes(obj)
  File "/usr/lib/python3.10/multiprocessing/connection.py", line 200, in send_bytes
    self._send_bytes(m[offset:offset + size])
  File "/usr/lib/python3.10/multiprocessing/connection.py", line 404, in _send_bytes
    self._send(header)
  File "/usr/lib/python3.10/multiprocessing/connection.py", line 368, in _send
    n = write(self._handle, buf)
BrokenPipeError: [Errno 32] Broken pipe
Process SpawnPoolWorker-27:
Traceback (most recent call last):
  File "/usr/lib/python3.10/multiprocessing/pool.py", line 131, in worker
    put((job, i, result))
  File "/usr/lib/python3.10/multiprocessing/queues.py", line 377, in put
    self._writer.send_bytes(obj)
  File "/usr/lib/python3.10/multiprocessing/connection.py", line 200, in send_bytes
    self._send_bytes(m[offset:offset + size])
  File "/usr/lib/python3.10/multiprocessing/connection.py", line 404, in _send_bytes
    self._send(header)
  File "/usr/lib/python3.10/multiprocessing/connection.py", line 368, in _send
    n = write(self._handle, buf)
BrokenPipeError: [Errno 32] Broken pipe

During handling of the above exception, another exception occurred:

Traceback (most recent call last):
  File "/usr/lib/python3.10/multiprocessing/process.py", line 314, in _bootstrap
    self.run()
  File "/usr/lib/python3.10/multiprocessing/process.py", line 108, in run
    self._target(*self._args, **self._kwargs)
  File "/usr/lib/python3.10/multiprocessing/pool.py", line 136, in worker
    put((job, i, (False, wrapped)))
  File "/usr/lib/python3.10/multiprocessing/queues.py", line 377, in put
    self._writer.send_bytes(obj)
  File "/usr/lib/python3.10/multiprocessing/connection.py", line 200, in send_bytes
    self._send_bytes(m[offset:offset + size])
  File "/usr/lib/python3.10/multiprocessing/connection.py", line 404, in _send_bytes
    self._send(header)
  File "/usr/lib/python3.10/multiprocessing/connection.py", line 368, in _send
    n = write(self._handle, buf)
BrokenPipeError: [Errno 32] Broken pipe
Process SpawnPoolWorker-20:
Traceback (most recent call last):
  File "/usr/lib/python3.10/multiprocessing/pool.py", line 131, in worker
    put((job, i, result))
  File "/usr/lib/python3.10/multiprocessing/queues.py", line 377, in put
    self._writer.send_bytes(obj)
  File "/usr/lib/python3.10/multiprocessing/connection.py", line 200, in send_bytes
    self._send_bytes(m[offset:offset + size])
  File "/usr/lib/python3.10/multiprocessing/connection.py", line 404, in _send_bytes
    self._send(header)
  File "/usr/lib/python3.10/multiprocessing/connection.py", line 368, in _send
    n = write(self._handle, buf)
BrokenPipeError: [Errno 32] Broken pipe

During handling of the above exception, another exception occurred:

Traceback (most recent call last):
  File "/usr/lib/python3.10/multiprocessing/process.py", line 314, in _bootstrap
    self.run()
  File "/usr/lib/python3.10/multiprocessing/process.py", line 108, in run
    self._target(*self._args, **self._kwargs)
  File "/usr/lib/python3.10/multiprocessing/pool.py", line 136, in worker
    put((job, i, (False, wrapped)))
  File "/usr/lib/python3.10/multiprocessing/queues.py", line 377, in put
    self._writer.send_bytes(obj)
  File "/usr/lib/python3.10/multiprocessing/connection.py", line 200, in send_bytes
    self._send_bytes(m[offset:offset + size])
  File "/usr/lib/python3.10/multiprocessing/connection.py", line 404, in _send_bytes
    self._send(header)
  File "/usr/lib/python3.10/multiprocessing/connection.py", line 368, in _send
    n = write(self._handle, buf)
BrokenPipeError: [Errno 32] Broken pipe
Process SpawnPoolWorker-56:
Traceback (most recent call last):
  File "/usr/lib/python3.10/multiprocessing/pool.py", line 131, in worker
    put((job, i, result))
  File "/usr/lib/python3.10/multiprocessing/queues.py", line 377, in put
    self._writer.send_bytes(obj)
  File "/usr/lib/python3.10/multiprocessing/connection.py", line 200, in send_bytes
    self._send_bytes(m[offset:offset + size])
  File "/usr/lib/python3.10/multiprocessing/connection.py", line 404, in _send_bytes
    self._send(header)
  File "/usr/lib/python3.10/multiprocessing/connection.py", line 368, in _send
    n = write(self._handle, buf)
BrokenPipeError: [Errno 32] Broken pipe

During handling of the above exception, another exception occurred:

Traceback (most recent call last):
  File "/usr/lib/python3.10/multiprocessing/process.py", line 314, in _bootstrap
    self.run()
  File "/usr/lib/python3.10/multiprocessing/process.py", line 108, in run
    self._target(*self._args, **self._kwargs)
  File "/usr/lib/python3.10/multiprocessing/pool.py", line 136, in worker
    put((job, i, (False, wrapped)))
  File "/usr/lib/python3.10/multiprocessing/queues.py", line 377, in put
    self._writer.send_bytes(obj)
  File "/usr/lib/python3.10/multiprocessing/connection.py", line 200, in send_bytes
    self._send_bytes(m[offset:offset + size])
  File "/usr/lib/python3.10/multiprocessing/connection.py", line 404, in _send_bytes
    self._send(header)
  File "/usr/lib/python3.10/multiprocessing/connection.py", line 368, in _send
    n = write(self._handle, buf)
BrokenPipeError: [Errno 32] Broken pipe
Process SpawnPoolWorker-30:
Traceback (most recent call last):
  File "/usr/lib/python3.10/multiprocessing/pool.py", line 131, in worker
    put((job, i, result))
  File "/usr/lib/python3.10/multiprocessing/queues.py", line 377, in put
    self._writer.send_bytes(obj)
  File "/usr/lib/python3.10/multiprocessing/connection.py", line 200, in send_bytes
    self._send_bytes(m[offset:offset + size])
  File "/usr/lib/python3.10/multiprocessing/connection.py", line 404, in _send_bytes
    self._send(header)
  File "/usr/lib/python3.10/multiprocessing/connection.py", line 368, in _send
    n = write(self._handle, buf)
BrokenPipeError: [Errno 32] Broken pipe

During handling of the above exception, another exception occurred:

Traceback (most recent call last):
  File "/usr/lib/python3.10/multiprocessing/process.py", line 314, in _bootstrap
    self.run()
  File "/usr/lib/python3.10/multiprocessing/process.py", line 108, in run
    self._target(*self._args, **self._kwargs)
  File "/usr/lib/python3.10/multiprocessing/pool.py", line 136, in worker
    put((job, i, (False, wrapped)))
  File "/usr/lib/python3.10/multiprocessing/queues.py", line 377, in put
    self._writer.send_bytes(obj)
  File "/usr/lib/python3.10/multiprocessing/connection.py", line 200, in send_bytes
    self._send_bytes(m[offset:offset + size])
  File "/usr/lib/python3.10/multiprocessing/connection.py", line 404, in _send_bytes
    self._send(header)
  File "/usr/lib/python3.10/multiprocessing/connection.py", line 368, in _send
    n = write(self._handle, buf)
BrokenPipeError: [Errno 32] Broken pipe
Process SpawnPoolWorker-19:
Traceback (most recent call last):
  File "/usr/lib/python3.10/multiprocessing/pool.py", line 131, in worker
    put((job, i, result))
  File "/usr/lib/python3.10/multiprocessing/queues.py", line 377, in put
    self._writer.send_bytes(obj)
  File "/usr/lib/python3.10/multiprocessing/connection.py", line 200, in send_bytes
    self._send_bytes(m[offset:offset + size])
  File "/usr/lib/python3.10/multiprocessing/connection.py", line 404, in _send_bytes
    self._send(header)
  File "/usr/lib/python3.10/multiprocessing/connection.py", line 368, in _send
    n = write(self._handle, buf)
BrokenPipeError: [Errno 32] Broken pipe

During handling of the above exception, another exception occurred:

Traceback (most recent call last):
  File "/usr/lib/python3.10/multiprocessing/process.py", line 314, in _bootstrap
    self.run()
  File "/usr/lib/python3.10/multiprocessing/process.py", line 108, in run
    self._target(*self._args, **self._kwargs)
  File "/usr/lib/python3.10/multiprocessing/pool.py", line 136, in worker
    put((job, i, (False, wrapped)))
  File "/usr/lib/python3.10/multiprocessing/queues.py", line 377, in put
    self._writer.send_bytes(obj)
  File "/usr/lib/python3.10/multiprocessing/connection.py", line 200, in send_bytes
    self._send_bytes(m[offset:offset + size])
  File "/usr/lib/python3.10/multiprocessing/connection.py", line 404, in _send_bytes
    self._send(header)
  File "/usr/lib/python3.10/multiprocessing/connection.py", line 368, in _send
    n = write(self._handle, buf)
BrokenPipeError: [Errno 32] Broken pipe
Process SpawnPoolWorker-38:
Traceback (most recent call last):
  File "/usr/lib/python3.10/multiprocessing/pool.py", line 131, in worker
    put((job, i, result))
  File "/usr/lib/python3.10/multiprocessing/queues.py", line 377, in put
    self._writer.send_bytes(obj)
  File "/usr/lib/python3.10/multiprocessing/connection.py", line 200, in send_bytes
    self._send_bytes(m[offset:offset + size])
  File "/usr/lib/python3.10/multiprocessing/connection.py", line 404, in _send_bytes
    self._send(header)
  File "/usr/lib/python3.10/multiprocessing/connection.py", line 368, in _send
    n = write(self._handle, buf)
BrokenPipeError: [Errno 32] Broken pipe

During handling of the above exception, another exception occurred:

Traceback (most recent call last):
  File "/usr/lib/python3.10/multiprocessing/process.py", line 314, in _bootstrap
    self.run()
  File "/usr/lib/python3.10/multiprocessing/process.py", line 108, in run
    self._target(*self._args, **self._kwargs)
  File "/usr/lib/python3.10/multiprocessing/pool.py", line 136, in worker
    put((job, i, (False, wrapped)))
  File "/usr/lib/python3.10/multiprocessing/queues.py", line 377, in put
    self._writer.send_bytes(obj)
  File "/usr/lib/python3.10/multiprocessing/connection.py", line 200, in send_bytes
    self._send_bytes(m[offset:offset + size])
  File "/usr/lib/python3.10/multiprocessing/connection.py", line 404, in _send_bytes
    self._send(header)
  File "/usr/lib/python3.10/multiprocessing/connection.py", line 368, in _send
    n = write(self._handle, buf)
BrokenPipeError: [Errno 32] Broken pipe
Process SpawnPoolWorker-45:
Traceback (most recent call last):
  File "/usr/lib/python3.10/multiprocessing/pool.py", line 131, in worker
    put((job, i, result))
  File "/usr/lib/python3.10/multiprocessing/queues.py", line 377, in put
    self._writer.send_bytes(obj)
  File "/usr/lib/python3.10/multiprocessing/connection.py", line 200, in send_bytes
    self._send_bytes(m[offset:offset + size])
  File "/usr/lib/python3.10/multiprocessing/connection.py", line 404, in _send_bytes
    self._send(header)
  File "/usr/lib/python3.10/multiprocessing/connection.py", line 368, in _send
    n = write(self._handle, buf)
BrokenPipeError: [Errno 32] Broken pipe

During handling of the above exception, another exception occurred:

Traceback (most recent call last):
  File "/usr/lib/python3.10/multiprocessing/process.py", line 314, in _bootstrap
    self.run()
  File "/usr/lib/python3.10/multiprocessing/process.py", line 108, in run
    self._target(*self._args, **self._kwargs)
  File "/usr/lib/python3.10/multiprocessing/pool.py", line 136, in worker
    put((job, i, (False, wrapped)))
  File "/usr/lib/python3.10/multiprocessing/queues.py", line 377, in put
    self._writer.send_bytes(obj)
  File "/usr/lib/python3.10/multiprocessing/connection.py", line 200, in send_bytes
    self._send_bytes(m[offset:offset + size])
  File "/usr/lib/python3.10/multiprocessing/connection.py", line 404, in _send_bytes
    self._send(header)
  File "/usr/lib/python3.10/multiprocessing/connection.py", line 368, in _send
    n = write(self._handle, buf)
BrokenPipeError: [Errno 32] Broken pipe
Process SpawnPoolWorker-14:
Traceback (most recent call last):
  File "/usr/lib/python3.10/multiprocessing/pool.py", line 131, in worker
    put((job, i, result))
  File "/usr/lib/python3.10/multiprocessing/queues.py", line 377, in put
    self._writer.send_bytes(obj)
  File "/usr/lib/python3.10/multiprocessing/connection.py", line 200, in send_bytes
    self._send_bytes(m[offset:offset + size])
  File "/usr/lib/python3.10/multiprocessing/connection.py", line 404, in _send_bytes
    self._send(header)
  File "/usr/lib/python3.10/multiprocessing/connection.py", line 368, in _send
    n = write(self._handle, buf)
BrokenPipeError: [Errno 32] Broken pipe

During handling of the above exception, another exception occurred:

Traceback (most recent call last):
  File "/usr/lib/python3.10/multiprocessing/process.py", line 314, in _bootstrap
    self.run()
  File "/usr/lib/python3.10/multiprocessing/process.py", line 108, in run
    self._target(*self._args, **self._kwargs)
  File "/usr/lib/python3.10/multiprocessing/pool.py", line 136, in worker
    put((job, i, (False, wrapped)))
  File "/usr/lib/python3.10/multiprocessing/queues.py", line 377, in put
    self._writer.send_bytes(obj)
  File "/usr/lib/python3.10/multiprocessing/connection.py", line 200, in send_bytes
    self._send_bytes(m[offset:offset + size])
  File "/usr/lib/python3.10/multiprocessing/connection.py", line 404, in _send_bytes
    self._send(header)
  File "/usr/lib/python3.10/multiprocessing/connection.py", line 368, in _send
    n = write(self._handle, buf)
BrokenPipeError: [Errno 32] Broken pipe
Process SpawnPoolWorker-24:
Traceback (most recent call last):
  File "/usr/lib/python3.10/multiprocessing/pool.py", line 131, in worker
    put((job, i, result))
  File "/usr/lib/python3.10/multiprocessing/queues.py", line 377, in put
    self._writer.send_bytes(obj)
  File "/usr/lib/python3.10/multiprocessing/connection.py", line 200, in send_bytes
    self._send_bytes(m[offset:offset + size])
  File "/usr/lib/python3.10/multiprocessing/connection.py", line 404, in _send_bytes
    self._send(header)
  File "/usr/lib/python3.10/multiprocessing/connection.py", line 368, in _send
    n = write(self._handle, buf)
BrokenPipeError: [Errno 32] Broken pipe

During handling of the above exception, another exception occurred:

Traceback (most recent call last):
  File "/usr/lib/python3.10/multiprocessing/process.py", line 314, in _bootstrap
    self.run()
  File "/usr/lib/python3.10/multiprocessing/process.py", line 108, in run
    self._target(*self._args, **self._kwargs)
  File "/usr/lib/python3.10/multiprocessing/pool.py", line 136, in worker
    put((job, i, (False, wrapped)))
  File "/usr/lib/python3.10/multiprocessing/queues.py", line 377, in put
    self._writer.send_bytes(obj)
  File "/usr/lib/python3.10/multiprocessing/connection.py", line 200, in send_bytes
    self._send_bytes(m[offset:offset + size])
  File "/usr/lib/python3.10/multiprocessing/connection.py", line 404, in _send_bytes
    self._send(header)
  File "/usr/lib/python3.10/multiprocessing/connection.py", line 368, in _send
    n = write(self._handle, buf)
BrokenPipeError: [Errno 32] Broken pipe
Process SpawnPoolWorker-23:
Traceback (most recent call last):
  File "/usr/lib/python3.10/multiprocessing/pool.py", line 131, in worker
    put((job, i, result))
  File "/usr/lib/python3.10/multiprocessing/queues.py", line 377, in put
    self._writer.send_bytes(obj)
  File "/usr/lib/python3.10/multiprocessing/connection.py", line 200, in send_bytes
    self._send_bytes(m[offset:offset + size])
  File "/usr/lib/python3.10/multiprocessing/connection.py", line 404, in _send_bytes
    self._send(header)
  File "/usr/lib/python3.10/multiprocessing/connection.py", line 368, in _send
    n = write(self._handle, buf)
BrokenPipeError: [Errno 32] Broken pipe

During handling of the above exception, another exception occurred:

Traceback (most recent call last):
  File "/usr/lib/python3.10/multiprocessing/process.py", line 314, in _bootstrap
    self.run()
  File "/usr/lib/python3.10/multiprocessing/process.py", line 108, in run
    self._target(*self._args, **self._kwargs)
  File "/usr/lib/python3.10/multiprocessing/pool.py", line 136, in worker
    put((job, i, (False, wrapped)))
  File "/usr/lib/python3.10/multiprocessing/queues.py", line 377, in put
    self._writer.send_bytes(obj)
  File "/usr/lib/python3.10/multiprocessing/connection.py", line 200, in send_bytes
    self._send_bytes(m[offset:offset + size])
  File "/usr/lib/python3.10/multiprocessing/connection.py", line 404, in _send_bytes
    self._send(header)
  File "/usr/lib/python3.10/multiprocessing/connection.py", line 368, in _send
    n = write(self._handle, buf)
BrokenPipeError: [Errno 32] Broken pipe
Process SpawnPoolWorker-11:
Traceback (most recent call last):
  File "/usr/lib/python3.10/multiprocessing/pool.py", line 131, in worker
    put((job, i, result))
  File "/usr/lib/python3.10/multiprocessing/queues.py", line 377, in put
    self._writer.send_bytes(obj)
  File "/usr/lib/python3.10/multiprocessing/connection.py", line 200, in send_bytes
    self._send_bytes(m[offset:offset + size])
  File "/usr/lib/python3.10/multiprocessing/connection.py", line 404, in _send_bytes
    self._send(header)
  File "/usr/lib/python3.10/multiprocessing/connection.py", line 368, in _send
    n = write(self._handle, buf)
BrokenPipeError: [Errno 32] Broken pipe

During handling of the above exception, another exception occurred:

Traceback (most recent call last):
  File "/usr/lib/python3.10/multiprocessing/process.py", line 314, in _bootstrap
    self.run()
  File "/usr/lib/python3.10/multiprocessing/process.py", line 108, in run
    self._target(*self._args, **self._kwargs)
  File "/usr/lib/python3.10/multiprocessing/pool.py", line 136, in worker
    put((job, i, (False, wrapped)))
  File "/usr/lib/python3.10/multiprocessing/queues.py", line 377, in put
    self._writer.send_bytes(obj)
  File "/usr/lib/python3.10/multiprocessing/connection.py", line 200, in send_bytes
    self._send_bytes(m[offset:offset + size])
  File "/usr/lib/python3.10/multiprocessing/connection.py", line 404, in _send_bytes
    self._send(header)
  File "/usr/lib/python3.10/multiprocessing/connection.py", line 368, in _send
    n = write(self._handle, buf)
BrokenPipeError: [Errno 32] Broken pipe
Process SpawnPoolWorker-28:
Traceback (most recent call last):
  File "/usr/lib/python3.10/multiprocessing/pool.py", line 131, in worker
    put((job, i, result))
  File "/usr/lib/python3.10/multiprocessing/queues.py", line 377, in put
    self._writer.send_bytes(obj)
  File "/usr/lib/python3.10/multiprocessing/connection.py", line 200, in send_bytes
    self._send_bytes(m[offset:offset + size])
  File "/usr/lib/python3.10/multiprocessing/connection.py", line 404, in _send_bytes
    self._send(header)
  File "/usr/lib/python3.10/multiprocessing/connection.py", line 368, in _send
    n = write(self._handle, buf)
BrokenPipeError: [Errno 32] Broken pipe

During handling of the above exception, another exception occurred:

Traceback (most recent call last):
  File "/usr/lib/python3.10/multiprocessing/process.py", line 314, in _bootstrap
    self.run()
  File "/usr/lib/python3.10/multiprocessing/process.py", line 108, in run
    self._target(*self._args, **self._kwargs)
  File "/usr/lib/python3.10/multiprocessing/pool.py", line 136, in worker
    put((job, i, (False, wrapped)))
  File "/usr/lib/python3.10/multiprocessing/queues.py", line 377, in put
    self._writer.send_bytes(obj)
  File "/usr/lib/python3.10/multiprocessing/connection.py", line 200, in send_bytes
    self._send_bytes(m[offset:offset + size])
  File "/usr/lib/python3.10/multiprocessing/connection.py", line 404, in _send_bytes
    self._send(header)
  File "/usr/lib/python3.10/multiprocessing/connection.py", line 368, in _send
    n = write(self._handle, buf)
BrokenPipeError: [Errno 32] Broken pipe
Process SpawnPoolWorker-59:
Traceback (most recent call last):
  File "/usr/lib/python3.10/multiprocessing/pool.py", line 131, in worker
    put((job, i, result))
  File "/usr/lib/python3.10/multiprocessing/queues.py", line 377, in put
    self._writer.send_bytes(obj)
  File "/usr/lib/python3.10/multiprocessing/connection.py", line 200, in send_bytes
    self._send_bytes(m[offset:offset + size])
  File "/usr/lib/python3.10/multiprocessing/connection.py", line 404, in _send_bytes
    self._send(header)
  File "/usr/lib/python3.10/multiprocessing/connection.py", line 368, in _send
    n = write(self._handle, buf)
BrokenPipeError: [Errno 32] Broken pipe

During handling of the above exception, another exception occurred:

Traceback (most recent call last):
  File "/usr/lib/python3.10/multiprocessing/process.py", line 314, in _bootstrap
    self.run()
  File "/usr/lib/python3.10/multiprocessing/process.py", line 108, in run
    self._target(*self._args, **self._kwargs)
  File "/usr/lib/python3.10/multiprocessing/pool.py", line 136, in worker
    put((job, i, (False, wrapped)))
  File "/usr/lib/python3.10/multiprocessing/queues.py", line 377, in put
    self._writer.send_bytes(obj)
  File "/usr/lib/python3.10/multiprocessing/connection.py", line 200, in send_bytes
    self._send_bytes(m[offset:offset + size])
  File "/usr/lib/python3.10/multiprocessing/connection.py", line 404, in _send_bytes
    self._send(header)
  File "/usr/lib/python3.10/multiprocessing/connection.py", line 368, in _send
    n = write(self._handle, buf)
BrokenPipeError: [Errno 32] Broken pipe
Process SpawnPoolWorker-55:
Traceback (most recent call last):
  File "/usr/lib/python3.10/multiprocessing/pool.py", line 131, in worker
    put((job, i, result))
  File "/usr/lib/python3.10/multiprocessing/queues.py", line 377, in put
    self._writer.send_bytes(obj)
  File "/usr/lib/python3.10/multiprocessing/connection.py", line 200, in send_bytes
    self._send_bytes(m[offset:offset + size])
  File "/usr/lib/python3.10/multiprocessing/connection.py", line 404, in _send_bytes
    self._send(header)
  File "/usr/lib/python3.10/multiprocessing/connection.py", line 368, in _send
    n = write(self._handle, buf)
BrokenPipeError: [Errno 32] Broken pipe

During handling of the above exception, another exception occurred:

Traceback (most recent call last):
  File "/usr/lib/python3.10/multiprocessing/process.py", line 314, in _bootstrap
    self.run()
  File "/usr/lib/python3.10/multiprocessing/process.py", line 108, in run
    self._target(*self._args, **self._kwargs)
  File "/usr/lib/python3.10/multiprocessing/pool.py", line 136, in worker
    put((job, i, (False, wrapped)))
  File "/usr/lib/python3.10/multiprocessing/queues.py", line 377, in put
    self._writer.send_bytes(obj)
  File "/usr/lib/python3.10/multiprocessing/connection.py", line 200, in send_bytes
    self._send_bytes(m[offset:offset + size])
  File "/usr/lib/python3.10/multiprocessing/connection.py", line 404, in _send_bytes
    self._send(header)
  File "/usr/lib/python3.10/multiprocessing/connection.py", line 368, in _send
    n = write(self._handle, buf)
BrokenPipeError: [Errno 32] Broken pipe
Process SpawnPoolWorker-22:
Traceback (most recent call last):
  File "/usr/lib/python3.10/multiprocessing/pool.py", line 131, in worker
    put((job, i, result))
  File "/usr/lib/python3.10/multiprocessing/queues.py", line 377, in put
    self._writer.send_bytes(obj)
  File "/usr/lib/python3.10/multiprocessing/connection.py", line 200, in send_bytes
    self._send_bytes(m[offset:offset + size])
  File "/usr/lib/python3.10/multiprocessing/connection.py", line 404, in _send_bytes
    self._send(header)
  File "/usr/lib/python3.10/multiprocessing/connection.py", line 368, in _send
    n = write(self._handle, buf)
BrokenPipeError: [Errno 32] Broken pipe

During handling of the above exception, another exception occurred:

Traceback (most recent call last):
  File "/usr/lib/python3.10/multiprocessing/process.py", line 314, in _bootstrap
    self.run()
  File "/usr/lib/python3.10/multiprocessing/process.py", line 108, in run
    self._target(*self._args, **self._kwargs)
  File "/usr/lib/python3.10/multiprocessing/pool.py", line 136, in worker
    put((job, i, (False, wrapped)))
  File "/usr/lib/python3.10/multiprocessing/queues.py", line 377, in put
    self._writer.send_bytes(obj)
  File "/usr/lib/python3.10/multiprocessing/connection.py", line 200, in send_bytes
    self._send_bytes(m[offset:offset + size])
  File "/usr/lib/python3.10/multiprocessing/connection.py", line 404, in _send_bytes
    self._send(header)
  File "/usr/lib/python3.10/multiprocessing/connection.py", line 368, in _send
    n = write(self._handle, buf)
BrokenPipeError: [Errno 32] Broken pipe
Process SpawnPoolWorker-41:
Traceback (most recent call last):
  File "/usr/lib/python3.10/multiprocessing/pool.py", line 131, in worker
    put((job, i, result))
  File "/usr/lib/python3.10/multiprocessing/queues.py", line 377, in put
    self._writer.send_bytes(obj)
  File "/usr/lib/python3.10/multiprocessing/connection.py", line 200, in send_bytes
    self._send_bytes(m[offset:offset + size])
  File "/usr/lib/python3.10/multiprocessing/connection.py", line 404, in _send_bytes
    self._send(header)
  File "/usr/lib/python3.10/multiprocessing/connection.py", line 368, in _send
    n = write(self._handle, buf)
BrokenPipeError: [Errno 32] Broken pipe

During handling of the above exception, another exception occurred:

Traceback (most recent call last):
  File "/usr/lib/python3.10/multiprocessing/process.py", line 314, in _bootstrap
    self.run()
  File "/usr/lib/python3.10/multiprocessing/process.py", line 108, in run
    self._target(*self._args, **self._kwargs)
  File "/usr/lib/python3.10/multiprocessing/pool.py", line 136, in worker
    put((job, i, (False, wrapped)))
  File "/usr/lib/python3.10/multiprocessing/queues.py", line 377, in put
    self._writer.send_bytes(obj)
  File "/usr/lib/python3.10/multiprocessing/connection.py", line 200, in send_bytes
    self._send_bytes(m[offset:offset + size])
  File "/usr/lib/python3.10/multiprocessing/connection.py", line 404, in _send_bytes
    self._send(header)
  File "/usr/lib/python3.10/multiprocessing/connection.py", line 368, in _send
    n = write(self._handle, buf)
BrokenPipeError: [Errno 32] Broken pipe
/usr/lib/python3.10/multiprocessing/resource_tracker.py:224: UserWarning: resource_tracker: There appear to be 7 leaked semaphore objects to clean up at shutdown
  warnings.warn('resource_tracker: There appear to be %d '
